Story/D_6_8_1_001,大侠请起。
Story/D_6_8_1_002,多谢温夫人赐药，此药果然灵验，我顷刻就好。\n我去帮忙分发解药。
Story/D_6_8_1_003,……。
Story/D_6_8_1_004,湘儿，没事了。\n再也不会有人对锦香宫出手，你也可以回来。
Story/D_6_8_1_005,你不是我师父，你是谁？
Story/D_6_8_1_015,师妹！
Story/D_6_8_1_006,雪儿，她交给你。
Story/D_6_8_1_016,她不是锦香宫的敌人，她是……。
Story/D_6_8_1_017,别告诉我！我不想知道，她是谁都无所谓，反正就不是我师父！
Story/D_6_8_1_018,你要坚强啊，不能接受也得接受，人生不就是这样？\n你忘了玄烛心经吗？忘了宫主昔日的教诲吗？
Story/D_6_8_1_019,我记得，我只是……脑子很乱，不知道怎么办才好，什么也想不了。\n师姐，我想，暂时，出宫游历，我，我怕回宫，会，会想起师父。
Story/D_6_8_1_020,……去吧，去散散心，保护好自己。\n等你好了，我再告诉你。
Story/D_6_8_1_007,此毒分明只是麻香，就算不服解药，等血循数度，麻痹自解。\n哪用得着大家这样紧张……中了计都不自知。
Story/D_6_8_1_008,师兄。这件事，咱们还是不和人说了吧。
Story/D_6_8_1_009,是啊……说了也没半点好处，既不会有人信，还得罪人。\n更枉费温夫人一番苦心，陷人于不义。
Story/D_6_8_1_010,是啊……说了也没半点好处，既不会有人信，还得罪人。\n武林人最好名，削他们面子，就像杀他们父母一样。
Story/D_6_8_1_011,当然，他们起码得要想起这事余悸犹存才行。
Story/D_6_8_1_012,为啥？
Story/D_6_8_1_013,你傻的吗？好啊，你去说啊，说了也没人信你。\n那些人已经丢尽脸面，你此刻再让他们知道自己是被唬住的，\n他们不得杀你灭口？
Story/D_6_8_1_014,说得也是。
Story/D_6_8_2_1_1_001,……我列了一个名单。
Story/D_6_8_2_1_1_002,……。
Story/D_6_8_2_1_1_003,太多人了，我们驮不动的。\n必须火化了，才带得回唐门。
Story/D_6_8_2_1_1_004,……。
Story/D_6_8_2_1_1_005,啊啊，我知道了，都是我的责任。
Story/D_6_8_2_1_1_006,好，带他们回家，和唐门先烈葬在一起。\n通知家属这件事，到时我亲自去吧。
Story/D_6_8_2_1_1_007,我早就知道江湖不是儿戏，大家都有觉悟了。\n我们有所争，所以拼杀一场，手底取过人命，被杀亦无怨言……才对。
Story/D_6_8_2_1_1_008,但是昨天还一起喝酒谈笑的师弟、\n昨天还说武林大会以后有话想对我说的师妹，今日都变成了冰凉的死尸。\n这种事……未免也太残酷了。
Story/D_6_8_2_1_1_009,名单要再添一个名字，唐泽师弟没撑住。\n他临终嘱托，要将遗物送回老家，要告诉他爹娘，他是光荣战死。
Story/D_6_8_2_1_1_010,江湖殴杀，又不是保家卫国，\n打来打去都只是挣一口气，哪有什么光荣？
Story/D_6_8_2_1_2_001,大家都累坏了，有人负伤，也有人再也没法回家了。
Story/D_6_8_2_1_2_002,……。
Story/D_6_8_2_1_2_003,啊啊，我知道了，都是我的责任。
Story/D_6_8_2_1_2_004,……不，我们将人火化了，带回家和唐门先烈葬在一起。\n通知家属这件事，到时我亲自去吧。
Story/D_6_8_2_1_2_005,我却认为这不是谁的责任，江湖又不是儿戏，大家都有觉悟了。\n我们有所争，所以拼杀一场，手底取过人命，被杀亦无怨言。\n挺公平的不是？
Story/D_6_8_2_1_2_006,是啊，师兄。希望你别太自以为是。\n虽说是你带队下了这样的决定，但大家有手有脚又不是小孩。\n真不服你的，还不是拔腿就跑？
Story/D_6_8_2_1_2_007,你又不是不知道，本门在外边人称蓝色混蛋。\n要是都与人为善，能被人这样称呼吗？\n没有你，我们还是会出手的。
Story/D_6_8_2_1_2_008,是吗……。
Story/D_6_8_2_1_2_009,没错，你根本就是多余的。\n是我们故意推你到最前线，利用你那张丑脸吸引别人刀剑的。\n是我们利用你来着。
Story/D_6_8_2_1_2_010,真过份！
Story/D_6_8_2_1_2_011,换作是你被砍死了，我们还是会好好过日子啊。
Story/D_6_8_2_1_2_012,至多为你哀悼一天，不能再多了。\n这还是看在你平时颇有贡献的份上。
Story/D_6_8_2_1_2_013,至多为你哀悼一盏茶的光阴，不能再多了。\n没有你做庶务虽然麻烦了点，但好处胜在不用再撞见你的脸。
Story/D_6_8_2_1_2_014,反正你在师门庸庸碌碌，也没啥贡献可言。\n就是功夫高强一点，要是还打输人死掉，那你还有什么屁用？\n死一死也好，毕竟很碍眼。
Story/D_6_8_2_1_2_015,太过份了！这人是怎样！
Story/D_6_8_2_1_3_001,负伤者众，却无一人阵亡，大家都能平安回家。
Story/D_6_8_2_1_3_002,真、真的吗？
Story/D_6_8_2_1_3_003,太好啦！
Story/D_6_8_2_1_3_004,大多师弟妹都没大碍，虽有重伤者，但是万幸不是立毙于当场。\n都先应急处理、喂服了丹药，持续渡以内力保住气息。\n撑过今晚，应该就脱险了。
Story/D_6_8_2_1_3_005,有这样的成果，可以说是老天保佑了。
Story/D_6_8_2_1_3_006,不……也不尽然是奇迹。\n锦香宫人的剑阵也将我们视为保护对象。
Story/D_6_8_2_1_3_007,毕竟是跟在武林盟屁股后边，围殴锦香宫人。\n人那么多，想立功也难，无人伤亡也不奇怪。\n比起锦香宫的反击，我反倒怕跌倒被人踩死。
Story/D_6_8_2_1_3_008,别说还有崆峒派的人，处处帮着我们。\n本门近身搏斗差点儿，都仰仗崆峒派的弟兄拼命横护在前。\n道法将军也是名不虚传，把江湖人使唤得像当兵一样。
Story/D_6_8_2_1_3_009,正是，这回我们可欠了天大人情。
Story/T_6_8_2_1_3_001,师兄的相貌虽丑，这面子却着实管用。
Story/D_6_8_2_1_3_010,师兄，回程路上尽量悠着点，雇几辆马车，走平坦官道，边走边养才好。
Story/D_6_8_2_1_3_011,好，就这么办吧。
Story/T_6_8_2_2_001,现在局势敏感，我们刚和武林盟翻脸，双方都有死伤。\n想来没人待见唐门，也不好让锦香宫为难，暂时还是别去搭话吧。
Story/D_6_8_2_2_001,接下来怎么办？
Story/D_6_8_2_2_002,吉时已过，又见了血光，今日大会至此必难再开。\n唐门应邀来过，也表明了态度，是时候走了。
Story/D_6_8_2_2_003,我能有什么主意呢？\n我们来过，也见证武林正道决出盟主，转眼又没了。\n看今日这情况，大会恐怕也难以继续了。
Story/D_6_8_2_2_004,剩下的事我管不着，也不想管，既然没打算对唐门问罪，\n我们这便走了吧。
Story/D_6_8_2_2_005,剩下的事我们管不着，也不想管，好歹奉陪一场。\n既然没打算针对唐门，我们这便走了吧。
Story/D_6_8_2_2_006,也好，我们回家吧。
Story/D_6_8_2_2_007,参见掌派人。
Story/D_6_8_2_2_008,丹霞子道长，崆峒的人马，可有严重损失？
Story/D_6_8_2_2_009,谢掌派人垂询，崆峒有掌派人在位，如有天佑，没有重大伤亡。\n便有，亦是顺应天命，无人怨叹。
Story/D_6_8_2_2_010,只是属下办事不力，未能保护锦香宫，辜负掌派人厚望，特来请罪。
Story/D_6_8_2_2_011,丹霞子道长义薄云天，哪里辜负我了？快快请起。
Story/D_6_8_2_2_012,小竹呢？
Story/D_6_8_2_2_013,在这。
Story/D_6_8_2_2_014,没事就好。
Story/D_6_8_2_2_015,没受伤，就是胆子快被吓破了，到现在心还怦怦直跳。
Story/D_6_8_2_2_016,……你怎么回事，刚哭过吗？
Story/D_6_8_2_2_017,嗯，我好不容易找到失散的家人，一下又弄丢了。
Story/D_6_8_2_2_018,这、这样……莫非是锦香宫……。
Story/D_6_8_2_2_019,我不知道怎么安慰人才好……但是我想让你好过一点。\n要是你有想要的东西，有我能做的事，你便告诉我。
Story/D_6_8_2_2_020,多着，我们一边去，我细细和你说。
Story/D_6_8_2_2_021,咦？多着吗？
Story/D_6_8_2_2_022,手下留情哎，我没啥存款。
Story/D_6_8_2_2_023,不怕不怕，我来给你揉揉。
Story/D_6_8_2_2_024,等等，你要揉哪？
Story/D_6_8_2_2_025,你心长在哪，本梅便揉哪。
Story/D_6_8_2_2_026,不要！
Story/D_6_8_2_2_027,多亏丹霞子师兄坐阵指挥，否则情况只怕更坏。
Story/D_6_8_2_2_028,菊夫人谬赞，然辅佐掌派人是属下分所当为，无功劳可言，愧不能当。
Story/D_6_8_2_2_029,崆峒无功吗？奉掌派人之命，行于正途，无论远近，每步都有意义。\n依我之见，崆峒过去十年无一日比今天更有侠气。
Story/D_6_8_2_2_030,这样啊……我也这样认为。\n我们输了，但是扪心自问也无愧，胸怀特别坦荡。\n像在战场之上，只管奋勇向前，没有一滴是白流的血。
Story/D_6_8_2_2_031,掌派人和赵方老将军都姓赵，难道姓赵的都是英雄？
Story/D_6_8_2_2_032,哪有那种事，姓啥和人品没有关系。\n要有，也是看爹妈怎么教训。
Story/T_6_8_2_2_002,我爹妈可没教我半件正经事，所以我变坏也情有可原。
Story/D_6_8_2_2_033,我爹妈可没教我，受的是唐家的教诲。
Story/D_6_8_2_2_034,敢问掌派人接下来有何定见？
Story/D_6_8_2_2_035,定见不敢当，但是吉时已过，人也不在。\n今日大会已至如此，必难再开。\n唐门应邀来过，也表明了态度，是时候走了。
Story/D_6_8_2_2_036,崆峒弟兄敢犯天下大不韪，不计得失，挺身而出。\n赵某好生佩服，在此代唐门敬表谢意。\n望能抚恤伤亡的弟兄，来日兄弟定当亲上崆峒致意。
Story/D_6_8_2_2_037,是，属下必定遵照办理，恭候掌派人再临，属下告辞。
Story/D_6_8_2_2_038,我能有什么主意呢？\n我们来过，也见证武林正道决出盟主，转眼又没了。\n看今日这情况，大会恐怕也难以继续了。
Story/D_6_8_2_2_039,剩下的事我管不着，也不想管，既然没打算对唐门、崆峒问罪，\n我们这便走了吧。
Story/D_6_8_2_2_040,掌派人所言甚是，我久住疆场，忘了江湖是这样一滩浑水。\n不是勇往直前就好，差点要犯胡涂。\n幸得掌派人点醒，我始得相信自己脑瓜没出问题，不至是非不分。
Story/D_6_8_2_2_041,崆峒的朋友不畏强权，能逆风挺身而出，都是好儿郎。\n便不说这掌派人之位赵某究竟是否当得，能与各位并肩作战，已是光荣。\n道长，我们来日再见，望崆峒诸侠珍重。
Story/D_6_8_2_2_042,是，属下率众回山，恭候掌派人随时再临，属下告辞。
Story/D_6_8_2_2_043,剩下的事我管不着，也不想管，好歹奉陪一场。\n既然没打算针对唐门，我们这便走了吧，道长也请自便。
Story/D_6_8_2_2_044,是，掌派人离席，崆峒再留似也没啥意思。\n这便招呼门人，与唐门同行下山得了，属下告辞。
Story/T_6_8_2_2_003,咦，不要跟过来啊！是不是想回程把我暗中处理掉啊。
Story/D_6_8_2_3_1_001,阿浅，等等！
Story/D_6_8_2_3_1_002,赵兄弟，这是我的我们的家事，你就一定要管吗？唉！
Story/D_6_8_2_3_1_003,呜呜……呜呜……。\n我不是故意的……我只是想帮忙，让爹对我另眼相看。\n那锦香宫主和爹斗了半生，我没想爹会那样……啊啊！
Story/D_6_8_2_3_1_004,阿浅……逝者已矣。
Story/D_6_8_2_3_1_005,但是活着的人却要背负一切继续残喘。
Story/D_6_8_2_3_1_006,你是那位袁无宪。
Story/D_6_8_2_3_1_007,而你是唐门赵活……我听说过你，长得真他妈丑啊。\n一见你面，我就没来由的生气，想杀了你，你对我做了什么？
Story/O_6_8_2_3_1_001,反唇相稽
Story/D_6_8_2_3_1_008,我在你早餐里放屎了啊，不然你怎么出嘴就这么臭。
Story/D_6_8_2_3_1_009,你再说一次看看。
Story/D_6_8_2_3_1_010,好臭，呕恶～
Story/O_6_8_2_3_1_002,息事宁人
Story/T_6_8_2_3_1_001,……当务之急是阿浅，姑且不与你计较。
Story/D_6_8_2_3_1_011,被损了也不敢还口，你也就这点出息了。
Story/O_6_8_2_3_1_003,无动于衷
Story/O_6_8_2_3_1_004,解锁条件：［修养］为［沉着］以上
Story/D_6_8_2_3_1_012,阿浅，起来再说。
Story/D_6_8_2_3_1_013,喂喂，我可是在嘲讽你啊，你就没一点血性吗？\n唐门的蓝色不是都像疯狗，半点委屈不能受吗？
Story/D_6_8_2_3_1_014,跌得可真惨啊，没事吧？
Story/T_6_8_2_3_1_002,无视我啊……这人像个喽啰，似乎没看上去好对付。
Story/D_6_8_2_3_1_015,赵大哥，我……我害死了我爹啊！怎么可能没事！
Story/D_6_8_2_3_1_016,我知你现在心乱，身为局外人，也没什么好话能劝你。\n总之就先找个安静的地方睡一觉，之后的慢慢再想。
Story/D_6_8_2_3_1_017,你们……别管我，还是说都来笑话我的？
Story/D_6_8_2_3_1_018,你怎能这么说呢？大哥我为了让你能出风头，\n给那风神解无尘追得满山林乱窜，好不容易才脱身。\n唉，英雄难过美人关，南宫大侠会犯这种胡涂，谁料得到呢？
Story/D_6_8_2_3_1_019,阿浅，你别急，目光要放长远。\n你若不揭穿人间道法王的真面目，你爹岂非一生都被那恶女玩弄于鼓掌？\n每当回想起温夫人，就会连带想起你娘，把所有遗憾不甘都归咎在你头上。
Story/D_6_8_2_3_1_020,你吃了这么多年苦头，还想不明白吗？\n你想博取你爹的关爱，是不可能的，无论你有没犯错都会被迁怒。\n唯有摆脱南宫世家自立，才有出头天。
Story/D_6_8_2_3_1_021,这话……听着倒似没错。
Story/D_6_8_2_3_1_022,再看丐帮李帮主，本来默默无闻，大义灭亲之后，立刻名声大噪。\n你南宫浅岂是李富贵能比？他杀一个义父，你一次干掉双亲父母。\n以后人人提到南宫二公子，都会说你心怀仁义，不惜大义灭亲……。
Story/D_6_8_2_3_1_023,你这话怎么说的？
Story/D_6_8_2_3_1_024,什么双亲父母？我娘老早就过世了。
Story/D_6_8_2_3_1_025,哎唷，怎么，你还不知道吗？\n我老子袁乘风教你武功的时候，没告诉你吗？
Story/D_6_8_2_3_1_026,没关系，不是什么大事，大哥现在跟你说也一样。\n那个因毁容而丑陋不堪、被你当作娘亲敬爱，害你被你爹厌弃憎恶的那个女人，\n其实不是你亲生母亲，那个是我亲娘来着。
Story/D_6_8_2_3_1_027,什么……？你在说什么？
Story/D_6_8_2_3_1_028,听说她从前倒是美貌的，成日在你爹周围打转，反而越来越惹嫌。\n之后她被我老子糟蹋、毁容以后才变丑，怀着身孕逃往锦香宫去避难，\n途中把我拉屎一样拉在河里冲走。
Story/D_6_8_2_3_1_029,幸亏老子命大，给山中猴儿捡去养活，又被猎人捉，\n辗转流落到金国，和猴子关在一个笼里沿街杂耍，总算没饿死。\n咻～好险好险。
Story/D_6_8_2_3_1_030,哈？谁管你啊，我认识你吗？凭啥听你诉苦。
Story/D_6_8_2_3_1_031,难怪我一看到你就火大，原来是同类相斥啊。
Story/D_6_8_2_3_1_032,我长得再歪毕竟是人，谁像你个修练成精的猴子，\n会说几句人话，就是掩不住一身骚气！
Story/T_6_8_2_3_1_003,这样的人伦惨剧，他竟像没事人一样说得事不关己。
Story/D_6_8_2_3_1_033,她在锦香宫日子好过了才母爱大发，开始痛改前非，\n你出生以后，我娘就把你当成是我的替身，百般呵护宠爱。
Story/D_6_8_2_3_1_034,怎么会……你骗人，那我的亲生的娘亲是谁？
Story/D_6_8_2_3_1_035,你说你被好吃好喝惯养着，怎么比我这猴儿养大的野孩子还笨啊？\n事情还不明显吗？你亲生母亲，当然是被你亲手推上绝路的锦香宫温夫人啊。
Story/D_6_8_2_3_1_036,不可能，你骗人，你为什么撒这种谎！
Story/D_6_8_2_3_1_037,够了，姓袁的。
Story/D_6_8_2_3_1_038,阿浅，你离这人远点。
Story/D_6_8_2_3_1_039,你走开！你也不是好人！你们全都想害我！
Story/D_6_8_2_3_1_040,看来只有先揍你一顿，你才会老实听人说话！
Story/D_6_8_2_3_1_041,冷静点！
Story/D_6_8_2_3_2_001,赵兄，你从旁看了好一会儿了吧。
Story/D_6_8_2_3_2_002,我来道别、致哀，可是插不上话，不小心便听了一会儿。
Story/D_6_8_2_3_2_003,你可会觉得南宫世家待他不公平？
Story/O_6_8_2_3_2_001,是挺过份的
Story/D_6_8_2_3_2_004,虽说是二公子，在南宫世家却连家丁都敢欺负，难道不奇怪吗？
Story/D_6_8_2_3_2_005,是说不通，但凡事一定都有原因。
Story/D_6_8_2_3_2_006,从前的琐事都不提了，我只说一事：可怜之人，必有可恨之处。\n他今日所为，逐出家门也不为过，我不论如何不能再与他作兄弟。
Story/O_6_8_2_3_2_002,不予置评
Story/D_6_8_2_3_2_007,你们的家事，外人不好说啊。
Story/D_6_8_2_3_2_008,……谢了。
Story/D_6_8_2_3_2_009,我做了什么值得被感谢的事吗？
Story/D_6_8_2_3_2_010,没有仅看表相就摆出一副善人嘴脸指谪本公子，\n也不是一味帮腔辱骂阿浅，让人松了一口气。
Story/D_6_8_2_3_2_011,……。
Story/D_6_8_2_3_2_012,……你最好别一副好人嘴脸，指谪本公子。\n我今日没心思与你斗嘴。
Story/D_6_8_2_3_2_013,我什么都还没说呢。
Story/D_6_8_2_3_2_014,那我用坏人嘴脸骂你。
Story/D_6_8_2_3_2_015,……唯独今天，还请高抬贵脸。\n这表情和你太过相称了。
Story/D_6_8_2_3_2_016,若本公子没猜错，你是打算离开了吧。
Story/D_6_8_2_3_2_017,正是。
Story/D_6_8_2_3_2_018,盟主已经辞退，你想走就走，与我南宫世家何干。
Story/D_6_8_2_3_2_019,虽说大公子心胸狭窄，但是南宫大侠却胸襟广阔，值得尊敬。\n我是来致哀的。
Story/D_6_8_2_3_2_020,承蒙费心，慢走不送。
Story/D_6_8_2_3_2_021,大公子，世伯他……。
Story/D_6_8_2_3_2_022,我已经知道了。
Story/D_6_8_2_3_2_023,……他是很了不起的人，请大公子节哀。
Story/D_6_8_2_3_2_024,……他是那么了不起的人，请、请大公子节哀。
Story/D_6_8_2_3_2_025,好，好，多谢你了，萤儿。
Story/T_6_8_2_3_2_001,萤姑娘到底还是忘不了大公子啊。
Story/D_6_8_2_3_2_026,道过了别，我要走了。\n二位再见。
Story/D_6_8_2_3_2_027,萤儿……你的事，我已听说了。
Story/D_6_8_2_3_2_028,我无意害你如此。\n你别怕，稍晚我去同你爹求情，求他免了你东瀛一行。
Story/D_6_8_2_3_2_029,……然后呢？不去东瀛，我去哪儿？
Story/D_6_8_2_3_2_030,你若愿意，可以来南宫世家。
Story/D_6_8_2_3_2_031,可是我不愿意。
Story/D_6_8_2_3_2_032,你还任性什么？就算你恨我，也好过背井离乡。\n你不是嘴边老挂着生意经？权衡利弊，你该听我一回劝。
Story/D_6_8_2_3_2_033,人心可不是买卖，我们今生今世都不会回到从前。\n但是萤儿不想恨你，我依然是大公子的同学、友人。
Story/D_6_8_2_3_2_034,我能悠哉的时间不多了，大公子想要叙旧，便来找我吧。\n我就在那边等着你。
Story/D_6_8_2_3_2_035,萤儿……你也要我记挂你二十年吗。
Story/D_6_8_2_3_2_036,道过了别，我要走了，二位再见。
Story/D_6_8_2_3_2_037,赵活，你干嘛？\n我们说好一块儿喝酒，你怎就要走。
Story/D_6_8_2_3_2_038,因为喘不过气，快要窒息，所以待不下去了。
Story/D_6_8_2_3_2_039,我下山去后，会在岳阳多留一日，你和小菊还能秉烛夜话。
Story/D_6_8_2_3_2_040,至于我就不去了，我怕你喝醉下手没分寸把我活活打死。
Story/D_6_8_2_3_2_041,算你有自知之明，知道自己有多欠打。
Story/T_6_8_2_3_2_002,原来萤儿是为了魏才女，这就说得通了。
Story/T_6_8_2_3_2_003,……吾父新丧，世家家业还得有我操持。\n不是去和昔日同窗叙旧的良机，来日再图后会吧。
Story/D_6_8_2_3_2_042,那不然就改现在吧。
Story/D_6_8_2_3_2_043,现在？
Story/D_6_8_2_3_2_044,你看大公子做甚？是我邀你喝酒，他能帮你作主？\n想拒绝也请当着我的面说。
Story/D_6_8_2_3_2_045,我把你爹得罪惨了，咱们还喝吗？
Story/D_6_8_2_3_2_046,拜托，他想杀你也不是两三天的事了。\n你要是真怕，干嘛还在他老人家眼前窜来跳去，事到如今还说什么呢？
Story/D_6_8_2_3_2_047,我是担心你。
Story/D_6_8_2_3_2_048,甭担心，反正我好坏都要被卖去东瀛。\n死猪不怕开水烫，下场一样，我管他开不开心呢，走。
Story/D_6_8_2_3_2_049,且慢，萤儿，你……你邀他喝酒？
Story/D_6_8_2_3_2_050,是，有何不妥吗？
Story/T_6_8_2_3_2_004,是了，先前我有意不在大公子面前提及其他男子，他可能不晓得。
Story/D_6_8_2_3_2_051,小妹我和赵少侠关系十分要好，是莫逆之交，你说是吗？
Story/D_6_8_2_3_2_052,什么……？
Story/D_6_8_2_3_2_053,所以莫逆，是因为你会打人吧，谁敢忤逆你。
Story/D_6_8_2_3_2_054,我最近很少打你了好不好。
Story/D_6_8_2_3_2_055,那是因为我武功变厉害了。
Story/D_6_8_2_3_2_056,才不是，我才不管你武功强不强，想打就打。\n难道你还敢还手吗？
Story/D_6_8_2_3_2_057,岂敢，岂敢，女侠饶命。
Story/D_6_8_2_3_2_058,我之所以不打你，当然是不想打你。\n这是恩典，你可别当理所当然，要心怀感恩。
Story/D_6_8_2_3_2_059,知道了，知道了。
Story/T_6_8_2_3_2_005,从来没见萤儿用那样的眼神看人，倒似是……似是……不会吧。\n还是说，萤儿是故意要气我的？那怎会挑赵兄弟这样相貌的人。
Story/D_6_8_2_3_2_060,……你是故意想激怒我吗？\n那也该挑个英俊挺拔的对象。
Story/D_6_8_2_3_2_061,我没事为何要激怒你。
Story/D_6_8_2_3_2_062,大公子家逢巨变，想必心绪不宁。小妹无意冒犯，哪处得罪了还请见谅。\n赵活，我们别碍他眼了，走吧。
Story/D_6_8_2_3_3_001,阿浅，该住手了……你再疯疯颠颠的，我可要揍人了。
Story/D_6_8_2_3_3_002,大哥，你……你是故意让着我的？
Story/D_6_8_2_3_3_003,你杀了他！他明明处处让着你，你却杀了他！
Story/D_6_8_2_3_3_004,不！不！我不是故意的！
Story/D_6_8_2_3_3_005,大哥，我、我带你去看大夫，我没想要害你，对不住，对不住，\n都是我不好……啊啊……怎么办，血止不住，怎么跟唐门大家交代才好！\n你别、别吓我了，快起来啊……。
Story/D_6_8_2_3_3_006,……死了。
Story/D_6_8_2_3_3_007,我亲手杀的……。
Story/D_6_8_2_3_3_008,我就是个煞星……我不该出生的……都是我不好，都是我的错。\n我注定犯错的，对吗？
Story/D_6_8_2_3_3_009,啊！
Story/D_6_8_2_3_3_010,这下安份点了吧～放心，我没下死手，你──
Story/D_6_8_2_3_3_011,我、我恨你……我恨你！
Story/D_6_8_2_3_3_012,……。
Story/D_6_8_2_3_3_013,呼……呼……。
Story/D_6_8_2_3_3_014,养尊处优还不知足的小公子哎～\n尝尝人间疾苦吧！想必开心吧？你不是渴望亲情吗？\n其实你一直被人爱着啊。
Story/D_6_8_2_3_3_015,不过那也只到今天为止了，哈哈哈哈哈！
Story/D_6_8_2_3_3_016,是我不好……都是我的错……要是我没有出生就好了。\n不，不，都是你们的错，为什么要生下我，又放任我不管，让我受苦？\n我被爱着？胡说！胡说！全都闭嘴！啊──！！
Story/D_6_8_2_3_3_017,再追的话，就由小爷我来当你对手吧。\n不过我可不和你白打，真要打就要有赌彩，比如～你的小命如何？
Story/D_6_8_2_3_3_018,……。
Story/D_6_8_2_3_3_019,虽然跟你无冤无仇，但我何必非跟你有仇才能杀你呢？\n你这种小卒、杂碎，小爷我棍子一扫，就像破布一样满天飞，命贱得不值钱。\n你可要想好了？
Story/N_6_8_2_3_3_001,被他这一拦，南宫浅已经奔到十几丈外，眼看无法追上了。
Story/D_6_8_2_3_3_020,看来二公子跑远了，你想追的话，唐门就没人管了。\n没了你这只老母鸡，上官老鹰就要去捉小鸡了。
Story/D_6_8_2_3_3_021,可恶！
Story/O_6_8_2_3_3_001,再打也没好处
Story/T_6_8_2_3_3_001,……我连番恶斗消耗太剧，这人不知哪冒出来的，\n名不经传，武功却恁地高强，太不好斗。
Story/D_6_8_2_3_3_022,怎么还不滚？想要讲几句狠话好下台吗？
Story/D_6_8_2_3_3_023,{size=50}吓！{/size}
Story/O_6_8_2_3_3_002,大惊
Story/D_6_8_2_3_3_024,哈哈，吓到弹起来。\n你这么胆小，怎么还混江湖啊？
Story/D_6_8_2_3_3_025,可、可恶！你给我记住！
Story/O_6_8_2_3_3_003,小惊
Story/D_6_8_2_3_3_026,吓到了？
Story/D_6_8_2_3_3_027,开什么玩笑。
Story/D_6_8_2_3_3_028,这就生气了？哈哈。\n小爷我功成身退，留在这儿也没事可做，这便走了。
Story/O_6_8_2_3_3_004,没在怕
Story/D_6_8_2_3_3_029,……这是啥？野猴子的恫吓吗？
Story/D_6_8_2_3_3_030,没吓到？胆子挺肥的嘛。
Story/D_6_8_2_3_3_031,你要吓人的话……。
Story/D_6_8_2_3_3_032,起码要这样。
Story/D_6_8_2_3_3_033,噢干，吓我一跳！你真的是人吗？
Story/D_6_8_2_3_3_034,你、你给我记住！这笔帐我迟早讨回来！
Story/O_6_8_2_3_3_005,追不上也要打你一顿
Story/O_6_8_2_3_3_006,解锁条件：［性情］为［勇敢］或［处世］为［豪爽］以上
Story/D_6_8_2_3_3_035,追不上也要打你一顿！\n别以为捣乱不用付出代价啊。
Story/D_6_8_2_3_3_036,喂喂，不会吧～我以为你没那么笨啊。
Story/D_6_8_2_3_3_037,那你就死在这里吧。
Story/D_6_8_2_3_4_001,唔哦哦哦！
Story/D_6_8_2_3_4_002,岂有此理，长得像妖怪，强得也像。\n不玩了，不玩了，扯乎！
Story/D_6_8_2_3_4_003,你的武功路子，似有夏侯兰的影子。
Story/D_6_8_2_3_4_004,她是我师父。
Story/D_6_8_2_3_4_005,她是你师父？难怪你如此了得。\n江湖第一美人竟收了江湖第一丑人为徒，嘿嘿，有趣。
Story/D_6_8_2_3_4_006,夏侯兰的弟子，我们下回再见吧。
Story/D_6_8_2_3_4_007,不愧是崆峒掌派人……长得奇形怪状，武功半点不含糊。\n竟然能以一人之力斗我和老袁。
Story/D_6_8_2_3_4_008,你用的似是崆峒夺魄门的身法？
Story/D_6_8_2_3_4_009,你看出来了？一半吧。
Story/D_6_8_2_3_4_010,我是不是该感谢夏侯兰抢我嫡传女弟子之位，又抓花我的脸？\n否则我就得嫁你这缺德玩意了。
Story/D_6_8_2_3_4_011,你曾是夺魄嫡传女弟子？
Story/D_6_8_2_3_4_012,掌派人，回去问问你的门徒吧。\n弟子先告辞了，下次准备周全再来杀你。
Story/D_6_8_2_3_4_013,休得──
Story/D_6_8_2_3_4_014,拚过头了……真气催谷过度，已经伤身了。
Story/D_6_8_2_3_4_015,……只能先这样了，袁无宪，荆红。\n记住这两个人吧。
Story/D_6_8_2_3_4_016,这小子……几时武功变这么高，怕比那唐布衣都要高强了。
Story/D_6_8_2_3_4_017,主子当时放他一条活路，千万别是养虎为患才好。
Story/D_6_8_2_3_5_001,我回来了。
Story/D_6_8_2_3_5_002,唔呃。
Story/D_6_8_2_3_5_003,师兄！
Story/D_6_8_2_3_5_004,师兄……师兄……。
Story/D_6_8_2_3_5_005,没事，没事，我血太多，吐一口不会怎样，你怎就吓哭了？
Story/D_6_8_2_3_5_006,哥哥！
Story/D_6_8_2_3_5_007,赵兄，是谁伤了你？
Story/D_6_8_2_3_5_008,哼，他伤得比我更重，我还一打二。
Story/D_6_8_2_3_5_009,你少臭屁了，你哪有这么大本事，还一打二。\n你退隐江湖好了，我真怕你被打死！
Story/D_6_8_2_3_5_010,你不是去打招呼吗，怎么伤的？
Story/D_6_8_2_3_5_011,没事，没事，就是方才跟一只山猴子打了一架。
Story/D_6_8_2_3_5_012,连猴子都能把你打成这样，你武功真是太差了，快退隐江湖啦！
Story/D_6_8_2_3_5_013,阿活！
Story/D_6_8_2_3_5_014,没大碍。
Story/D_6_8_2_3_5_015,方才还好好的，怎么就突然吐血了？是谁伤的你！
Story/D_6_8_2_3_5_016,一只山猴子罢了，已经被我打跑了。
Story/D_6_8_2_3_5_017,回头我杀光风雨山上的猴子帮你出气。
Story/D_6_8_2_3_5_018,猴子是无辜的啦。
Story/D_6_8_2_3_5_019,那你就好好告诉我凶手是谁，别想搪塞我。
Story/D_6_8_2_3_5_020,……袁无宪。
Story/D_6_8_2_3_5_021,好，我记住了。
Story/N_6_8_2_3_5_001,从此刻起，小梅与袁无宪之间就注定要有一场生死决战。
Story/D_6_8_2_3_5_022,你吐什么红红的？
Story/D_6_8_2_3_5_023,血？是血吗！你受伤了？
Story/D_6_8_2_3_5_024,不是血，是槟榔汁。
Story/D_6_8_2_3_5_025,……什么嘛，别吓唬我。
Story/D_6_8_2_3_5_026,赵郎！你怎么……。
Story/D_6_8_2_3_5_027,{size=24}无大碍，别声张，别让人看出我受内伤。{/size}
Story/D_6_8_2_3_5_028,{size=24}是。{/size}
Story/D_6_8_2_3_5_029,赵郎，你别吓我，吃槟榔乱吐汁，很不雅观喔。\n不过相传槟榔可解瘴疠之气，东坡居士也爱吃，我没嚼过也挺好奇。
Story/D_6_8_2_3_5_030,不巧，方才那颗就是最后一粒了。
Story/D_6_8_2_3_5_031,可惜，可惜。
Story/T_6_8_2_3_5_001,可不能让人知道我受内伤，否则保不定有人要趁虚而入。
Story/O_6_8_2_Break_01_001,伤亡
Story/D_6_8_2_Break_01_001,伤亡如何？
Story/D_6_8_2_Break_01_002,你是问正派人士跟锦香宫吗？\n锦香宫死伤过半，参战的武林人、官兵也都各有死伤，\n单论伤亡人数的话，似乎还在锦香宫之上。
Story/D_6_8_2_Break_01_003,四处哀鸿遍野，听得让人好不安。\n万一我们也参战了……后果真不敢想象。
Story/D_6_8_2_Break_01_004,是啊……我还想师兄冷血呢。\n现在冷静想想，人数未免太过悬殊，就算我们插手，结局也不会改变。\n凭着一腔热血枉送性命罢了。
Story/D_6_8_2_Break_01_005,是啊……我还想锦香宫身陷重围，那还不是手到擒来，\n不趁机建功何时才能光振唐门威名？谁晓得那人间道法王这么厉害。\n想着我都有点儿后怕，最毒妇人心啊。
Story/D_6_8_2_Break_01_006,你给我说话小心点！你娘也是妇人！
Story/D_6_8_2_Break_01_007,到底还是师兄有远见。
Story/T_6_8_2_Break_01_001,我哪是有远见？我就是胆小罢了。
Story/D_6_8_2_Break_01_008,伤亡如何？
Story/D_6_8_2_Break_01_009,我料到你要问，方才点过名。\n我们的人马伤亡是……。
Story/O_6_8_2_Break_01_002,死伤惨重
Story/O_6_8_2_Break_01_003,有人死，有人伤
Story/O_6_8_2_Break_01_004,万幸无人送命
Story/O_6_8_2_Break_01_005,龙湘
Story/D_6_8_2_Break_01_010,……弟，我真能跟你去吗？
Story/D_6_8_2_Break_01_011,你愿意和我来吗？\n你在外堡住的房间，至今还没撤下名牌转租给别人。
Story/D_6_8_2_Break_01_012,……你没有秘密瞒着我吧？
Story/D_6_8_2_Break_01_013,我能有什么秘密？
Story/D_6_8_2_Break_01_014,我怎么知道呢？
Story/T_6_8_2_Break_01_002,我总不能坦白说自己倾慕你吧。\n万一说溜嘴，你被我吓跑了怎办？
Story/T_6_8_2_Break_01_003,我总不能说自己觊觎你美色吧。\n万一说溜嘴，你一剑把我劈成两半那该如何是好。
Story/O_6_8_2_Break_01_006,说不定你身世有秘密
Story/D_6_8_2_Break_01_015,说不定你身世有秘密。\n你姓赵，说不定你是皇室宗亲。
Story/D_6_8_2_Break_01_016,湘姊，你别乱讲，这山上到处是官兵，等下害我被杀头！\n姓赵的人到处都有，又不是只有官家能姓赵！
Story/D_6_8_2_Break_01_017,你想得美，我都不敢造这种美梦。\n姓赵的人何其多，难道每个都是皇亲国戚？
Story/D_6_8_2_Break_01_018,但我听师父说过，太宗皇帝样貌不好看。\n说到这个，你就很可疑。
Story/D_6_8_2_Break_01_019,史书记载：太宗皇帝面黔色而体肥。\n你看我黑吗？肥吗？
Story/D_6_8_2_Break_01_020,那倒没有。
Story/D_6_8_2_Break_01_021,拜托，太宗皇帝都殡天两百多年了，我是能跟他有什么关系。\n何况要是长得不好看就可疑，姓赵的起码有一半都很可疑。
Story/D_6_8_2_Break_01_022,不到一半吧，你算是当中特别可疑的款式。
Story/D_6_8_2_Break_01_023,呃啊！
Story/D_6_8_2_Break_01_024,我对你这样好，你却无情刺伤我。
Story/D_6_8_2_Break_01_025,噗哧。
Story/D_6_8_2_Break_01_026,弟，暂时要给你添麻烦了。
Story/D_6_8_2_Break_01_027,好，你尽管麻烦我，放过别人就好。
Story/D_6_8_2_Break_01_028,你们听见了吗？
Story/D_6_8_2_Break_01_029,太远了，听不真切。\n好像龙姑娘说赵师兄是皇室宗亲，师兄很紧张。
Story/D_6_8_2_Break_01_030,如果说的不对，干嘛要紧张？
Story/D_6_8_2_Break_01_031,唐门爱跟朝廷作对，官家不会是把亲戚安插在唐门当间谍吧？
Story/D_6_8_2_Break_01_032,说不定就是因为这样，掌门才迟迟不让赵师兄改宗入室。\n不然赵师兄这样做牛做马，干嘛死活不让他姓唐？是了，定是这样！\n──因为他的血统太尊贵，改不得！
Story/D_6_8_2_Break_01_033,我、我从前冤枉他偷钱！
Story/D_6_8_2_Break_01_034,我从前还踢他下体！
Story/D_6_8_2_Break_01_035,我比较新……好像没得罪过他。\n你们说我去示好，能不能当个妾室啊？
Story/N_6_8_2_Break_01_001,关于你血统之谜的流言甚嚣尘上，一传十，十传百，越讲越真。\n不单同门对你敬畏有加，连别门别派的人都客气不少。
Story/O_6_8_2_Break_01_007,说不定你武功有秘密
Story/D_6_8_2_Break_01_036,如今想想，你的武功着实可疑的很。\n观察你练武功，也不像是过目不忘，能够举一反三的天才。\n为何武功进步这么快？
Story/D_6_8_2_Break_01_037,这事我自己都觉得玄。
Story/D_6_8_2_Break_01_038,为何唐门其他人都没像你这样？
Story/D_6_8_2_Break_01_039,初时我还道他们没我用功，可是后来他们学完了暗器总纲中的武功，\n便再也难有寸进，不像我拿到什么就练什么。
Story/D_6_8_2_Break_01_040,拿到什么就练什么，你出招使的武功还是一种。\n就算改使别的招数，也不能混为一谈，别派武功未必就胜于唐门武功。\n你怪在平平一招，似乎无门无派无迹可循，但又包罗万有。
Story/D_6_8_2_Break_01_041,多半是得益于唐门暗器总纲中的忘形篇。
Story/D_6_8_2_Break_01_042,那为何唐门其他人都没像你这样？这个忘形篇只得你有？
Story/D_6_8_2_Break_01_043,那倒不是，唐门暗器总纲内外姓弟子人手一本。\n流落江湖的只怕也不在少数。
Story/D_6_8_2_Break_01_044,我师父对此也有一番猜想，就不知是否作准。
Story/D_6_8_2_Break_01_045,……那个忘形篇，当上外姓弟子就能有吗？\n那我也要当唐门外姓弟子。
Story/D_6_8_2_Break_01_046,好，欢迎之至！
Story/D_6_8_2_Break_01_047,你要想的话，想要改宗入室也轻而易举。\n到时三师兄传你歌诀，暗器总纲中的武功就好练多了。
Story/D_6_8_2_Break_01_048,那就不必了，我想姓龙。
Story/D_6_8_2_Break_01_049,啊，说得也是，抱歉。
Story/O_6_8_2_Break_01_008,说不定你觊觎我钱包
Story/D_6_8_2_Break_01_050,说不定你也想抢我钱包。\n这是我最后的钱了……给你就是了。
Story/D_6_8_2_Break_01_051,给我干嘛，我才不要。
Story/D_6_8_2_Break_01_052,与其最后被你骗，我还不如先给你。\n何况我本来就欠着你，你不用拐弯抹角，我也愿给。
Story/D_6_8_2_Break_01_053,我几时说过要你钱了。
Story/D_6_8_2_Break_01_054,我的剑……是我爹的遗物……。
Story/D_6_8_2_Break_01_055,我又没说要，我使的是小剑哎。
Story/D_6_8_2_Break_01_056,但我的家学，也不能教你。
Story/D_6_8_2_Break_01_057,也不图你家学。
Story/D_6_8_2_Break_01_058,那我身上就没别的值钱的事物了，我好穷的。
Story/D_6_8_2_Break_01_059,没关系，不用任何代价，我也会待你好。\n我们不是好朋友吗？
Story/D_6_8_2_Break_01_060,……嗯！我们情同姊弟，关系再亲密不过。
Story/D_6_8_2_Break_01_061,弟，我悄悄同你说，其实姊心乱得很，忍住不哭已经用尽了全力。\n暂时要给你添麻烦了，别让我一个人待着。
Story/D_6_8_2_Break_01_062,好，你想待到何时，就待到何时。
Story/O_6_8_2_Break_01_009,小梅
Story/D_6_8_2_Break_01_063,小梅……。
Story/D_6_8_2_Break_01_064,崆峒铁拳门郁竹参见掌派人，方才没有问候，对不住。
Story/D_6_8_2_Break_01_065,她一现身就被我拉走了，阿活你别怪罪她。
Story/D_6_8_2_Break_01_066,我哪有这么小气。
Story/D_6_8_2_Break_01_067,阿活，我可以邀请小竹到唐门作客吗？\n我很伤心，非有一个小竹不可。
Story/D_6_8_2_Break_01_068,竹娘子要是愿意来，唐门扫榻欢迎。
Story/D_6_8_2_Break_01_069,掌派人和梅夫人召唤小竹，小竹不敢不从。\n我心慕唐门机关、锻冶之术已久，一直想去唐门留学。
Story/D_6_8_2_Break_01_070,小竹要是愿意来，不论何时都很欢迎。
Story/D_6_8_2_Break_01_071,那……我又要打扰了。
Story/D_6_8_2_Break_01_072,小梅……。
Story/D_6_8_2_Break_01_073,你干嘛一副小心翼翼的样子，怕我哭吗？
Story/D_6_8_2_Break_01_074,你冷静点了？
Story/D_6_8_2_Break_01_075,嗯，伴随着沉淀，杀意也变得愈发澄澈了。
Story/D_6_8_2_Break_01_076,人这么多，要杀个精光可不容易。\n想要大量杀人的话，比起武功钻研毒术比较实在。
Story/D_6_8_2_Break_01_077,好，从今日起，我便搬进炼丹房住了。
Story/T_6_8_2_Break_01_004,看来要慢慢的劝。
Story/D_6_8_2_Break_01_078,唐大侠、梅娘子。
Story/D_6_8_2_Break_01_079,承蒙唐门高义，锦香宫才能避免全部殉难的悲惨下场。\n本来顾及唐门的清名，小女子不该在这敏感时刻前来拜访，\n但是宫主欲请梅娘子前往一叙，因此不得不来，祈请见谅。
Story/D_6_8_2_Break_01_080,承蒙梅娘子高义，愿在为难之中拔刀相救。\n本来顾及唐门的形象，小女子不该在这敏感的关头前来打扰，\n但是宫主欲请梅娘子前往一叙，因此不得不来，祈请见谅。
Story/D_6_8_2_Break_01_081,……我正想找机会探个明白呢。
Story/D_6_8_2_Break_01_082,阿活，小竹，我去一下就回来。
Story/D_6_8_2_Break_01_083,不会有事吧？
Story/D_6_8_2_Break_01_084,没事，没事～
Story/D_6_8_2_Break_01_085,阿活，我去一下就回来。
Story/D_6_8_2_Break_01_086,宫主，梅娘子请到了。
Story/D_6_8_2_Break_01_087,好，你们都退下，让本宫和她单独叙话。
Story/D_6_8_2_Break_01_088,是。
Story/D_6_8_2_Break_01_089,……你是谁？你不是锦香宫主吧。
Story/D_6_8_2_Break_01_090,你认为本宫是谁？
Story/D_6_8_2_Break_01_091,其中一个千灯楼的余孽。
Story/D_6_8_2_Break_01_092,直觉挺准的呀，虞小梅。
Story/D_6_8_2_Break_01_093,你易容成我大姑姑的容貌，是要付出代价的。
Story/D_6_8_2_Break_01_094,由我来杀了你吧。
Story/D_6_8_2_Break_01_095,叫我过来有何贵干？莫不是还以为我会听你们的号令？
Story/D_6_8_2_Break_01_096,你敢不听？
Story/D_6_8_2_Break_01_097,我还敢当众杀你，揭下你的人皮面具。
Story/D_6_8_2_Break_01_098,你信不信，我只要说三个字，你非但不会杀我，\n还会心甘情愿向本宫投降？
Story/D_6_8_2_Break_01_099,作梦，去死吧。
Story/D_6_8_2_Break_01_100,哦．呵・呵。
Story/D_6_8_2_Break_01_101,咦、咦？
Story/D_6_8_2_Break_01_102,投不投降？还杀不杀我？
Story/D_6_8_2_Break_01_103,姑姑，是你吗？
Story/D_6_8_2_Break_01_104,当然是我，过来抱一个。
Story/D_6_8_2_Break_01_105,怎么回事……我还以为你不在了……。\n你扮成大姑姑，那么大姑姑她……。
Story/D_6_8_2_Break_01_106,……以后我便是温夫人，两个姑姑浓缩合二为一。
Story/D_6_8_2_Break_01_107,哪能这样的？
Story/D_6_8_2_Break_01_108,你当我想吗？成日板着一张脸，说话还要端庄得体。\n我还不若死了轻松。
Story/D_6_8_2_Break_01_109,怎么回事……我还以为你不在了……。
Story/D_6_8_2_Break_01_110,……以后我便是温夫人。\n本来还想差不多可以解脱了，没想到宫主这么会难为人。
Story/D_6_8_2_Break_01_111,你看出我是假冒的，却认不出我是谁。\n你这眼功总是差点火候，要再练练才行。
Story/D_6_8_2_Break_01_112,好了，眼泪擦擦。\n叫你过来，就是怕你吃不下饭睡不着觉罢了。\n你回吧，过几日姑姑把锦香宫整顿好，再去唐门见你。
Story/D_6_8_2_Break_01_113,好，可不许食言。
Story/D_6_8_2_Break_01_114,怎么还哭？
Story/D_6_8_2_Break_01_115,哇哈哈，我只是装哭，换姑姑你被我骗了。\n板着脸来笑着走，聪明点的人就该看出破绽了。
Story/D_6_8_2_Break_01_116,说得也是，你倒也心细，就是容易被为情所动，方寸大乱。
Story/D_6_8_2_Break_01_117,小梅走了。
Story/D_6_8_2_Break_01_118,去吧。
Story/D_6_8_2_Break_01_119,我回来了。
Story/D_6_8_2_Break_01_120,你方才哭过吗？
Story/D_6_8_2_Break_01_121,嗯，但是喜极而泣的那种，回头才和你说。
Story/D_6_8_2_Break_01_122,现在本梅心中的仇恨削减了大半，仇还是要报的，但不会诛连九族。\n我先下去了，我怕表情太松懈，站前面会被人看出破绽。
Story/O_6_8_2_Break_01_010,向南宫世家致哀
Story/D_6_8_2_Break_01_123,大家收拾收拾，我去打声招呼，便下山了。
Story/D_6_8_2_Break_01_124,连张凳子都没有，有啥好收拾的？
Story/D_6_8_2_Break_01_125,师兄是怕我们随地乱扔垃圾，制造脏乱吧？
Story/D_6_8_2_Break_01_126,那可不行，得把师兄带走，不然太没公德心了。
Story/D_6_8_2_Break_01_127,{size=24}家主和那位都过世了。{/size}\n{size=24}尸身已经命人收敛了。{/size}
Story/D_6_8_2_Break_01_128,爹死了……？不，不……怎会……。
Story/D_6_8_2_Break_01_129,……知道了。
Story/D_6_8_2_Break_01_130,死者为大，那位的遗体也要妥善对待。\n既然她自称不是锦香宫人，那便葬入南宫族坟吧。
Story/D_6_8_2_Break_01_131,那怎么行？那人不是南宫族人，怎配受我世家香火供奉。
Story/D_6_8_2_Break_01_132,我爹生前许诺了她，那便算数了。\n我才是家主，此事不必再议。
Story/D_6_8_2_Break_01_133,二位公子……。
Story/D_6_8_2_Break_01_134,宋大人，可是要说关于我父亡殁一事？
Story/D_6_8_2_Break_01_135,你们已经知晓了吗，还请节哀顺变。
Story/D_6_8_2_Break_01_136,宋大人所言甚是，大公子，盟主行前将家主衣钵交接给你，\n你当化悲愤为力量，振作起来，不能步上前任家主的后尘。\n这些江湖豪杰都似一盘散沙，等着听你号令。
Story/D_6_8_2_Break_01_137,伟爷，您这话说岔了，一码归一码。\n今日大会决出的盟主是南宫远大侠，而非南宫世家。\n盟主之位难道还能世袭？切勿鱼目混珠。
Story/D_6_8_2_Break_01_138,这个……这个……嘿嘿，我不说了，你们谈。
Story/D_6_8_2_Break_01_139,……宋大人说得对，家门不幸，出了这样的丑事。\n南宫世家有何颜面领袖江湖豪杰？非要关门整肃家风不可。\n武林盟主之位，与我南宫世家无缘了。
Story/D_6_8_2_Break_01_140,大哥，你怎么能这样说爹？
Story/D_6_8_2_Break_01_141,……闭嘴吧，爹的英名，还不是被你毁的。
Story/D_6_8_2_Break_01_142,二位的家事，外人不便置喙，宋某先行避让。\n大会结束以后，再往世家致哀。
Story/D_6_8_2_Break_01_143,上官大人，请移步殿中，我俩商量后续事宜。
Story/D_6_8_2_Break_01_144,无端给我添了不少麻烦啊。
Story/D_6_8_2_Break_01_145,南宫浅，你读过族史吗？
Story/D_6_8_2_Break_01_146,读、读过，为何现在说这个？
Story/D_6_8_2_Break_01_147,南宫祖先花了数百年才斗倒宇文家，到了我们这一代，\n上官世叔退隐，唐门没落，三大世家之中，就剩南宫独大。
Story/D_6_8_2_Break_01_148,要不是你，爹就是武林盟主了。\n南宫世代传承的宿愿，终于不再是纸上空谈。\n爹本来可以名留青史的……。
Story/D_6_8_2_Break_01_149,如果没有你的话。
Story/D_6_8_2_Break_01_150,我、我没想到会变这样，我只是想帮忙，\n证明自己也是南宫世家的一份子。
Story/D_6_8_2_Break_01_151,……你有过机会，但你只证明了自己的无能，而我最恨无能之辈。\n那个袁无宪的父亲是峨嵋的叛徒，极乐七仙之一，你不知道吗？\n你当众称他为大哥，令世人如何看待？
Story/D_6_8_2_Break_01_152,我、我不知道这件事……。
Story/D_6_8_2_Break_01_153,你若把自怨自艾的时间拿去用功，多懂些武林掌故，你就应该会知道。\n那人目的就是要毁掉南宫世家，而你则是帮凶。
Story/D_6_8_2_Break_01_154,我不知道……我不是故意的……我不是故意要害爹……。
Story/D_6_8_2_Break_01_155,……我对你没什么可说的，南宫浅，我会给你一笔钱，离开江陵。\n随你要去哪里都无所谓，别再回来了。
Story/D_6_8_2_Break_01_156,大哥，连你也要赶我走。
Story/D_6_8_2_Break_01_157,别叫我大哥。我之所以不对你发怒，便是对你再无期许，已当你作外人了。
Story/D_6_8_2_Break_01_158,还是说，你执意要作南宫族人，拿命赎罪吗？那也可以。\n你死后，我会将你葬入族墓，你犯的错也一笔勾消。你选吧。
Story/D_6_8_2_Break_01_159,我……我……呜，呜哇啊啊──！
Story/D_6_8_2_Break_01_161,……到底还是个胆小鬼，你就不适合混江湖，也不配当南宫族人。
Story/O_6_8_2_Break_01_011,追南宫浅
Story/D_6_8_2_Break_01_160,阿浅！
Story/O_6_8_2_Break_01_012,不追南宫浅
Story/O_6_8_2_Break_01_013,离开
Story/T_6_8_3_001,阿笙中途就不知道跑哪儿去了，锦香宫被围时也不见踪影。\n他孤云山派几位掌门夫人也全都不在凉棚。
Story/T_6_8_3_002,都不说一声就走了啊，真是的。\n算啦，下回再见吧。
Story/D_6_8_3_001,咱们动身吧，今日我们在岳阳歇宿一夜，养足精神，明天再启程。
Story/D_6_8_3_002,魏娘子，我陪你们走一程，请大家喝酒。\n你们还可以挟持我，让官兵投鼠忌器。
Story/D_6_8_3_003,萤娘子，你这玩笑话让别人听去会出大事的。
Story/T_6_8_3_003,我倒希望你们真把我劫走呢。
Story/D_6_8_3_004,我陪你们走一程。
Story/D_6_8_3_005,从前种种得罪赎不了，我请大家喝酒，算作是给大家赔罪了。
Story/D_6_8_3_006,上官大小姐，管下酒菜吗？
Story/D_6_8_3_007,管！管饱，包下岳阳最好的酒楼，办一场晚宴吧！
Story/D_6_8_3_008,太好啦！千里迢迢来这一趟，总算有件好事。\n大家东西收收，好走啦！
Story/D_6_8_3_009,你真要请客？我有些师弟妹酒量甚豪，很会喝喔。
Story/D_6_8_3_010,我怕你喝吗？你们有本事将黄河都喝光，我才能稍微皱皱眉头。
Story/D_6_8_3_011,怎好意思让你破费。
Story/D_6_8_3_012,没相干，反正我留着私房钱也用不到了。
Story/D_6_8_3_013,大小姐，你这样大人会发怒的。
Story/D_6_8_3_014,我也请你们两个喝酒，外加三十年份的酬庸，你们拿了钱跑路。\n这钱你们敢不敢拿？
Story/D_6_8_3_015,但是……。
Story/D_6_8_3_016,四十年。
Story/D_6_8_3_017,不是钱的问题。
Story/D_6_8_3_018,五十年，不要就算了喔。
Story/D_6_8_3_019,要的，要的。
Story/D_6_8_3_020,成交，现在你们闪远一点。
Story/D_6_8_3_021,萤大小姐出手就是豪气。
Story/D_6_8_3_022,别说的人像挥金如土的暴发户，花这钱我也肉痛，但就是没法子。
Story/T_6_8_3_004,……毕竟，是最后一面了啊。
Story/D_6_8_3_023,小妹不劝你，但送你几幅珍藏的字画，聊表心意如何。
Story/D_6_8_3_024,那当然好！魏才女的字画价值连城，那我还倒赚，钱想花竟也花不完。\n不过你可别拿小时候的涂鸦搪塞我。
Story/D_6_8_3_025,那个我才舍不得给你，那是小妹的宝物。\n除此之外，看上什么你自己挑吧。
Story/T_6_8_3_005,毕竟是最后一面了啊。\n比起这些带不走的钱财，我更珍惜与你一起的回忆。\n想要当作宝藏，藏在心底。
Story/D_6_8_3_026,走啊，还愣着干嘛？你不走我可要走了。
Story/D_6_8_3_027,{size=50}且慢！{/size}
Story/D_6_8_3_028,唐门的恶徒，这便想走了？\n天下英雄在此，哪能容尔等说来就来、说走就走？
Story/D_6_8_3_029,释明师叔祖，您这又是做甚？\n唐门诸侠是上官大人送请帖邀至大会的，怎么能说是说来就来？\n更别说脚长在他们身上，为何不能说走就走？
Story/D_6_8_3_030,痴儿！你道这群唐门中人真是好人？\n好人会使暗器害人、会使毒害人吗！分明就是邪魔歪道！
Story/D_6_8_3_031,试问那个好人会使暗器害人、会使毒害人？分明就是邪魔歪道！
Story/D_6_8_3_032,唐门赴风雨山之前，曾在锦香宫逗留。\n那人间道法王拒旁人于千里之外，为何独独欢迎唐门？\n原因无它，自是因为志同道合！
Story/D_6_8_3_033,他们与人间道同一阵线，杀伤我正派好手，这还不够说明唐门做派？\n依老衲之见，他们就是魔教一丘之貉！
Story/D_6_8_3_034,方才围剿人间道，唐门始终袖手，隔岸观火。\n这样的居心，还能称为正派吗？依老衲之见，他们就是魔教一丘之貉！
Story/D_6_8_3_035,可是唐门是与正道同一阵线的，大家有目共睹。
Story/D_6_8_3_036,那是在装腔作势撇清干系，要不就是眼看人间道势孤，临阵背叛罢了。\n无论是哪一种，都非正道所屑为！无疑是邪派行径！
Story/D_6_8_3_037,师叔祖，您这番话语未免牵强。\n您是持戒修佛之人，莫非忘了嵩山八大戒律之四：戒妄言吗！
Story/D_6_8_3_038,老衲是嵩山福建分院的老住持，连戒律院首座见着都要喊一声师兄。\n怎么轮得到你这小辈来指谪？目无尊长，给我退下！
Story/D_6_8_3_039,戒律院管不着，您便不守戒律？\n您可是担任过住持的高僧！
Story/D_6_8_3_040,住口！
Story/D_6_8_3_041,方才与我正派同仇敌忾，也是装腔作势罢了。\n否则各派侠士死伤惨重，怎么唐门就都皮外伤而已？\n显而易见，是包藏祸心！
Story/D_6_8_3_042,释明大师说得对！崆峒和唐门素有怨仇。\n可不是崆峒无事寻衅，那是早就看清他们的伪善嘴脸，什么亦正亦邪，我呸！\n说白了就是目中无人、目无法纪，与那泥教一个德行！
Story/D_6_8_3_043,要是人人都学唐门，爱干啥干啥，国不国、家不家，还要法律干啥！
Story/D_6_8_3_044,阿弥陀佛，金乌大师有大智慧，洞若观火。\n这群妖魔小丑化形为人，原瞒不住您慧眼。
Story/D_6_8_3_045,那还用说？
Story/D_6_8_3_046,这……。
Story/D_6_8_3_047,我可以为释明大师作人证！
Story/D_6_8_3_048,是你！
Story/D_6_8_3_049,我晁和可以作证！唐门就是魔教的党羽！\n因为我自己就是看不惯唐门假仁假义，才冒死叛逃出来的！\n总算等到今天，释明大师把真相公诸于众！
Story/D_6_8_3_302,他说的没错！
Story/D_6_8_3_303,我林志恒也可以作证！
Story/D_6_8_3_330,我陈倔也可以用人格担保！
Story/D_6_8_3_304,你……你们是！
Story/D_6_8_3_305,好久不见了，晁师兄……不，你走了以后，如今我才是岭南大师兄。
Story/D_6_8_3_306,我们可不会让你专美于人前。
Story/D_6_8_3_307,好兄弟！
Story/D_6_8_3_050,各位武林大侠！泥教六道，天、地狱、畜生、人间、饿鬼全部现世。\n就剩一个修罗道神秘莫测，你们猜是谁？没错！就是唐门！\n唐门就是修罗道！唐中翎唐老魔就是修罗道法王！
Story/D_6_8_3_051,修罗道不是藏在朝廷官兵之中，以战养生吗？\n怎么又说是唐门？唐门可是最跟官府作对的。
Story/D_6_8_3_052,难道还能自己打自己？
Story/D_6_8_3_308,你懂个屁，你这弱智。\n难道什么难道？因果怎么样重要吗？\n唐门根本破绽百出经不起推敲，不要再支持唐门了！除非你也是魔教奸细！
Story/D_6_8_3_309,我只是问一句，怎么就变成支持唐门了？\n不合你心意的就是魔教奸细？去你妈的咧。
Story/D_6_8_3_310,唐老魔只是称病躲藏起来，实际上是四处掳掠良家妇女，\n采阴补阳，这些都是我亲眼所见！我敢用性命发誓！\n唐老魔是真该死啊～他会死的很惨！
Story/D_6_8_3_311,阿弥陀佛，一如几位岭南侠士所言，正是如此。\n修罗道一半假意投效朝廷，一半在唐门，互相挑拨，所以朝野离心。\n我武林中人皆受其害，遭到朝廷厌弃。
Story/D_6_8_3_053,说不定他们就爱这样玩，毕竟修罗顾名思义就是好战成性。
Story/D_6_8_3_054,阿弥陀佛，施主颇有慧根，正是如此。\n修罗道一半假意投效朝廷，一半在唐门，互相挑拨，所以朝野离心。\n我武林中人皆受其害，遭到朝廷厌弃。
Story/D_6_8_3_055,师叔祖，你这才是在挑拨是非！\n您莫非是在畏惧唐门，所以恨不得除之而后快吗！
Story/D_6_8_3_056,省省吧，小师父。没人想听你说话。
Story/N_6_8_3_001,人间道曝光，各派交相猜忌，正自人心惶惶。\n先是释明，又有晁和穿一身唐门青衣跳将出来指证唐门。\n说得煞有介事，就算没有证据，亦难免各派不疑。
Story/D_6_8_3_057,你指称唐门是魔教中人，此话有何根据？
Story/D_6_8_3_058,我亲眼看到的。
Story/D_6_8_3_312,明明是我先说我看到的。
Story/D_6_8_3_313,是有差嘿呦？一样啦，很挤你别过来。
Story/D_6_8_3_059,你自己说亲眼看到，哪里做准！\n空口无凭不能随意栽赃，莫道在场英雄皆是心盲可欺之辈！
Story/D_6_8_3_060,啰哩巴唆耶。
Story/D_6_8_3_061,施主，有话好好说，请勿动手动脚。
Story/D_6_8_3_062,我就是要动你，怎么样？我就是要动你，怎么样？来呀～！
Story/D_6_8_3_063,你再这般不讲理，小僧可要得罪了。
Story/D_6_8_3_064,呜呜呜呜呜大家快看，和尚打人！
Story/D_6_8_3_065,施主何出此言？小僧压根没碰你一根汗毛。
Story/D_6_8_3_066,呜呜呜呜我真的觉得……很对不起大家……\n我怕被和尚打，所以不敢讲真话了……。
Story/D_6_8_3_067,唉，施主你，这……。
Story/D_6_8_3_068,师侄孙，老衲知你能言善辩。\n可是再深湛的佛学、再好的口才，都是对人说的。\n碰到这等泼皮无赖，纵是巧舌如你，都无处使力。
Story/D_6_8_3_069,你……你……居然……！
Story/N_6_8_3_002,释明笑着在福韫肩头拍了两掌，福韫才思敏捷，可是心底仁善，\n没料到师叔祖竟然会在众目睽睽之下使阴招，一时不察中了暗算。
Story/N_6_8_3_003,这两掌之中夹杂着一丝阴冷内力，窜入骨髓，冷得哆嗦，\n说话都不流利了。
Story/D_6_8_3_070,师侄孙无话可说了？那便退下吧。
Story/N_6_8_3_004,释明仗着南嵩山住持的莫大权力，又沾嵩山本院的光，人人尊敬，\n宛如口含天宪，处置别人从来不需讲究证据，\n向来粗暴霸道，却又屡试不爽。
Story/D_6_8_3_071,各位，可记得佛手香唐守鸿？\n守鸿大侠笃信佛理，与人为善，他痛惜唐门基业落入不肖子孙魔掌，\n祖宗泣于九泉，故在广州另起炉灶，广州唐门名声赫赫，谅必无人不知。
Story/D_6_8_3_072,一日他与老衲说及此事，我等亲上蜀中，欲以佛法感化魔头，\n岂料竟揭穿了唐门修罗道的真面目，守鸿大侠更因此丧生魔爪！
Story/D_6_8_3_299,我早就看出来，呸，什么黑白两不分，\n还让这丑八怪带头，伤眼当有趣，看到就知道不是好东西！
Story/D_6_8_3_300,用毒、用暗器的还能是什么正经人？\n不要装了啦，魔教同路人！只有魔教妖人才用这种伎俩伤人。\n在那边装什么？
Story/D_6_8_3_301,唐门的，可以努力一点吗？确定想当我们武林盟的一员？\n噗噗，自以为是嘛，我就静静在这坐等你们灭门。
Story/D_6_8_3_073,一派胡言！
Story/D_6_8_3_074,又是那个叛徒！他还欠我钱！
Story/D_6_8_3_075,他还突然强行抱了我一把非礼我，恶心！\n你们怎能听信他们说的话？
Story/N_6_8_3_005,你和同门气得暴跳如雷，可是众议纷纷，把你们的抗辩之声淹没了。
Story/D_6_8_3_076,那家伙我认得，就是他易容成你，用五色泥害你大师兄散功！
Story/D_6_8_3_077,我来杀了他。
Story/D_6_8_3_078,唐门是修罗道？！
Story/D_6_8_3_079,不是啦！你别听他胡说！
Story/D_6_8_3_080,阿活！那个冒充你的人是被金乌上人收买的！\n本梅杀了他帮你出气！
Story/D_6_8_3_081,我们是修罗道……？
Story/D_6_8_3_082,你别听他胡说，我们才不是。
Story/D_6_8_3_083,那他干嘛乱说。
Story/D_6_8_3_084,他想害我们。
Story/D_6_8_3_085,胡说，唐门才不是修罗道，修罗道是……是……。
Story/D_6_8_3_086,我也不知道是谁的说～
Story/D_6_8_3_087,一派胡言！你才是修罗道，你全家都是！\n乱讲不用负责吗，气死我了！
Story/D_6_8_3_088,妖僧，你三番两次跳出来拨弄是非，究竟有何居心？\n敬你是武林前辈，姑且听你说话，怎知你信口污蔑我大崆峒首长，\n我丹霞子就问你一句：「凭什么？」
Story/D_6_8_3_089,{size=50}凭什么！！{/size}
Story/D_6_8_3_090,难道凭你名望，便能不负责任胡说？\n那在场所有人之中，你不是想冤谁便冤谁，想杀谁就杀谁？
Story/D_6_8_3_091,释明大师，您此话敢问证据何在？\n毫无根据的指谪便是诬陷，是非常无礼的举动。\n您是江湖耆老，理当自重！
Story/D_6_8_3_092,嵩山派莫非只得福韫法师一位清醒人？\n各位高僧何以默不作声？这也是诸位的意思吗。
Story/D_6_8_3_093,嵩山派莫非没有一位清醒人？\n各位高僧何以默不作声？这也是诸位的意思吗。
Story/N_6_8_3_006,小菊江湖露脸以来，一向谦和端庄，仪态大方。\n哪曾似今日这般疾言厉色，说话声音不大，但催以铁琵琶功内力，\n声音远远传将开去，在场众人都是心弦一撼。
Story/D_6_8_3_094,这……并非如此，请丹霞子道长、魏掌门息怒。\n释明法师与我嵩山派只是同行，所言所行，均非我嵩山可管，是以不谈。
Story/N_6_8_3_007,此言一出，众皆恍然，原来嵩山南北院意见不同，\n释明这是仗着北院方丈不管，故意混淆视听。
Story/D_6_8_3_095,释明大师！您莫非忘了上唐门那日，我上官萤也在场吗？\n昔日与小女子合谋撩拨唐门内战，今日又一番妄语意图陷害，\n上官萤痛悔前非，今日在此，能容你污蔑好人吗？
Story/D_6_8_3_096,枉你一派道貌岸然的嘴脸，将佛号挂在嘴边，\n一口一个善哉罪过，自己却全然不信报应！\n口口声声说佛法，佛法在你口中只是伤人的利剑而已！
Story/D_6_8_3_097,你……。
Story/N_6_8_3_008,释明没料到有上官隼在侧，上官萤还敢不顾一切倒戈。\n幸得他撒谎成性，眼珠子咕噜一转，已有计较。
Story/D_6_8_3_098,可怜的上官侄女，是被唐门淫贼赵活用迷心毒药迷惑了心智！\n这才说出这番混淆是非的胡话来，罪过罪过。\n别怕，老衲以梵音感化，定能令你恢复清明。
Story/D_6_8_3_099,释明乃是嵩山南院前任方丈，说的话自有份量，\n可是上官大小姐行商走江湖，最是讲究诚信，说出口的话从没缺斤少两。
Story/D_6_8_3_100,何况还是上官大人的千金独女，两家最近关系这么紧张，\n连仇家都为唐门辩驳，那是真的看不下去了吧。
Story/D_6_8_3_101,那释明老和尚真的是高僧吗？\n嵩山派都是出世高人，怎就他一个人蹦来跳去。\n比起他动辄要搬佛法自显慈悲，上官娘子要可信得多。
Story/D_6_8_3_102,释明大师，唐门内战当日，我也在场！\n我是恩师守鸿大侠的弟子，问我最清楚！
Story/D_6_8_3_103,唐贤侄！原来你平安无事，那可太好了。\n快，快和天下人说，蜀中唐门是如何卑鄙无耻！
Story/D_6_8_3_104,好，我一样跳到屋顶上说，才不受人打扰。
Story/D_6_8_3_105,爱出风头的小子。
Story/D_6_8_3_106,各位英雄都听我的！在下唐衫，是广州唐门的弟子，\n外号「小旋风」，听过唐某的大概不多。
Story/D_6_8_3_107,怎会不多？小旋风在广州一带行侠仗义，是有名的后起之秀啊。
Story/D_6_8_3_108,唐兄弟原来你没死！作哥哥的想煞你了！\n你有什么话，还不快说！究竟是谁害你一身伤疤的？
Story/D_6_8_3_109,多谢各位兄弟抬爱！我这便说了！蜀中唐门的真面目！
Story/D_6_8_3_110,蜀中唐门──才不是修罗道！就是唐门而已！\n我行我素，亦正亦邪，黑白两不分，懒得跟你矫情，没有半分虚伪。\n为善从不掩饰，横也横得坦荡！
Story/D_6_8_3_111,怎么……我还道他要帮腔，原来是替唐门分辩来着？
Story/D_6_8_3_112,你……贤侄你……你这是疯了不成！快下来！别说了！
Story/D_6_8_3_113,唐门连官家圣旨都敢质疑，不与武林盟为伍，\n说他们违悖礼教、邪门狂妄，我无话可说，因为事实如此。\n但要说是泥教党羽，那在下我可就大大有意见了！
Story/D_6_8_3_114,唐老掌门被称为唐老魔，善使暗器亦用毒，得罪的人多不胜数，\n却敢为百姓喉舌，与官府拼命。更有劫法场，刽子手刀下救义士的美谈。\n试问在场有几人能做到？就算你有胆识，家里人又该如何安置？
Story/D_6_8_3_115,唐贤侄，你说够了吧！速速下来！
Story/N_6_8_3_009,任凭释明在地下气得跳脚，唐衫都置若罔闻。\n释明到底还是自重身份，连声罪过，就是不能跃上屋顶逼他住口。
Story/D_6_8_3_116,……各位稍安勿躁，尔等可知唐门都有按时缴税吗？\n难道不觉得奇怪？真要造反，干嘛缴税？因为唐门从来不是叛逆！
Story/D_6_8_3_117,唐门反的是危害社稷、荼毒百姓的贪官污吏，\n是为官家清除云霾！每次与官府冲突，都是舍身向朝廷死谏！\n否则山高皇帝远，地方贪腐作威作福，以庙堂之远，官家如何能见？
Story/D_6_8_3_118,便是当年盘据外堡力抗玄宗皇帝，也是奉行肃宗皇帝大统！\n哪里叛逆了？都是有心人士刻意栽赃罢了！
Story/D_6_8_3_119,最后，我还有一件题外话不得不借机澄清！
Story/D_6_8_3_120,唐门飞侠前往卧云岗赴约，败于石帮主之手，众所周知。\n但各位可知他在决斗之前，便遭受了奸人埋伏？
Story/D_6_8_3_121,我这一身伤疤便是当时被奸人埋伏所害的证据！\n若非大师兄实时出手，又将养数月，我就算大难不死也废了。
Story/D_6_8_3_122,故此我要说一句话，大师兄没有输！他不是死在石帮主手头！\n真正害他的另有其人，而我迟早会查得水落石出！
Story/D_6_8_3_123,……。
Story/D_6_8_3_124,混账东西！看我干嘛，不是我！\n他说的是另有「其人」，不是我好吗！
Story/D_6_8_3_125,他这样说……也对耶，连我都没缴过税。
Story/D_6_8_3_126,那唐门飞侠虽然吊儿郎当，却是个快意红尘的好男儿。\n至于唐老魔，那是真的狠，我吃过亏，自然晓得。\n他们师徒肯向泥教投诚？未免匪夷所思了。
Story/D_6_8_3_127,那兔儿爷和我相斗之前便已负伤？那他干嘛还来？
Story/D_6_8_3_128,帮主决定时间，他决定地点。\n他一被打败，帮主夫人就气急败坏现身了。\n莫非……莫非他是故意苦肉计，让帮主夫人不得不自曝行踪吗？
Story/D_6_8_3_129,……不成，回头得问问我家婆娘，到底怎么回事。\n万一老子是误伤了朋友……哎唷妈的，妈的！
Story/D_6_8_3_130,赵师兄，我这虽不能将功补过，但多少算是剖明心迹了吧。
Story/D_6_8_3_131,……。
Story/O_6_8_3_001,欢迎回来
Story/D_6_8_3_132,多谢师兄。
Story/O_6_8_3_002,滚你妈
Story/O_6_8_3_006,解锁条件：没有帮唐衫求情
Story/D_6_8_3_133,不会吧！你居然还要赶我走。
Story/D_6_8_3_134,你别听这家伙乱讲！\n这厮只是嫉妒有人长得比他俊，所以仇恨所有人罢了，\n回来就好，回来就好。
Story/D_6_8_3_135,哪、哪有～他身上都是疤，哪里还是我对手。\n我才没有嫉妒他。
Story/D_6_8_3_136,师弟，你身上多了这些疤，反而更有男子气概了。\n我有淡疤、美容的药膏，回头教你炼制。
Story/D_6_8_3_137,谢谢师姐。
Story/D_6_8_3_138,各位稍安勿躁，已经去请二位大人移驾，等大人论断。\n可别因血性轻易动上了手，否则弟兄们不好交差啊。
Story/D_6_8_3_139,大人，您可来了！事情是这样的──
Story/D_6_8_3_140,我已经知道了。
Story/D_6_8_3_141,上官大人，您看此事如何？
Story/D_6_8_3_142,宋大人有何高见？
Story/D_6_8_3_143,高见不敢，依本官浅见，武林大会若再节外生枝，恐怕难以进行。
Story/D_6_8_3_144,唐门龙蛇混杂，屡屡挑衅官府权威，本官也想治他们，可惜不是时候。\n官家有嘱咐，须对唐门格外包容，\n以免武林人心生唇亡齿寒之虑，因此合该息事宁人。
Story/D_6_8_3_145,唐门虽然桀傲不驯，不与正派为伍，行事却颇有侠气，\n名声赫然，不能轻易动他，何况官家有嘱咐，须对唐门格外包容，\n以免武林人心生唇亡齿寒之虑，因此合该息事宁人。
Story/D_6_8_3_146,……。
Story/D_6_8_3_147,说的是，圣命不可违，小小私怨只得放下。
Story/D_6_8_3_148,各位武林同道！实不相瞒，上官世家与唐门近日交恶，\n迟早有一笔烂账要算，也是恨不得就此拼个输赢。
Story/D_6_8_3_149,但是！官家有意与江湖为善，派上官某人前来，\n是为团结一心组成武林盟，又非鸿门宴，上官某人再恼，\n也不敢违逆圣意。
Story/D_6_8_3_150,我把话放在这儿，除非罪证确凿，否则今日谁也不能与唐门为难。
Story/T_6_8_3_006,上官大人倒是说话算话。
Story/T_6_8_3_007,上官大人倒是对圣旨忠心耿耿。
Story/D_6_8_3_151,尔等唐门匹夫，应该感恩圣眷。
Story/D_6_8_3_152,且、且慢，上官大人！
Story/D_6_8_3_153,大师还有何话要说？
Story/T_6_8_3_008,料不到上官大人竟然回护唐门，这下不好了。\n我已大大得罪了唐门，骑虎难下，要是没法置他们于死地，\n死的就是老衲了！没法子，就算得罪上官大人，也得强硬一回。
Story/D_6_8_3_154,阿弥陀佛，纵然官府愿意睁只眼闭只眼，亦不能拦我江湖中人决事！\n假如各派领袖都认定唐门是奸人，欲绝后患，您怎么说？
Story/D_6_8_3_155,你们江湖仇杀，官府自然不管。\n但那绝非今日之事，唐门必须完好如初回到蜀中，\n尔等将来再自行解决便了。
Story/D_6_8_3_156,那唐门万一畏罪，迟迟不回蜀中如何？
Story/D_6_8_3_157,……十日，十日之内，不许向唐门动手。\n本官会通知各州郡黄堂沿途监视，下山以后谁也别想故意阻拦唐门。\n十日之后，便不理会了。
Story/D_6_8_3_158,上官大人执意如此，不能改口？
Story/D_6_8_3_159,不能。
Story/D_6_8_3_160,各位都听见了吧！今日大家给上官大人一个面子，\n不动刀枪与唐门为难，却要留他们下来先说个清楚。
Story/N_6_8_3_010,众人一听，心下恍然：这位大师是钻了上官大人话里的漏洞，\n下山以后不能为难，那么将唐门强留下来盘问个七八日，\n到时路上想怎么对付，就怎么对付。
Story/D_6_8_3_161,嘿，释明和尚，你连本官都敢戏弄，胆子可真大。
Story/D_6_8_3_162,上官大人，您不也看唐门不顺眼吗？\n不趁此际铲除，恐怕纵虎归山啊。
Story/D_6_8_3_163,你怕唐大侠怕得狠了，不择手段欲置唐门于死地，本来无可厚非。\n但在本官面前耍耍小聪明，那又是另一回事。
Story/D_6_8_3_164,你别道我乐善捐了点香油钱，就真拿你当菩萨。\n上官某人未必比唐大侠心慈，你可别太天真了。
Story/T_6_8_3_009,……先设法除掉唐门，心腹大患一除，上官大人便消气了。
Story/D_6_8_3_165,唐门的处世大家有目共睹，就是目无法纪、奸恶至极！\n便是没有泥教，也做过不少丧良心的恶事。
Story/D_6_8_3_166,那唐老魔手底杀人无数，座下大弟子唐布衣奸污女子清白，妥妥的淫贼。\n二弟子唐铮乖戾狠辣，下毒害人，向为武林中人所不齿！\n别说还有三弟子唐升以文乱法，四弟子谋财害命！
Story/D_6_8_3_167,至于在那儿的唐门丑鬼赵活，更是看脸就知道绝非善类！\n我就问问大家，相由心生，生作这张脸的，能是好人吗？\n还请各大派门领袖站出来说话，论一论唐门究竟是善是恶！
Story/N_6_8_3_011,他把问题抛到各派掌门身上，全场都有默契，倏地噤声，\n要听各大掌门表态发言。
Story/D_6_8_3_168,简直令人不敢置信，相由心生竟被曲解至此！\n此话是指众生对万事万物的观感、解读、成相皆由自心所决！\n释明法师竟连这点都不懂！
Story/D_6_8_3_169,……。
Story/N_6_8_3_012,一片寂静之中，福韫不顾自身内伤未除，出声直斥其非，\n释明老脸一红，装作没有听见。
Story/D_6_8_3_170,就凭你这小和尚的辈份，也敢跟释明法师谈论佛法？\n你见识浅就别瞎嚷嚷了，释明法师难道还会有错？
Story/D_6_8_3_171,这可不是小僧瞎说，而是出自《无常经》。
Story/D_6_8_3_172,别跟我提什么佛经，佛经里说的是错的！\n释明法师说的才对！
Story/N_6_8_3_013,此言一出，嵩山僧人纷纷色变。\n本来对释明法师心存敬意，此刻都荡然无存。
Story/D_6_8_3_173,你住口！
Story/D_6_8_3_174,好啦。
Story/D_6_8_3_175,{size=50}臭贼秃，你才是魔教徒，你没资格念阿弥陀佛！{/size}
Story/N_6_8_3_014,一片寂静之中，你唐门中爆脾气的趁机聚气，一句暴言响彻风雨山，\n惹得哄堂大笑。
Story/D_6_8_3_176,唐门妖人，你们死到临头还敢放肆？\n唐门的通通闭嘴，安份听候发落！
Story/D_6_8_3_177,{size=40}臭贼秃，你才是魔教徒，你没资格念阿弥陀佛！{/size}\n{size=40}我是崆峒的！我总可以骂吧！{/size}
Story/D_6_8_3_178,你……好哇！
Story/D_6_8_3_179,我看崆峒也不是什么好──
Story/D_6_8_3_180,{size=24}崆峒不能轻易招惹，你说话谨慎。{/size}
Story/D_6_8_3_181,好啦。
Story/D_6_8_3_182,这可难为贫道了，唐门的作风贫道素有耳闻。\n本来轮不到贫道论是非，但事关武林，不得不慎。
Story/O_6_8_3_003,敌对
Story/D_6_8_3_183,贫道以为不能空口冤人，是以事情查明之前，还请唐门留步。\n要是果真清白，大家再向唐门高贤赔罪便是。
Story/O_6_8_3_004,中立
Story/D_6_8_3_184,贫道愚昧，分不清是非曲直，且容全真派保留意见吧。
Story/O_6_8_3_005,友善
Story/D_6_8_3_185,贫道以为唐门不是奸恶之辈，反之大有侠风，当属吾辈楷模。\n并非驳斥大师所言，只是恐怕大师亦不免为成见所囿。
Story/D_6_8_3_186,老衲不管武林事，但既然释明师弟如是坚持，必有道理。\n嵩山斗胆请唐门诸侠留步详谈，如若是误会，老衲愿意稽首谢罪。
Story/D_6_8_3_187,本派师侄孙释明僧人之死，也不免要向唐门讨要个说法。
Story/D_6_8_3_188,老衲愚昧无明，从来不涉江湖，如何够资格品论江湖人？\n嵩山派不敢妄议唐门诸侠。
Story/D_6_8_3_189,唐门与我嵩山派僧人昔年齐心力抗极乐教入主中原。\n老衲心有大恐怖，未能舍身随师兄弟入世赴义，\n多年来惭愧反侧，时时梦中惊醒，涕泪肆流。
Story/D_6_8_3_190,老衲纵使愚昧无明，又岂忍见唐门侠名为人所污？\n释明师弟所言，恕老衲万万不敢苟同！
Story/D_6_8_3_191,方丈师兄，你胡涂呀！罪过罪过。
Story/D_6_8_3_192,阿弥陀佛。师弟，你才罪过。\n请不要和嵩山派站一边，老衲与你不熟。
Story/D_6_8_3_193,释明法师，方丈大师这么说了，还请移步。
Story/D_6_8_3_194,少了我嵩山福建分院的善款支持，\n没个几十年，嵩山宝剎休想重建。
Story/D_6_8_3_195,那便花上几十年吧，老衲圆寂以后，还有年轻僧人接手。
Story/D_6_8_3_196,你们会后悔的。
Story/D_6_8_3_197,老道世居蜀地，与唐老掌门也打过交道。\n江湖流言虽然不能尽信，但是人心难测，赵少侠，请留步吧。
Story/D_6_8_3_198,唐门指称我派窝藏极乐教奸邪，今日自己也受人告发。\n无论冤不冤枉，都与老道无关，青城不予置评。
Story/D_6_8_3_199,老道世居蜀地，与唐老掌门也打过交道。\n唐老掌门特立独行，不像会与泥教同流合污，但是释明大师亦有威望。\n这个……老道还是不发表意见了。
Story/D_6_8_3_314,青城与唐门比邻而居，同唐门新旧两代弟子多有交往。\n其中，与今日领班这位赵小友，更是说得上缘分匪浅。\n依老道之见，唐门绝不似释明大师所言那般恶劣。
Story/D_6_8_3_200,老道世居蜀地，与唐老掌门、年轻的唐门小辈都打过交道。\n依老道之见，唐门介于黑白之间不假，却不似释明大师所言那般恶劣。
Story/D_6_8_3_201,唐门指称我派窝藏极乐教奸邪，今日自己也受冤枉。\n想来无论是唐门，或者释明大师，都是听信谗言才有误会。
Story/D_6_8_3_202,想来是释明大师听信谗言，才误会了唐门。
Story/D_6_8_3_203,你们问我？好啊，谁不知道点苍派与唐门是世仇。\n大大小小不下百件冲突。
Story/D_6_8_3_204,我大理崇尚佛法，释明大师乃是中原高僧，那是素来敬仰的很。\n既然高僧开口，断不会信口胡言。\n我派相信释明大师，可不是公报私仇。
Story/D_6_8_3_205,我大理崇尚佛法，释明大师乃是中原高僧，那是素来敬仰的很。\n既然高僧开口，断不会信口胡言。
Story/D_6_8_3_206,但是话又说回来了，关某人很难相信唐老魔那么心高气傲，\n竟然愿意和另外五位法王交朋友平起平坐。\n因此上，点苍派保留意见，以免被人讥为公报私仇。
Story/D_6_8_3_207,唐门的可恶，与任何邪派都不同法，乃是独家碍眼。\n唐老掌门性情孤傲，绝对不可能与泥教同谋。
Story/D_6_8_3_208,唐门无疑就是上天派来为点苍磨剑的砥石，是我等可敬的宿敌。\n这笔旧帐要自己清算，不能假手他人，也绝不能容人构陷唐门，\n否则将来胜了也不光彩。
Story/D_6_8_3_209,……。
Story/D_6_8_3_210,向某不信任唐门。
Story/D_6_8_3_211,向某深居寡出，唐门种种都是听人言道。\n就像此时听释明法师说，而人言可畏。\n恕向某不能单凭言语轻下论断。
Story/D_6_8_3_212,向某信任唐门。
Story/D_6_8_3_213,崆峒派上下，唯掌派人之命是从。\n掌派人的师兄弟姊妹，就是崆峒的同胞！\n一、二──
Story/D_6_8_3_214,{size=45}犯我掌派人威仪者杀无赦！！{/size}
Story/D_6_8_3_215,哈哈哈哈你们干嘛！
Story/D_6_8_3_216,哎！你们别帮我乱得罪人啊！
Story/D_6_8_3_217,哇哈哈哈～
Story/D_6_8_3_218,好教你们知道崆峒掌派人的威风！
Story/T_6_8_3_010,崆峒四门同室操戈，竟也能如今日这样团结一心。\n妾身好感动，都是多亏了赵郎。
Story/D_6_8_3_219,本座身为崆峒掌派人，那当然是不遗余力，\n誓为武林除此大害！
Story/D_6_8_3_220,承蒙唐门大侠替崆峒派揪出极乐教奸细。\n使崆峒免受金乌上人那恶僧愚弄，单凭这一点，崆峒便不能恩将仇报。\n因而恕我崆峒置身事外。
Story/D_6_8_3_221,承蒙唐门大侠替崆峒派揪出极乐教奸细。\n使崆峒免受金乌上人那恶僧愚弄，单凭这一点，崆峒便不能恩将仇报。
Story/D_6_8_3_222,此外，小女子更有数言相劝。\n倘若武林诸道以锦香宫事，疑忌彼此，非与岳阳大会本意相违乎？\n不利于公，更有害私德，望诸君子，三思而后行。
Story/D_6_8_3_223,南宫世家的意见是……。
Story/D_6_8_3_224,唐门立世几百载，与南宫、上官并为武林三大世家。\n上官尚智，南宫尚仁，唐门尚勇，各家俱有美谈。\n岂能因后辈子孙一时行差踏错，便满盘推翻？
Story/D_6_8_3_225,私以为流言不能尽信，然释明大师所言亦不可不虑。\n不论如何，还请唐门的弟兄先缴出兵器、毒药，\n倘若唐门清白，何必惴惴？武林正道自会还你等公道。
Story/T_6_8_3_011,恰好有唐门当靶子，转移大众视线。\n如此爹便不会成为唯一矢的，假以时日自然就被世人淡忘。\n届时再设法替爹挽回名声。
Story/T_6_8_3_012,赵兄弟，抱歉了。南宫世家对你唐门成见太深。\n我方接任家主，尚须族老及分家支持才能安内，不宜立刻起冲突。\n唯有顺势而为，先委屈了你，待我暗中使力替你们洗刷冤屈吧。
Story/D_6_8_3_226,南宫世家既然得了「武林之心」的美誉，那便必须不偏不倚。\n后学南宫深新任家主，自也不敢违抗祖训。
Story/D_6_8_3_227,既念唐门世交之情，亦不敢失敬于释明大师。\n唯有充作和事佬，为两边劝解，有何误会，大可把话说开。\n大家也不必紧张兮兮的。
Story/T_6_8_3_013,本公子虽讨厌唐门，但既然接掌家主之位，就得秉承家风。\n唐门就算真是泥教妖人，我也不能再让他们步上锦香宫后尘。
Story/T_6_8_3_014,得先缓解武林人的紧张情绪，才不容易被释明煽动。\n否则唐门喊冤喊得再大声，一样无人肯信。
Story/D_6_8_3_228,各位武林朋友，南宫世家既然得了「武林之心」的美誉，\n那便必须不偏不倚，后学南宫深新任家主，自也不敢违抗祖训。
Story/D_6_8_3_229,所以我南宫某人谨代表南宫世家，表态支持唐门！
Story/D_6_8_3_230,大公子何出此言？你这样偏袒世交，还能算是不偏不倚吗？\n令尊、令先太公闻言，都要怪你逆行倒施！
Story/D_6_8_3_231,大师请慎言。
Story/D_6_8_3_232,第一，晚辈此刻已就任家主，大公子一称，不再适合。
Story/D_6_8_3_233,第二，所谓不偏不倚，是两方都有道理的时候不偏不倚，\n而非盲目听信诽谤。
Story/D_6_8_3_234,没错，我们只是处世和善，却不是风往哪吹便往哪边倒的墙头草。\n老和尚要以为这点庸俗心机可以随意摆弄武林中人，那便想得太美了！
Story/D_6_8_3_235,实不相瞒，我个人不全然信赖唐门，然居上者最忌刚愎。\n海纳百川，有容乃大，自然必须接纳族老建言。
Story/D_6_8_3_236,没错，那唐老三是我南宫伟的至交好友，他什么样的为人老夫会不知道？\n大师说他以文乱法，乱在哪？难道读点书就是以文乱法？\n敢问大师读过他的文章吗？
Story/D_6_8_3_237,这……这……。
Story/D_6_8_3_238,第三，释明大师是一代高僧，何以窜来跳去，言行如此狂悖，忠奸不分？
Story/D_6_8_3_239,急于陷害唐门，可不像是住持大师应有的言行。\n莫不是听信了谁的谗言，或者中了尸心丹、迷魂大法？\n可需要南宫世家以《心印掌》助大师驱除心魔？
Story/D_6_8_3_240,不、不必了，老衲好的很。
Story/D_6_8_3_241,……怎、怎么都看我？到我们了吗？\n阿阿阿，阿阿叔，怎办？
Story/D_6_8_3_242,{size=24}当然附和人数众多的一边。{/size}
Story/D_6_8_3_243,两边似乎意意，意见持平啊。
Story/D_6_8_3_244,笨，这还用我教吗？那我们也不表意见就是。\n反正就是别得罪人。
Story/D_6_8_3_245,喔。
Story/D_6_8_3_246,丐帮没意见，听，听听凭各位所决。
Story/D_6_8_3_247,知道了。
Story/D_6_8_3_248,丐帮，支持唐门！
Story/D_6_8_3_249,喔……。
Story/D_6_8_3_250,帮主，哪边多来着？\n他们有些人嘴好笨，说话都说得好像是又不是，俺都听不太懂。
Story/D_6_8_3_251,要把唐门留下来盘，盘盘问的比较多。
Story/D_6_8_3_252,{size=40}不行！不能这样！{/size}\n{size=40}阿叔你不能这样！唐门是好的！{/size}
Story/D_6_8_3_253,阿狗你别闹，这事不能任性。\n一个不好，我们弟兄以后都没饭吃。
Story/D_6_8_3_254,帮主三思！唐门是朋友。\n世人都说丐帮是好样的，但都嫌我们臭又脏敬而远之。\n我知道他们内心深处还是瞧轻本帮弟子，只有唐门蓝色混蛋不一样。
Story/D_6_8_3_255,他们是青，青青青色的，要也是青青青色混蛋。
Story/D_6_8_3_256,只有青色混蛋不一样，他们穷的时候就跟乞丐一样苦，\n但从来没把尊严丢掉，会和我们一块打闹、吃火锅，\n还勒索乞丐请客，也不嫌脏。
Story/D_6_8_3_257,被人勒索，你们大义分舵还这么高兴干嘛？
Story/D_6_8_3_258,……丐帮，支持唐门。
Story/D_6_8_3_259,帮主，你口吃又犯了，讲错啦！
Story/D_6_8_3_260,我没说错，丐帮，支持唐门！
Story/D_6_8_3_261,丐帮也认为，唐唐唐唐门很可疑，要仔细盘问一下。
Story/D_6_8_3_262,王八蛋！帮主你这个没有卵蛋的！俺不认识你！
Story/D_6_8_3_263,我不理你们了！
Story/D_6_8_3_264,唉……。
Story/D_6_8_3_265,蓝色混蛋，你们自求多福吧。
Story/D_6_8_3_266,大哥，俺来投靠你！
Story/D_6_8_3_267,没看这么多人都磨刀霍霍，准备宰割唐门。\n你怎么这时候来投靠？
Story/D_6_8_3_268,因为俺要帮你揍死这些汪汪吠的贱狗。
Story/D_6_8_3_269,哈哈哈！好，那要靠你了。
Story/D_6_8_3_270,飞石帮──
Story/D_6_8_3_271,{size=24}住口。你想报恩，就得雪中送炭。{/size}\n{size=24}锦上添花就不必了，看着像墙头草似的，没的让人看不起。{/size}\n{size=24}何况在座都是高人，也没人问你意见。{/size}
Story/D_6_8_3_272,喔。
Story/D_6_8_3_273,我老石虽是武林不入流的，在各位掌门、帮主面前没点份量，\n到了这会儿也要跳出来说句公道话！
Story/D_6_8_3_274,唐门唐布衣是我生平仅见唯一的大英雄、大侠客！\n他虽英魂不再，但我老石欠的就一定要还！\n谁想动唐门，我们飞石帮肯定不答应！
Story/D_6_8_3_275,就是！唐门大侠也冤枉得，你们干嘛不去吃屎！
Story/D_6_8_3_276,就你们这样还自称武林正道！
Story/D_6_8_3_277,妈的，我不怕讲明了！就算唐门真是泥教中人，\n老子也一样坚决要和唐门同一阵线啦！
Story/D_6_8_3_278,怎样，不然你们打死我们啊！
Story/D_6_8_3_279,来打啊，怕你们啊！
Story/D_6_8_3_280,夫人，你别怪我莽撞，实在忍不了！
Story/D_6_8_3_281,你这样讲义气，我喜欢都来不及，哪里会怪你。
Story/D_6_8_3_282,{size=24}何况……我就喜欢你这样有气魄。{/size}\n{size=24}回头奖励你，生个娃儿给你玩。{/size}
Story/D_6_8_3_283,真、真的吗……我的天，这下可把老子高兴坏了。
Story/D_6_8_3_315,岭南派的意见是──
Story/O_6_8_3_007,要把唐门赶尽杀绝
Story/D_6_8_3_316,必须把姓唐的杂种赶尽杀绝！杀到天下没一个姓唐的人！
Story/O_6_8_3_008,唐门生来就该死
Story/D_6_8_3_317,姓唐的没一个好东西，生来就该死，应该当场灭他们的种！我说的！
Story/O_6_8_3_009,唐门女弟子应该当我后宫
Story/D_6_8_3_318,唐门女弟子中有好几个长相不错的，应该都当我的后宫！\n至于男的，一律吊死。
Story/O_6_8_3_010,唐门不仅是魔教而且还跟旧魔教勾结
Story/D_6_8_3_319,我亲眼所见，唐门不仅是魔教党羽，而且还跟旧魔教有勾结～\n他们密谋造反～明明自己是恶人还开什么义田，\n真想做善事干嘛不免费把田送人？为什么要收租？凭什么啊！
Story/D_6_8_3_320,{size=50}谁问你了？闭嘴吧你，你到底哪根葱啊！{/size}
Story/D_6_8_3_321,妈的，没听说过岭南派吗！\n我派独霸岭南，还不够格说句话了是吧？
Story/D_6_8_3_322,我今日不仅要代表岭南，我还要代表整个宋国说句公道话：\n你们这群姓唐的存在根本没有意义！说白了就是水平太低，\n姓唐的全都不应该被生下来！
Story/D_6_8_3_323,放火・烧唐门！放火・烧唐门！\n大家跟我一起喊，放火・烧唐门！放火・烧唐门！
Story/D_6_8_3_324,他妈的，臭巴婆，妳要玩火，先问我山火同不同意！\n把放火烧人这种恶毒的话挂嘴边，妳到底是什么样的人渣！
Story/D_6_8_3_325,他奶奶的，听你们说话，老子都觉得自己为人谦虚又踏实。\n别把放火烧人这种话挂在嘴边，妳根本不知道火灾的可怕！
Story/D_6_8_3_326,飞天门少侠，本官知你愤慨，请回崆峒旗下，莫扰本官拿人。
Story/D_6_8_3_327,是。
Story/D_6_8_3_328,是。
Story/D_6_8_3_329,大胆，尔等唯恐天下不乱，莫不是当本官眼盲心瞎，\n能容你们在此搧风点火，扰乱大会秩序吗？来人！拿下！
Story/D_6_8_3_284,支持唐门的居多，那即是说……？
Story/D_6_8_3_285,看来支持唐门的居多，二位大人怎么说？
Story/D_6_8_3_286,连像样的证据也没有，想趁人心惶惶众口铄金，\n和尚打的如意算盘看来是要落空了。
Story/D_6_8_3_287,闹剧到此为止。\n释明大师若还要告发唐门，就得拿出证据了啊。
Story/D_6_8_3_288,持平……？
Story/D_6_8_3_289,倘若一人一票，听上去算是持平吧，二位大人怎么说？
Story/D_6_8_3_290,既然没有证据，那还有什么好说的？
Story/D_6_8_3_291,上官大人，这正是大好机会。\n再加上官世家发言，便能断唐门生死！
Story/D_6_8_3_292,上官大人已经金盆洗手。
Story/D_6_8_3_293,旁观者清，更该由大人说话。\n上官家主虽然金盆洗手，在江湖依然举足轻重，不能罔顾公义！
Story/T_6_8_3_015,这恶僧千方百计想借刀杀人，借武林盟之手除掉唐门。
Story/T_6_8_3_016,那姓赵的虽然不是善类，但唐三侠却是仁人义士。\n我可不能让这恶僧得逞。
Story/D_6_8_3_294,老和尚，念你年高，本官只说一次。\n你莫道自己剃了头穿上袈裟便能在这指手画脚。\n记清楚自己的身份，你只是一介庶民！
Story/D_6_8_3_295,上官大人！
Story/D_6_8_3_296,本官很早以前就表态了，不许动唐门，你还啰唆什么？\n除非你掌握确凿的铁证，否则最好管好自己嘴巴。\n公事还得公办，官府讲究公信，不能你说什么便是什么。
Story/D_6_8_3_297,是，上官大人教训得是。
Story/T_6_8_3_017,放屁吧，上官隼。不过是与你利益冲突了，才装得冠冕堂皇。\n谁都知道官府办事从来不讲证据，谁的权大，谁说的话便是真理。\n没凭没据屈打成招原是你们的拿手好戏，在这演给谁看呢！
Story/D_6_8_3_298,管好你的表情，和尚。
Story/D_6_8_4_001,呵，看来我们是成武林公敌了啊。
Story/D_6_8_4_002,这……这……难道我们是成武林公敌了吗。
Story/T_6_8_4_001,怕归怕，但我不得不站出去的时候到了。\n没问题，我做得到，我已经不是昔日的我了。
Story/D_6_8_4_003,都先按兵不动，我去说几句话。
Story/D_6_8_4_004,你可别乱来。
Story/D_6_8_4_005,萤姑娘，你先回自己地方去。
Story/D_6_8_4_006,我还想着，万一真打起来你们可以拿我当人质呢。
Story/D_6_8_4_007,你说什么傻话呢，快听赵郎的话。\n你在这儿，别人只道我们挟持你了。
Story/D_6_8_4_008,……好吧，那我真走了。
Story/D_6_8_4_009,别傻，去吧。
Story/D_6_8_4_010,你敢骂我傻？你给我记住。
Story/D_6_8_4_011,{size=24}晚上喝酒喔，不见不散。{/size}
Story/D_6_8_4_012,好，我一定守信。
Story/D_6_8_4_013,赵郎，妾欲随君同往，成吗？
Story/D_6_8_4_014,哥哥，这个我会，让我来对付他们！
Story/O_6_8_4_001,让小菊陪伴
Story/O_6_8_4_002,解锁条件：魏菊同行
Story/O_6_8_4_003,让叶云裳陪伴
Story/O_6_8_4_004,解锁条件：叶云裳同行
Story/O_6_8_4_005,我自己去
Story/D_6_8_4_015,冒牌晁和，你没想过会有今天吧？\n不要脸的东西，冒充我的身份，到处为非作歹。
Story/D_6_8_4_016,你不要乱说。
Story/D_6_8_4_017,小师妹，和这种人讲理是没有用的。
Story/D_6_8_4_018,阿弥陀佛，上天有好生之德，施主请束手就擒，\n让众人仔仔细细问个清楚，大家都是武林正派，怎能冤枉了你？\n还是说打算坚拒服从，加深大众疑心，连累师门？
Story/D_6_8_4_019,恶僧，谁不知你别有用心？冠冕堂皇的话都省省吧。
Story/D_6_8_4_020,你少来这套，讲得好听，一肚坏水。\n我们又不是囚犯，凭什么留下来听你们盘问！
Story/D_6_8_4_021,释明大师，您这不就正在冤枉人吗？\n你们不信唐门，唐门也不信诸位，恕不能缴械自投罗网。
Story/D_6_8_4_022,魏掌门何出此言？若唐门是清白的，如何不能坦荡？\n老衲保证，若是当真清白，定不以一指加身。
Story/D_6_8_4_023,大师灵台敞亮，那小女子也不妨说明白点。\n诸位想将唐门强留在此，那我们是无论如何不能坐以待毙的。
Story/D_6_8_4_024,魏掌门这是质疑天下英雄的名声？
Story/D_6_8_4_025,正是，一如诸位不信唐门清白一样，\n我们如何知道武林盟到底是真英雄还是伪君子、假和尚？
Story/D_6_8_4_026,无条件不信任对方，互相猜忌、互相残杀，与南宫盟主悲愿背道而驰。\n唐门擅长用毒，崆峒也不是软柿子，就算覆灭，两败俱伤亦在所难免。\n这便是各位想要强留唐门所必须付出的代价。
Story/T_6_8_4_002,夫人好强硬！
Story/T_6_8_4_003,太合我心意了。
Story/D_6_8_4_027,──不过，上天有好生之德，留下来自证清白倒也不是不能。
Story/D_6_8_4_028,咦？
Story/D_6_8_4_029,不过大师却得答应小女子一个条件。
Story/D_6_8_4_030,什么条件，女施主请说。
Story/D_6_8_4_031,不是什么困难的事，小女子想请大师到崆峒派作客说法，\n直到唐门平安归返蜀中，不知大师意下如何？
Story/D_6_8_4_032,岂有此理！魏掌门所言未免欺人太甚！
Story/D_6_8_4_033,敢问是哪处太甚了？崆峒派诚心邀请大师，难道折辱了大师吗？
Story/D_6_8_4_034,老和尚这是在瞧不起崆峒派呀！
Story/D_6_8_4_035,只许老和尚空口说白话，魏掌门好言相请却请不来，\n这位老和尚，怕不是自命武林至尊吧？
Story/D_6_8_4_036,你哪里是想邀老衲作客，分明是作人质！\n先胁之以威，后又抛出为难人的条件，你之所言所行，\n与那人间道法王如出一辙，还说不是魔教之流！
Story/T_6_8_4_004,一样吗？不，完全不一样啊。\n温夫人的本意是着眼大局，令上官大人必须接受条件。\n小菊的计策却是针对释明，无论你接不接受，都会下地狱。
Story/D_6_8_4_037,大师此言差矣，怎会一样呢？
Story/D_6_8_4_038,上官娘子。
Story/D_6_8_4_039,萤儿，你也来说这些胡话！\n老衲知道魏掌门是你昔日同窗，你可不能为了私情，罔顾大局！
Story/N_6_8_4_001,二人四目相对，会心一笑。
Story/D_6_8_4_040,温法王投诚影响甚巨，是以家父不得不慎。\n大师若不肯当人质，则唐门、崆峒连手，不知要造多少杀业。
Story/D_6_8_4_041,而且还有可能冤枉好人，让仁人义士为一番诳言白白送死。
Story/D_6_8_4_042,反之您若肯接受条件，作人质换取唐门信赖，则免去一番争斗杀伐。\n《六度集经》中不就有佛陀割肉喂鹰的故事吗？\n大师常教导信女，处世当以慈悲为怀，岂忍见仁人义士白流鲜血。
Story/D_6_8_4_043,大师是有道高僧，更该当了断执着，为大我捐躯才是，\n即便身殒亦造福武林，功德无量，有什么好犹豫的？
Story/D_6_8_4_044,若唐门平安到家，大师便是崆峒上宾。
Story/D_6_8_4_045,若有人居心叵测，意图弄虚作假、捏造伪证，以此构陷唐门，\n害得家父失信于江湖，影响仕途的话～
Story/D_6_8_4_046,大师就会被圆寂。
Story/D_6_8_4_047,被？！
Story/D_6_8_4_048,被。
Story/D_6_8_4_049,生死之间有大恐怖，生于心，显于身。置之度外谈何容易？\n您怂恿旁人送死容易，怎么轮到自己，便讷讷不能言语？
Story/D_6_8_4_050,{size=24}……混蛋。{/size}
Story/D_6_8_4_051,{size=50}两个贱女人！！{/size}
Story/D_6_8_4_052,大师，您要上哪去？等等我啊！
Story/D_6_8_4_053,上官娘子，多谢你啦。
Story/D_6_8_4_054,甭客气。魏才女聪明绝顶，压根不用我帮。\n我只是怀念从前在读书斋，和你并肩跟人吵架的时光而已。
Story/D_6_8_4_055,还有那种时光？
Story/D_6_8_4_056,那不是吵架，是辩论。\n小妹是注重涵养的人，从来不和人吵架。
Story/D_6_8_4_057,想不到上官姑娘会来替我们说话。
Story/D_6_8_4_058,谁让你把我朋友拖下水，我能不紧张她吗。\n况且这也攸关家父的官运，我可不是在帮唐门。
Story/D_6_8_4_059,喔，说得也是。
Story/D_6_8_4_060,萤姑娘，你这样跳出来不要紧吗？
Story/D_6_8_4_061,我哪能不紧张你们，大不了给我爹打死吧。
Story/D_6_8_4_062,我还有事要忙，你们夫妻下山别急着便走，别忘记我们有约。
Story/D_6_8_4_063,回头见。
Story/D_6_8_4_064,在场诸位想必没人再想强留唐门了吧？\n那么唐门、崆峒就此告辞了。
Story/N_6_8_4_002,元凶释明被挤兑得无地自容，逃也似飞身离去，乃是亲眼所见。\n在场鸦雀无声，哪里还有人肯出这个头。
Story/D_6_8_4_065,赵郎，妾身汗颜，如是处置，不知是否得当？
Story/D_6_8_4_066,再好不过了，不愧是魏掌门，好一招反客为主。
Story/D_6_8_4_067,他煽动群情，妾身不过以彼之道还施彼身而已。\n我们走吧，这风雨山乌烟瘴气，妾身片刻也不想多留了。
Story/N_6_8_4_003,小菊侃侃而谈，将释明激得落荒而逃，令包围之势瓦解于无形。\n与你率唐门、崆峒安然下山，传为江湖轶闻。\n师弟妹们都对这位师嫂佩服得五体投地。
Story/D_6_8_4_068,哥哥，让我来。
Story/D_6_8_4_287,妳？
Story/D_6_8_4_288,嗯，我相信人性本善，世间没有生来就坏的人。\n一切都只是误会而已，待人家说之以情，定能瓦解成～见～
Story/T_6_8_4_013,唔哇一阵恶寒。
Story/D_6_8_4_069,好吧，交给你。
Story/D_6_8_4_070,大师，我从前也听人说唐门各种不好，后来才知道并非如此。\n都是人云亦云罢了，大师就算是得道高僧，也难免一时被蒙蔽。\n我有证据证明唐门清白，您只消看一眼就会明白。
Story/D_6_8_4_071,你有？
Story/D_6_8_4_072,胡说八道，你有什么证据？
Story/D_6_8_4_073,山一样的那种证据。\n我一拿出来，任谁一见了都会瞬间动容改观，变换心意。
Story/D_6_8_4_074,胡说！哪有这种证据？你这小女娃，别来瞎缠！速速退下！
Story/D_6_8_4_075,我说真的，您不信，那请上官大人、宋大人来看吧！
Story/D_6_8_4_076,不、不必！慢着！
Story/D_6_8_4_077,阿弥陀佛，上天有好生之德。\n既然女施主执意如此，老衲慈悲为怀，自当要给唐门一次洗刷冤屈的机会。\n你且将证据拿来，老衲瞧瞧。
Story/N_6_8_4_004,释明手负于背，使了个手势，晁和立刻心领神会。
Story/D_6_8_4_078,危险，别靠近他，证据给我。
Story/D_6_8_4_079,放心，放心～
Story/D_6_8_4_080,证据就藏在这个包子──
Story/D_6_8_4_081,你作什么！
Story/D_6_8_4_289,啊呣啊呣啊呣！
Story/D_6_8_4_082,好饿喔，我要再吃一颗包子，今天已经吃第四个了！
Story/D_6_8_4_083,哥哥，快让他吐出来！证据在包子里面！
Story/D_6_8_4_084,什么？你怎么不早说？
Story/D_6_8_4_085,这可怪不得我啊，真的是太饿了，一股脑儿就吃掉了。\n何况我压根没吃到什么东西啊，对不起嘛，大不了赔你一个包子十文钱。
Story/D_6_8_4_086,卑鄙小人，这种无赖伎俩也使得吗！
Story/D_6_8_4_087,阿弥陀佛，覆水难收，如今死无对证，老衲不能轻信叶小娘子所言。\n谁知道那包子之中，究竟有没有证物，还是毒物呢？
Story/D_6_8_4_088,毒、毒物？他们下毒了？
Story/D_6_8_4_089,才没有下毒，里面有一张纸条，你怎么就给吃了？\n快吐出来还我！
Story/T_6_8_4_005,还好没有下毒。
Story/D_6_8_4_090,云裳你别急，纸条写了什么，你说给我听。
Story/D_6_8_4_091,哥哥！那纸条……那纸条什么也没写。\n但是一定要抢回来，你快出全力抢回来！
Story/D_6_8_4_092,好！
Story/D_6_8_4_093,大师救我！
Story/D_6_8_4_094,妹妹，纸条写了什么？
Story/D_6_8_4_095,哥哥，你也去，用点苍摩天十三剑式最后一招打他！
Story/T_6_8_4_006,摩天十三剑最后一式威力强大，但是招式繁琐，出招太慢。\n我向来束之高阁不用，妹妹这是叫我不要使快剑？
Story/D_6_8_4_096,知道了。
Story/D_6_8_4_097,别的我就不说了，如今唐门自顾不暇，护不了你们兄妹。
Story/D_6_8_4_098,你可别犯浑，去淌他们家浑水。
Story/D_6_8_4_099,恩怨两清，恕某斗胆不遵二位前辈的号令！
Story/D_6_8_4_100,没有问你意见。
Story/D_6_8_4_101,帮帮忙，大家快帮帮忙啊！\n那包子里的秘密非同小可，不能让那家伙吃了！
Story/D_6_8_4_102,你找别人，我可不敢得罪南嵩山的方丈。
Story/D_6_8_4_103,你是我哥哥从前的朋友，对吗？帮帮我们！
Story/D_6_8_4_104,叶家妹子，你哥与我的交情，从他加入唐门起便断了。\n你可别冤枉我，我庄某人光明正大，不和你们一路。
Story/D_6_8_4_105,骚小狐狸，别对人家夫君动手动脚！
Story/D_6_8_4_106,你做甚推她？
Story/D_6_8_4_107,怎么，你见她跌了心疼？
Story/D_6_8_4_108,呜呜……怎么办，要不是为了唐门，我说什么也不会拿出来的！\n这下怎么对得起爹娘、叶家祖宗啊！
Story/D_6_8_4_109,哥哥！你快点抢回地图啊！
Story/D_6_8_4_110,地图？什么地图？不说那是证据啥的吗？
Story/D_6_8_4_111,啊唷！我、我想明白了！那哪里是什么证据？\n她说那玩意任谁看了都会立刻动容改观，还有啥能让人一眼就改变心意？\n当然是钱！是她叶家祖宗代代守护的岳王宝藏！
Story/D_6_8_4_112,该不会……她是想拿岳王宝藏贿赂释明和尚，\n所以才神秘兮兮藏在包子里，结果那无赖搞不清楚状况直接给吞了？
Story/D_6_8_4_113,没错，定是这样！若不是宝藏，还有啥地图值得紧张？\n没看这样娇滴滴的小娘子都哭成泪人儿了，哪还有假？
Story/D_6_8_4_114,要真是这样，那可不能坐视不管。\n那岳王宝藏见者有分，那能给这王八杂种独吞？\n他还不是把钱财取出来，是把地图吞进去拉出来糟蹋！
Story/D_6_8_4_115,宁可信其有，不可信其无！
Story/D_6_8_4_116,快住手！那包子都给人吞了，哪里还取得出来？\n根本没有证据，你们是给叶小妖女骗了！
Story/D_6_8_4_117,妈的，无脑的和尚，你道她给你的是证据？\n她给的是贿赂！那包子里藏着岳王宝藏的地图！\n泼天的富贵给人吞了，你还包庇那个杂种？真是愚善！
Story/D_6_8_4_118,什么！她给的是宝藏地图？
Story/D_6_8_4_119,信不信由你，滚开！
Story/D_6_8_4_120,阿弥陀佛，那地图是叶小娘子给我的！\n唯有老衲这南嵩山的前任住持能够公正处置，都给老衲死开！
Story/D_6_8_4_121,……。
Story/D_6_8_4_122,还愣着干嘛？快跑快跑！
Story/D_6_8_4_123,那个地图。
Story/D_6_8_4_124,笨哥哥，哪来的地图？当然是骗人的，趁乱快跑！
Story/D_6_8_4_125,你、你们干嘛！别过来啊！
Story/D_6_8_4_126,上官大人、宋大人！救命啊！
Story/D_6_8_4_127,你做出这么多无耻的事来，还有脸求饶？\n你这属于江湖恩怨，官府管不了！
Story/D_6_8_4_128,呜呜呜呜呜～我退出江湖了，我不混了！
Story/D_6_8_4_129,本官倒也好奇宝藏下落。
Story/D_6_8_4_130,还想跑？抓他！快抓住他！
Story/D_6_8_4_131,宝藏是我的！你他妈都干了什么！
Story/D_6_8_4_132,别让藏宝图给这腌臜玩意弄成了屎，快逼他吐出来！
Story/D_6_8_4_133,……唐门默默离开了，上官大人。
Story/D_6_8_4_134,走了就走了吧，我本无意强留。
Story/D_6_8_4_135,{size=50}呜呜呜呜呜！{/size}
Story/N_6_8_4_005,这回任凭晁和如何哭闹撒赖都无人同情，被按着毒打、胃药催吐，\n将胆汁都吐光了，哪里见得地图踪影？
Story/N_6_8_4_006,释明尤其愤怒，一想到自己和岳王宝藏失之交臂，就恨得直欲发狂，\n恶念陡生，竟从僧袍里抽出一柄匕首，将晁和当场生膛剖腹。\n这等令人发指的狠辣恶行，让释明名誉尽毁，从此说话再也无人信服。
Story/D_6_8_4_136,料到朝廷可能不怀好意，却没想到武林盟这么好操弄。
Story/D_6_8_4_137,也对，都是凭着一腔血性做事的人，一个大义名分当头罩下，\n便有脑子的也没了。
Story/D_6_8_4_138,都是一些没长脑子的废物。\n难怪二师兄对周围人这么没耐心，没什么比蠢材更让人生憎了。
Story/T_6_8_4_007,要有进行撤退战的觉悟……那样的话就不得不决定殿后的牺牲者了。
Story/T_6_8_4_008,要是只有我的话，我撒腿就跑了，但现在不行。\n我得千万镇定点，想想大师兄会怎么做……掌门会怎么做？
Story/D_6_8_4_139,施主要有牢骚不吐不快，不如放下兵刃，我们促膝长谈。\n你们要是清白，管那十日之期做甚？
Story/D_6_8_4_140,反之十日之期一到，你们要是还没摆脱武林盟追击，\n就要全军覆没在回程途中。
Story/D_6_8_4_141,好啊，武林盟追击唐门，本梅追击你。\n唐门会怎样我不知道，但你会被本梅剁碎喂狗！
Story/D_6_8_4_142,噫，噫！
Story/D_6_8_4_143,我们对你做了什么不好的事吗？
Story/D_6_8_4_144,呃……。
Story/D_6_8_4_145,为何这样害人？为何希望我们不幸？
Story/D_6_8_4_146,呃……。
Story/N_6_8_4_007,狡辩原是他的拿手好戏，转瞬之间已想出了七八种借口，\n但追根究底没一种是真，被小师妹突然一问，登时语塞。
Story/D_6_8_4_147,闲话到此为止，唐门究竟降或不降？
Story/D_6_8_4_148,唐门并非武林盟成员，你也不是武林盟主，凭何听你的？
Story/D_6_8_4_149,跟你这沽名钓誉的贼秃有什么好谈的。\n我便是对着一头猪说话，也好过跟你啰唆，好歹猪心没你龌龊。
Story/D_6_8_4_150,阿弥陀佛，施主切莫执迷不悟，否则锦香宫便是尔等前车之鉴。
Story/D_6_8_4_151,枉我唐门与你等同仇敌忾。
Story/D_6_8_4_152,唐门堂堂正正的应邀而来，想不到武林正派如此专横霸道，\n朝廷都不留客，偏就诸位想将我等强留，如若不肯，还想动武吗？
Story/O_6_8_4_006,形势比人强，只能留下
Story/D_6_8_4_153,唉……没办法了吗。
Story/D_6_8_4_154,各派掌门、各帮帮主，说话可得算话！\n要是查证后释明和尚控诉不实，就得付出代价。
Story/D_6_8_4_155,阿弥陀佛，如若是老衲误会了好人，老衲亲上唐门以死谢罪。
Story/T_6_8_4_009,还以死谢罪呢，蠢材。你们缴了兵器、毒药，等如任我鱼肉。\n拖个三四天再放走，你们得罪的仇家还少了？\n待老衲召集同仇敌忾之士，路上埋伏，将你唐门精锐悉数歼灭！
Story/N_6_8_4_008,你掷出小剑，擦过释明、晁和耳畔，钉在远处武林大会的旗帜之上。
Story/D_6_8_4_156,有什么要问的，这便光明正大问吧。\n我倒要听听你有什么题目，可以问上好几天？
Story/D_6_8_4_157,这个……还是先放下兵刃，私下谈吧？\n大庭广众下，要是有什么不对的话说出口来，要想遮掩就难了。
Story/D_6_8_4_158,就是，你被盘问的人，还由得你挑地方吗！
Story/D_6_8_4_159,不，正如赵活所说，有什么要问的，就现在问吧。\n本官来作见证。
Story/D_6_8_4_160,呃。
Story/D_6_8_4_161,宋大人，这是武林之事，不敢劳烦大人。
Story/D_6_8_4_162,这不光是武林之事，更是攸关公平正义之事。\n本官生平最见不得冤罪，便是有罪之人伏法，罪名也得名符其实。\n释明大师既然控诉唐门，本官自当受理，秉公处置。
Story/D_6_8_4_163,若唐门叛逆之罪属实，本官必将按宋刑统处置，满门抄斩亦不在话下。\n但若有人公报私仇，空口诬陷扰乱大会，令朝野不得同心，枉费天恩，\n无异于挑衅朝廷权威，本官必将严惩不贷！
Story/D_6_8_4_164,大、大人，唐门作恶多端，老衲却是嵩山福建分院住持，怎会说谎？
Story/D_6_8_4_165,为何不会说谎？和尚庙里的和尚也是人，是人就会说谎。\n本官凭何因你身份盲信于你？
Story/D_6_8_4_166,宋大人英明！
Story/D_6_8_4_167,赵少侠，你先安静点吧，别嚷的好像本官徇私一样。
Story/D_6_8_4_168,我不服！宋大人，你这就是徇私！
Story/D_6_8_4_169,大胆，你敢污蔑本官！理应杖责！
Story/D_6_8_4_170,你要是有真凭实据，就快拿上来，本官也想治唐门。\n要是没有，那就闭嘴！判案要能单凭个人喜恶，那还要法律干嘛？\n就是我再想杀赵活，也得依法判决，这才叫公平！
Story/D_6_8_4_171,哈哈哈！宋大人英明！
Story/D_6_8_4_172,你给我闭嘴！
Story/D_6_8_4_173,哎唷，好凶。
Story/D_6_8_4_174,不、不好了！盟主呢？盟主在哪？
Story/D_6_8_4_175,咋回事，老哥你冒冒失失的做甚？
Story/D_6_8_4_176,别推啊，你个山贼来武林大会干嘛？帖子呢？
Story/D_6_8_4_177,宋捕头！大事不好了！\n盟主……盟主呢？快让他出来！\n怎么我下山上山一会儿功夫，就不见盟主踪影了。
Story/D_6_8_4_178,你不是赶山赶风寨的七当家「金银钩」刁老七刁民吗？\n武林大会没邀你们绿林中人，你是上赶子想被捕吗。
Story/D_6_8_4_179,现在不是说这的时候了！大事不好了啊！\n你们这是在干嘛？泥教饿鬼道、地狱道要放火烧山了，\n你们还有闲悠悠哉哉！
Story/D_6_8_4_180,{size=50}你说什么！？{/size}
Story/D_6_8_4_181,你说清楚点，饿鬼、地狱道都来了？
Story/D_6_8_4_182,正是！我们寨主听说南宫大侠就任盟主，带了礼物要来献宝，\n途中就遭遇了饿鬼、地狱两道齐聚，一言不合就打了起来！
Story/D_6_8_4_183,快，你们不是武林高手吗！不救我山寨弟兄，也要救你们自己！
Story/D_6_8_4_184,岂有此理！两大魔头齐心来攻，这是想与我正道武林决一死战？\n阿弥陀佛，老衲愿打头阵突围！
Story/D_6_8_4_185,你……！
Story/D_6_8_4_186,大师等等我！
Story/D_6_8_4_187,这狡猾的家伙，是打算趁机脱罪啊！
Story/D_6_8_4_188,他这算畏罪而逃吗。
Story/D_6_8_4_189,混蛋，放火烧山，这是想把我们全部烧死在山上！
Story/D_6_8_4_190,他们是为着啥来？是为了营救人间道法王，还是帮唐门解围？
Story/D_6_8_4_191,还管那些做甚，保命要紧！\n快趁火势还没蔓延开，冲杀下山！
Story/D_6_8_4_192,大家跟紧我方震天，杀下山去！
Story/D_6_8_4_193,别自乱阵脚！各位好汉冷静！
Story/D_6_8_4_194,我等护送二位大人突围！
Story/D_6_8_4_195,赵活，你自求多福吧，可以滚了。
Story/T_6_8_4_010,官兵、沧帮的人马都来得不少。\n泥教火计被山贼侥幸撞破，失了先机，想必不能危害萤姑娘。
Story/D_6_8_4_196,呃……。
Story/D_6_8_4_197,你东张西望，眼睛贼溜溜转个没完，不将本官放眼里吗？\n别让我说第二次，滚！
Story/D_6_8_4_198,好，多谢二位大人。
Story/D_6_8_4_199,令千金──
Story/D_6_8_4_200,你这丑怪低贱之人，也敢惦记上官独女？\n再不滚，就把命留下！
Story/D_6_8_4_201,好啦，我走就是了。
Story/T_6_8_4_011,萤姑娘有官兵和沧帮人马重重保护，比我都安全，我还是别瞎操心了。
Story/D_6_8_4_202,好，多谢二位大人。
Story/D_6_8_4_203,好，那我就不客气了。
Story/D_6_8_4_204,赵活，有一事想你应该知晓，不过藉此机会，提醒你一声。
Story/D_6_8_4_205,何事？
Story/D_6_8_4_206,没有法度可以依循的行侠，不过是私刑。\n所谓正义若只取决于人心，那万一人心从开始就是偏的呢？\n今日之事就是案例，望你日后行事，引以为戒。
Story/D_6_8_4_207,……多谢宋大人，今日恩情赵某铭记在心。
Story/D_6_8_4_208,大可不必，本官不过是秉公办理。\n何况为你唐门解围的，不是本官，而是泥教二道，这便请吧。
Story/D_6_8_4_209,请。
Story/D_6_8_4_210,赵活，藉今日之事，给你一个教训。
Story/D_6_8_4_211,没有法度可以依循的行侠，不过是私刑。\n所谓正义若只取决于人心，那万一人心从开始就是偏的呢？\n今日之事就是案例，望你日后行事，引以为戒。
Story/D_6_8_4_212,哦……正义的标准还真严格。
Story/D_6_8_4_213,好在我是坏人。
Story/D_6_8_4_214,大家别慌张，就算放火，一时也烧不到山上。\n此刻下山必有折损，再等片刻。
Story/D_6_8_4_215,别把武林盟当自己人，他们只将我等当作泥教同党，\n我们去帮忙，随时会背后挨刀。
Story/D_6_8_4_216,掌派人英明，是他们不仁在先，我们应该按兵不动。\n等武林正道与泥教互相磨耗，力竭之时，便是我等动身之时。
Story/D_6_8_4_217,英雄所见略同，崆峒的弟兄，要劳烦道长指挥！
Story/D_6_8_4_218,属下领命！定不负掌派人所托！
Story/D_6_8_4_219,走！我们趁乱闯下山去！
Story/D_6_8_4_220,赵郎不可。\n此刻兵荒马乱，武林盟疑心于我们，不会与我们并肩作战的。\n混战之际，唐门必将背腹受敌。
Story/D_6_8_4_221,哦。
Story/D_6_8_4_222,没错，属下斗胆建言，是武林盟不仁在先，我们应该按兵不动。\n等武林正道与泥教互相磨耗，力竭之时，便是我等动身之时。
Story/D_6_8_4_223,好，那便依道法将军方略。\n崆峒的弟兄，要劳烦道长指挥！
Story/D_6_8_4_224,属下领命！定不负掌派人所托！
Story/D_6_8_4_225,众师兄弟冲啊！
Story/D_6_8_4_226,啊，我不是故意伤你──
Story/D_6_8_4_227,哈哈哈哈！泥教饿鬼道刘颚在此！
Story/D_6_8_4_228,那边黑衣的，是在东海兴风作浪的饿鬼道法王刘颚！\n擒贼先擒王，先拿下他！
Story/D_6_8_4_229,便是饿鬼、地狱联手，又何足畏惧？\n今日一股脑儿全收拾了便是！大家跟着我上啊！
Story/D_6_8_4_230,尔等枉称侠士，一口一个正邪，殊不知自己恶贯满盈！\n地狱道判官赵逵在此！妖魔鬼怪，还敢造～次！
Story/D_6_8_4_231,赵老哥，我要去绑架上官大人的千金，这里交给你。
Story/D_6_8_4_232,你啥？你方才说啥？
Story/D_6_8_4_233,混蛋！
Story/D_6_8_4_234,好烫，好烫！啊，赵法王。
Story/D_6_8_4_235,你小子我有点儿印象，是青城山上的。\n你也来武林大会商议对付老子？逼迫人间道法王，是否有你一份！
Story/D_6_8_4_236,反了！我是帮着温夫人的！我唐门还差点为此被武林盟围剿！
Story/D_6_8_4_237,……这样，那带着你的门人走吧。
Story/D_6_8_4_238,当真吗？你就这样信我了？不问我要啥证明？
Story/D_6_8_4_239,哪来这么多废话，你若敢胆敢欺瞒本判官，\n到时你爷爷自会杀上唐门找你算账，此刻却没闲心搭理你！快滚！
Story/D_6_8_4_240,多谢！
Story/D_6_8_4_241,我、我没有喔！我就是来观礼的，又不和武林盟一挂！
Story/D_6_8_4_242,见义不为，与手握屠刀无异，受死！
Story/D_6_8_4_243,这……这……！
Story/D_6_8_4_244,你也是恶贯满盈当死之人！纳命来！
Story/D_6_8_4_290,好烫，好烫！啊……。
Story/D_6_8_4_291,地狱道法王，判官赵、赵逵吗？
Story/D_6_8_4_292,你口中说的人，正是老夫我。\n来来来，你叫什么名字？我翻一翻生死簿，看你阳寿几何，会否死在今天！
Story/D_6_8_4_245,兵荒马乱！
Story/D_6_8_4_246,武林人虽多，但都一盘散沙，我们往防御薄弱的地方冲！
Story/D_6_8_4_247,噢！
Story/O_6_8_4_007,战你娘亲
Story/O_6_8_4_008,解锁条件：［性情］为［勇敢］以上
Story/D_6_8_4_248,哈哈哈哈哈！
Story/D_6_8_4_249,哼，哼哼。
Story/D_6_8_4_250,哈哈哈！
Story/D_6_8_4_251,好得很，我来告诉各位，唐门并非泥教同党。\n但是乐意成为武林公敌。
Story/D_6_8_4_252,我唐门作派大家都清楚的很，\n可不像锦香宫偌好脾气，始终盼能与你们这群蠢材相互理解。
Story/D_6_8_4_253,我们是人！谁要跟野蛮猴子相互理解？
Story/D_6_8_4_254,你们一口一个劝留，我就偏不。\n谁敢拦路我杀谁！不信就来试试谁的命硬！
Story/N_6_8_4_009,你放出话来，气魄逼人，那些个落井下石的不由都心下一突。\n忆起唐门盛时骇人听闻的传说，都不寒而栗。
Story/T_6_8_4_012,这小子……和唐布衣、唐铮、唐升都不一样。\n硬要说的话，合该属他最似唐老魔！
Story/D_6_8_4_255,没有意见的话，我可不奉陪了。
Story/D_6_8_4_256,……。
Story/D_6_8_4_257,走吧，小师妹。
Story/D_6_8_4_258,是。
Story/D_6_8_4_259,区区阿活，说话这么嚣张。
Story/D_6_8_4_260,这叫有气魄好吗。
Story/D_6_8_4_261,走吧，小竹。
Story/D_6_8_4_262,嗯，嗯！
Story/D_6_8_4_263,唔……！
Story/D_6_8_4_264,尔等江湖中人，难道都要纵虎归山？\n除此巨恶者，势将名动江湖，怎么都没人敢上前拼搏吗？\n昔日恶战丐帮王二壮的胆气呢？难道这厮还能狠过王二壮！
Story/D_6_8_4_265,怎么说呢……打丐帮那会儿，大伙团结一心，义无反顾，死了也光荣。\n今天这事吧，总是觉得不大对劲。
Story/D_6_8_4_266,是啊，我还道武林大会就算比武也不会出人命，\n谁知道刚对付了锦香宫，立刻又要对付唐门？
Story/D_6_8_4_267,上官大人都说要保唐门，只那释明法师兀自不肯罢休，\n指控别人，又拿不出证据。
Story/D_6_8_4_268,拿不出证据也索罢了，各大派投票就能论人生死，不觉得可怕吗？\n改天他又觉得你老兄是魔教中人，大家投个票就把你抄家了。\n武林盟是干这种事用的吗？
Story/D_6_8_4_269,再说，南嵩山的没一个来参加武林大会，怎就他一个前任住持在这蹦跶。
Story/D_6_8_4_270,就是，他口口声声武林大义，叫人去跟锦香宫、跟唐门拼斗，\n怎么他自己不去？莫不是他自个儿怕死，想怂恿别人去送命吧！
Story/D_6_8_4_271,大师，情况怎么好像不对劲？
Story/D_6_8_4_272,废话，老衲看不出来吗！
Story/D_6_8_4_273,这下你满意了吧，释明和尚。
Story/D_6_8_4_274,你道本官不想铲除唐门？你以为我何以大费周章，迂回削弱唐门？
Story/D_6_8_4_275,老衲只道能凭人多，怀柔拿下唐门。\n怎料那小子不吃这套，说走就走。
Story/D_6_8_4_276,你怎会以为自己拿捏得了唐门？连自己有多少筹码都算不清楚。
Story/D_6_8_4_277,上官大人，我等不足挂齿的小门派，不敢恭维武林盟作风。\n南宫盟主不在，这便告辞了，武林盟别算我在内。
Story/D_6_8_4_278,我们也是一样，众口铄金实在可怕。\n我不敢跟六大派作对，可也不愿听奉武林盟命令！
Story/D_6_8_4_279,蔡帮主、楚门主，大家都是好朋友，有话好说。
Story/D_6_8_4_280,蔡某不敢和法师攀交，告辞。
Story/D_6_8_4_281,我也不干了，什么武林大会，鸿门宴吧这是！
Story/D_6_8_4_282,好呀，先是锦香宫，后来唐门，下一个轮到谁？快走，快走！
Story/D_6_8_4_283,别……大家别走啊！
Story/D_6_8_4_284,虚伪，懦弱，贪婪，无能，肤浅，看你干的好事，老废物。\n本官奉旨操办武林大会，如今办成这样，剥你的皮都不能解恨！
Story/D_6_8_4_285,大、大人饶命！大人饶命！
Story/D_6_8_4_286,大人饶命！呜呜呜呜呜～～我真的觉得……很对不起大人……。
Story/D_6_8_4_1_001,妹妹，还撑得住吗？
Story/D_6_8_4_1_002,呼……呼……快、快喘死……。
Story/D_6_8_4_1_003,叶小妹别慌，到这里就安全了。
Story/D_6_8_4_1_004,我……我……我没慌，只是……快喘死……。
Story/D_6_8_4_1_005,掌门，已经可以安心了。
Story/D_6_8_4_1_006,小妹已经交接，不是掌门了。
Story/D_6_8_4_1_007,在我们心中，您永远都是玄功掌门。\n唐门弟兄马上就到，弟子要去驰援崆峒同门，掌门多保重。
Story/D_6_8_4_1_008,呼，呼……没人掉队吧？
Story/D_6_8_4_1_009,有人掉队吗？
Story/D_6_8_4_1_010,你弄掉了我，裳儿在这。
Story/D_6_8_4_1_011,我才没弄掉你，别乱说。
Story/D_6_8_4_1_012,太好了……掌派人脱险了。
Story/D_6_8_4_1_013,多亏了崆峒弟兄。
Story/D_6_8_4_1_014,师姐，振作点，没事了，已经没人追来了。
Story/D_6_8_4_1_015,放心，我没事，屁股给人戳了一下，站不起来罢了。
Story/D_6_8_4_1_016,别追了，那几人在空中筋断骨折，已经死了！
Story/D_6_8_4_1_017,呜呜～好可怕啊，赵活！\n我最害怕妖魔鬼怪了，他们还装神弄鬼吓我！
Story/D_6_8_4_1_018,没事了，没事了，我保护你。
Story/D_6_8_4_1_019,师兄，快回头去帮小师妹，她护着我们撤退，自己被包围了。
Story/D_6_8_4_1_020,小师妹！
Story/D_6_8_4_1_021,有。师兄叫我？
Story/D_6_8_4_1_022,你、你不是被包围吗？
Story/D_6_8_4_1_023,嗯，我打不过他们，但是我跑得很快。
Story/D_6_8_4_1_024,没事就好，没事就好。
Story/D_6_8_4_1_025,师兄，你、你不能……。
Story/N_6_8_4_1_001,被你一把抱住，小师妹本来想说：「你不能碰我头跟手以外的地方。」\n但最后还是把话吞回肚里了。
Story/D_6_8_4_1_026,唔，唔哇！
Story/D_6_8_4_1_027,吓死人了！什么杀人魔！
Story/D_6_8_4_1_028,右翼这一团就剩你们了，来。
Story/D_6_8_4_1_029,女侠饶命！
Story/D_6_8_4_1_030,……好，那你们要当好人喔。
Story/D_6_8_5_001,阿弥陀佛，各位施主，老衲苦口婆心为的都是江湖。\n如若不信，来日大难临头，众人死无葬身之地，\n莫怪老衲不渡众生！
Story/D_6_8_5_002,滚吧你假和尚，一口一个阿弥陀佛，干的都是搧风点火的缺德事。
Story/D_6_8_5_003,没信你的鬼话就咒我们死无葬身之地？\n南嵩山住持就这种人品，真是让人大开眼界！
Story/D_6_8_5_004,哼！
Story/D_6_8_5_005,出乖露丑就跑，好威风呀！
Story/D_6_8_5_006,方丈大师你、你忘了带我！
Story/D_6_8_5_007,师兄，你是不是要上去讲几句场面话，感谢武林同道的信任啊？
Story/D_6_8_5_008,我们无端被怀疑，还要去感谢别人？
Story/D_6_8_5_009,武林交际不就是这样？去，师兄，快去，随便说点啥。
Story/D_6_8_5_010,……。
Story/O_6_8_5_001,特别感谢信赖唐门的朋友
Story/D_6_8_5_011,今日友善唐门的江湖朋友，赵某便只一句话──\n「多谢，青山不改，绿水长流。」
Story/D_6_8_5_012,然后今日对唐门不友善的江湖朋友，赵某也只一句话──\n「给我记住，青山不改，绿水长流！」
Story/N_6_8_5_001,你放出话来，气魄逼人，那些个落井下石的不由都心下一突。\n忆起唐门盛时骇人听闻的传说，都不寒而栗。
Story/D_6_8_5_013,告辞了。
Story/O_6_8_5_002,没什么值得感谢的
Story/O_6_8_5_003,解锁条件：［性情］为［中庸］以上
Story/D_6_8_5_014,现在我可以走了吧？没人有意见了吧？
Story/D_6_8_5_015,赵少侠这样说就没意思了，既然把话说开，大家就还都是好朋友。
Story/D_6_8_5_016,正是，武林不就是这样，热热闹闹吵架打架混出来的交情？
Story/D_6_8_5_017,吵架打架混出来的交情，和谋杀未遂可不一样。\n方才要是没人替唐门说话，在场诸位打算如何？\n像围剿锦香宫一样围剿唐门吗？
Story/D_6_8_5_018,赵某差点死在各位手上，余悸犹存。\n恕我不能再与各位为友。
Story/D_6_8_5_019,我可是差点就被你们杀了，难道我还要反过来谢谢你们放我一马？
Story/D_6_8_5_020,妈的，我现在质疑释明贼秃是魔教法王，大家快投票看看要不要杀了他。\n然后方才想对付唐门的，我全都要通通质疑一遍。\n别以为我分不清你们谁是谁！
Story/N_6_8_5_002,你这话不客气之极，众人没想到你心胸如此狭窄爱记仇，脸色都不好看。
Story/D_6_8_5_021,一两个人恣意造谣，你们就如惊弓之鸟。\n别人便因你等猜忌之心，必须受罪吗？
Story/D_6_8_5_022,南宫世家向来不偏不倚，如今贯彻始终，也能理解。
Story/D_6_8_5_023,南宫世家仍是朋友。
Story/D_6_8_5_024,全真仍是朋友。
Story/D_6_8_5_025,嵩山仍是朋友。
Story/D_6_8_5_026,青城仍是朋友。
Story/D_6_8_5_027,峨嵋仍是朋友。
Story/D_6_8_5_028,丐帮仍是朋友。
Story/D_6_8_5_029,崆峒是兄弟。
Story/D_6_8_5_030,{size=50}噢！！{/size}
Story/D_6_8_5_031,崆峒此刻开始是朋友。
Story/D_6_8_5_032,点苍虽然不是朋友，却是可敬的宿敌。\n从前旧怨如能化解最好，若是点苍双尊坚持非要分胜负，\n本门也会抱着自豪与你们再决高下，随时候教便是。
Story/D_6_8_5_033,飞石帮，你们就爱专挑情势不妙的时候才冒出来送死。
Story/D_6_8_5_034,真傻啊。我大师兄要是知道石帮主这样，一定要拉你喝酒了。
Story/D_6_8_5_035,回头我们喝一杯。
Story/D_6_8_5_036,还有其他愿为唐门发声的，赵某在此颔首致意。\n除此之外，以构陷唐门未遂的首谋释明贼秃为首，全都是唐门的仇敌。
Story/D_6_8_5_037,惜命的就别来唐门地界游晃，否则别怪赵某人不客气。\n到时我可不讲道理，就像各位一样，罪名莫须有，\n随意编个借口就把人打杀了。
Story/D_6_8_5_038,路过唐门地界，屁股最好夹紧一点。
Story/N_6_8_5_003,你放出话来，气魄逼人，那些个落井下石的不由都心下一突。\n忆起唐门盛时骇人听闻的传说，都不寒而栗。
Story/D_6_8_5_039,告辞了。
Story/O_6_8_5_004,如果你们也能信任温夫人……。
Story/O_6_8_5_005,解锁条件：支持锦香宫
Story/D_6_8_5_040,各位武林朋友知道唐门素行，所以不被妖言所惑。\n但是锦香宫行侠仗义，芳名远播，名声比之本门更佳，各位如何不知？\n为何却不能兼容，因为她是人间道法王，就不共戴天吗。
Story/N_6_8_5_004,众人听你复又提起锦香宫，都有愀然之色，\n认为你不识时务，偏要哪壶不开提哪壶。
Story/D_6_8_5_041,赵少侠此言差矣。\n那人间道法王软禁本宫，以妖术操控宫人。\n落得如此下场，是她自己的选择。
Story/D_6_8_5_042,{size=24}……住口吧，蠢材。除非这样，否则如何保住宫人？{/size}\n{size=24}别自命正义不凡了，你会害温夫人的觉悟付诸东流。{/size}\n{size=24}你有本事就去改变这个人间，别在这发牢骚。{/size}
Story/D_6_8_5_043,……。
Story/D_6_8_5_044,各位，唐门这便告辞了。
Story/D_6_9_1_001,赵兄弟，我就送你到这了。\n这村子太小，住不下飞石帮众，我和夫人要回岳阳去住。
Story/D_6_9_1_002,赵兄弟，飞石帮人多，又都良莠不齐，脚程比不上唐门。\n我们慢慢走，也好殿后替你们看着武林盟的家伙有没什么可疑动向。\n蜀中再见吧。
Story/D_6_9_1_003,多谢石帮主、石夫人。
Story/D_6_9_1_004,没啥好谢的，我欠你们的怕是一生也还不完。
Story/D_6_9_1_005,……二位如此重情义，难怪我大师兄要舍命奉陪，值得。
Story/D_6_9_1_006,有你这句话，我们也值得。
Story/D_6_9_1_007,告辞了。
Story/D_6_9_1_008,启禀掌派人，属下命崆峒飞天门菁英先行探路，\n另派夺魄门隐密护卫掌派人，大队人马殿后，防止武林盟追击，\n不知掌派人意下如何？
Story/D_6_9_1_009,多亏道法将军与崆峒弟兄，唐门才能安然无恙。\n大恩不言谢，此番恩情，唐门必将铭记在心。
Story/D_6_9_1_010,掌派人何必言谢？您是崆峒的定海针，身负传承，象征盛世。\n崆峒门人为掌派人效命，乃是天经地义之事。
Story/D_6_9_1_011,我这掌派人压根没有一点贡献，实在汗颜。
Story/D_6_9_1_012,掌派人一言定乾坤，终止崆峒十年内斗，使四门归心，重振光荣，\n如何不算功劳呢？
Story/D_6_9_1_013,这么说，我功劳好像还真挺大的……？
Story/D_6_9_1_014,那当然啦，哈哈！
Story/D_6_9_1_015,唉，快别说了，越说我越惭愧。
Story/D_6_9_1_016,菊夫人为了早日赶到掌派人身边，也是没日没夜的操劳。\n几个月就把几年份的活干完了，还干的无可挑剔。\n这也该归功于掌派人。
Story/D_6_9_1_017,这怎么能归功于我，是小菊的功劳啊。
Story/D_6_9_1_018,得道者多助，失道者寡助。\n寡助之至，亲戚畔之，多助之至，天下顺之。\n贤者在位，所以能者在职罢了。
Story/D_6_9_1_019,魏菊不过是其中一个受掌派人感召的人，竭尽微薄之力而已。\n丹霞子师兄何尝不是呢？崆峒若好，所有人都出了力，魏菊不敢居功。
Story/D_6_9_1_020,何等贤内助。
Story/D_6_9_1_021,趁着太阳还未下山，属下好去布达掌派人谕令，向掌派人请去。
Story/D_6_9_1_022,道长请。
Story/D_6_9_1_023,小菊，唐门成了武林公敌，你还执意要随我来吗？
Story/D_6_9_1_024,这不是当然的吗？自反而缩，虽千万人，吾往矣。\n合乎义理，何畏人言？至多有死而已。
Story/D_6_9_1_025,再说一次吧。\n小女子魏菊不才，蒙郎君不弃，往后余生，还请多多指教。
Story/D_6_9_1_026,三生有幸。
Story/D_6_9_1_027,太好啦！
Story/T_6_9_1_001,好，魏才女搞到手了，下一个该谁？
Story/D_6_9_1_028,二位请。
Story/D_6_9_1_029,今天就在这村中歇宿吧，养足精神，明日一早再启程。
Story/D_6_9_1_030,师兄……武林盟虎视眈眈数着日子，我们不趁早上路，能跑多远是多远吗？
Story/D_6_9_1_031,你要跑也得养足精神啊。\n何况我们一下山就跑，多丢人啊，他们一看我们慌了，就怕追的更起劲。
Story/D_6_9_1_032,怕他们干嘛？我就不信武林盟这么有闲，\n住得老远参加武林大会也就算了，还会为了追杀我们背井离乡。
Story/D_6_9_1_033,说的也是。
Story/D_6_9_1_034,累死人了，行前是哪个王八蛋说我们只是来观礼的？\n把人骗，害本姑娘差点没命，真是够了。\n我要住店叫一桶香花热水，好生放松放松。
Story/D_6_9_1_035,总而言之，明早吃过早饭再说吧，解散。
Story/D_6_9_1_036,湘姊你也累坏了吧。
Story/D_6_9_1_037,嗯，是啊。
Story/D_6_9_1_038,一副无精打彩的样子……来几根鸡腿会有精神吗？
Story/D_6_9_1_039,不了，暂时吃不下东西。\n你不必担心我，我只是累了，多半睡一觉就会好。
Story/D_6_9_1_040,连鸡腿都不吃，可有多伤心啊。
Story/D_6_9_1_041,师兄，俺……我带着狗鸡，身上又臭又脏，不好意思住店。\n小妹还是就近找个乞丐窝睡一晚吧。
Story/D_6_9_1_042,大哥，我带着狗鸡，身上又臭又脏，不能住店。\n俺就近找个乞丐窝睡一晚吧。
Story/O_6_9_1_001,你可以让狗睡外面
Story/D_6_9_1_043,不成，狗鸡与我情同手足，在俺心中，牠地位和你一样。\n就怕牠自个儿睡会孤单彷徨。
Story/T_6_9_1_002,孤单寂寞倒在其次，别被人抱走煮了吃才是真的。
Story/D_6_9_1_044,没啥，俺睡惯肮脏地方，突然要住店反而不自在。\n你甭啰唆，俺走啦，明早再来见面。
Story/O_6_9_1_002,那有什么，有钱能使鬼推磨
Story/O_6_9_1_003,解锁条件：银两>1000
Story/D_6_9_1_045,你要能保证狗鸡不乱叫，不会吵扰其他住客的话，这事就包在我身上吧。
Story/D_6_9_1_046,有道是有钱能使鬼推磨，钱给的够多，别说狗子，牛拉进店都不成问题。
Story/D_6_9_1_047,你要替狗付住店的钱？
Story/D_6_9_1_048,正是，你俩趁机洗个热水澡吧。
Story/D_6_9_1_049,狗鸡，你听见没？大哥真是一个好大哥，你还不快谢谢！
Story/N_6_9_1_001,你看不懂狗的表情，只见牠咧开了嘴，尾巴直摇，似乎听懂了樊啸天的话。
Story/N_6_9_1_002,你去和掌柜周旋，他起初面有难色，\n待见你豪爽掏出一贯铜钱，登时眉开眼笑，忙不迭答应。\n有这一贯钱，整间客栈的被褥换掉也绰绰有余。
Story/D_6_9_1_050,好累啊……没想到岳阳一行这么多事。\n还道是来观礼，至多被官兵刁难时义无反顾战他娘亲。
Story/D_6_9_1_051,……因为我的决策，好多人死了。
Story/D_6_9_1_052,……因为我的决策，有人死了。
Story/D_6_9_1_053,万幸唐门没有人因为我的决策死去，但这也只是侥幸罢了。\n如今想来，兀自心惊。
Story/D_6_9_1_054,江湖怎么和我从前以为的不太一样呢？唉。
Story/N_6_9_1_003,独自一人的时候，你才露出不能显于人前的疲态。\n端椅子过来坐着，一言不发，百感交集。
Story/N_6_9_1_004,背负了太多，步履沉重，感觉再也轻快不起来了。
Story/D_6_9_1_055,好累啊……萤姑娘有官兵护卫，一定平安，\n就不知她知不知道我们在这儿，还来不来。
Story/D_6_9_1_056,好累啊。
Story/D_6_9_2_1_001,赵郎，酒入愁肠愁更愁，何故长吁短叹呢。
Story/D_6_9_2_1_002,小菊。
Story/D_6_9_2_1_003,知道郎君未用晚膳，妾身吩咐店家留了一些酒菜，\n借放在温盘之中，方才已经交代小二去热菜了。
Story/D_6_9_2_1_004,你恁地细心，赵某何德何能，得此贤妻。
Story/D_6_9_2_1_005,赵郎选我作第一掌派夫人，妾身感激，自当投桃报李。
Story/D_6_9_2_1_006,不是第一掌派夫人，是唯一掌派夫人。
Story/D_6_9_2_1_007,是，妾身得郎君专宠，不胜欢喜。
Story/D_6_9_2_1_008,夫人要与我喝一杯吗？
Story/D_6_9_2_1_009,妾身酒力不行，唯恐酒后失态，恕不能奉陪，还请郎君体恤。
Story/O_6_9_2_1_001,体谅，不强迫
Story/D_6_9_2_1_010,那我只好独酌。
Story/D_6_9_2_1_011,妾身在旁陪侍，为郎君斟酒。
Story/D_6_9_2_1_012,让魏才女斟酒，不知是几世才有的福气，我怕消受不住。
Story/D_6_9_2_1_013,郎君要是觉得福气，就不该推辞。
Story/D_6_9_2_1_014,赵某人何德何能，让名满天下的魏才女为我斟酒。
Story/D_6_9_2_1_015,郎君是崆峒掌派人，这如何不是妾身的荣幸。
Story/N_6_9_2_1_001,小菊霞姿月韵，非止容貌出众，举手投足间尽显端方，\n幽香扑鼻，颇有古云林下风气，清雅而脱俗。\n便是不言不语，一样难掩大家闺秀的气质。
Story/T_6_9_2_1_001,要是作梦，真希望不要醒啊。\n要是醒来发现是我喝醉了才发的梦，我八成当场会害疯。
Story/T_6_9_2_1_002,小菊是发自内在的美，和其他女子都不太一样。\n彷佛只可远观不可亵玩，让人不由得又敬又爱。
Story/D_6_9_2_1_016,赵郎，小酌遣怀则可，大饮伤身误事。\n唐门弟妹以郎君为长，当悉身重，一损俱损，不得不慎。
Story/D_6_9_2_1_017,再、再一杯？
Story/D_6_9_2_1_018,一壶酒罄接一壶，纵使喝到醉倒路旁，还是满腹愁肠，\n诸般滋味在其中，半分不会少。
Story/D_6_9_2_1_019,真严格啊。
Story/D_6_9_2_1_020,说得对，本来喝酒便是为了遣怀、忘忧。\n有贤妻作伴，我还有什么好值得惆怅呢。
Story/D_6_9_2_1_021,我们回房睡吧。
Story/D_6_9_2_1_022,好……。
Story/D_6_9_2_1_023,妾身还未过门，可不会与郎君同房喔。\n我、我回房去了。
Story/D_6_9_2_1_024,呿，没拐到。
Story/D_6_9_2_1_025,我送你回房。
Story/D_6_9_2_1_026,就几步路的功夫，哪里还要劳烦相送。
Story/O_6_9_2_1_002,小酌宜情，喝一点点没关系啦（劝酒）
Story/D_6_9_2_1_027,既然郎君执意如此，那、那妾身只好舍命陪君子……。
Story/D_6_9_2_1_028,喝点小酒遣怀，哪用得着舍命。
Story/N_6_9_2_1_002,你从她手里接过酒壶，为她满上一杯。
Story/D_6_9_2_1_029,对酒当歌，人生几何？譬如朝露，去日苦多。\n慨当以慷，忧思难忘。何以解忧？唯有杜康。干了。
Story/D_6_9_2_1_030,是，干了。
Story/N_6_9_2_1_003,一壶酒见罄，又买一壶。\n小菊起初不从，半推半就给你劝了几杯，便越来越老实了。
Story/D_6_9_2_1_031,……。
Story/D_6_9_2_1_032,此刻你感觉如何？
Story/D_6_9_2_1_033,小妹不胜酒力，兴许是醉了。
Story/D_6_9_2_1_034,看你眼睛快睁不开的样子，想睡了吗？
Story/D_6_9_2_1_035,不想，醉酒当歌，想作诗、写字。
Story/D_6_9_2_1_036,要我给你拿纸笔来吗？
Story/D_6_9_2_1_037,不能。升平能歌舞，乱世不作诗，小妹发过誓的。\n赵郎，你不可这样引诱我。
Story/D_6_9_2_1_038,是你在引诱我才对吧，嘻嘻。
Story/D_6_9_2_1_039,我哪有引诱你。
Story/D_6_9_2_1_040,赵郎，妾身有件事情瞒着你，如今企图藉酒装疯向你坦承。
Story/D_6_9_2_1_041,何事？
Story/D_6_9_2_1_042,……按《宋刑统・户婚律》规定，男年十五，女年十三以上，可听婚嫁。
Story/D_6_9_2_1_043,妾身命运乖舛，几番颠沛流离。\n其实今年二十有三，已过了适婚芳龄，说、说不定年纪比郎君还要大。\n换作别家，这年纪都不知是几个娃儿的娘亲，啊……啊呜。
Story/D_6_9_2_1_044,真看不出来。
Story/D_6_9_2_1_045,我少时无知，心高气傲、挑挑捡捡，蹉跎了大好青春，\n又在崆峒派虚度数年，实话说，也到了着急终生的岁数。\n天可怜见，令小女子绕树三匝，终于有枝可依。
Story/D_6_9_2_1_046,是我高攀了魏才女才对。
Story/D_6_9_2_1_047,妾身在临安一时名贵，在江湖却是无足轻重之人。\n掌派人舍三姝择我，实在受宠若惊，说不出的欢喜。
Story/D_6_9_2_1_048,就算只是一时心血来潮，起码当时赵郎心上只我一人。\n念此已足教妾身感念终生。
Story/D_6_9_2_1_049,我以后也不会亏带你啊。
Story/D_6_9_2_1_050,是，小女子恪守妇道，绝不善妒猜忌。\n郎君无论心上是谁，妾身都会当作自家姊妹，和睦相处。
Story/D_6_9_2_1_051,愿我郎君心胸宽广，莫因妾身岁大遭嫌，我、我回房了。
Story/T_6_9_2_1_003,我的心思原来瞒不过小菊。\n虽然她这么说，不过我怎么听着就心慌慌的呢。
Story/D_6_9_2_1_052,这是命数里注定的天赐良缘吗？\n夫苍天以书授我以礼，以人授我以深，以饥授我以苦。\n跌跌撞撞至今无一事成全。
Story/D_6_9_2_1_053,我自云端跌落凡尘，一身尘土，方知踏实可贵，始得看清人间。\n学贵明志贵实践，不以矫饰辞藻为贤。\n至于金玉其外，附庸风雅之辈，更是面目可厌。
Story/D_6_9_2_1_054,唯我夫郎，灼灼耀目，不缁在涅。\n其晖皮相不能掩，在天可辉映日月，在地堪后世照鉴，在朝须史书厚写，\n在野亦是明灯，千秋不灭！
Story/D_6_9_2_1_055,这、这也太夸我了！你这样乱夸，我、我是会飞天的。
Story/D_6_9_2_1_056,郎君逆流奋发而上，如今鲤跃龙门，当上了崆峒掌派人。\n如何化不得龙、飞不上天呢？只盼你叱咤风云之际，也不忘糟糠……。
Story/D_6_9_2_1_057,小菊？……醉倒了啊。
Story/T_6_9_2_1_004,反正是我妻子了，抱回房里一起睡也没关系……吧？
Story/O_6_9_2_1_003,抱回自己房间
Story/O_6_9_2_1_004,解锁条件：［道德］为［坏人］以下
Story/D_6_9_2_1_058,嘿嘿，嘿嘿……。
Story/N_6_9_2_1_004,你正想动手去搬，小菊就醒了。
Story/D_6_9_2_1_059,赵郎。
Story/D_6_9_2_1_060,吓我一跳！
Story/D_6_9_2_1_061,我倦了，实在挨不住，请容妾身告退。
Story/D_6_9_2_1_062,你、你自己能走？可别逞强。\n万一夜半不好受，总要有人给你倒水伺候吧。\n不如我们……？
Story/D_6_9_2_1_063,妾身是崆峒第一掌派夫人，周身上下都属于掌派人，\n铁琵琶功内力，也迟早要让渡给赵郎。\n只是礼不可废，野合非礼，我敬郎君如宾，愿郎君待我亦如是。
Story/D_6_9_2_1_064,还道把她灌醉了多少有机可趁，魏掌门还真是防得滴水不漏。
Story/O_6_9_2_1_005,抱回她房间
Story/D_6_9_2_1_065,嘿咻。
Story/N_6_9_2_1_005,你将柔弱无骨的小菊娇躯打横抱起，送回她的房间。
Story/D_6_9_2_1_066,……。
Story/D_6_9_2_1_067,碰不得，亲一下总行吧。
Story/N_6_9_2_1_006,不忘替她把被子盖好，手炉放桌上，才推门回去歇息。
Story/D_6_9_2_1_068,赵郎竟敢对我使坏……不过为何是亲额头啊。
Story/O_6_9_2_1_006,召唤师妹帮扶
Story/O_6_9_2_1_007,解锁条件：［处世］为［知礼］以下
Story/N_6_9_2_1_007,你照看着小菊不能走动，亦不敢唐突抱她。\n捻几粒瓜子当暗器，弹指敲门，叫来同门师妹，请她们代为护送。
Story/D_6_9_2_2_001,菜上来了，客官，您自便吧。\n耽搁这许多时候，家里婆娘要掀屋顶了，我得跑着回去。
Story/D_6_9_2_2_002,多谢。
Story/N_6_9_2_2_001,你自斟自酌，击股低唱故乡歌。\n酒入愁肠，悲从中来，声渐低哑，万籁俱寂。\n彷佛天地之间只剩你孤身一人，既醒着，又不算清醒。
Story/O_6_9_2_Break_01_001,叫一桶水洗澡
Story/D_6_9_2_Break_01_001,承惠二百钱。
Story/D_6_9_2_Break_01_002,什么？你们这儿的水还真贵。
Story/D_6_9_2_Break_01_003,这是从洞庭特意挑来烧开的湖水，又洒了鲜花瓣，自然要贵一点。
Story/D_6_9_2_Break_01_004,没法子，连饭钱一起记账上，回头一起结。
Story/D_6_9_2_Break_01_005,好咧。
Story/D_6_9_2_Break_01_006,哈啊……终于缓过来了。
Story/N_6_9_2_Break_01_001,你浸泡在温热的水中，此际迟暮斜阳射入窗中，空中浮尘清晰可见。\n洗不去心上尘埃，倦得阖眼就能睡着。
Story/D_6_9_2_Break_01_007,阿活～吃饭了喔？
Story/D_6_9_2_Break_01_008,是小梅吗？等等，我正泡澡，你先吃吧。
Story/D_6_9_2_Break_01_009,哦呵呵，妙哉，我听说有人在洗澡？
Story/D_6_9_2_Break_01_010,什……我不是锁上门了吗！
Story/D_6_9_2_Break_01_011,那种木门栓用一根头发就能撬开喔。
Story/D_6_9_2_Break_01_012,你想怎样？我都说了我在泡澡啊！我现在没穿衣服啊！
Story/D_6_9_2_Break_01_013,我知道啊，不然我进来干嘛。
Story/D_6_9_2_Break_01_014,干嘛，你要干嘛！快住手！你跳进来干嘛！
Story/D_6_9_2_Break_01_015,哇哈哈哈～鸳鸯戏水！
Story/N_6_9_2_Break_01_002,小梅整理好了衣服，重新扎上马尾。
Story/D_6_9_2_Break_01_016,好啦。
Story/D_6_9_2_Break_01_017,真是的，跟你开个玩笑而已，干嘛挣扎成这样？\n闹到浴桶都散架了，水流一地，这下要赔钱了。
Story/D_6_9_2_Break_01_018,还不是你搞的鬼。
Story/D_6_9_2_Break_01_019,你一个大男人还怕人看？别说我们是夫妻，再说你也没啥好看的。
Story/D_6_9_2_Break_01_020,就算是我也有羞耻心的好吧。
Story/D_6_9_2_Break_01_021,是、是这样没错……倒也不是不好，就是那啥……。
Story/D_6_9_2_Break_01_022,受宠若惊。
Story/D_6_9_2_Break_01_023,唔哇恶心，虽然是本梅先逗你玩的，不过你的脸好恶心。
Story/D_6_9_2_Break_01_024,哇哈哈哈！
Story/D_6_9_2_Break_01_025,……阿活，玩笑归玩笑，本梅语重心长和你说几句真心话。
Story/D_6_9_2_Break_01_026,好，你难得这么严肃。
Story/D_6_9_2_Break_01_027,你是崆峒掌派人，只要一声令下，小梅随时可以荐枕。
Story/D_6_9_2_Break_01_028,还以为你要说啥，又来了。
Story/D_6_9_2_Break_01_029,我倒是想啊！你别老是戏弄我又跑开。
Story/D_6_9_2_Break_01_030,啊哈哈，我、我会害羞嘛～都不体谅人家！
Story/D_6_9_2_Break_01_031,……然而我这次是认真的喔？你也看到了，江湖就是这样。\n转眼好好的人就没了，没什么是天长地久的事，传宗接代也很重要。
Story/D_6_9_2_Break_01_032,我除了姑姑以外，就没有别的家人了，一直都很孤单。\n要是连你都离我而去，我一定会发疯的。
Story/D_6_9_2_Break_01_033,我在世上没有别的家人了，一直都很孤单。\n要是连你都离我而去，我一定会发疯的。
Story/D_6_9_2_Break_01_034,……。
Story/D_6_9_2_Break_01_035,我想要新的家人，不是也情有可原吗？\n所以回到唐门以后，希望可以请三师兄查一下黄道吉日，尽早完婚。\n到时小梅天天替阿活暖床，责无旁贷。
Story/D_6_9_2_Break_01_036,就、就这样，妾身告退，哇哈哈哈～
Story/O_6_9_2_Break_01_002,下楼喝酒
Story/D_6_9_2_Break_01_037,小二，有啥吃的，相烦张罗一些，再上酒来。
Story/D_6_9_2_Break_01_038,客官，小店这都要关门打烊了，您这才下楼吃饭。
Story/D_6_9_2_Break_01_039,一边泡澡一边想事，泡得皮都皱了。
Story/D_6_9_2_Break_01_040,难怪，我就觉得怎会有人长这么皱，原来是泡澡泡的。
Story/T_6_9_2_Break_01_001,你打水来时不就见过我？这是故意损我来着。
Story/D_6_9_2_Break_01_041,小二，拿些酒菜来。菜随意，酒要好酒。
Story/D_6_9_2_Break_01_042,客官，小店这都要关门打烊了，您这才下楼吃饭。
Story/D_6_9_2_Break_01_043,再晚一步，我就逮不着你，得饿肚子了。
Story/D_6_9_2_Break_01_044,行吧，不过厨子回家了，你要不嫌弃，我随意弄点，\n反正我也还饿着没吃，要打小菜回家喂我婆娘。
Story/O_6_9_2_Break_01_003,额外的打赏
Story/O_6_9_2_Break_01_004,解锁条件：银两>100
Story/D_6_9_2_Break_01_045,那便有劳了。不是你的工作还劳烦你，兄弟过意不去。\n这点小钱还请笑纳，当作晚茶钱。
Story/D_6_9_2_Break_01_046,大侠太客气了，那好，收了你钱，我可得把菜弄精致点。
Story/O_6_9_2_Break_01_005,好，那就有劳了
Story/D_6_9_2_Break_01_047,甭客气，坐会儿。
Story/D_6_9_2_Break_01_048,先给您上酒，还有一碟瓜子，且悠着点喝。\n没有下酒菜，喝酒要辣肚子。
Story/N_6_9_2_Break_01_003,你斟了一杯酒，仰头便干。\n哪管辣不辣肚，这酒再辛，能比人生要苦？
Story/O_6_9_2_Break_01_006,一觉睡到天亮
Story/D_6_9_2_Break_01_049,……实在是累坏了，这就睡吧。\n远离风雨山，远离喧嚣。\n等我们回到唐门……日子就会慢慢变好，像从前风平浪静。
Story/N_6_9_2_Break_01_004,你委实累坏了，饭也没吃，一身尘土，沾上枕头就像死了似的沉沉睡去。
Story/N_6_9_2_Break_01_005,依稀听见锦香宫人无罪的泣声，风雨山上武林群侠的怒鸣。\n你瞻前顾后，左右为难，煎熬又彷徨，害怕下错决定，拖累师门。
Story/N_6_9_2_Break_01_006,越梦越深，你又回到了从前，所有人都还在，天塌下来有人顶着，\n没什么事需要你操心，只顾管好自己，成日作你不切实际的大侠梦。\n如今成为大侠的你，舍不得醒来，还是流泪到醒。
Story/D_6_9_2_Break_01_050,啊啊……眨个眼就天黑了，几更天了？
Story/D_6_9_2_Break_01_051,师兄。
Story/D_6_9_2_Break_01_052,小小小师妹！你怎会在我床榻上！
Story/D_6_9_2_Break_01_053,啊。
Story/D_6_9_2_Break_01_054,我饿了，来喊你吃饭。
Story/D_6_9_2_Break_01_055,然后？
Story/D_6_9_2_Break_01_056,见你在睡，想走，又听见你唤我，就等了一下，然后就睡着了。
Story/D_6_9_2_Break_01_057,是、是吗。
Story/D_6_9_2_Break_01_058,也对，这一趟出来发生这么多事，你也累坏了吧。
Story/D_6_9_2_Break_01_059,嗯，我想家了。
Story/D_6_9_2_Break_01_060,这不算是我非礼你喔，是你是自己送上门来的。\n硬要说的话，是你非礼我。
Story/D_6_9_2_Break_01_061,哪有。
Story/D_6_9_2_Break_01_062,你为什么哭了，作梦了吗？
Story/D_6_9_2_Break_01_063,啊……是啊，我时常梦到从前。
Story/D_6_9_2_Break_01_064,我也是。
Story/D_6_9_2_Break_01_065,从前觉得没什么大不了的日子，现在都让人缅怀。
Story/D_6_9_2_Break_01_066,是啊……。
Story/D_6_9_2_Break_01_067,我也在。
Story/D_6_9_2_Break_01_068,我们一定不能变成像南宫世伯和温夫人那样。
Story/D_6_9_2_Break_01_069,好，我会紧紧抓牢你，你所珍视的家园，也由我来保护。
Story/D_6_9_2_Break_01_070,拍拍。师兄辛苦了。
Story/D_6_9_2_Break_01_071,是啊……这担子对我而言实在太重了。\n我毕竟只是一个凡人而已，不像大师兄、二师兄那样，什么事都办得到。
Story/D_6_9_2_Break_01_072,不哭，拍拍。
Story/D_6_9_2_Break_01_073,还没哭呢。
Story/D_6_9_2_Break_01_074,我们可不可以也退隐江湖呢？
Story/D_6_9_2_Break_01_075,那样好像也不坏。退隐之后要作什么？
Story/D_6_9_2_Break_01_076,……不知道，作什么好呢？
Story/O_6_9_2_Break_01_007,当山贼
Story/O_6_9_2_Break_01_011,解锁条件：［道德］为［坏人］以下
Story/D_6_9_2_Break_01_077,当山贼如何？你就是我压寨夫人。
Story/D_6_9_2_Break_01_078,不太好，我想当好人。
Story/D_6_9_2_Break_01_079,可我是坏人啊。
Story/D_6_9_2_Break_01_080,那你可以不要那么坏。
Story/D_6_9_2_Break_01_081,看来我要给你管得死死，不能作奸犯科了。
Story/D_6_9_2_Break_01_082,当然。
Story/O_6_9_2_Break_01_008,开店
Story/D_6_9_2_Break_01_083,开纸铺怎么样，我来造纸，你可以公器私用，折纸折到手软。
Story/D_6_9_2_Break_01_084,这么好？
Story/D_6_9_2_Break_01_085,要不然开烤鱼铺也好，你一样可以公器私用，从早吃到晚。
Story/D_6_9_2_Break_01_086,……。
Story/D_6_9_2_Break_01_087,我真的觉得，上天待我很好。
Story/D_6_9_2_Break_01_088,这话应该是我来说。
Story/D_6_9_2_Break_01_089,夜已深，也不知店家睡了没，得整点吃的果腹才好睡。
Story/D_6_9_2_Break_01_090,我有半颗肉包子，给你。
Story/D_6_9_2_Break_01_091,为何是半颗？
Story/D_6_9_2_Break_01_092,我吃一半就拿着睡着了。
Story/D_6_9_2_Break_01_093,太可爱了吧。
Story/D_6_9_2_Break_01_094,啊啊……眨个眼就天黑了，几更天了？
Story/D_6_9_2_Break_01_095,唔……我哪知道，反正天黑了又不能干麻，只管睡吧。
Story/D_6_9_2_Break_01_096,说得也是……。
Story/D_6_9_2_Break_01_097,吵什么吵，吵吵吵，还让不让人睡？臭哥哥！
Story/D_6_9_2_Break_01_098,明明是你自己叫我的，睡着的时候。\n我本来想趁你睡着，在你裤子上浇茶，让你醒来以为自己尿床。\n过几天再用这件秘密要挟你给我买东西。
Story/D_6_9_2_Break_01_099,过份！有够无良！这不是勒索吗！
Story/D_6_9_2_Break_01_100,谁让我生得好看呢，可爱就可以为所欲为，你不知道吗？\n认命吧～你的积蓄就是存来给我花用的！
Story/D_6_9_2_Break_01_101,太坏了吧，连我都甘拜下风！
Story/D_6_9_2_Break_01_102,那有什么，你那都小打小闹，你最好对妹妹我尊敬一点。\n要不然我让你吃不了兜着走～
Story/D_6_9_2_Break_01_103,你哥呢？怎没盯着你？
Story/D_6_9_2_Break_01_104,他说是要暗中回去风雨山，观察武林大会后续。\n怕我们走后，又有人居心叵测。
Story/D_6_9_2_Break_01_105,太谨慎了吧。
Story/D_6_9_2_Break_01_106,他就是这样，没辙。
Story/D_6_9_2_Break_01_107,其实我也担心，但要带着同门师弟妹，没法子脱身。
Story/D_6_9_2_Break_01_108,少来～一到客栈就睡死的家伙，就知道动嘴皮子。
Story/D_6_9_2_Break_01_109,哥哥你就别管我哥哥了，你已经够辛苦了。\n大家都知道，连我都有点不忍心。
Story/D_6_9_2_Break_01_110,……难道是寂寞了吗？
Story/D_6_9_2_Break_01_111,哎呀，被发现了。
Story/D_6_9_2_Break_01_112,我哥哥走了，把我扔给你，都没想你要是变心，我该怎么办？\n我又没有娘家当靠山，还不给你欺负到上吊。
Story/D_6_9_2_Break_01_113,你不欺负我，赵某就谢天谢地了，谁敢欺负你。
Story/D_6_9_2_Break_01_114,那你不用谢天谢地，因为祂们是无法阻止我的。\n裳儿我一生一世专门蹂躏你，定要让你又爱又恨。\n捧在掌心怕化，捉紧了又溜开，八十岁了你还得讨好我。
Story/D_6_9_2_Break_01_115,我的小祖宗啊。
Story/D_6_9_2_Break_01_116,我们各司其职，你负责一肩扛起重担，保护家人朋友，\n然后你妹我专门负责给你添堵。
Story/D_6_9_2_Break_01_117,可以不要吗，我的人生已经够难了。
Story/D_6_9_2_Break_01_118,不行的说。\n轻而易举就达到人生颠峰，那沿途风景不就变得廉价了吗？\n越难的高峰越值得挑战，凭着努力去征服，成就感才高呀。
Story/D_6_9_2_Break_01_119,我也不是不近人情，偶尔会给你一点奖励的。\n比如这样。
Story/D_6_9_2_Break_01_120,我的奖励就是挨撞吗？
Story/D_6_9_2_Break_01_121,什么啊，有美人投怀送抱，你还不知足。\n得意忘形了是吧！
Story/D_6_9_2_Break_01_122,岂敢。
Story/D_6_9_2_Break_01_123,我看你没有反省的意思喔，到床边坐着，我要说教。
Story/D_6_9_2_Break_01_124,饶了我吧。
Story/D_6_9_2_Break_01_125,……！
Story/D_6_9_2_Break_01_126,哥哥乖，你表现得很好喔。\n如果不是你，也许大家都没办法活着下山。\n虽然我一直闹你，但是心里很崇拜你，我猜大家都一样。
Story/D_6_9_2_Break_01_127,要是走不动了，就把肩上担子放下，我们远走高飞，退隐江湖吧？\n我会等你，等你挥霍完青春，死心为止，然后就该你把余生陪我了。\n我有好多想去的地方，自己去不了，你要负责带我去。
Story/D_6_9_2_Break_01_128,好……我们一言为定。
Story/D_6_9_2_Break_01_129,现在可以老实睡觉了吧？
Story/D_6_9_2_Break_01_130,可以。
Story/D_6_9_2_Break_01_131,那你去趴桌上睡，别占着床。
Story/D_6_9_2_Break_01_132,过份！这是我的房啊！
Story/D_6_9_2_Break_01_133,啊啊……眨个眼就天黑了，几更天了？
Story/D_6_9_2_Break_01_134,啊，抱歉，是我太大声，吵醒你了吗？\n现在三更天了……你怎么啦？
Story/D_6_9_2_Break_01_135,没事，只是做了恶梦，刚好让你看笑话了，这不算。
Story/D_6_9_2_Break_01_136,……傻子，什么不算？\n这和你胆不胆小无关，是你有责任感的证据啊。
Story/D_6_9_2_Break_01_137,做恶梦了。
Story/D_6_9_2_Break_01_138,……辛苦你了。
Story/D_6_9_2_Break_01_139,你来很久了？
Story/D_6_9_2_Break_01_140,……有一会儿了。
Story/N_6_9_2_Break_01_007,所谓一会儿大约是三个时辰。
Story/D_6_9_2_Break_01_141,我怕你醒来会饿，所以给你送饭，听见你梦中唤我，就留下来了。
Story/D_6_9_2_Break_01_142,饭菜用我做的温盘装着，这会儿多半还有点余温，我替你盛饭吧！
Story/D_6_9_2_Break_01_143,不忙，我还不饿。
Story/D_6_9_2_Break_01_144,……对不起呢，赵活。\n我明明是第一掌派夫人，可是什么也帮不上忙，太没用了。
Story/O_6_9_2_Break_01_009,就是说啊，你都不给点甜头安慰我
Story/D_6_9_2_Break_01_145,我、我就不习惯这种事啊，我又没说不行，\n你自己不主动一点的。
Story/O_6_9_2_Break_01_010,你在身边就很好了
Story/D_6_9_2_Break_01_146,这么容易满足吗？我比你贪心得多。
Story/D_6_9_2_Break_01_147,那啥，你……你要不要试着抱我一下？\n那、那啥，我们好歹是夫妻……对吧？\n对我太谨慎的话，我反而会不安的。
Story/D_6_9_2_Break_01_148,可以吗？我不是不想，是怕唐突了你。
Story/D_6_9_2_Break_01_149,可以，我允许了。
Story/D_6_9_2_Break_01_150,可以吗？我又不是不想占你便宜，是怕你生撕了我。
Story/D_6_9_2_Break_01_151,可以，我允许了，不会生撕你。
Story/D_6_9_2_Break_01_152,感觉怎么样……？太硬了吗？
Story/D_6_9_2_Break_01_153,香香的。
Story/D_6_9_2_Break_01_154,虽然穿成这样，但我是沐浴更衣才来的。
Story/D_6_9_2_Break_01_155,还带着铁锤。
Story/D_6_9_2_Break_01_156,吃饭的家伙不拿在手上我不安心啊。
Story/D_6_9_2_Break_01_157,好了，奖励时间结束。
Story/D_6_9_2_Break_01_158,还有限时哦？
Story/D_6_9_2_Break_01_159,我、我需要练习一下，慢慢适应。\n不然心脏好像要炸开了，脚也发软。\n你都半点不紧张吗？难道你抱过很多小娘子，已经很熟练了？
Story/D_6_9_2_Break_01_160,你看我面相，有那种福气吗？
Story/D_6_9_2_Break_01_161,那叫福气是吧？哼，哼。
Story/D_6_9_2_Break_01_162,哎唷，失言，娘子莫怪。
Story/D_6_9_2_Break_01_163,赵活，你什么时候娶我过门呢？
Story/D_6_9_2_Break_01_164,难道是等不及了吗？
Story/D_6_9_2_Break_01_165,嗯，实话说，是等不及了。
Story/D_6_9_2_Break_01_166,哦……居然是我被美人催婚，世事无奇不有。
Story/D_6_9_2_Break_01_167,武林大会发生的事，让我耿耿于怀。\n其实我从来不明白江湖有什么好，只觉得可怕，很难理解你们的想法。
Story/D_6_9_2_Break_01_168,每个人都有父有母，活到这么大、苦练武功都不容易吧？\n为了图名争一口气，随便就死了，有时一死一大票，还前仆后继的送命。\n在我看来真的是一件很奇怪、很疯狂的事。
Story/D_6_9_2_Break_01_169,呃……。
Story/D_6_9_2_Break_01_170,不、不过，如果那是你想做的事，我即便再不安也会支持你的……。
Story/D_6_9_2_Break_01_171,……也会做好守寡的觉悟。
Story/D_6_9_2_Break_01_172,喂喂……。
Story/D_6_9_2_Break_01_173,但是，希望你可以给我容身之处，在你身后，我才不会无家可归。\n我想要名份，想作你的妻子。
Story/D_6_9_2_Break_01_174,可、可以的话，也想要你的孩子，我会好好教养的。
Story/D_6_9_2_Break_01_175,我还没打算去死，别太早安排我的后事可以吗。
Story/D_6_9_2_Break_01_176,……赵郎，最好还是你能与我白头偕老。\n我们一起开一间铁铺、木工铺，别再打打杀杀了。
Story/D_6_9_2_Break_01_177,迟早有一天，就这么办吧。
Story/D_6_9_2_Break_01_178,……嗯！
Story/N_6_9_2_Break_01_008,小竹踮起脚尖，朝你脸颊上浅浅啄一下。
Story/D_6_9_2_Break_01_179,我的天……。
Story/D_6_9_2_Break_01_180,怎、怎么样～区区色诱，我只要努力一把也办得到！\n我走了你早点休息！
Story/D_6_9_2_Break_01_181,啊啊……眨个眼就天黑了，几更天了？
Story/N_6_9_2_Break_01_009,醒来不在弟子房，夜色清冷，无人搭理。
Story/D_6_9_2_Break_01_182,我也真是的，这么大年纪了，还哭哭啼啼。\n没法子，作梦的时候好像半点坚强不起来。
Story/N_6_9_2_Break_01_010,你又睡了回去，不久又入梦乡。
Story/D_7_0_1_001,可惜了，这回也没能渡过此劫啊。
Story/D_7_0_1_002,……你是谁？
Story/D_7_0_1_003,你希望的话，本宫便是仙人，能渡你远离尘世苦厄。\n离此喧嚣远去，不悲不喜，无爱无忧。\n如何？
Story/O_7_0_1_001,好，带我走吧。
Story/O_7_0_1_002,我在人间还有放不下的事
Story/D_7_0_1_004,此去苦难实多，非只崎岖而已，你依然愿意吗？
Story/O_7_0_1_003,那我还是放弃好了
Story/O_7_0_1_004,不论如何也要回去
Story/D_7_0_1_005,那便回去吧，去见证故事的结局，尽管挣扎无妨。\n总使遍地荆棘，你也会大步前行，对吗？
Story/D_7_0_1_006,那便回去吧，去见证故事的结局，尽管挣扎无妨。\n虽说人生如梦，所有过去都不过一纸书页，\n但你还有未竟之业，不是吗？
Story/D_7_0_1_007,这一次也无缘与君执手，所幸妾身无它，耐心尚佳。\n总使遍地荆棘，你也会大步前行，对吗？
Story/D_7_0_1_008,我等你来。
Story/D_7_0_2_001,这一次，你的旅途到此为止，如果真有轮回的话，\n请让本宫见证，下一趟你能走多远吧。
Story/D_7_0_2_002,这便睡吧，别再醒了，本宫来作你梦乡的守人。\n愿你得以超脱尘世的辛苦，愿你好梦安息，晚安，赵君。
Story/D_7_0_2_003,一路坎坷，辛苦了。
Story/D_7_0_2_004,这一次，你的旅途到此为止，如果真有轮回的话，\n请让本宫见证，下一趟你能走多远吧。
Story/D_7_0_2_005,这便安息吧，本宫来作你梦乡的守人。\n愿你得以超脱尘世的辛苦，愿你好梦安息，晚安，赵君。
Story/D_7_1_1_005,这里是哪儿？我是谁？
Story/D_7_1_1_006,师弟，你可醒啦！
Story/D_7_1_1_007,四师兄？
Story/D_7_1_1_008,这儿有盆水，你照照，水中的丑人你可认得？
Story/D_7_1_1_009,……是我。
Story/D_7_1_1_010,认得就好，烂货。\n喏，人没死，我要下山了，诊费现结，没得商量。
Story/D_7_1_1_011,啊这个……李大夫，这个诊费嘛……。
Story/D_7_1_1_012,现结，没得商量。
Story/D_7_1_1_013,师兄，你可醒了，你睡了三天三夜呢。
Story/D_7_1_1_014,真的假的？……话说，各位师兄是谁？好似从没见过你们。
Story/D_7_1_1_015,你当真？先别开玩笑了师兄。
Story/D_7_1_1_016,啊，我先去跟代掌门禀报，你醒了他一定好生欢喜。
Story/D_7_1_1_017,咦？不必了吧，我区区的外姓弟子，\n三天两头就累晕一次，从来没敢劳烦掌门担忧啊。
Story/D_7_1_1_018,外姓弟子……是什么玩意？
Story/D_7_1_1_019,{size=24}师兄他怪怪的，快去把李大夫请回来。{/size}
Story/D_7_1_1_020,不用不用，与其去找大夫、找掌门，\n倒不如哪个好心人去劝小师妹过来探一探我，我立马就没毛病了。
Story/D_7_1_1_021,……。
Story/D_7_1_1_022,快，快去请李大夫，就说师兄已疯了。
Story/D_7_1_1_023,师兄，你忘啦？小师妹早已出嫁啦。
Story/D_7_1_1_024,－－啊。
Story/T_7_1_1_001,对了，我这是睡昏头了吧，浑浑噩噩的。\n小师妹已经嫁了……是啊，已嫁了很久。\n那日在正心堂，掌门说要将小师妹许配给大师兄，简直就像昨天的事一样。
Story/D_7_1_1_025,你也该放下了，反正都是你一厢情愿。\n小师妹嫁得好，你不为她称庆吗？
Story/D_7_1_1_026,是啊，她嫁给大师兄，没有更好的了。
Story/D_7_1_1_027,师兄，你在胡说什么啊，大师兄早已过世了。
Story/D_7_1_1_028,啥！你、你说啥？
Story/D_7_1_1_029,请镇定点，师兄。\n你身负重伤，太过激动的话，说不定伤口又要裂开了。
Story/D_7_1_1_030,见过代掌门！
Story/D_7_1_1_031,{size=24}你们先出去吧。{/size}
Story/D_7_1_1_032,代掌门？三师兄，你、你成了掌门？\n我记得昨天你才说不想当掌门－－唔。
Story/D_7_1_1_033,师弟，那已经是两年前的事了，你睡昏头了吗？
Story/D_7_1_1_034,两年前？你不是在耍我吧？
Story/D_7_1_1_035,……师弟，咱们很久没切磋了，要不要去练功场走几招？
Story/D_7_1_1_036,现在不是做这种事情的时候吧！
Story/D_7_1_1_037,不，正是因为现在的情况，才必须做这种事，走吧。
Story/D_7_1_1_038,三师兄，就算你要指点我功夫，光天化日在练武场会否太招摇了些？\n毕竟你知道，外姓弟子是不许真传的。
Story/D_7_1_1_039,无妨，无妨，权当活动筋骨，来吧。
Story/D_7_1_2_001,看来师弟你还没完全恢复，没办法，循序渐进的复健吧。
Story/D_7_1_2_002,三师兄，就算是喂招，你也放水过头了吧。
Story/D_7_1_2_003,呵，我可没让你。
Story/D_7_1_2_004,活动了一下，舒活血气，感觉脑子轻快不少吧。
Story/D_7_1_2_005,……。
Story/D_7_1_2_006,嗯，是啊－－我都想起来了。
Story/D_7_1_2_007,大师兄、二师兄都已经不在了。
Story/D_7_1_2_008,掌门瘫痪卧病在床，三师兄临危受命成为代掌门。
Story/D_7_1_2_009,小师妹嫁给了一位声名鹊起的少年英雄。\n她大喜之日，我躲在棉被里哭得像个娘们似的。
Story/D_7_1_2_010,我都记得，只是恍恍惚惚的，好像是梦一样不真切，\n像在读别人的故事，彷佛从今日起，才开始接手别人走过的人生一样。
Story/D_7_1_2_011,……你日前代本门出战崆峒派金乌上人，险胜一手，\n却也被他以独门兵器烈阳锤重创脑门，乍看并无大碍，\n他的真气却窜入你体内，使你终日昏昏沉沉，如梦如醉。
Story/D_7_1_2_012,有一日你饭后不久便睡了，我只道你倦了，岂料你一觉便睡了三日三夜。
Story/D_7_1_2_013,金乌上人？崆峒派那位？\n我竟然打得赢他，简直离奇。
Story/D_7_1_2_014,可别说这种丧气话给师弟妹们听见。\n你早已不是从前的外姓弟子，唐门没教会你功夫，你却自有奇遇。\n如今你已是本门栋梁之材了。
Story/D_7_1_2_015,听起来真像笑话，这分明是我从前每日幻想的情节。\n我还是外姓弟子时，成日幻想自己有朝一日能出人头地，武功高强。\n但是眨了个眼，瞬间来到今日，我却一点也不快乐。
Story/D_7_1_2_016,师弟，那么你还记得武林盟吗？\n记得本门正面临什么样的威胁吗？
Story/D_7_1_2_017,武林盟……嗯，我记得，他们是正道武林五派三宫二大帮的联盟。\n一经成立，便雷厉风行，扫荡各地魔教分舵。\n去年歼灭了魔教支派阴曹，而今……。
Story/D_7_1_2_018,正蓄势待发，准备一举歼灭唐门。
Story/D_7_1_2_019,正是。
Story/D_7_1_2_020,武林大会以后，我们便彻底被当成魔教支派了。\n跳进黄河也洗不清，完全不由分说。
Story/D_7_1_2_021,是啊，纵使最初这梁子起于误会，但本门错过了自清的时机，\n此间杀伤好人无数，与各派结下不解深仇，我们早已不冤枉了。
Story/D_7_1_2_022,幸好小师妹嫁出去了，总算保得性命，不至于白白断送在此。
Story/D_7_1_2_023,你能这样想，当然很好。
Story/D_7_1_2_024,唉，我只是自欺欺人罢了，不然还能怎么样呢？
Story/D_7_1_2_025,－－师弟。
Story/D_7_1_2_026,干嘛？
Story/D_7_1_2_027,我有一言，不以代掌门的身份，而是以三师兄的身份对你说。
Story/D_7_1_2_028,……可别劝我下山隐姓埋名，苟且偷生喔。
Story/D_7_1_2_029,你所倾慕的人已经不在这啦。\n你从前不是老说要是唐门没有小师妹，你片刻也不愿多留吗？
Story/D_7_1_2_030,那是从前，谁让你们不把外姓弟子当人看，成日使唤我。\n那三师兄你又为何不走呢？
Story/D_7_1_2_031,尽人事，听天命。掌门旧日不是常说吗？\n侠者，不受名利所牵，但求俯仰无愧。\n即便我们已看见终点，也要挺起胸膛把这趟路走完。
Story/D_7_1_2_032,无须多言，我奉陪到底便是。
Story/D_7_1_2_033,好。
Story/N_Chess01_101_001,你今日对手是一名年轻气盛的小伙子，意气用事，棋力肤浅。\n你与他厮杀得难分难解，最终惜败，相识一笑，握手互生相敬之意。
Story/N_Chess01_102_001,你今日对手是一名深谙棋弈的老手，他为了出风头，不急于求胜，\n而是存心戏弄，令你苦苦求活，尝尽绝望的滋味才取你性命。
Story/N_Chess01_301_001,你今日对手是一名年轻气盛的小伙子，意气用事，棋力肤浅。\n你与他厮杀得难分难解，最终险胜一手。
Story/N_Chess02_101_001,你今日对手是一名深谙棋弈的老手，你也不是好相与的。\n与他周旋到头，略逊一筹，但他却赢得心力交瘁，半点也不光彩。\n反观你若有所悟，印证到武学之上，武功又高了一分。
Story/N_Chess02_301_001,你今日对手是一名年轻气盛的小伙子，意气用事，棋力肤浅。\n你不费吹灰之力便打发了他，他悻悻而去，不忘指着你的脸骂几句泄愤。
Story/N_Chess02_302_001,你今日对手是一名深谙棋弈的老手，他为了出风头，不急于求胜，\n而是存心戏弄，反被你捉住破绽，一阵穷追猛打，胜出此局。
Story/N_Chess03_101_001,你今日对手是一名年轻气盛的小伙子，意气用事，棋力肤浅。\n你有如摧枯拉朽般将他蹂躏了一番，彻底击溃，他哭着回家了。
Story/N_Chess03_301_001,你今日对手是一名深谙棋弈的老手，\n尽管他严阵以待，依然非你敌手，被你利落击败，围观之人，尽皆喝采。
Story/O_Door_001_001,闹市
Story/O_Door_001_002,外堡
Story/O_Door_001_003,茶肆
Story/O_Door_001_004,药铺
Story/O_Door_001_008,温泉
Story/O_Door_001_009,义田
Story/O_Door_001_005,行商
Story/O_Door_001_007,邀请夏侯兰
Story/N_Door_Free_001_001,你四处走走逛逛，虽然阮囊羞涩，花不起钱，可是下山走走看看，也是舒心。
Story/N_Door_Free_101_001,看街头卖艺看出了神，回过神来的时候才发现包袱被人割破了一个洞，\n虽然里面没钱，却有唐门毒药，希望不要被人滥用才好。
Story/N_Door_Free_102_001,碰上了忙碌工作中的飞石帮众，故意朝你撞过来寻衅。
Story/O_Door_Free_102_001,怎样想怎样打架啊
Story/N_Door_Free_102_002,你被撞个正着，还没发火，对方已经先声夺人，一通乱骂，朝你丢石头。
Story/O_Door_Free_102_002,回避
Story/N_Door_Free_102_003,你一个旋身回避，飞石帮众便把肩头碰墙上，当场骨折哭了出来。
Story/N_Door_Free_102_01_001,你被打了一顿，抢光身上钱财，警告你不能告诉别人，才放你归去。
Story/O_Door_Free_102_01_001,我放了你，你可得念着今日恩情
Story/N_Door_Free_102_01_002,你放了人，那人前一刻还千恩万谢，待走得远了认定你追不上，\n又破口大骂，骂完拔腿就跑。\n虽然嘴上不饶人，心底还是有点儿感激你的。
Story/O_Door_Free_102_01_002,你今日工钱归我了
Story/N_Door_Free_102_01_003,你抢了他的钱，一脚将人踢到街上。\n他丢尽脸面，爬起来灰溜溜的跑了。
Story/O_Door_Free_102_01_003,想撞人就要付出代价，乱刀捅死
Story/N_Door_Free_102_01_004,你丧心病狂，几刀子把人给捅死，血抹在尸首衣物上，扬长而去。
Story/N_Door_Free_103_001,不认识的锦香宫女弟子见了你，花容失色，一句人话也没说便拔剑刺来！
Story/O_Door_Free_103_01_001,冷静点，姑娘！
Story/N_Door_Free_103_01_001,经过受害者一番好言相劝，加害者终于意识到你是个活人。\n连忙鞠躬赔礼道歉，掩面惭愧而去。
Story/O_Door_Free_103_01_002,臭娘们，你是不是想跟我成亲！
Story/N_Door_Free_103_01_002,吓十分有效，那位锦香宫女弟子闻言嚎啕大哭，差点横剑自刎。\n经此一事，再也不敢轻易对人拔剑相向。
Story/O_Door_Free_103_01_003,无情杀害
Story/N_Door_Free_103_01_003,你就是对小娘子，亦毫不手软。\n但凡是主动欺上门来索战的，便得做好心理准备挨你刀子，生死无尤。
Story/N_Door_Free_104_001,你路过胸口碎大石的卖艺人身边，忽然被拉住，冤你看戏不给钱。
Story/O_Door_Free_104_001,他也是辛苦人，给钱当作善事
Story/N_Door_Free_104_002,你给钱了事，那人得了钱财，便不跟你纠缠了。
Story/O_Door_Free_104_002,我给你双倍钱，你让我拿锤子碎一次大石
Story/N_Door_Free_104_003,那江湖武师闻言大怒，挥拳向你袭击过来！
Story/N_Door_Free_104_01_001,你敬酒不吃吃罚酒，被强收了两倍的赏钱。
Story/O_Door_Free_104_01_001,得饶人处且饶人
Story/N_Door_Free_104_01_002,你本着得饶人处且饶人的心态，只略施小戒，出了气便不再追究。\n那江湖武师好生钦佩你的武功，回头便收了摊子到唐门拜师了。
Story/O_Door_Free_104_01_002,胸口碎大石(谋杀)
Story/N_Door_Free_104_01_003,你言出必行，给足了钱，把他给胸口碎大石了。\n你用上了暗劲，令他一时貌似无伤，回家却大口吐血，当晚便一命呜呼了。
Story/N_Door_Free_201_001,你和师兄弟们正打算趁下雨天，菜价下跌的时候抢购，\n不讲武德的丐帮乞丐就忽然袭击了过来！
Story/N_Door_Free_201_01_001,丐帮抢赢了便宜菜肉，看你们可怜，便招你们一块过去乞丐窝，煮菜烤肉。\n先不管明天会否挨饿，今天吃个痛快要紧。
Story/N_Door_Free_201_01_002,你们为了便宜菜肉当街毒打乞丐的消息在街坊邻居间传开，\n都说唐门心狠手辣。
Story/N_Door_Free_201_01_003,殊不知你们刚打了人，旋即又招他们一块去煮菜烤肉，\n到头没省几个钱，还差点倒贴。
Story/N_Door_Free_301_001,你四处走走逛逛，不免花了一些钱，填饱你的胃，丰实你的心。
Story/N_Door_Free_302_001,碰到了巡游的纸艺人，\n你买了一些小师妹可能会喜欢的纸雕花、纸雕小鸟、纸雕老虎回家，小师妹很高兴。
Story/N_Door_Free_303_001,你在茶肆吃面的时候，听茶博士说了一个没曾听闻的民俗故事，增长了见闻。
Story/N_Door_Free_401_001,街坊邻居见你来了，都将新鲜水果蔬菜一股脑儿往你手里塞，希望你收下。
Story/D_Door_Free_501_001,哦，那边好像有什么热闹可看，过去瞧瞧。
Story/D_Door_Free_501_002,怎样，想打架啊，怎样！
Story/D_Door_Free_501_003,来啊，有种来啊，怕你们啊！
Story/D_Door_Free_501_004,好哇你，敢动手动脚的，信不信我让你知道点苍剑法的厉害。
Story/D_Door_Free_501_005,这位差爷，这三位是怎么回事？
Story/D_Door_Free_501_006,犯贱呗，还能怎么回事？\n我要送几封书信到别处驿站，想雇人一路护卫。\n怎料这三人见钱眼开，就地抢起活来干了。
Story/D_Door_Free_501_007,你这飞石帮的，跟个地痞流氓也没区别，还想学人当护卫。\n真有本事，你爷爷手底走几招，到时四肢完好便把这生意让给你！
Story/D_Door_Free_501_008,笑～话，就你那三脚猫功夫，还敢在我点苍中人面前显摆。\n不如你们两个都一块上，胜过我手中长剑，我就心甘情愿退出。
Story/D_Door_Free_501_009,你俩一个光是胳膊粗，一个外地人，都有屁用？\n当护卫的最重要的是消息灵通、人面广，在道上吃得开的。\n点苍派就是一尾强龙，在这地界也压不住地头蛇！
Story/D_Door_Free_501_010,……哦，见血了。
Story/D_Door_Free_501_011,真刺激。
Story/D_Door_Free_501_012,真血腥。
Story/D_Door_Free_501_013,这是不是应该报官啊。
Story/D_Door_Free_501_014,您自己不就是位官差吗？
Story/D_Door_Free_501_015,我还有要务在身，哪有闲工夫管这鸟事。\n这下可好，三人都挂彩了，我还能雇谁？
Story/D_Door_Free_501_016,你看起来也像是个武林中人，这身衣色，莫非是唐门弟子吗？
Story/O_Door_Free_501_001,毛遂自荐
Story/D_Door_Free_501_017,多少钱？
Story/D_Door_Free_501_018,还真是快人快语。
Story/D_Door_Free_501_019,差爷，你若是当真为难，不妨说说去哪，说不定在下可效绵力。
Story/D_Door_Free_501_020,你小子不错啊，都还没问我怎么出钱呢。
Story/O_Door_Free_501_002,不要看我
Story/D_Door_Free_501_021,唐门怎就这么冷漠无情呢？\n先别急着拒绝，听听我开的条件，再谈不迟。
Story/D_Door_Free_501_022,我时时会往来这蜀地几间驿站，走的都是成都府路官道。
Story/D_Door_Free_501_023,近的会去青城，或者峨嵋，雇马夫悠哉的走，顶多也就两三天路程。\n远的会经蓉城再到绵州，算上中途逗留，大概要七八日。
Story/T_Door_Free_501_001,绵州……那不就是我家乡附近？
Story/N_Door_Free_501_001,你心脏怦怦的跳，看看自己离家多年，依然一事无成，\n不由得自惭形秽，万一碰巧被阔别已久的家人认出了你，\n奚落一番，你要时还活不活了？
Story/D_Door_Free_501_024,路程越远，给的自然越多，一日算你二百文钱，如何？
Story/D_Door_Free_501_025,那不行，说好这活我揽的！
Story/D_Door_Free_501_026,你竟还活着？
Story/D_Door_Free_501_027,差爷说笑了，我大点苍派剑法别说收拾几只乡下嫩鸡，\n就算是唐门，也是我等手下败将，不信你问这丑厮鸟。
Story/D_Door_Free_501_028,兄台，唐门点苍已捐弃旧仇，就是在相互仇视之时，也是有输有赢。\n你如今只身来到唐门地界揽活，却说出这种话语来，未免狂妄。
Story/D_Door_Free_501_029,我便狂，你待怎的？点苍派从没怕过你。
Story/D_Door_Free_501_030,点苍自然不怕唐门，一如唐门不怕点苍。\n可你以一时口头之快，致使两派纷争，我就怕你回家挨自己人揍。
Story/D_Door_Free_501_031,呃……。
Story/D_Door_Free_501_032,你说什么？我好端端在这里没惹你，你老兄嘴巴可得放干净点。
Story/D_Door_Free_501_033,妈巴羔～子，我就骂你，怎么着？
Story/D_Door_Free_501_034,我都劝你嘴巴放干净点了，你偏要用嘴喷屎！真恶心！
Story/D_Door_Free_501_035,你──谁说我嘴里有──很好，想打架我奉陪！
Story/D_Door_Free_501_036,哎～好了好了，都别吵了。\n你们武林人到底有什么毛病，不能正常点吗？\n打架这种事对你们而言就像吃饭喝水一样寻常是吗？
Story/D_Door_Free_501_037,在我看来，就奇怪得很。\n一不小心就会出人命的事情，怎能轻易拿性命去博弈？\n经常还杀了人就弃尸在地上，老实说真的很恐怖呐，目无王法吧。
Story/D_Door_Free_501_038,这回我便雇这位点苍少侠吧。\n少侠，请移步到马车旁，先在驿站修整一下。
Story/D_Door_Free_501_039,还是差爷明事理。
Story/D_Door_Free_501_040,……事情就是这样了，实则我也不想雇用这种性情暴戾之人。\n你们唐门是本地人，要是下回可以推荐人来帮忙最好。
Story/N_Door_Free_501_002,{size=40}工作【护卫】已解锁{/size}
Story/N_Door_Free_502_001,善使鞭法的女侠当街向龙湘发起挑战，输得惨不忍睹，\n鞭子还被斩成三段，心灰意冷，从此退隐江湖。\n你旁观都看得心惊胆跳，没想过剑能使得比鞭子还软。
Story/D_Door_Girl_03_01_001,阿活，跑步了！来追我呀！
Story/O_Door_Girl_03_01_001,跟小梅跑步
Story/N_Door_Girl_03_01_001,你和小梅一块跑步，漫山遍游，跑跑停停。\n一会儿赏花，一会儿玩水，完全忘了本来下山要干什么事。
Story/O_Door_Girl_03_01_002,办正事要紧
Story/D_Door_Special_01_01_001,……下山走走，也会碰到同门中人。
Story/D_Door_Special_01_01_002,儿呀，你听干娘劝，别整日往山下跑，到处玩乐找朋友。\n唐门不是有月考吗？你得要好好表现，才不丢干娘脸面啊。
Story/D_Door_Special_01_01_003,我知道，我知道，我有在努力，就事情很多吼！
Story/D_Door_Special_01_01_004,你这是什么语气？干娘还不都为了你好吗？\n你不努力，月考不过，大家要怎么瞧得起你？\n该定下心来，回山上好好修练武功才是。
Story/D_Door_Special_01_01_005,{size=50}我有带秘籍！！{/size}
Story/D_Door_Special_01_01_008,{size=50}就说了我有带秘籍吼！！{/size}
Story/D_Door_Special_01_01_009,{size=50}就说了我有带秘籍吼！！要讲几次！你耳聋喔！！{/size}
Story/D_Door_Special_01_01_006,阿和，阿和……唉，怎么一阵子不见，就学会对干娘大小声了。\n一定是唐门的坏朋友教坏了他。
Story/D_Door_Special_01_01_007,……我还是离远点好了，不关我的事。
Story/N_Door_Special_01_01_001,怕是不怕，就是有种麻烦的预感。
Story/N_Door_Work_001_001,你下山兜售唐门独家药散、药膏、药丸，顺便采办柴米油盐等日用品。\n赚的不多也不少，勉强能过日子罢了。
Story/N_Door_Work_101_001,四师兄要去上茅房的时候，交代你仔细看管细软。\n你满口答应，随即却被街头卖艺之人吸引了注意力。\n回过神来的时候才发现包袱被人割破了一个洞，里边所有值钱东西都不翼而飞。
Story/D_Door_Work_101_001,包袱……又被割破了……！
Story/D_Door_Work_101_002,你也太夸张了，好歹长点记性吧，哪能每次都出这种问题。
Story/D_Door_Work_101_003,没办法，这书是我从丐帮朋友那得来的，你比我更需要。
Story/D_Door_Work_101_004,下回别再上当了。
Story/N_Door_Work_201_001,你跟随四师兄下山跑商。\n四师兄有意栽培你的商才，放任你自由发挥，但你却谈了一笔失败的生意。\n你气极败坏，亟欲挽回失败，于是你半夜趁四师兄睡下之后，只身去了赌场。
Story/N_Door_Work_201_002,天亮以后，同门师兄弟在客栈门口发现了身无分文，全裸蹲在路边哭泣的你。
Story/D_Door_Work_201_001,衣服穿好了吧。
Story/D_Door_Work_201_002,呜呜……太过份了。
Story/D_Door_Work_201_003,你好的不学，偏学坏的，十赌九骗，你不知道吗？\n这是我最后一次拿钱帮你赎回衣物了，仁至义尽了好吧。
Story/D_Door_Work_201_004,好。
Story/D_Door_Work_201_005,……这几文钱你拿着，买点东西吃，静一静再回来吧。\n只要吃饱了，不高兴的事情，便都烟消云散了。
Story/D_Door_Work_201_006,你可别又拿去赌，这钱是借你的，你回山上还得还我。
Story/D_Door_Work_201_007,唉……。
Story/N_Door_Work_201_003,不经一事，不长一智，你痛定思痛，总算开窍了一点。
Story/D_Door_Work_201_008,唉唷！你这小娘子，吃霸王餐还打人啊！
Story/D_Door_Work_201_009,我不是吃霸王餐，我有带钱！
Story/D_Door_Work_201_010,钱呢？
Story/D_Door_Work_201_011,应、应该在钱袋里的。
Story/D_Door_Work_201_012,钱袋呢？
Story/D_Door_Work_201_013,我怎么知道，就破了嘛～～！
Story/D_Door_Work_201_014,那就是吃霸王餐的意思了。\n我们也没想为难你，不想去衙门，好歹写个借条。\n看你一身光鲜白衣，还拿着宝剑，也不像是穷人。
Story/D_Door_Work_201_015,那怎么行，我是要行侠仗义的，都还没成名就写借条，\n传出去我怎么见人啊！
Story/D_Door_Work_201_016,老兄，能不能再考虑一下，聘用我帮佣抵债？
Story/D_Door_Work_201_017,免了，本店小本经营，经不起小娘子的摧残。\n上回看你貌美，便聘来当门面，结果你一碗汤面就叩客人脸上。
Story/D_Door_Work_201_018,那、那人对我出言不逊，还想动手动脚，他活该。
Story/D_Door_Work_201_019,接着请你进内厨，结果发生了什么？砧板破了。
Story/D_Door_Work_201_020,用器总有坏掉的一天。
Story/D_Door_Work_201_021,那可是砧板啊！你怎么切的菜，能把砧板一刀两断？\n算我们怕你了，姑奶奶，你不想留名也行，这顿就算我们请客得了。
Story/D_Door_Work_201_022,不成，我辈侠士行走江湖，凭的就是信义。\n你们话都说到这份上，我一定要帮上忙抵债，一雪前耻。
Story/D_Door_Work_201_023,你一定要帮忙？
Story/D_Door_Work_201_024,一定要。
Story/D_Door_Work_201_025,行，你行，有你的。
Story/D_Door_Work_201_026,你一定要帮忙，老子就他妈的不干了，你自己去跟掌柜的讲！
Story/D_Door_Work_201_027,好过份！我、我有这么不堪吗？
Story/D_Door_Work_201_028,堪～你怎会不堪呢，你最堪了，堪得要命。\n我最后一次警告你，别再来了，否则我就上吊给你看。
Story/D_Door_Work_201_029,咳，嗯，今、今天天气真好～
Story/D_Door_Work_201_030,走掉了……真是一位奇女子。
Story/D_Door_Work_201_031,……呃……你也在这啊。
Story/D_Door_Work_201_032,毕竟这是唐门地界。
Story/D_Door_Work_201_033,你听我说，事情不是你想的那样。
Story/D_Door_Work_201_034,好，我听你说。
Story/D_Door_Work_201_035,……呃。
Story/D_Door_Work_201_036,对不住，我撒谎了，事情就是你想的那样……。
Story/D_Door_Work_201_037,什么都别说了，我晓得的。
Story/D_Door_Work_201_038,我也才刚干完一件蠢事，与你是同病相怜、半斤八两。
Story/O_Door_Work_201_001,帮龙湘付账
Story/D_Door_Work_201_039,……。
Story/D_Door_Work_201_040,大好人……我下回再来蜀中，一定会还你钱的。
Story/O_Door_Work_201_002,让她自己想办法
Story/D_Door_Work_201_041,那如果没事，我就先走了噢。
Story/D_Door_Work_201_042,告辞。
Story/D_Door_Work_201_043,真不知她这么迷糊，还一直往蜀中跑干嘛。
Story/N_Door_Work_301_001,你发挥了超乎预期的口才，将唐门独家商品捧得天花乱坠，引得乡亲父老争相抢购。\n虽说药效颇灵验，但过于夸大未免不大老实。
Story/N_Door_Work_401_001,你放弃了身为人的良知，只要能赚到盆满钵满，压根不在意人家是否家破人亡，\n那怕是人家母亲唯一的遗物，你也会毫不留情地巧取豪夺。\n今天也不择手段，满载而归了。
Story/N_Door_Work_402_001,你背着箧笥、行囊，这回走得更远，足有四、五百里路。\n将所携的罕见事物全都高价卖给异乡百姓，又买了当地特产，\n回来抬价卖给乡亲街坊，狡猾归狡猾，赚的是正财。
Story/N_Farm_Work_001_001,今天也是一成不变，踏实努力的一天。
Story/N_Farm_Work_201_001,你一个失手，铲掉了小菊精心栽培的白菜。\n她嘴上说没关系，手里捧着的乾坤造化炉却转得通红，显是气极了。\n但是白菜很好吃。
Story/N_Farm_Work_301_001,和小菊一起耕田种菜。\n这位才女娇嫩的俏脸沾了泥巴，却笑得很开怀，比正午阳光还灿烂。
Story/N_Fish_01_101_001,这里的鱼虾螃蟹也不知怎么长的，都精明的很，收获不太好。\n你也不着恼，够你自己吃就满足了，望着清澈溪水，感觉心也被涤净了些。
Story/N_Fish_01_201_001,钓到了上游漂下来的女式衣裙，怔了一怔，来不及扔掉，\n那女子的丈夫就找了过来，认定你是登徒子，气急败坏要拿你见官。
Story/N_Fish_01_201_01_001,你被打了一顿，捉去见官。\n查明真相以后被放了出来，已是数日之后。
Story/O_Fish_01_201_01_001,不分青红皂白的家伙，就该按进河里淹个半死
Story/N_Fish_01_201_01_002,你将人按在溪水里，差点没给活活淹死，\n若非他妻子哭喊求饶，你怕惊动官府，一个也不会放过。\n纵然死罪可免，勒索一番却在所难免。
Story/O_Fish_01_201_01_002,真的不是我偷的！
Story/N_Fish_01_201_01_003,你费尽唇舌自清，那人才终于相信是错怪了你。\n好生愧疚，招待你回家吃了一顿饱，又送你几坛子私酿的酒。
Story/N_Fish_01_301_001,你放松身心，在溪边坐着钓鱼。\n除了自己吃，钓多的，你就带到市集卖给鱼贩。
Story/O_Food_Menu_001_001,休息
Story/O_Food_Menu_001_002,烧刀子
Story/N_Food_Menu_001_001,使用《烧刀子》
Story/O_Food_Menu_001_003,苏合香酒
Story/N_Food_Menu_001_002,使用《苏合香酒》
Story/O_Food_Menu_001_004,羊羔酒
Story/N_Food_Menu_001_003,使用《羊羔酒》
Story/O_Food_Menu_001_005,纳溪梅岭
Story/N_Food_Menu_001_004,使用《纳溪梅岭》
Story/O_Food_Menu_001_006,蒙顶露芽
Story/N_Food_Menu_001_005,使用《蒙顶露芽》
Story/O_Food_Menu_001_011,峨嵋雪芽
Story/N_Food_Menu_001_010,使用《峨嵋雪芽》
Story/O_Food_Menu_001_009,甘蔗
Story/N_Food_Menu_001_008,使用《甘蔗》
Story/O_Food_Menu_001_007,肉馅馒头
Story/N_Food_Menu_001_006,使用《肉馅馒头》
Story/O_Food_Menu_001_008,肉干
Story/N_Food_Menu_001_007,使用《肉干》
Story/O_Food_Menu_001_010,姜记肉包
Story/N_Food_Menu_001_009,使用《姜记肉包》
Story/D_Forge_01_501_001,呼……这样总行了吧。
Story/N_Forge_Work_001_001,你照着唐门暗器总纲所载图谱，忍耐高温环境锻造铁器，\n做出了令人满意的成果。
Story/N_Forge_Work_101_001,高温的工作环境使你头晕脑胀，根本没有余力去讲究质量，\n只想快点交差了事，你所打造的器物差强人意。\n四师兄见到一堆报废品，闻到了钱的味道。
Story/N_Forge_Work_101_002,高温的工作环境使你头晕脑胀，根本没有余力去讲究质量，\n只想快点交差了事，你所打造的器物差强人意，当作废铁扔掉了。
Story/N_Forge_Work_201_001,你打铁时心有杂念，一槌子敲到自己手上。\n连未开化的猴子都能干得比你好。
Story/N_Forge_Work_301_001,你照着唐门暗器总纲所载图谱，融会自身经验，打造出质量良好的铁器。\n在炎热的环境待惯了，似乎也沾染了些许火气，稍微变得暴躁了一点。
Story/N_Forge_Work_501_001,有意来窥探唐门锻冶秘方的外派弟子大失所望，认定唐门藏私藏得太狠了些。\n得不到他们要的，索性便在锻冶场大吵大嚷起来，\n闹得你心烦意乱，又顾忌他们不时瞟来的视线，压根无法好好做事。
Story/N_Forge_Work_502_001,自己做过了打铁的活，才知道这门手艺的深奥。\n外派来客纷纷收起了轻视之心，对你抱持尊敬。\n不惜出钱，也要排队请你帮忙保养兵器。
Story/N_Fortress_Work_101_001,碰上了死皮赖脸不想付租金的住客张牙舞爪袭击了过来！
Story/N_Fortress_Work_101_01_001,你被打了一顿，赶回山上哼哼唧唧哭诉，下回便换二师兄去了。
Story/N_Fortress_Work_101_01_002,你被打了一顿，赶回山上，躲在棉被里哭泣。
Story/O_Fortress_Work_101_01_001,不付钱还想白住，滚！
Story/N_Fortress_Work_101_01_003,你将人上下搜刮干净后，逐出外堡。
Story/O_Fortress_Work_101_01_002,要是有困难就先赊着。
Story/N_Fortress_Work_101_01_004,你自作主张替人赊账，唐门又添了一笔新债。
Story/N_Fortress_Work_201_001,住户纠纷，打起了群架！你被卷入风波之中。
Story/N_Fortress_Work_201_01_001,这场乱斗打坏了许多器物，住客们于心有愧，但谁也不肯认账，为这惨况买单。
Story/N_Fortress_Work_201_01_002,小师妹闻知此事，自觉该是她出马的时候，到外堡将全部住客拍拍一番。\n住客不明所以，但纷纷心软，心甘情愿掏出钱来修缮外堡。
Story/N_Fortress_Work_201_01_003,对你也不大好意思，大家凑钱给了一个红包，聊表歉意。
Story/N_Fortress_Work_201_01_004,两边人马的冷战，因为叶云裳无分敌我、不分轻重的胡闹而冰消瓦解。\n恨意被淡化成气恼，气消了，便和好了。\n出钱出力，将外堡还原如初。
Story/N_Fortress_Work_201_01_005,叶云裳认为这都是她的功劳，笑吟吟来向你讨要奖赏。\n她不要钱，只要你试穿她亲手为你缝纫的衣衫。
Story/N_Fortress_Work_201_01_006,衣衫内侧被她抹了辣芥粉，你的乳头因此火辣辣的肿起来了！
Story/N_Fortress_Work_301_001,顺利的收到了积欠的租金。
Story/N_Fortress_Work_302_001,稍微打扫了一下环境才走，住客都默默看在眼里。
Story/N_Fortress_Work_401_001,住客很满意生活环境，见你来了，争相塞了些新鲜鸡鸭水果，孝敬唐门。
Story/N_Fortress_Work_901_001,叶云舟正在勤奋的刷地，后面有大妈在指挥他。\n堂堂苍松剑客在唐门沦落至此，地位和你相去不远。\n你默默帮起忙来。
Story/N_Fortress_Work_902_001,叶云舟坐在树下替孩子削木剑，答应他们削好木剑便教他们剑法。\n可惜他手艺不太好，削得歪七扭八，砍人比削木头都要容易。\n削个木剑削到满头大汗。
Story/N_Fortress_Work_902_002,叶云舟坐在树下替孩子削木剑，答应他们削好木剑便教他们剑法。\n他手艺稍微进步了一点，这回出产的木剑好歹是直的。
Story/N_Fortress_Work_902_003,叶云舟坐在树下替孩子削木剑，答应他们削好木剑便教他们剑法。\n他越来越有心得了，还有闲工夫替剑柄雕花，\n以前便有木剑的孩子都嚷着要新的。
Story/O_Fortress_Work_502_001,我也要！我也要！
Story/N_Fortress_Work_902_004,你厚颜无耻的插队，抢走了人家新削的木剑。\n孩子们都在唾骂你。
Story/O_Fortress_Work_502_002,帮忙
Story/N_Fortress_Work_902_005,你坐到一旁，也帮着削木剑。\n唐门弟子铁器、木工都是自己包办，熟能生巧，\n你的技艺自然比他精纯不少，但因为是你削的所以没人想要。
Story/N_Fortress_Work_903_001,叶云舟言出必行，开始传授村中小孩习剑。\n他所传的不是点苍剑法，而是家传的叶家剑法。\n你受他邀请，担任助教。
Story/D_Girlroom_001_001,咦？是、是小师妹！
Story/D_Girlroom_001_002,师兄早。
Story/D_Girlroom_001_003,啊……走掉了。
Story/N_Girlroom_001_001,小师妹行色匆匆，向着正心堂而去。
Story/D_Girlroom_001_004,大概是今儿个睡过头了，怕挨掌门藤条吧，\n加油啊小师妹，冲啊小师妹。
Story/N_Girlroom_001_002,碰到小师妹，看来今天会是很好的一天。
Story/N_Girlroom_001_003,小师妹是唐家掌门千金，本门的吉祥物。\n碰见小师妹的时候，心情会变得很好。
Story/N_Girlroom_Free_001_001,缅怀过往隔窗与心上人相伴的岁月，想起她纯真无邪、专心致志的脸庞，\n一丝暖意流入了你的心房。
Story/N_Girlroom_Free_101_001,如今你已知道为何小师妹老折那么烂了──因为太想折好，\n总是反复尝试很多次，强求到了最后，那纸自然满是坑疤，人的心也是一样。\n你想散心，却反倒变得更伤心了。
Story/N_Girlroom_Free_201_001,你将纸鹤揉成一团，恰似你的心情、你的人生。\n也许宁死也不离开唐门，只不过是想死在这里，那么届时战死与此刻便死有何区别呢──
Story/N_Girlroom_Free_201_002,这么想着，你向着幽暗的深谷踏出了那一步。
Story/N_Girlroom_Work_101_001,小师妹惊觉你蹲在窗下，震惊到说不出话来。\n你欲辩无词，而她默默的关上了窗。\n随即，一群凶猛唐门女弟子冲出来，把你吊起来往死里打。
Story/N_Girlroom_Work_201_001,你以轻功绕至女弟子房后窗，摒除气息，附耳于墙，运起内功窃听里面的动静。\n今夜的小师妹依然在窗下折纸，将纸鹤送出窗外，目送它消失于幽暗山谷。\n等到她熄灯以后，你才起身离开。
Story/N_Girlroom_Work_201_002,说时迟，那时快，小师妹忽然想看星星，无预警开窗击中了你。\n你悲惨的叫声回荡于夜空山谷。
Story/N_Girlroom_Work_301_001,你以轻功绕至女弟子房后窗，摒除气息，附耳于墙，运起内功窃听里面的动静。\n作为一个人，你的行径委实可议，\n但无论是《宋刑统》或者《唐门戒律》之中都没有可适用于谴责你的条律。
Story/N_Kitchen_Special_01_001,你和小梅特意下厨，做了一顿丰盛大餐给四师兄接风洗尘。\n一桌子都是他爱吃的，道道都有肥肉。
Story/N_Kitchen_Special_01_002,你特意下厨，做了一顿丰盛大餐给四师兄接风洗尘。\n一桌子都是他爱吃的，道道都是肥肉。\n上官萤总觉得自己也有责任，可又帮不上忙，只得负责试菜挑你毛病。
Story/N_Kitchen_Special_01_003,你特意下厨，做了一顿丰盛大餐给四师兄接风洗尘。\n一桌子都是他爱吃的，道道都是肥肉。
Story/N_Kitchen_Work_001_001,你掌厨发挥得中规中矩，滋味还过得去，预算也合理。
Story/N_Kitchen_Work_101_001,你炒菜炒得好好的，忽然失心疯般往锅里加了大量胡椒粉，\n呛得要命，大家都恨你。
Story/N_Kitchen_Work_201_001,你过于狂放的厨艺，把寻常的食材变成了足以媲美毒药的扭曲事物。\n包含你在内都没有人敢吃，所以倒掉了。
Story/N_Kitchen_Work_301_001,你考虑掌门的健康情况，特意将口味调淡了，煮成米糊糊好就口。
Story/N_Kitchen_Work_302_001,你煮了从前小师妹最爱的菜式，即使你用尽了心血，自掏腰包加菜，\n时光也不会为你那怕倒退一秒的。
Story/N_Kitchen_Work_901_001,你心血来潮，打算整点不一样的花招。\n既想任性施为，免不了要伤害一下自己的钱包。
Story/D_Kitchen_Work_902_001,小梅，在唐门的日子还过得习惯吗？
Story/D_Kitchen_Work_902_002,很好啊，比崆峒愉快多了。
Story/D_Kitchen_Work_902_003,就是本门没法让人游手好闲，或多或少都得做点事。
Story/D_Kitchen_Work_902_004,嗯！本梅最满意的就是这个了。\n你看，我这不就在烧菜吗？
Story/D_Kitchen_Work_902_005,原来是你烧的，我道最近菜式怎么变化这么大，大家都赞不绝口。
Story/D_Kitchen_Work_902_006,你少来，你分明知道，不是我还会是谁？\n来得正好，尝尝这个。
Story/N_Kitchen_Work_902_001,小梅将一块糖糕放你嘴里。
Story/D_Kitchen_Work_902_007,这香气是橘子？
Story/D_Kitchen_Work_902_008,酸酸甜甜的，好吃。
Story/D_Kitchen_Work_902_009,你吃出来了？是我试做的果子。\n听说本门还欠债，我想尽一份心力，拿去茶肆当特色商品卖。
Story/D_Kitchen_Work_902_010,你吃出来了？是我试做的果子。\n听说本门还欠债，我想尽一份心力，拿去山下兜售。
Story/D_Kitchen_Work_902_011,或者交四师兄，到处推销。
Story/D_Kitchen_Work_902_012,那不行吧，半路就被吃掉了，哇哈哈哈～
Story/D_Kitchen_Work_902_013,哈哈！
Story/N_Kitchen_Work_902_002,小梅发明的果子，引起了乡亲热烈好评。\n许多人为了一饱口福，特地爬到半山腰，只为尝一口茶肆的有名果子。
Story/N_Kitchen_Work_902_003,小梅发明的果子，引起了乡亲热烈好评。\n山下客栈、茶肆争相模仿，都功败垂成，只得老实上山，重金收购秘方。
Story/D_Kitchen_Work_903_001,哎，别炒了，别炒了。\n唐和师弟说要请大家到镇上馆子吃饭啊，他家好有钱，你知道吗？\n你来不来？掌门的份我们也会外带回来，别担心。
Story/D_Kitchen_Work_903_002,他家很有钱吗？
Story/O_Kitchen_Work_903_001,好啊，等我！
Story/D_Kitchen_Work_903_003,等不了！快快快！
Story/N_Kitchen_Work_903_001,等你匆匆把这道菜烧好，掩熄灶火，把围裙一放，\n众师兄弟已经扬长而去了，你孤零零的被扔在山上。\n吃着自己炒的菜，特别苦涩。
Story/O_Kitchen_Work_903_002,炒都炒了，怎能糟蹋粮食？
Story/D_Kitchen_Work_903_004,免了，我都炒了，怎能糟蹋粮食。
Story/D_Kitchen_Work_903_005,那不管你了，我们走啦！上馆子吃大餐啰～
Story/D_Kitchen_Work_903_006,反正没人爱吃我炒的，那我就胡乱试点儿新花样自己吃吧。
Story/O_Kitchen_Work_903_003,大失败
Story/D_Kitchen_Work_903_007,加多点油，要淹过菜，也打几颗鸡蛋好了……试一下味道。
Story/D_Kitchen_Work_903_008,太油腻了，加点茶粉吧，再放多点盐，加点醋好了。
Story/D_Kitchen_Work_903_009,不要玩食物！
Story/D_Kitchen_Work_903_010,小梅，我这怎么能说是玩呢？我是在尝试啊。
Story/D_Kitchen_Work_903_011,菜铲拿来，你到一边去。
Story/N_Kitchen_Work_903_002,小梅试了一下味道，眉头一皱。
Story/D_Kitchen_Work_903_012,……还有救，但要做成两道菜，你去外边摘些鲜花回来。
Story/D_Kitchen_Work_903_013,哦。
Story/N_Kitchen_Work_903_003,小梅将菜捞出干煸，拌花去炒，以花香去腻，重新调味。
Story/D_Kitchen_Work_903_014,试试。
Story/D_Kitchen_Work_903_015,好吃，有点儿微辣，酸酸甜甜，滑润还有花香。
Story/D_Kitchen_Work_903_016,这道菜取作『臭阿活辣手摧花』。
Story/D_Kitchen_Work_903_017,能别取这名吗……。
Story/N_Kitchen_Work_903_004,小梅又将由锅里蛋搅散成花，加香菜末、糖、虾米、胡椒，\n以及种种香料，盖上锅盖，闷成炸弹。
Story/D_Kitchen_Work_903_018,吃。
Story/D_Kitchen_Work_903_019,好吃……！太厉害了！又甜又辣，又鲜又香。
Story/D_Kitchen_Work_903_020,这道菜就取名『阿活混蛋』。
Story/D_Kitchen_Work_903_021,能别尽挤兑人吗……。
Story/D_Kitchen_Work_903_022,本梅没有针对你，谁糟蹋食物，我就糟蹋谁。
Story/N_Kitchen_Work_903_005,你和小梅一块享用了午膳，也分装了一点给掌门，很得他老人家赞赏。
Story/D_Kitchen_Work_903_023,怎么……好像越来越不妙了。\n这锅真能吃吗？
Story/O_Kitchen_Work_903_004,不可以浪费食物
Story/O_Kitchen_Work_903_005,偷偷倒掉
Story/D_Kitchen_Work_903_024,虽然暴殄天物，但是没办法，还是平安重要。\n拿出去看看森林野兽吃不吃吧。
Story/N_Kitchen_Work_903_006,你将整锅胡乱糟蹋的食物打包带到山里扔掉，\n不久野猪、野狐狸闻香纷纷过来啖食，全都吐了。
Story/D_Kitchen_Work_903_025,虽然暴殄天物，但是没办法，还是平安重要。
Story/N_Kitchen_Work_903_007,你将整锅胡乱糟蹋的食物打包，从悬崖上直接扔下去。\n至今为止你已经无数次朝着崖底乱丢垃圾了。
Story/O_Kitchen_Work_903_006,成功
Story/D_Kitchen_Work_903_026,首先，多加点胡椒吧。\n新来的师弟都怕吃辣，二师兄被念了以后也不敢再硬来。\n我却有点儿怀念那股呛辣劲，别人不吃，我自己吃总行了吧。
Story/N_Kitchen_Work_903_008,你给菜里添了大把胡椒，吃得津津有味，虽然孤独，但也知足。
Story/O_Kitchen_Work_903_007,大成功
Story/D_Kitchen_Work_903_027,花椒，糖，栗子，下些生米一块拌炒……炒香来才放猪骨汤。
Story/D_Kitchen_Work_903_028,花椒已经炒香，大米先炒成焦黄再煮，能袪湿止泻，\n等香气溶进汤里，再以汤煮饭，盖上锅盖～
Story/D_Kitchen_Work_903_029,煮什么，这么香？
Story/D_Kitchen_Work_903_030,掌门中午好！
Story/D_Kitchen_Work_903_031,嗯。
Story/D_Kitchen_Work_903_032,师兄好。
Story/D_Kitchen_Work_903_033,小、小师妹也好。
Story/T_Kitchen_Work_903_001,不、不行，我不能在掌门面前露出这种表情，会被杀的！\n但我见了小师妹就忍不住颜面失调！
Story/D_Kitchen_Work_903_034,小师妹也好。
Story/D_Kitchen_Work_903_035,铃儿，怎么那么没规矩？\n赵活是师兄，该是你先跟人家问好。
Story/D_Kitchen_Work_903_036,师兄好。
Story/D_Kitchen_Work_903_037,我听说大家都下山去吃饭了，怎么，没叫上你吗？
Story/D_Kitchen_Work_903_038,叫是叫了，但我菜都炒下去了，胡乱糟蹋也不好。\n反正没人吃，就我自己，便按性子胡乱做了。
Story/D_Kitchen_Work_903_039,能吃了吗？
Story/D_Kitchen_Work_903_040,启禀掌门，还要一下。
Story/D_Kitchen_Work_903_065,那好，本座便在这儿等吧，你也过来坐。
Story/D_Kitchen_Work_903_041,是……。
Story/D_Kitchen_Work_903_042,本座收容唐和，你心中可有不平？
Story/O_Kitchen_Work_903_008,岂敢
Story/D_Kitchen_Work_903_043,不必讳言，我知你心里不痛快。
Story/O_Kitchen_Work_903_009,是有点儿
Story/D_Kitchen_Work_903_044,我是个外姓弟子，凭何置喙呢。\n想来掌门必有深虑吧。
Story/D_Kitchen_Work_903_045,铃儿，你二师兄也没出门吧？你去叫他，一起过来用膳。\n今天就别在炼丹房吃了。
Story/D_Kitchen_Work_903_046,是。
Story/D_Kitchen_Work_903_047,没有深虑。
Story/D_Kitchen_Work_903_048,纯粹是偿小楼师姊昔日对本门的恩情罢了。
Story/D_Kitchen_Work_903_049,这样啊……。
Story/D_Kitchen_Work_903_050,弟子参见掌门，不知掌门传召，有何吩咐？
Story/D_Kitchen_Work_903_051,……铃儿，你叫人，没讲清原由吗？
Story/D_Kitchen_Work_903_052,没讲。
Story/D_Kitchen_Work_903_053,没啥事，是叫你一起吃饭的，过来坐。
Story/D_Kitchen_Work_903_054,遵命，验毒就交给我吧。
Story/D_Kitchen_Work_903_055,我才没下毒！
Story/N_Kitchen_Work_903_009,你到唐门多年，头一回和掌门同桌用膳。\n四人围着一张小桌，你的料理大受好评，连二师兄都难得脸露微笑。\n兴许是心暖，这顿饭吃得格外香甜。
Story/D_Kitchen_Work_903_056,好，收拾完了。
Story/D_Kitchen_Work_903_057,妈巴羔子的什么玩意啊！
Story/D_Kitchen_Work_903_058,大家不是出去吃饭吗？莫非馆子菜出了什么问题？
Story/D_Kitchen_Work_903_059,不，菜没问题，很好吃，红烧肘子、炖羊膝、白酒腰花、虱鱼白菜，\n叫了十二菜、三汤，还有七色小菜。
Story/D_Kitchen_Work_903_060,那很丰盛啊，那唐和师弟果真有钱。
Story/D_Kitchen_Work_903_061,有钱个屁！他装的！叫菜的时候说来来来尽量点，\n要结账的时候，又忽然说他今天寿辰，要大家请客。\n紧接着又说他弟生病要死了，他很难过，所以不能请客。
Story/D_Kitchen_Work_903_062,他弟生病跟请客有何关联？
Story/D_Kitchen_Work_903_063,干，我也想知道！
Story/D_Kitchen_Work_903_064,后来店小二跑去叫来官差，咱们丢脸丢回老家去了。\n只得大家凑钱，把帐结了，啊～别提了，一肚子火。
Story/N_Kitchen_Work_903_010,事后那晁和好一阵子都挺老实，见了人就道歉，很是歉疚的模样。\n等到风头过去，又『嘻』的一声，喜笑颜开了。
Story/N_Mall_Free_001_001,你眼观鼻，鼻观心，意守丹田身似空，心绪沉淀之际，内功的修为似乎也有一点长进。
Story/N_Mall_Free_002_001,你清心静坐，存想天外。\n只是不知是否错觉，今天焚的香气味似乎不太一样，令你浑身酥麻，彷佛骨架也要散了。
Story/N_Mall_Free_101_001,你心浮气躁，无论如何都无法静下来，有股沛莫能御的干劲在胸中骚动。
Story/N_Mall_Free_201_001,你专注于冥想课题中，于周身事物感知变得迟缓。
Story/N_Mall_Free_201_002,丝毫没有注意到负责焚香、掌灯的师弟在旁玩起用掌风吹蜡烛的游戏，\n一个用力过猛，热辣辣的蜡油飞溅到了你的脸上，\n你吃痛受到惊吓，内息走岔，差点就瘫痪成为废人。
Story/N_Mall_Free_201_003,虽然大难不死，只是将养几日必不可免了。
Story/N_Mall_Free_301_001,你心无旁鹜，颇有感悟。\n正心堂内，香烟缭绕，远离尘嚣，你万物不萦挂于怀，隐约体会到了更高远的意境。
Story/N_Mall_Free_302_001,你清心静坐，存想天外。\n混浊的思虑逐渐沉淀，你也想起了拜入唐门的初心。
Story/N_Mall_Free_901_001,你闻到了小师妹的香味，从冥想状态中回过神来，\n看见小师妹和掌门人请安后飘然而去，你的心也被她牵走了。\n于是你匆匆结束修心课，起身追随小师妹而去。
Story/D_Mall_Free_Debuff_001_001,吁……。
Story/N_Mall_Free_Debuff_001_001,经过长时间沉心静气的修养，你终于逐渐捉摸到异种真气的行走规律，\n试着主动诱发症状，在发作之前强行运气冲激督脉，将它推入任脉，\n再聚全身内力群起而攻之，终于将隐患驱逐干净。
Story/D_Mall_Free_Debuff_001_002,成了……！
Story/D_Mall_Free_Debuff_001_003,我痊愈了！哈哈！
Story/T_Mall_Free_Debuff_001_001,金乌上人，连着大师兄的份，这笔帐是迟早要清算的，走着瞧吧。
Story/N_Mall_Free_Debuff_001_002,每日服药膳、嗅毒香，你从头养起内力。\n平心静气，不急不躁，每日以之行走周天，闭塞的经脉总算日渐松动。
Story/N_Mall_Free_Debuff_001_003,今日功成圆满，周天行完，八脉皆通，内力体魄皆复旧观。
Story/D_Mall_Free_Debuff_001_004,成了……！
Story/D_Mall_Free_Debuff_001_005,我痊愈了！哈哈！
Story/T_Mall_Free_Debuff_001_002,申屠龙，连着大师兄的份，这笔帐是迟早要清算的，走着瞧吧。
Story/N_Mall_Work_001_001,正心堂内的工作很轻松，你轻而易举完成了所有工作。
Story/N_Mall_Work_101_001,正心堂的工作实在太闲了，百无聊赖之际，你读了一些课外书籍。
Story/N_Mall_Work_102_001,正心堂的工作实在太闲了，你不动一动就骨头痒，\n忍不住打了一套拳，结果失手打坏了家俱。
Story/N_Mall_Work_103_001,你抱着偷懒的心情，马虎地完成了工作，而三师兄完全没有发觉。
Story/N_Mall_Work_103_002,你抱着偷懒的心情，马虎地完成了工作，而掌门人完全没有发觉。
Story/N_Mall_Work_201_001,你掌灯时分心打翻了灯油，差点就引发了火灾，真有你的。\n因为你的缘故，烧毁了一些家俱，你只好自掏腰包换新了。
Story/N_Mall_Work_901_001,小师妹来到正心堂向掌门人请安，你魂为之夺，六神无主地追随她的身影跟了出去。\n等你回过神来的时候，发现自己在树上，连你也不知道自己是怎么上来的。
Story/N_Mall_Work_902_001,经常足不出户的二师兄来到了正心堂向掌门请安，\n主动请缨抢了你的工作，今天焚的香味道好像比较特别。
Story/N_Mall_Work_903_001,三师兄来到正心堂向掌门请安，谈论古今圣贤，\n你在旁倾听，亦感受益良多，学问见识都长进了。
Story/N_Mall_Work_904_001,四师兄来到正心堂向掌门请安，看到你在工作，笑嘻嘻地给你偷塞了一根甘蔗。
Story/N_Mall_Work_904_002,随后他表示那是要收钱的。
Story/N_Mall_Work_905_001,三师兄与你谈论古今圣贤，各抒己见，亦感受益良多，学问见识都长进了。
Story/N_Meet_01_001,今日是每月一次的唐门大家庭会议。\n每月今日，掌门便会召集门中长老、诸位掌令使齐聚正心堂，\n而其余弟子则在评点之后放假一日。
Story/N_Meet_01_002,而外姓弟子，则由同寝最资深的入室弟子评鉴当月贡献。
Story/D_Meet_01_001,外姓弟子听令，速来集合！
Story/D_Meet_01_002,来了，来了！
Story/D_Meet_01_003,嗯，虽然说外姓弟子现在剩你一人，\n但规矩不可废，你可别怪师兄我迂腐。
Story/D_Meet_01_004,请师兄评鉴。
Story/D_Meet_01_005,你本月的贡献是－－
Story/D_Meet_01_006,喔，你人在这啊师弟，\n我以为你又在小师妹窗外蹲着，没想到在这。\n快随我到正心堂参与本门家会吧。
Story/D_Meet_01_007,我吗？
Story/D_Meet_01_008,对啊，在场之中你资历最老，\n家会里有些事也想听听你意见。
Story/D_Meet_01_009,大师兄好。\n你说的可是现在？但现在正在评鉴师弟本月业绩的时候。
Story/D_Meet_01_010,这不一句话就完了的小事吗？没必要那么慎重啦。
Story/D_Meet_01_011,师弟，你本月有没有老实工作啊？
Story/O_Meet_01_001,当然有
Story/D_Meet_01_012,那不就得了？走吧。\n其他师弟们就提早歇吧。
Story/D_Meet_01_013,那不就得了？走吧。
Story/D_Meet_01_014,好，嘿嘿。
Story/N_Meet_01_003,你有点心虚，不敢直视其他同门们的表情。
Story/O_Meet_01_002,呃呵(心虚)
Story/D_Meet_01_015,那也就是说没有啰？混蛋。\n打混也不找我一起，真不够意思！
Story/D_Meet_01_016,不，赵师弟是有好好在做事的，和大师兄你不一样。\n别人来骂，说不定我们一众师弟还会忍气吞声，\n但眼见赵师弟给你骂，就实在是太不公道了，不能忍。
Story/D_Meet_01_017,咦？是吗？那你支支吾吾的干什么？\n莫非你还嫌事情干得不够多吗？
Story/D_Meet_01_018,虽然尽量做了，但事情还是做不完啊。
Story/D_Meet_01_019,你这么爱做，干脆下山为乡民服务好了，\n再嫌不够可以把服务范围扩充到全四川。\n哪有像你这样做事的，迟早会累死，老实也要有个限度。
Story/D_Meet_01_020,大师兄的意思是……我应该去考取功名，才能泽被乡里？
Story/D_Meet_01_021,别再胡言乱语了，掌门还在等，走啦！
Story/D_Meet_01_022,那也就是说没有啰？混蛋。\n打混也不找我一起，真不够意思！
Story/D_Meet_01_023,大师兄，你这话说得也太……。
Story/D_Meet_01_024,哦，嗯，我是说，师弟你真是太不应该了。\n你怎么不好好干活呢？太坏了。
Story/D_Meet_01_025,……身为大师兄我可不能这样放过你，走，去向掌门领罚！
Story/N_Meet_01_004,大师兄有意包庇你的行径看在众人眼里均不是滋味，\n但又敢怒不敢言，你的印象变差了。
Story/D_Meet_01_026,我把师弟带来了。
Story/D_Meet_01_027,弟子赵活，参见掌门！
Story/T_Meet_01_001,入门以来也很少有机会能和掌门说上话，好紧张。
Story/D_Meet_01_028,别畏畏缩缩的。
Story/T_Meet_01_002,啊，小师妹也来了。
Story/D_Meet_01_029,嗯，赵活，你在本门日子已经很久了，是吗？
Story/D_Meet_01_030,是，已经有……算不清楚几年了。
Story/D_Meet_01_031,那好，除却在座诸弟子，本门就属你最资深了。\n从今以后，你也来参加本门月例的家会。
Story/D_Meet_01_032,我、我吗？
Story/D_Meet_01_033,你便去末席坐吧。
Story/D_Meet_01_034,弟子是外姓弟子，不敢踰矩。\n掌门与诸位师兄商量要事，弟子在侧垂手侍立便是。
Story/T_Meet_01_003,我要去站在小师妹后面闻她！一定很香！
Story/D_Meet_01_035,谁也没说那椅子只能由入室弟子来坐，你何须忐忑？\n今夜令你过来，也是想集思广益，\n听听你以外姓弟子的身份，对本门方针的见解。
Story/D_Meet_01_036,师弟莫再推辞，掌门让你坐，你只管坐便是。
Story/D_Meet_01_037,谢掌门赐坐，那……我就坐了？
Story/D_Meet_01_038,今日还有什么要事、闲事，徒儿们都不妨说说。
Story/N_Meet_01_005,{size=40}唐门月会{/size}\n唐门首脑方有资格参与的月例家会，\n每月贡献达标扣抵之后，可消费剩余贡献度向师长提出建言，影响门派方针。
Story/O_Meet_Option_01_001,退席
Story/O_Meet_Option_01_003,我想去崆峒派留学
Story/O_Meet_Option_01_004,赎回地产：唐门外堡
Story/O_Meet_Option_01_005,赎回地产：茶肆
Story/O_Meet_Option_01_006,赎回地产：药铺
Story/O_Meet_Option_01_011,赎回地产：温泉
Story/O_Meet_Option_01_012,赎回地产：义田
Story/O_Meet_Option_01_007,修整唐家大院
Story/O_Meet_Option_01_010,扩展门派规模
Story/O_Meet_Option_01_008,开发：杀人机关扑满
Story/O_Meet_Option_01_009,开发：变重石锁
Story/O_Meet_Option_01_013,开发：机关马桶
Story/O_Meet_Option_01_014,开发：唐门牙粉
Story/O_Meet_Option_01_015,开发：偷油婆株连三族药
Story/O_Meet_Option_01_016,开发：杀人毛笔
Story/O_Meet_Option_01_017,四师兄的远行
Story/O_Meet_Option_01_018,雪山行
Story/O_Meet_Option_01_019,狂剑客出没
Story/O_Meet_Option_01_020,话说我被通缉了
Story/O_Meet_Option_01_021,先下手为强反攻飞石帮
Story/O_Meet_Option_01_022,总之去给飞石帮送礼物道歉吧
Story/O_Meet_Option_01_023,拜访飞石帮
Story/O_Meet_Option_01_024,特训：段考
Story/D_Meet_Option_01_01_001,……启禀掌门，弟子有一建言。
Story/D_Meet_Option_01_01_002,哦？但说无妨。
Story/D_Meet_Option_01_01_003,近来，常有慕名上山拜师的新人。\n有些人兴冲冲的来，见了大院如今情状，又打退堂鼓了。\n我在想是不是好歹得粉刷一下门面，才不堕本门威风。
Story/D_Meet_Option_01_01_004,近来慕名上山拜师的新人、访客不少。\n我想下山置办材料，修补一些破墙、破檐，\n好不教外人、新人看了笑话。
Story/D_Meet_Option_01_01_005,……你心系本门荣辱，本座甚是欣慰。\n可以，不过不能偏劳你一人，既然要干，就该大展拳脚。
Story/D_Meet_Option_01_01_006,唐升，修缮唐家大院一事，由你操办。\n设法调出款项来，该买的便买，不必太省。\n传本座谕令，门中弟子停止修练两日，悉数供你调度。
Story/D_Meet_Option_01_01_007,弟子领命！
Story/D_Meet_Option_01_01_008,惟元，竣工之时，你下山买些鸡鸭回来，大家吃一顿饱。
Story/D_Meet_Option_01_01_009,哇哇，弟子坚决领命！
Story/D_Meet_Option_01_01_010,我有一事建言。
Story/D_Meet_Option_01_01_011,师弟请讲。
Story/D_Meet_Option_01_01_012,近来，常有慕名上山拜师的新人。\n有些人兴冲冲的来，见了大院如今情状，又打退堂鼓了。\n我在想是不是好歹得粉刷一下门面，才不堕本门威风。
Story/D_Meet_Option_01_01_013,近来慕名上山拜师的新人、访客不少。\n我想下山置办材料，修补一些破墙、破檐，\n好不教外人、新人看了笑话。
Story/D_Meet_Option_01_01_014,……有道理，本门正该改头换面，开创新气象。\n好多墙面斑驳、屋檐漏水、木材腐朽，都一股脑儿处置吧。
Story/D_Meet_Option_01_01_015,甚好。
Story/D_Meet_Option_01_01_016,我也没意见。
Story/D_Meet_Option_01_01_017,既然如此，我便调派人力，着手办理此事。\n不免要借助大家的力量，上下齐心把事办好，届时还请多担待。
Story/N_Meet_Option_01_01_001,唐门上下一心，卷起袖子干起活来，一早吃过饭便忙进忙出。\n大家说说笑笑热闹非凡，冷清唐家大院难得充满了欢快的气氛。
Story/N_Meet_Option_01_01_002,{size=40}门派规模升级{/size}
Story/N_Meet_Option_01_01_003,可以容纳的门人变多了！\n唐家大院焕然一新、种种器物设施亦随之翻新。\n师兄弟姊妹都充满干劲，你也不例外，干起事来变得更加利索了。
Story/N_Meet_Option_01_01_007,{size=40}容纳门人上升{/size}
Story/D_Meet_Option_01_02_001,启禀掌门，弟子有事建言。
Story/D_Meet_Option_01_02_002,说吧。
Story/D_Meet_Option_01_02_003,我有件事想说。
Story/D_Meet_Option_01_02_004,如今本门业大，日日来大院请安、操练之人众多。\n将来只怕还得分批进正心堂问安。
Story/D_Meet_Option_01_02_005,我才想说这事呢！前天我刚回山上，就碰到一堆人堵在门口，\n水泄不通，我还道出了什么大事，结果居然是排队团练。
Story/D_Meet_Option_01_02_006,这……对不住，都是我言不及义，教得慢。
Story/D_Meet_Option_01_02_007,掌门，您怎么还笑啊。
Story/D_Meet_Option_01_02_008,这是好事，怎么不笑？\n往昔唐门如日中天，人比现在还多，如何不堵？
Story/D_Meet_Option_01_02_009,那是因为……门中弟子均由各位师伯、师叔带开各自传授。\n或在练功塔、或在外堡空地，又或者另觅场地，\n至于大院中的练武场，也仅就考核之用。
Story/D_Meet_Option_01_02_010,这意味着，本座座下弟子各自羽翼已丰，是该独挑大梁了。
Story/T_Meet_Option_01_02_001,──我不是这个意思啊，我只是想说大院好挤，\n让那些人守秩序，不要挤来挤去而已。
Story/D_Meet_Option_01_02_011,从今日开始，尔等可以各自收徒，教授武艺。\n不必限于唐门练功场，所收徒孙也不必都来正心堂请安。
Story/D_Meet_Option_01_02_012,性情豁达，心思敏捷的，可交布衣传授；\n性情沉稳，心思细腻的，可交铮儿传授；\n性情平和，心性朴质的，可交唐升传授。
Story/D_Meet_Option_01_02_013,我不不不，我还不行，我自己都不济事了，还怎么教人？
Story/D_Meet_Option_01_02_014,惟元，你便收些脑筋灵活的，随你从商，授其生意经。\n人生在世，也不是非得习武，才能有出息。
Story/D_Meet_Option_01_02_015,可以这样吗？那……那我还有点把握。
Story/T_Meet_Option_01_02_002,……那我呢？我是该趁机拜入几位师兄门下，改称师父吗？
Story/D_Meet_Option_01_02_016,赵活。
Story/D_Meet_Option_01_02_017,是，是，弟子在此。
Story/D_Meet_Option_01_02_018,你是外姓弟子，往后见着众位师兄教徒，\n需得自知，不能窥视，能避则避。
Story/D_Meet_Option_01_02_019,啊……是。
Story/D_Meet_Option_01_02_020,那便到此为此，都退下吧。
Story/D_Meet_Option_01_02_021,妈的……又欺负我。
Story/D_Meet_Option_01_02_022,结果我还是不能改宗入室……。
Story/D_Meet_Option_01_02_023,拍拍，师兄不哭。
Story/D_Meet_Option_01_02_024,小师妹……。
Story/D_Meet_Option_01_02_025,虽然一时很沮丧，不过因此能给你拍几下，反倒划算。
Story/D_Meet_Option_01_02_026,多亏你来安慰我，总算还有人在乎我的感受。
Story/D_Meet_Option_01_02_027,嗯，那你心情好了吗？
Story/D_Meet_Option_01_02_028,好极了。
Story/D_Meet_Option_01_02_029,那就好，我走了。
Story/D_Meet_Option_01_02_030,……差不多是时候了吧。
Story/D_Meet_Option_01_02_031,是什么时候？
Story/D_Meet_Option_01_02_032,各位师兄该有身为梁柱自觉的时候。
Story/D_Meet_Option_01_02_033,……！
Story/D_Meet_Option_01_02_034,……。
Story/D_Meet_Option_01_02_035,从前本门人丁兴旺之时，入室弟子均由各位师伯、师叔带开各自传授。\n练武场仅就考核作用，我以为团练不必废除，但须精简。
Story/D_Meet_Option_01_02_036,愿闻其详。
Story/D_Meet_Option_01_02_037,团练分梯次实施，不必按时一股脑儿全涌上大院人挤人。\n一团人锻炼体魄之余，也将另一团人带开，交由资深师兄传授武功。
Story/D_Meet_Option_01_02_038,好主意……可、可是要我收徒，心里还真没底气。\n我还这么年轻有为，怎么就当人师父了。
Story/D_Meet_Option_01_02_039,瞧你说的甚么话，好像当人师父会要你性命一样。
Story/D_Meet_Option_01_02_040,不然我收师弟你当徒儿好了。
Story/D_Meet_Option_01_02_041,不，还是免了吧。
Story/D_Meet_Option_01_02_042,你认真吗？改宗入室，不是你多年以来的愿望吗？\n我不会使唤你啦，就挂名，挂名而已，你改姓唐，行走江湖也有底气。
Story/D_Meet_Option_01_02_043,事到如今，我已不存奢想，维持这样就好。
Story/D_Meet_Option_01_02_044,好笑吧？我杀人放火都敢，却不敢趁掌门卧病，阳奉阴违。
Story/D_Meet_Option_01_02_045,我若要入室，非得有掌门亲口允许不可。
Story/D_Meet_Option_01_02_046,师弟……！好，就按你妙计办理。
Story/N_Meet_Option_01_02_001,{size=40}门派规模升级{/size}
Story/N_Meet_Option_01_02_002,{size=40}容纳门人上升{/size}
Story/D_Meet_Option_01_20_001,派出去的弟子代表本门的脸面，\n你一个外姓弟子，武艺低微，去留甚么学？\n没的反倒丢人现眼。
Story/D_Meet_Option_01_20_002,说、说得也是。
Story/D_Meet_Option_01_20_003,有何不可？你纵有一身本领，出门在外，总有人武功比你高，\n没什么丢不丢人的，顶天立地便行。\n你想去留学，亦无不可，本座这便修书一封。
Story/D_Meet_Option_01_20_004,真的吗！多谢掌门！
Story/D_Meet_Option_01_20_005,太好了，师弟，掌门应允了。
Story/D_Meet_Option_01_20_006,……哼。
Story/D_Meet_Option_01_20_007,既然出去了，就好好干。\n不要半途被人赶了回来，否则你就到炼丹房找我领罚吧。
Story/D_Meet_Option_01_20_008,哦，好。
Story/D_Meet_Option_01_20_026,既然要去，便去崆峒吧。\n青城全真，皆以修真为本，非有积年苦心，难见小成。\n崆峒四门各有专擅，此去见习，料能增益见闻。
Story/D_Meet_Option_01_20_027,是！
Story/D_Meet_Option_01_20_028,去崆峒也好，离远一点，省得我见你就烦心。
Story/D_Meet_Option_01_20_009,什么什么？我都听见了，师弟要出门留学？
Story/D_Meet_Option_01_20_010,那我也要去。
Story/D_Meet_Option_01_20_011,你去什么去，你能听见，说明人在左近，\n何以故意不进正心堂议事！
Story/D_Meet_Option_01_20_012,呃，被、被你抓到了。
Story/D_Meet_Option_01_20_013,而且大师兄，掌门在此，你若要进来，也该先请安。\n这般冒冒失失的闯将进来，只怕有失体统吧。
Story/D_Meet_Option_01_20_014,这小子粗鲁惯了，本座懒得计较。
Story/D_Meet_Option_01_20_015,但是你哪里也别想去。
Story/D_Meet_Option_01_20_016,不公平！师弟都可以去！不公平！
Story/D_Meet_Option_01_20_017,大师兄，风水轮流转，\n这回你可知道我平日里的感受了吧，认命吧你。
Story/D_Meet_Option_01_20_018,唔。
Story/D_Meet_Option_01_20_019,大师兄，你若觉无聊，师弟出门后空缺的职务，\n能否请你代劳，多少分担一二？
Story/D_Meet_Option_01_20_020,但是我……我很忙。
Story/D_Meet_Option_01_20_021,你忙什么？门人各司其职，分明无人似你清闲。
Story/D_Meet_Option_01_20_022,就这么定了，每月你若贡献不足，便自去寻你二师弟领罚。
Story/D_Meet_Option_01_20_023,早知道我就不说了！都是你害的，臭师弟！
Story/N_Meet_Option_01_20_001,堂上众人齐心协力整治了大师兄，心中均自舒坦。\n在那之后，大师兄果真心不甘情不愿的替你干起杂役。\n虽然不认真，但首席弟子身体力行，已足教其他弟子服气了。
Story/T_Meet_Option_01_20_001,只可惜我要有半年见不到小师妹了。\n我会不会心力衰竭而死呀。
Story/T_Meet_Option_01_20_002,师兄这一去，要半年那么久吗。
Story/T_Meet_Option_01_20_003,……我能不能也去呢。
Story/N_Meet_Option_01_20_004,议罢，掌门便依承诺修书四封，致崆峒派。\n这是此时崆峒派掌派人从缺，由四位掌门分别领导的缘故。
Story/N_Meet_Option_01_20_005,唐门与崆峒派交情说好不好，说坏不坏，平时亦无甚交集。\n只是唐掌门以江湖地位而言，该与崆峒掌派人齐平，\n而崆峒四门掌门则稍矮一级，自然难以推辞唐门此请。
Story/N_Meet_Option_01_20_006,待你收拾得当，便告辞师门下山，向崆峒山去了。
Story/N_Meet_Option_01_20_007,此去崆峒有二千里路遥，四师兄便替你张罗了一匹便宜瘦马。\n令你不至耽误相约之期。
Story/N_Meet_Option_01_20_008,正当你感激涕零时，四师兄本色使然，又补了一句。
Story/D_Meet_Option_01_20_024,承惠1000钱。
Story/N_Meet_Option_01_20_009,你的眼泪没有白费，只是从感激之情转化成惋惜之情。
Story/D_Meet_Option_01_20_025,什么？你连1000钱也没有吗？真是个穷光蛋。\n行吧，你出门在外，那一点零钱还是放自己兜里省着用吧。\n这马，当作是我借你的便是。
Story/D_Meet_Option_101_01_001,杀人机关扑满……？\n一个扑满为何要杀人？
Story/D_Meet_Option_101_01_002,三师兄，你有所不知。\n若是寻常扑满，小偷要取出里面钱财，多的是办法。\n试想你辛辛苦苦的钱，一下就被人占为己有，岂不是很不甘心吗？
Story/D_Meet_Option_101_01_003,这时候就需要杀人机关扑满。\n若非你本人，旁人决计无从得知开启方法，\n一旦强行破坏，就会触动机关，射出钢钉、释放出毒气、同时引爆。
Story/D_Meet_Option_101_01_004,我的天……什么样缺德的人才会想出这种丧心病狂的玩意。
Story/D_Meet_Option_101_01_005,我喜欢，我宁可把自己的钱炸了也好过被人偷，举双手赞成。
Story/N_Meet_Option_101_01_001,杀人机关扑满的销路很差，不单滞销，而且还引发了案件。\n官府注意到你这人了。
Story/D_Meet_Option_102_01_001,门中石锁的握把朽烂了。\n我想着换一根木头的时候，产生了一个灵感。
Story/D_Meet_Option_102_01_002,那就是，门中弟子男女有别，体魄各异，气力自有强弱之分。\n统一都用同样的石锁锻练，力弱者不免为难，于力强者又效果有限。\n多置不同重量的石锁供人自选，固然可以解决困难──
Story/D_Meet_Option_102_01_003,但我若有办法可以一股脑儿全对付了呢？
Story/N_Meet_Option_102_01_001,你所发明的变重石锁备受好评，可因人体魄不同而随时调变。\n唯恐筋肉过于发达影响身材，而不愿锻练的小娘子们因此变得上进了。
Story/D_Meet_Option_103_01_001,掌门明鉴：前回那桩事情过后，关于本门的茅厕，弟子有些想法。
Story/D_Meet_Option_103_01_002,嗯，说吧。
Story/D_Meet_Option_103_01_003,有鉴于前回那桩事情，关于本门的茅厕，我有些想法。
Story/D_Meet_Option_103_01_004,师弟你说的可是茅厕堵塞的事情？\n那事要善后，可真是辛苦你了。
Story/O_Meet_Option_103_01_001,正是
Story/O_Meet_Option_103_01_002,正是，但是用干话的形式表达
Story/D_Meet_Option_103_01_005,三师兄，请你说话有点分寸，那个不叫堵塞，叫做炸毁。\n做人要实事求是，不能文过饰非。
Story/D_Meet_Option_103_01_006,哈哈哈哈哈！
Story/D_Meet_Option_103_01_007,不要理他。
Story/D_Meet_Option_103_01_008,……。
Story/D_Meet_Option_103_01_009,大家都知道，本门善于用毒，清洁观念尤重。\n是以本门前辈将茅厕筑于山林幽森，通风之所。
Story/D_Meet_Option_103_01_010,虽然有点远，未免不便，但长此以往，大家都习以为常了。\n趁这次机会，我想大刀阔斧，在离大院近的地方重盖一间茅厕。
Story/D_Meet_Option_103_01_011,别吧……就怕气味熏人。
Story/D_Meet_Option_103_01_012,放心，我已有盘算，看我的就是了。
Story/N_Meet_Option_103_01_001,你调用材料，耗用几日光阴，总算使新茅厕如期完工。
Story/D_Meet_Option_103_01_013,师弟，你这新茅厕……盖得近虽然好，\n但往上走几阶，便是大院，我就怕被风一吹，上面住的人日子不好过。
Story/D_Meet_Option_103_01_014,那两条颜色的绳子又是干嘛的？
Story/D_Meet_Option_103_01_015,哎唷，不对，仔细一看，还有一条红的藏在后边，是三条绳。
Story/D_Meet_Option_103_01_016,稍安勿躁，看看这个。
Story/N_Meet_Option_103_01_002,说着你拉下绿绳子，马桶中便有旋盖关上。\n旋即周遭喷洒出你调配的香药水。
Story/D_Meet_Option_103_01_017,哦哦～这样一来，就不用担心气味了。
Story/D_Meet_Option_103_01_018,还有除臭、消毒的香药水。
Story/D_Meet_Option_103_01_019,那第二条绳子呢？
Story/D_Meet_Option_103_01_020,是冲水机关。
Story/D_Meet_Option_103_01_021,是要将秽物冲走吗？
Story/D_Meet_Option_103_01_022,不是，冲的是各位的屁股，冲完再用纸擦，这才干净。
Story/N_Meet_Option_103_01_003,你拉下黄绳子，马桶中便有一根竹管伸出，接着盖子自动掀开，\n一股涓涓细流射出，显然是默认了目标。
Story/D_Meet_Option_103_01_023,这……起意是好，就是有点令人难为情。
Story/D_Meet_Option_103_01_024,光明正大地把屁股洗干净，好过把屎夹屁沟里带走。
Story/D_Meet_Option_103_01_025,这话说的虽然粗鲁，可是也在理。
Story/D_Meet_Option_103_01_026,哪里还有错的，我告诉你，那些所谓大侠全部屁股夹屎啦！\n哪有人不大便的！
Story/D_Meet_Option_103_01_027,行了，师弟快别说了，我知道的够多了。
Story/D_Meet_Option_103_01_028,此言差矣，人与禽兽之异同，在于人有灵智。\n既有灵知，便当自爱，焉能耻于清洁。
Story/D_Meet_Option_103_01_029,天人亦有五衰，何况凡人。\n既得色身，便注定满身泥垢，哪有谁不染尘呢？\n吾等来到人间，只求皮囊干干净净、舒舒服服，不生大病，也就是了。
Story/D_Meet_Option_103_01_030,……这话说的真好。
Story/D_Meet_Option_103_01_031,好过那些金玉其外，貌胜潘安，声称自己不用上茅厕，\n其实连屁股也没擦就到处浪的家伙。\n我长得虽然难看，好歹屁股比他们干净。
Story/D_Meet_Option_103_01_032,师弟……我前一刻还在钦佩你的见解，\n岂料你下一刻就说出这种话语来。
Story/N_Meet_Option_103_01_004,三师兄抱着复杂的情绪，默许新的茅厕继续存在。
Story/D_Meet_Option_103_01_033,等等，还有一条红色绳子是干嘛用的？
Story/D_Meet_Option_103_01_034,哦，问得好，这可是我得意之作，刚好方才有师弟用过茅厕。
Story/N_Meet_Option_103_01_005,你拉动红色绳子，机关启动，一条机关手臂将粪坑探出，开始旋转。
Story/D_Meet_Option_103_01_035,你做这个干嘛，好脏！快让它停下！
Story/D_Meet_Option_103_01_036,哈哈哈哈，这是我做的旋风投石炮，\n将来要是再有外敌敢来犯我唐门，就让他们知道这投石炮的厉害！
Story/D_Meet_Option_103_01_037,好，我们知道了，快让它停下！
Story/D_Meet_Option_103_01_038,放心，我打造的机关，哪能出什么纰漏？
Story/N_Meet_Option_103_01_006,你没死，但你宁愿死了，也不想受这种屈辱。
Story/D_Meet_Option_104_01_001,话说四师兄，你行商的时候，都会带刷牙子、牙膏、牙粉回来，对吧。
Story/D_Meet_Option_104_01_002,是呀，那玩意买回山上，可不是为了赚大家钱。\n咱们懂得使毒的最清楚不过，嘴巴不刷、屁股不擦，那有多毒。\n似世人那样光用盐、浓茶可不行。
Story/D_Meet_Option_104_01_003,这东西既然是生活必需品，那不如以后别买了。
Story/D_Meet_Option_104_01_004,你没讲错吧？
Story/D_Meet_Option_104_01_005,没错呀，我们自己来做，不就得了？看我的吧。
Story/N_Meet_Option_104_01_001,你所调制的唐门牙粉，清洁功效遥胜市售牙膏、牙粉，\n添以牛至、薄荷、沉香、龙脑、矿石粉等材料，\n能使人口气清新，牙齿洁白宜人。
Story/N_Meet_Option_104_01_002,四师兄携下山去售卖，大受好评，每每供不应求。
Story/D_Meet_Option_104_01_006,你需得记牢了，最大的一份，送至福建，与我爹参详，\n不能贸然进献朝廷，要先上下打点，待官家垂询，再行上贡。
Story/D_Meet_Option_104_01_007,是，小人记住了。\n另外两份，小半送去崆峒山，送交大小姐的故友魏小娘子；\n还有的，便送去南阳，献与贵人。
Story/D_Meet_Option_104_01_008,嗯，送去南阳的，需要华贵一点的盒子，去吧。
Story/D_Meet_Option_104_01_009,小人理会的。
Story/D_Meet_Option_104_01_010,赵活，你本领可真大呢，这样的好东西，也弄得出来。
Story/D_Meet_Option_104_01_011,我只想省点钱，没料到你会如此看重这样不值钱的东西。
Story/D_Meet_Option_104_01_012,唐门牙粉如今只此一家，你说它不值钱，它便不值钱。\n一旦没有了，想要的人要不得，到时什么价，还不是你说了算。
Story/D_Meet_Option_104_01_013,说的也是。\n不过我暂时不想再弄了，一天到晚磨粉，累死我了。\n唐门自己人用都不够了。
Story/D_Meet_Option_104_01_014,我一口气向你讨了这么多，也很过意不去。\n真是辛苦你了，这些辛苦钱也不多，你便收着吧。
Story/D_Meet_Option_105_01_001,门中的偷油婆太多了，经常在锅里盆里爬，得想点办法。
Story/D_Meet_Option_105_01_002,最好的办法，便是吃饱的饭桶们自觉点把碗盘洗了。
Story/D_Meet_Option_105_01_003,一群人挤着洗碗盘也不是办法。
Story/D_Meet_Option_105_01_004,为此，我决心要制造一种慢性毒药，下在食物里，\n偷油婆吃了一时不死，待牠回了老巢，才毒发身亡。
Story/D_Meet_Option_105_01_005,随后其他同伙又来分食牠的尸首，纷纷中毒，\n最终必能将其株连三族，一网打尽。
Story/D_Meet_Option_105_01_006,哦……以你而言，还算不坏的想法。
Story/T_Meet_Option_105_01_001,这二人几时如此合拍了？
Story/N_Meet_Option_105_01_001,此药十分灵验，好一段时间，唐门都没有再看到偷油婆的踪影。\n拿到山下兜售，也颇受欢迎，不过偶尔会发生毒倒猫狗的惨事。
Story/N_Meet_Option_105_01_002,此药发明，连带着唐门外堡的环境，都一并变干净了。
Story/D_Meet_Option_106_01_001,我想到了一件新暗器，想告假几日，请用些材料试做。
Story/D_Meet_Option_106_01_002,哦……却是何物？
Story/D_Meet_Option_106_01_003,当真？师弟，这可不得了。
Story/D_Meet_Option_106_01_004,名为『杀人毛笔』，看似与寻常毛笔无异，实则中心藏有棉絮。\n比笔毛更能吸水，只消笔尖染墨，湿濡棉絮，\n棉絮便会因为变湿而断裂，触动笔杆中的机关，射出毒针。
Story/D_Meet_Option_106_01_005,什么？为什么？
Story/D_Meet_Option_106_01_006,当然是为了射杀旁边的人啊。\n发暗器连抬手都不必，够阴狠吧？
Story/D_Meet_Option_106_01_007,天理难容！
Story/D_Meet_Option_106_01_008,……。
Story/N_Meet_Option_106_01_001,尽管三师兄身为文人不能容忍这种事物的诞生，你还是做出来了。\n杀人毛笔一面世，就干下了不少大案子。\n这下但凡识字的人，都知道唐门有多狠辣了。
Story/D_Meet_Option_501_01_001,怎么又提这个，不是说散会再聊吗？
Story/O_Meet_Option_501_01_001,说的对
Story/D_Meet_Option_501_01_002,抱歉。
Story/O_Meet_Option_501_01_002,故意提出一些难办的要求
Story/D_Meet_Option_501_01_003,你想怎样，是想要我给你寄土特产吗？
Story/D_Meet_Option_501_01_004,差不多。
Story/O_Meet_Option_501_01_003,感恩酬宾大回馈
Story/D_Meet_Option_501_01_005,想都别想，我哪里有空理你。\n这样吧，念在多年师兄弟情义，今日感恩酬宾大回馈。\n我这儿的商品，看上什么，都半价卖你！三师兄也一视同仁！
Story/D_Meet_Option_501_01_006,都这时候了，居然还想着赚钱。
Story/D_Meet_Option_501_01_007,我这已经不算赚了好吗？跟送人没两样。\n你总得让我拿回本钱啊。
Story/O_Meet_Option_501_01_004,好啦，土特产就土特产
Story/D_Meet_Option_501_01_008,……好吧，念在多年师兄弟情义。\n土特产就土特产吧。
Story/D_Meet_Option_501_01_009,我要指定土特产喔，不然你会走到大草原然后寄一堆草给我。
Story/D_Meet_Option_501_01_010,你把我想成什么人了！
Story/D_Meet_Option_501_01_011,我当然是在戈壁沙漠就抓一把沙子寄给你了。
Story/D_Meet_Option_501_01_012,我就知道！畜生！
Story/D_Meet_Option_501_01_013,我能指定土特产吗？我有想要的东西。
Story/D_Meet_Option_501_01_014,还指定喔？真厚脸皮……。\n你姑且说说看，只要不太贵的话，那还好说。
Story/O_Meet_Option_501_01_005,想知道小师妹过得好不好
Story/O_Meet_Option_501_01_006,解锁条件：小师妹出嫁
Story/D_Meet_Option_501_01_015,……这可远了，她夫家是在宁国府吧。
Story/D_Meet_Option_501_01_016,反正你要东游，顺路。
Story/D_Meet_Option_501_01_017,顺个屁，你有没有地理概念？\n我都说了要去福建，那是在南边。\n这样我还得到了临安再往西回头！
Story/D_Meet_Option_501_01_018,既然回头，要不要顺便回唐门坐坐？
Story/D_Meet_Option_501_01_019,坐个屁，宁国府离唐门有五、六千里路啊！
Story/D_Meet_Option_501_01_020,那不是满近的吗？大师兄咻咻两下，没几日就到了。
Story/D_Meet_Option_501_01_021,拜托噢，你有没有良心，拿我跟大师兄比。\n你看看我这身材，看看我这短腿，我有他一半脚程就算了得了。
Story/D_Meet_Option_501_01_022,我回不回来姑且不提，我也确实挺在意小师妹的。\n好吧，勉为其难跑一趟，也不全是为了你。
Story/O_Meet_Option_501_01_007,听说华山有神仙，而神仙有灵丹
Story/D_Meet_Option_501_01_023,华山的神仙……说的是全真七子中的太古真人郝大通吗？\n说的总不会是两百年前的希夷祖师吧。
Story/D_Meet_Option_501_01_024,听说郝道长神通广大，精通老庄易经，擅长卜筮占卦。\n算到华山有奇遇，果真获得希夷祖师的《睡功》，\n此后有所感悟，这才开创全真华山派，确是神仙般的传奇人物。
Story/D_Meet_Option_501_01_025,……有件事我一直很好奇啊，既然提到了，我就顺便问问。\n青城正一道不是驱鬼捉妖的吗？全真才是炼丹修真的吧？\n为啥青城派在炼丹，然后郝道长在玩符、占卦？
Story/D_Meet_Option_501_01_026,这你就问对人了，我知道。
Story/D_Meet_Option_501_01_027,距今二十多年前，崆峒火龙仙君、全真丘道长、郝道长、青城邹掌门，\n以及今时今日堕落成为地狱道法王的赵逵，曾经齐聚一堂，谈经论道。\n辩论会中，邹掌门与郝道长相谈甚欢，一见如故。
Story/D_Meet_Option_501_01_028,邹掌门遂将符箓法术传授郝真人，而郝道长则报以炼丹精要。\n否则青城正一道本来是不崇尚炼丹的，而郝道长也不会无故钻研老庄易学。
Story/D_Meet_Option_501_01_029,原来如此～虽然无关紧要但是合情合理，长见闻了。
Story/D_Meet_Option_501_01_030,不过郝道长算是退隐江湖了吧，师弟，你却是如何得知他有仙丹的？
Story/D_Meet_Option_501_01_031,去的时候，带上这个吧。
Story/D_Meet_Option_501_01_032,这该不会是我想的那个吧……？
Story/D_Meet_Option_501_01_033,是。
Story/D_Meet_Option_501_01_034,{size=24}我知道了。这件宝物，暂时由我保管。{/size}\n{size=24}不过没求到仙丹前，都还不宜声张。{/size}\n{size=24}就怕让人心怀期许，到头又空欢喜一场。{/size}
Story/D_Meet_Option_501_01_035,{size=24}有道理。{/size}
Story/D_Meet_Option_501_01_036,会求到的。
Story/D_Meet_Option_501_01_037,你们何以突然说起悄悄话？
Story/D_Meet_Option_501_01_038,没啥，没啥。\n师弟吩咐我用这锦囊来装仙丹。
Story/D_Meet_Option_501_01_039,……？
Story/N_Meet_Option_501_01_001,三师兄没有细问，只觉你未免有点儿婆妈。
Story/D_Meet_Option_501_01_040,尹道长告诉我的。
Story/D_Meet_Option_501_01_041,尹道长怎会告诉你这种事？
Story/D_Meet_Option_501_01_042,我们在聊吃了会改头换面的灵丹时，他提到的。
Story/D_Meet_Option_501_01_043,起死回生的丹药就有，让人变好看的反而没有……！
Story/D_Meet_Option_501_01_044,每个人都怕死，都致力于不死。\n相较起来变好看这事就没这么迫切了。
Story/D_Meet_Option_501_01_045,就是青城邹掌门亲口说的。
Story/D_Meet_Option_501_01_046,这便就是了。
Story/D_Meet_Option_501_01_047,就是崆峒派飞天门火龙仙君说的。
Story/D_Meet_Option_501_01_048,这便就是了。
Story/D_Meet_Option_501_01_049,地狱道法王赵逵说的。
Story/D_Meet_Option_501_01_050,……那事儿可真是难为你了。
Story/D_Meet_Option_501_01_051,别提了，都过去了。
Story/D_Meet_Option_501_01_052,我瞎猜的。\n我本来想怂恿你将全真七派都拜访一遍，总会有灵丹的。
Story/D_Meet_Option_501_01_053,瞎猜的你好意思理直气壮跟我说？真无耻。
Story/D_Meet_Option_501_01_054,好吧，我接受了。\n就当作是偿还掌门多年的恩情，再为唐门尽最后一份心。
Story/D_Meet_Option_501_01_055,不过话先说好，要是求到丹药，我会亲自送来。\n要是求不到，我可就不回了，顶多只送信通知喔。
Story/D_Meet_Option_502_01_001,三师兄……我想说件事。
Story/D_Meet_Option_502_01_002,嗯？但说无妨。
Story/D_Meet_Option_502_01_003,……。
Story/D_Meet_Option_502_01_004,怎么欲言又止的。
Story/T_Meet_Option_502_01_001,江湖动荡，唐门宛如一叶无根的孤舟，沉浮于浪尖，\n掌舵人病卧在床，船夫离散，稍有不慎便会覆灭。\n在这为难之秋，我真能撇下唐门不管吗？
Story/N_Meet_Option_502_01_001,你沉吟良久，终究说不出口。
Story/T_Meet_Option_502_01_002,不如……过些时日再提吧。\n等到江湖局势稳定，唐门踏稳脚跟，我再辞别。
Story/D_Meet_Option_502_01_005,没事，没事，当我没说吧。
Story/D_Meet_Option_502_01_006,……你要有事，可别藏掖着，大家都会帮你。
Story/D_Meet_Option_502_01_007,知道了。
Story/D_Meet_Option_502_01_008,……我要说一件挺没良心的事。
Story/D_Meet_Option_502_01_009,什么事你倒是说啊，弄得我越来越心慌了。
Story/D_Meet_Option_502_01_010,我要随我师父去大雪山一趟。
Story/D_Meet_Option_502_01_011,……是这件事啊，呼。
Story/D_Meet_Option_502_01_012,你好像早料到了。
Story/D_Meet_Option_502_01_013,毕竟尊师在山中落脚，也没隐藏来意。\n我早知你要提，就等你哪日开口而已。
Story/D_Meet_Option_502_01_014,原来是这样。
Story/D_Meet_Option_502_01_015,打算去多久？
Story/D_Meet_Option_502_01_016,我也不知道，我甚至都不清楚雪山派遗址在哪儿。\n按师父说，短则数月，长则一、二年。
Story/D_Meet_Option_502_01_017,我也不想在唐门正逢多事之秋的时刻出行，\n但是师命难违，没有办法。\n我尽量办事麻利点，争取快点回来便是。
Story/D_Meet_Option_502_01_018,不，师弟，你听我说。
Story/D_Meet_Option_502_01_019,什么？
Story/D_Meet_Option_502_01_020,……你能留到今日，唐门上下都欠了你。\n可是你没有义务非要承担责任，到底，你并不姓唐，只是外姓弟子。
Story/D_Meet_Option_502_01_021,……。
Story/D_Meet_Option_502_01_022,你可还记得，唐门的起源，还有外姓弟子真正的意义？
Story/D_Meet_Option_502_01_023,曾听门中已故师长说过。
Story/D_Meet_Option_502_01_024,最初的唐门，不过是一户姓唐的人家，独自隐居山林罢了。
Story/D_Meet_Option_502_01_025,唐朝安史之乱，是中原空前绝后的浩劫，饿殍遍野，人心惶惶。\n祖师不忍人间疾苦，于是散尽家财，买义田、施粥水以济灾民，\n又授以防身拳脚武功，让百姓不受流寇侵扰。
Story/D_Meet_Option_502_01_026,……还率民众盘据外堡，公然抗旨，与入蜀避难的玄宗皇帝作战。\n谁让那昏君害苦了天下百姓，逃入蜀中还想劳民替他修建行宫呢。
Story/D_Meet_Option_502_01_027,祖师爷与家人固守外堡之际，已有必死决心。\n其实，唐门香火如何不能灭？唐门的意志，却须永远流传。\n师弟，谨记祖师遗训，家训第十：
Story/D_Meet_Option_502_01_028,──『正邪存乎一心，不在人言。\n仗义敢犯天下大不讳，据理可与人间争长短，\n但求我辈胸怀坦荡，宁受千夫所指，与万人为敌，吾亦笑往矣。』
Story/D_Meet_Option_502_01_029,想想我们唐门的祖师爷，还真是狂妄至极。
Story/D_Meet_Option_502_01_030,可不是吗。
Story/D_Meet_Option_502_01_031,所以凡受过唐门恩惠，可以立身者，皆当背负唐门意志，决行他乡，\n一如当年，唐门祖宗为民怒犯天颜那般，不畏人言，毋忘铮铮傲骨，\n汝当活好自己，总有一天还济困乏之人。
Story/D_Meet_Option_502_01_032,这便是外姓弟子的真正意义，改宗入室的，反而是无家可归的孤儿寡母。\n祖师爷怜悯其身世，收作义子义女罢了。\n其实外姓、入室从来不分高低贵贱。
Story/D_Meet_Option_502_01_033,……这些话，我并非不曾听过，可是此刻才算明白。
Story/D_Meet_Option_502_01_034,那么，三师兄我以代掌门身份问你：\n唐门最后一个外姓弟子赵活。\n你已到时候继承唐门的意志，发起决行了吗？
Story/D_Meet_Option_502_01_035,……是，我已经准备好了。
Story/D_Meet_Option_502_01_036,师弟，此去珍重，我们始终是同门。\n江湖再见，后会有期。
Story/D_Meet_Option_502_01_037,后会有期。
Story/D_Meet_Option_502_01_038,想好了？那便出发吧。
Story/D_Meet_Option_502_01_039,……就可惜了你和同门师兄弟给我搭的竹屋，搭得那么好，又凉。\n住着挺惬意的。
Story/D_Meet_Option_502_01_045,就可惜了你给我搭的竹屋，比我从前住的要好。
Story/D_Meet_Option_502_01_040,我们回来，师父还能接着住啊。
Story/D_Meet_Option_502_01_041,为师不会再来了。
Story/D_Meet_Option_502_01_042,……。
Story/D_Meet_Option_502_01_043,那也无妨，往后弟子给你在大雪山，也起新房子。
Story/T_Meet_Option_502_01_003,那该有多好，这个弟子虽然难看又愚钝，总算还知道孝敬师父。
Story/D_Meet_Option_502_01_044,将来的事，谁能说得准呢？
Story/D_Meet_Option_701_01_001,听说从前那位点苍派的弃徒，最近被目击在蜀中活动的样子。
Story/D_Meet_Option_701_01_008,近来风传，苍松剑客回到蜀中活动的样子。
Story/D_Meet_Option_701_01_002,真的？听说他一看到武林中人，拔剑就斩。\n偏生剑法快得出奇，至今没人能捉到他。
Story/D_Meet_Option_701_01_003,这样我跑商在外岂不是很危险吗？\n武林盟不去捉这种疯子，跑来整我们干嘛！
Story/D_Meet_Option_701_01_004,这……你出门在外，凡事小心点吧。
Story/D_Meet_Option_701_01_005,我可以带护卫下山吗？
Story/D_Meet_Option_701_01_006,别，四师兄，我说真的，我加你也不是人家对手。\n你自己去死就好，不要拖我下水。
Story/D_Meet_Option_701_01_007,昔日谦抑斯文的少年剑侠，怎么就变成了这副模样，唉。\n造化弄人。
Story/T_Meet_Option_701_01_001,云裳总缠着我喊爷爷，如今也听不到她叫嚷了。\n她走了，在大家的心口上都开了一个口子。
Story/T_Meet_Option_701_01_002,叶兄……你真的已经疯魔了吗？
Story/D_Meet_Option_702_01_001,啊～你说那件事啊。
Story/D_Meet_Option_702_01_002,哪件？
Story/D_Meet_Option_702_01_003,对，就是那件事。
Story/D_Meet_Option_702_01_004,真的很可怕呢，难为你了。
Story/D_Meet_Option_702_01_005,你们在说什么，师弟你被通缉的话，我岂会不知？
Story/D_Meet_Option_702_01_006,劝你别问了，三师兄，等下会看到很毒的东西。
Story/D_Meet_Option_702_01_007,不行啊，我忝为代掌门，这种事怎么能够不明不白的？
Story/D_Meet_Option_702_01_008,你一定要问？
Story/D_Meet_Option_702_01_009,这是自然，本门之中竟然有朝廷钦犯！
Story/T_Meet_Option_702_01_001,朝廷虽没对本门公开声讨，但也差不多了。\n真有朝廷钦犯，也不是什么大事。
Story/D_Meet_Option_702_01_010,冷静点，刀子先收起来，师兄。\n师弟不是被我大宋朝廷通缉，而是被大蒙古国的成吉思汗通缉啊。
Story/D_Meet_Option_702_01_011,什么？
Story/D_Meet_Option_702_01_012,这回又是犯了什么事？
Story/D_Meet_Option_702_01_013,什么叫「又是」，我从前那些都是冤罪。
Story/D_Meet_Option_702_01_014,那这次呢？
Story/D_Meet_Option_702_01_015,自然也是冤罪。
Story/D_Meet_Option_702_01_016,究竟是怎么回事，你详细说说。
Story/D_Meet_Option_702_01_017,我就知道早晚会有这么一天……。
Story/D_Meet_Option_702_01_018,三师兄，你对我一点信心也没有吗？\n你这样令我好心寒，就算我不是好人，也不代表每桩坏事都有我掺一脚。
Story/D_Meet_Option_702_01_019,抱歉，是我太武断了。\n究竟是怎么回事，你详细说说，我听着。
Story/D_Meet_Option_702_01_020,究竟是怎么回事，你详细说说。
Story/D_Meet_Option_702_01_021,你一定要问？
Story/D_Meet_Option_702_01_022,这是自然，本门之中竟然有朝廷钦犯！\n我忝为代掌门，这种事不明不白的？
Story/T_Meet_Option_702_01_002,朝廷虽没对本门公开声讨，但也差不多了。\n真有朝廷钦犯，也不是什么大事。
Story/D_Meet_Option_702_01_023,我又不是被朝廷通缉，而是被大蒙古国的成吉思汗通缉。
Story/D_Meet_Option_702_01_024,成、成吉思汗？你到底做了甚么事，连蒙古人都想杀你？
Story/D_Meet_Option_702_01_025,你也知道，之前我不是跟全真教的丘真人去了一趟大漠吗？
Story/D_Meet_Option_702_01_026,成吉思汗想要知道长生不死的方法，\n召了我、丘真人，还有传说中的杏花仙人一齐入大帐，各自说法。
Story/D_Meet_Option_702_01_027,杏花仙人？\n南阳杏花林中，那位只要诚心祷告，就会以锦囊为人指点迷津的仙人吗！\n原来是真有其人？真亏成吉思汗能请出了这样一位人物。
Story/D_Meet_Option_702_01_028,丘真人也是活神仙一般的人物。\n那一行，偏就咱们师弟一个俗物混在里边，特别奇怪。
Story/D_Meet_Option_702_01_029,我会被大汗通缉，都是这位杏花仙害的。
Story/D_Meet_Option_702_01_030,这……那位德高望重的前辈，与你无冤无仇，无端怎会害你？
Story/D_Meet_Option_702_01_031,大·错·特·错。
Story/D_Meet_Option_702_01_032,……。
Story/D_Meet_Option_702_01_033,你看吧，很伤眼睛的毒物出现了。\n师兄，这可是你自找的。
Story/D_Meet_Option_702_01_034,我话里哪里不对，还望师弟见示。
Story/D_Meet_Option_702_01_035,你错的是，那位杏花仙不是前辈，而是一位容色倾城的妙龄少女啊！
Story/D_Meet_Option_702_01_036,少女？
Story/D_Meet_Option_702_01_037,正是，那是任谁一见真容都会瞬间沦陷的绝色美人。\n即令是我这样对小师妹死心塌地的人，也为她心旌摇撼。\n虽然不想承认，但我不由自主的见异思迁了。
Story/D_Meet_Option_702_01_038,真亏你可以把这种不要脸的事，像说别人的事一般讲得如此理直气壮。\n不过嘛，考虑到小师妹已嫁为人妇，你移情别恋似乎还比较道德一点。\n好过把别人的妻子时时挂念在心上。
Story/D_Meet_Option_702_01_039,四师兄，无论怎么说，你这话还是挺伤我的。
Story/D_Meet_Option_702_01_040,丘真人一言止杀，谏大汗应休干戈，养功德；\n杏儿则劝大汗要顺应天命，在有生之年大刀阔斧，\n征八荒以建千古功业，平四海以定万世安生。
Story/D_Meet_Option_702_01_041,这……这位杏花仙，杀气忒也重了吧。\n莫非你是为天下苍生喉舌，出言弹劾了这位杏花仙，才受恼恨？
Story/D_Meet_Option_702_01_042,正是如此，如果可以，我也不想拂逆她的心意。\n但冷看兵燹以害天下苍生，终究于心不忍。
Story/D_Meet_Option_702_01_043,师弟，你敢舍身力谏，救万民于水火，无愧一个侠字。\n愚兄好生佩服你。
Story/D_Meet_Option_702_01_044,那可不是，你也知道咱们师弟嘴功了得，\n本来成吉思汗听得雄心万丈，给咱们师弟当头泼冷水，\n那还不气得当场下令宰了他。
Story/D_Meet_Option_702_01_045,是这样吗？我之前不是听你说，\n你支支吾吾半天也讲不出个所以然吗？
Story/D_Meet_Option_702_01_046,我是拙于口才，可不是怕了哦？\n我虽然说不出大道理，但是我有明确跟大王说：\n『你都快死了，不要打仗比较好，可能打不完』喔！
Story/D_Meet_Option_702_01_047,难怪你会被下令追杀！哪有你这么说话的！
Story/D_Meet_Option_702_01_048,不是，我被通缉的原因是轮到我发言的时候……
Story/D_Meet_Option_702_01_049,我就在杏儿后面情不自禁露出了这种表情。
Story/D_Meet_Option_702_01_050,于是就被通缉了，要不是丘真人说情，我肯定连大帐都出不去。
Story/D_Meet_Option_702_01_051,……唉，我很不想这么说，不过师弟你确是本门之耻。\n与你为伍，是我交友不慎。
Story/D_Meet_Option_703_01_001,有了，我们反客为主，在被飞石帮打之前，先去打爆他们。
Story/D_Meet_Option_703_01_002,何出此言？当此之际，理应休养生息，以备武林盟围剿才对。
Story/D_Meet_Option_703_01_003,『被围剿』这件事根本无需准备吧，反正是死定了。
Story/D_Meet_Option_703_01_004,这……说得有理。
Story/D_Meet_Option_703_01_005,以前大师兄还在的时候，也经常说应该要适时敲打一下飞石帮，\n否则他们长大长歪就不得了了。
Story/D_Meet_Option_703_01_006,当时我还觉得这人在说什么鬼话。\n放现在看来，大师兄确有先见之明。
Story/D_Meet_Option_703_01_007,然则他们人多，难免良莠不齐，真正武功高强的只有帮主石公远一人。\n我们率领菁英骚扰他们的分舵，肯定所向披靡。
Story/D_Meet_Option_703_01_008,他们人多，难免良莠不齐，真正武功高强的只有帮主石公远一人。\n我们率领菁英骚扰他们的分舵，肯定所向披靡。
Story/D_Meet_Option_703_01_009,我们先杀他个措手不及，挫挫飞石帮锐气。\n好叫那些帮众不敢再小觑我唐门中人。
Story/D_Meet_Option_703_01_010,这样不会反而激怒他们帮主石公远吗？\n要是他们一怒之下率众攻上山怎么办？
Story/D_Meet_Option_703_01_011,那又何妨，反正到头是死路一条。\n还不如痛痛快快大闹一番再死。\n别让人以为咱们只会坐以待毙。
Story/D_Meet_Option_703_01_012,我料定他们不敢。\n他们若敢不奉武林盟号令，擅自向本门出手，\n到头来不免得罪当今武林盟主，下一个倒霉的就是飞石帮了。
Story/D_Meet_Option_703_01_013,不能只有我死，我即便要死，也要拖仇家下水。
Story/D_Meet_Option_703_01_014,好卑鄙的手段。
Story/D_Meet_Option_703_01_015,我喜欢。
Story/D_Meet_Option_703_01_016,你们两个……唉，唐门名声危矣。
Story/D_Meet_Option_703_01_017,慢慢慢慢慢，师弟，有话好说！你这计划未免太过仓促了些。
Story/D_Meet_Option_703_01_018,什么仓促？
Story/D_Meet_Option_703_01_019,我完全是心血来潮啊。
Story/D_Meet_Option_703_01_020,？！
Story/O_Meet_Option_703_01_001,消极的
Story/D_Meet_Option_703_01_021,啊，不过我虽然会参战，但不会出手喔。
Story/D_Meet_Option_703_01_022,这又是为何？
Story/D_Meet_Option_703_01_023,不仅如此，我还会东躲西藏，丑态毕露，令师弟妹们失望。\n最多护住他们一条小命，也就是了。
Story/D_Meet_Option_703_01_024,这是为何？
Story/D_Meet_Option_703_01_025,师弟妹们入门时日尚浅，不觉得让他们一起赴死，很是可惜吗？\n一旦被飞石帮打伤，来日武林盟杀至，大家想送死也没那么容易了吧。
Story/D_Meet_Option_703_01_026,不跟人拚命，就不会没命。\n武林盟那群所谓大侠，最忌天下人悠悠之口，自重名声，\n对手伤势越重，他们下手越能容情，不会轻易取人性命。
Story/D_Meet_Option_703_01_027,！！
Story/D_Meet_Option_703_01_028,师弟，你却是宅心仁厚的好人。
Story/D_Meet_Option_703_01_029,没这回事，我是坏人这件事，我有自知之明，只是比较照顾自己人罢了。
Story/D_Meet_Option_703_01_030,嘿，有点侠气了吧。
Story/D_Meet_Option_703_01_031,不愧是人称丑侠的奇男子。
Story/D_Meet_Option_703_01_032,不要提那个外号好吗？太难听了吧。
Story/T_Meet_Option_703_01_001,虽说不出手，要是逮到机会和飞石帮主独处的话，试着干掉他好了。
Story/O_Meet_Option_703_01_002,积极的
Story/D_Meet_Option_703_01_033,本门士气低靡，抑郁难伸，正好找飞石帮晦气，活动活动筋骨。
Story/D_Meet_Option_703_01_034,让他们杀几个飞石帮众，壮壮胆气。\n不要到头又来妇人之仁，害人害己。
Story/D_Meet_Option_703_01_035,你这话说得有点儿过火，但也实在。
Story/D_Meet_Option_703_01_036,接下来的事，可不是小打小闹。
Story/D_Meet_Option_703_01_037,要有连飞石帮都怕的，也趁这次机会壮壮胆气。\n倘若还是不行，便趁早劝退了，免得白送性命。
Story/D_Meet_Option_703_01_038,师弟所言甚是。
Story/D_Meet_Option_703_01_039,好，那就依你建言，去飞石帮分舵捣蛋吧。
Story/N_Meet_Option_703_01_001,于是你率众对飞石帮分舵发动了猝不及防猛袭。
Story/T_Meet_Option_703_01_002,大师兄，你看到了吗？我带人来砸你仇家场子了。
Story/N_Meet_Option_703_02_001,飞石帮主一如所料，即令气得牙痒痒的，却忌惮武林盟，不敢轻举妄动。\n只能由得你捣蛋、伤人、抢钱，给唐门出了口恶气。
Story/D_Meet_Option_704_01_001,那么就来举行段考吧。
Story/D_Meet_Option_704_01_002,段考？啊……本门以前确有这个习俗。\n自从掌门病倒，大师兄辞世，本门屡受重创以后，便无人再有心思提及。
Story/D_Meet_Option_704_01_003,我倒忘了，不过你在这当儿举行段考干什么？\n那不是你心中永远的痛吗？
Story/D_Meet_Option_704_01_004,此话怎讲？
Story/D_Meet_Option_704_01_005,别听他夸大其词。
Story/D_Meet_Option_704_01_006,……永远？
Story/D_Meet_Option_704_01_007,没他说的那么夸张，你别信他。
Story/D_Meet_Option_704_01_008,那都多久以前的事了。
Story/D_Meet_Option_704_01_009,如今大祸临头了，亡羊补牢一番也好啊。\n趁这机会指导一下师弟妹们。
Story/D_Meet_Option_704_01_010,若有本领来不及补救的，\n那便由三师兄语重心长地好言相劝，送他下山，免得他白白送命。
Story/D_Meet_Option_704_01_011,原来如此，师弟这主意着实不坏。\n忠义虽是侠道本色，但上天有好生之德，留取有用之身，将来还大有可为。
Story/D_Meet_Option_704_01_012,若有本领都不济，干脆就直接打断手脚扔出山门，\n免得他们平白无故把小命送在唐门。
Story/D_Meet_Option_704_01_013,原来如此，师弟这主意着实不坏。\n忠义虽是侠道本色，但上天有好生之德，留取有用之身，将来还大有可为。
Story/D_Meet_Option_704_01_014,不过打断手脚这就太过了，好言相劝也就是了。
Story/D_Meet_Option_704_01_015,也好，劝不听的再打。
Story/D_Meet_Option_704_01_016,真不知你是好人还坏人了。
Story/O_Meet_Option_704_01_001,三师兄
Story/O_Meet_Option_704_01_002,四师兄
Story/O_Meet_Option_704_01_003,你
Story/D_Meet_Option_702_02_001,那三师兄，就拜托你担任考官了，\n我和四师兄下场去对练了。
Story/D_Meet_Option_702_02_002,咦？我跟你？
Story/D_Meet_Option_702_02_003,那当然，只有我们两人实力在伯仲之间啊。\n要不然你要担任指点师弟妹们的考官吗？
Story/D_Meet_Option_702_02_004,那还是跟你对练比较好。\n不用太认真也可以，我会在适当的时候输掉的。
Story/D_Meet_Option_702_02_005,那三师兄，就拜托你担任考官了，\n我下场入队去当师弟妹们的对手。
Story/D_Meet_Option_702_02_006,好！
Story/D_Meet_Option_704_02_01_001,{size=24}四师兄，你放水也太过头了吧。{/size}
Story/D_Meet_Option_704_02_01_002,说什么傻话，我才不想流汗呢！
Story/N_Meet_Option_704_02_01_001,你和四师兄的对练激励了一众弟子，各自都有些领会。
Story/D_Meet_Option_704_02_02_01_001,下一个换我！
Story/D_Meet_Option_704_02_02_01_002,师兄，请指教！
Story/D_Meet_Option_704_02_02_01_003,咳吼──吃我的太阴波动气功！
Story/D_Meet_Option_704_02_02_01_004,阿活～打赢我的话，本梅就亲你一口！
Story/D_Meet_Option_704_02_02_02_001,师兄，请指教！
Story/D_Meet_Option_704_02_02_02_002,咳吼──吃我的太阴波动气功！
Story/D_Meet_Option_704_02_02_02_003,阿活～打赢我的话，本梅就亲你一口！
Story/D_Meet_Option_704_02_02_03_001,咳吼──吃我的太阴波动气功！
Story/D_Meet_Option_704_02_02_03_002,阿活～打赢我的话，本梅就亲你一口！
Story/D_Meet_Option_704_02_02_04_001,阿活～打赢我的话，本梅就亲你一口！
Story/D_Meet_Option_704_02_02_05_001,废物阿活，不是男人！
Story/D_Meet_Option_704_02_02_05_002,啾。
Story/D_Meet_Option_704_02_02_05_003,你、你还真亲啊。
Story/N_Meet_Option_704_02_02_05_001,你心情大好，但是周遭投来不善的目光。
Story/D_Meet_Option_704_03_001,那四师兄，就拜托你担任考官了，\n我和三师兄下场去对练了。
Story/D_Meet_Option_704_03_002,好得很，我这回可不会再留手了。\n今日就让你知道我袖里扇的厉害。
Story/D_Meet_Option_704_03_003,{size=30}师弟，我提醒你一句。{/30}\n{size=30}你可得上心点，别在师弟妹的面前胜了三师兄。{/30}\n{size=30}他如今是代掌门，你若胜他，难免师弟妹们的信心不会动摇。{/30}
Story/D_Meet_Option_704_03_004,好，我理会得。
Story/D_Meet_Option_704_03_01_001,我输了。
Story/D_Meet_Option_704_03_01_002,这回是我赢了，师弟，你功夫进步好多。\n现在你我胜负各半，若再让你练几年，只怕我再也不是你对手了。
Story/N_Meet_Option_704_03_01_001,你等二人的攻防蕴含了唐门武功的神髓，\n看得众弟子目不暇给，眼花撩乱，感佩于心。\n不由得喝起采来。
Story/D_Meet_Option_704_03_01_003,啊，打得太忘我，不小心赢了。
Story/D_Meet_Option_704_03_01_004,师弟，我算服了你，我这回是真的没留手了。
Story/N_Meet_Option_704_03_01_002,三师兄输得坦荡，浑也没将胜负放在心上。
Story/N_Meet_Option_704_03_01_003,你等二人的攻防蕴含了唐门武功的神髓，\n看得众弟子目不暇给，眼花撩乱，感佩于心。\n只是看到代掌门败下阵来，师弟妹们不免心有惶惶。
Story/D_Meet_Option_704_04_001,既然是你提议重开段考的，不妨这次就由你来担任考官吧。
Story/D_Meet_Option_704_04_002,我？我行吗？
Story/D_Meet_Option_704_04_003,没什么，你就依序看师弟妹们两两拆招，\n指出他们招数之间的破绽，稍加点拨即可。
Story/D_Meet_Option_704_04_004,好吧，那我试试。
Story/N_Meet_Option_704_04_001,经过数个时辰之久的段考。
Story/D_Meet_Option_704_04_005,……。
Story/D_Meet_Option_704_04_006,……。
Story/D_Meet_Option_704_04_012,师弟这……这是不是讲的比你还好啊？
Story/D_Meet_Option_704_04_013,师弟这……讲的可真好啊。
Story/D_Meet_Option_704_04_014,别说我了，即使是从前传功使师叔在生之时，\n授课也没师弟说的这般深入浅出，简明扼要。
Story/N_Meet_Option_704_04_003,你的天赋在此开花结果，姑且不论你自身实力如何，\n你在指导旁人这件事情上，展现了非常优秀的水平。
Story/N_Meet_Option_704_04_004,受你指点的师弟妹们豁然开朗，武功突飞猛进，\n对你莫不钦佩得五体投地。
Story/N_Meet_Option_704_04_005,甚至还有师妹因此萌生了近似爱情的崇拜之意。
Story/D_Meet_Option_704_04_007,还算……过得去吧？
Story/D_Meet_Option_704_04_008,嗯，害我提心吊胆的，没想到师弟授课意外中规中矩的。
Story/D_Meet_Option_704_04_009,嗯，我若来讲，也相去不远吧，他没得过本门师长真传，\n没想到于本门精要却了如指掌。
Story/D_Meet_Option_704_04_011,我若来讲，也相去不远吧，师弟没得过本门师长真传，\n没想到于本门精要却了如指掌。
Story/N_Meet_Option_704_04_002,你的授课不求有功，但求无过，\n根据本门武功的基础指点师弟妹们，\n使他们得以印证所学，变得更有信心。
Story/D_Meet_Option_704_04_015,别、别气馁，师弟。\n从前我初任本门传功使的时候，也教得不伦不类，此乃人之常情。\n自己的本事和指点旁人，本就是两种不同技能。
Story/N_Meet_Option_704_04_006,这是你第一次尝试指导旁人练功，结果一塌胡涂。
Story/N_Meet_Option_704_04_007,尽管你努力表达，可惜口条欠佳，\n即使看得出师弟妹们的破绽，却始终言不及义。\n说了半天也没人听懂，甚至有引人误入歧途的倾向。
Story/D_Meet_Option_F_01_01_001,启禀掌门，弟子有事建言。
Story/D_Meet_Option_F_01_01_002,但说无妨。
Story/D_Meet_Option_F_01_01_003,各位师兄，我有一事，想和大家参详。
Story/D_Meet_Option_F_01_01_004,师弟请讲。
Story/D_Meet_Option_F_01_01_005,自修缮大院以来，本门名声日渐响亮，门中人丁兴旺起来，\n唐家大院受限于格局，挤死了也容不下这么多人。
Story/D_Meet_Option_F_01_01_006,所以我想，是否应该下定决心，赎回唐门外堡，容纳门人？
Story/D_Meet_Option_F_01_01_007,这都还欠着大笔债呢……不过师弟说得也在理。\n即便债况不容乐观，没有破釜沉舟的决心，还怎么振兴本门呢？
Story/D_Meet_Option_F_01_01_008,早该如此了，省得山上人多口杂，扰我清净。
Story/D_Meet_Option_F_01_01_009,赎回外堡好啊，不然我都没位子睡。
Story/D_Meet_Option_F_01_01_010,你没位子睡是因为胖吧。
Story/D_Meet_Option_F_01_01_011,就你多嘴！
Story/D_Meet_Option_F_01_01_012,此事确实刻不容缓。\n唐升，你设法筹措钱财，无论如何，先将外堡赎回再说。\n能够安身，门人方能立命。
Story/D_Meet_Option_F_01_01_013,是，弟子领命。
Story/D_Meet_Option_F_01_01_014,那我便修书一封，邀吕翁商议此事。
Story/N_Meet_Option_F_01_01_001,赎回了唐门外堡！连租客也一并入手了！
Story/D_Meet_Option_F_02_01_001,弟子从前在山脚茶肆做过小厮，那茶肆店面虽小，不算赚钱，\n但日常能结识不少游客，既能敦睦邻里，累积人望，\n又便于打听各种江湖传闻，使我唐门坐晓天下大事。
Story/D_Meet_Option_F_02_01_002,弟子从前在山脚茶肆做过小厮，结识不少游客，\n偶尔听人说道江湖传言，既能赚钱，也很悠哉。
Story/D_Meet_Option_F_02_01_003,如今本门振兴在望，是否应当考虑重操旧业呢？
Story/D_Meet_Option_F_02_01_004,嗯……赚钱事小，晓畅民情事大，便把这茶肆重新办起来吧。
Story/D_Meet_Option_F_02_01_005,是。
Story/D_Meet_Option_F_02_01_006,我也去帮忙。
Story/D_Meet_Option_F_02_01_007,三师兄，你记得吗？\n我还没住进唐门家大院以前，是在山脚茶肆做小厮的。
Story/D_Meet_Option_F_02_01_008,自然记得，你我便是那时，才混得脸熟的。\n我满腹牢骚，闲来便去店里坐着充作茶博士，讲故事。\n真怀念啊……。
Story/D_Meet_Option_F_02_01_009,那茶肆店面虽小，旨不在赚钱。\n日常结识游客，既能敦睦邻里，累积人望，\n又便于打听各种江湖传闻，使我唐门坐晓天下大事。
Story/D_Meet_Option_F_02_01_010,咱们那会儿结识不少游客，既能赚钱，也很悠哉。
Story/D_Meet_Option_F_02_01_011,正是。
Story/D_Meet_Option_F_02_01_012,如今本门振兴在望，是否应当考虑重操旧业呢？
Story/D_Meet_Option_F_02_01_013,好主意。
Story/N_Meet_Option_F_02_01_001,你们从前的茶肆，卖了人却被嫌偏僻，早已弃置不理。\n如今低价赎回，加一日修整、宣传，唐门茶肆方始重新开张。
Story/D_Meet_Option_F_03_01_001,掌门，弟子斗胆建言。
Story/D_Meet_Option_F_03_01_002,但说无妨。
Story/D_Meet_Option_F_03_01_003,本门药典失传，是以世人只道唐门擅用毒术。\n其实医毒同源，咱们深研药理，既能克敌致胜，也能悬壶济世才对。
Story/D_Meet_Option_F_03_01_004,……说的还不错。
Story/D_Meet_Option_F_03_01_005,故此，弟子斗胆想请奉掌门谕令，设医馆、药铺，\n以我唐门仁术，济世安民。
Story/D_Meet_Option_F_03_01_006,掌门，弟子同请。
Story/D_Meet_Option_F_03_01_007,很好，难得的很。\n这样的好事，何必问我，便去做吧。
Story/D_Meet_Option_F_03_01_008,是。
Story/D_Meet_Option_F_03_01_009,谨奉掌门谕令。
Story/D_Meet_Option_F_03_01_010,蠢材，你随我来。\n这事还得和镇上李大夫通通气，否则无异断他生路。
Story/D_Meet_Option_F_03_01_011,三师兄，我想在山下设医馆、药铺。\n以我唐门仁术，济世安民。
Story/D_Meet_Option_F_03_01_012,真的吗？
Story/D_Meet_Option_F_03_01_013,自然是真的，世人只道唐门擅用毒术。\n其实医毒同源，咱们深研药理，既能克敌致胜，也能悬壶济世才对。
Story/D_Meet_Option_F_03_01_014,那敢情好，这样的好事，甭管花销，\n怎么着也得挪出置办药铺的钱财来，你等我。
Story/N_Meet_Option_F_03_01_001,你们在村镇边缘偏僻处，买了便宜土地，筑篱盖了药铺。\n请来镇上李大夫作客席大夫，使其不至被断谋财生路，兼能互利互惠。\n唐门药铺，堂堂开张。
Story/D_Meet_Option_F_04_01_001,啊，话说，咱们山上不是有一处温泉吗？
Story/D_Meet_Option_F_04_01_002,说起来确有这回事，不过那一带，连着几间破屋子一起卖人了。
Story/D_Meet_Option_F_04_01_003,……不如赎回来，改建成澡堂，如何？
Story/D_Meet_Option_F_04_01_004,澡堂吗？意思是，供人一块洗浴？
Story/D_Meet_Option_F_04_01_005,这……这未免有点伤风败俗了吧！\n师弟，你怎么会有这种淫荡的想法！
Story/D_Meet_Option_F_04_01_006,这还不是因为大家都打水在房间里洗，弄得一地湿答答的，\n叫他们拖干又不肯，冬天还好，夏天暑气一蒸，整个弟子房都是怪味！
Story/D_Meet_Option_F_04_01_007,三师兄，你都住在讲经楼，站着说话不腰疼。\n有本事你半夜来弟子房闻闻，就知道有多恶心了。
Story/D_Meet_Option_F_04_01_008,唔。
Story/D_Meet_Option_F_04_01_009,至于伤风败俗，却又何出此言呢？\n我们只要将温泉引流隔开，区分男女，严令禁止窥伺，\n便和现在男女弟子各自在房中洗浴一样，没有后顾之忧了吧？
Story/D_Meet_Option_F_04_01_010,那倒是……。\n好吧，值得考虑一下。
Story/N_Meet_Option_F_04_01_001,在那之后，三师兄去向债主商量。\n因为山中猿猴酷爱泡澡，滋扰民生的缘故，温泉周遭早已无人迹。\n用很低廉的价格赎回了温泉。
Story/D_Meet_Option_F_05_01_001,如今本门中兴，方圆尽皆归心，我想差不多是时候，\n将田地赎回来自耕自足了。
Story/D_Meet_Option_F_05_01_002,终于到了这一步啊。\n吕翁也不容易，一直替咱们保管着那二亩良田。
Story/D_Meet_Option_F_05_01_003,三师兄，此言差矣。\n第一，吕翁他容易得很，你不知他对佃农有多苛刻。
Story/D_Meet_Option_F_05_01_004,那第二呢？
Story/D_Meet_Option_F_05_01_005,咱们那二亩田地也非良田，没有施药，很难应对虫害。\n用寻常烟熏办法根本无济于事。\n我敢说除了本门之外，根本无人能够驾驭那二亩田地。
Story/D_Meet_Option_F_05_01_006,此言属实。头两年吕翁会遣人上山向我求药。\n后来他似乎认为我故意抬高药价，扬言要自己找人调药，我也由着他。
Story/D_Meet_Option_F_05_01_007,几个月后他再来，我就真将药价抬为十倍。\n从此吕翁就再也没派人来过了。
Story/D_Meet_Option_F_05_01_008,二师兄……你……唉，何至于此呢。
Story/D_Meet_Option_F_05_01_009,那么赎回田地一事，就成天经地义啦。
Story/D_Meet_Option_F_05_01_010,赎回以后，还能继续租给佃农，调降租金，大家都好过。
Story/D_Meet_Option_F_05_01_011,正该如此，否则怎叫义田呢？
Story/D_Meet_Option_F_05_01_012,只是赎回以后，不必再特意调降租金了。
Story/D_Meet_Option_F_05_01_013,师弟，农人生活不容易，你怎可如此狠心？
Story/D_Meet_Option_F_05_01_014,是吕翁开的条件，我们一赎回便调降，岂不令吕翁难堪？\n要我说，由本门提供杀虫药，保证收成，农人便会感恩戴德了。\n先管好自己人温饱，农人只要不饿死，便成了。
Story/D_Meet_Option_F_05_01_015,这……说得也是。
Story/N_Meet_Option_F_05_01_001,三师兄遂送信约吕翁见面详谈。\n吕翁虽早有将田地脱手的念头，不免还是要坐地起价。
Story/N_Meet_Option_F_05_01_002,多亏上官萤出面，一番周旋，最后唐门大获全胜。\n吕翁血本无归，完全不晓得这位女老板为何会站到唐门那边去，\n剥削得自己体无完肤，还得意洋洋盯着你，似像要求你夸奖她一般。
Story/N_Meet_Option_F_05_01_003,四师兄岂肯善罢干休，当即与吕翁展开论战，棋逢敌手，说的口沫横飞。
Story/N_Meet_Option_F_05_01_004,你也不甘示弱，从旁介入战局，充作白脸，\n一下善劝四师兄，一下又敲打吕翁，里应外合，将吕翁玩弄于股掌之间，\n最终迷迷糊糊脱口贱卖了义田才知上当。
Story/N_Meet_Option_F_05_01_005,最终吕翁与四师兄各退一步，达成协议，才让你们将义田赎回。
Story/D_S0003_01_001,呼，腰好酸。还有一半没擦。\n怎么都没人帮我？而且地上这些黄黄的污渍又是怎么来的？
Story/D_S0003_01_002,师弟！别擦了！现在不是干这件事的时候！
Story/D_S0003_01_003,怎、怎么，四师兄你冷静点！我快给你摇断脖子了！
Story/D_S0003_01_004,事情紧急，我长话短说，这事你非得帮我不可。
Story/D_S0003_01_005,山下卖捏面人的那个大眼锥，你知道吧？
Story/D_S0003_01_006,……我当然知道，三师兄想招募他，还被奚落了一番。
Story/D_S0003_01_007,干嘛？他终于也口没遮拦得罪你，你想除掉他了？
Story/D_S0003_01_008,你想那儿去了？想法如此凶残。
Story/D_S0003_01_009,大眼锥的爹怪他胸无大志，年纪轻轻就知整天玩食物，\n砸了他的摊车，逼他老实做生意卖面。
Story/D_S0003_01_010,为什么捏面人不算老实生意？又不偷不抢。
Story/D_S0003_01_011,因为大眼锥本来就是自己玩着玩着开始卖的。\n你想，又不是大城市，村镇里孩子就这么多，买过一、二回，便不买了。\n他生意惨淡到快吃不上饭，还捏个不亦乐乎，这算不算不务正业？
Story/O_S0003_01_001,算
Story/D_S0003_01_012,还真算，他也是堂堂成人了，总得养家活口。
Story/D_S0003_01_013,就是这么回事了。
Story/O_S0003_01_002,不算
Story/D_S0003_01_014,既然是他自小喜欢的事物，他心中一定有执念吧。\n那种不甘心，我是明白的。\n即使最后不得不面对现实，也要苦苦挣扎一番才放弃。
Story/D_S0003_01_015,……那你这样说，我好像也懂了。
Story/T_S0003_01_001,我现在就在唐门苦苦挣扎啊，我该何时清醒呢。
Story/D_S0003_01_016,先别打岔了，我都说了这事很急。
Story/D_S0003_01_017,分明是你把问题抛给我……算了，你快说吧。
Story/D_S0003_01_018,大眼锥于是开始卖起了清汤挂面，但是他卖的汤面一点儿味也没有。\n生意自然不好，大眼锥把心一横，把主意打到他家那头老牛身上，\n想卖牛肉面来着。
Story/D_S0003_01_019,那牛跟了他家几十年，如今已经老得耕不动了，仍在家里养着。\n大眼锥想宰来卖，他爹心怀感恩哪肯答应，父子吵起来，闹得不可开交。\n锥他娘见状，便想将牛卖了，眼不见为净，好歹比亲手杀了要好。
Story/D_S0003_01_020,我来找你，为的就是这件事，你快拿钱下山，替我把牛买回来！
Story/D_S0003_01_021,难道你要我将牛牵上山？山上的药田再怎样也不需要牛耕吧。
Story/D_S0003_01_022,傻子，谁说我要拿牛耕田的，你买到牛，\n就直接牵到市场口的肉铺，请肉贩子代宰了。你拿得动多少，\n就拿多少回来，剩下的都交肉贩代卖即可，我都讲好了。
Story/D_S0003_01_023,四师兄，你好残忍，竟然想害那牛。
Story/D_S0003_01_024,你心软个什么劲，又不是你养的。\n你再啰嗦，到时买到牛，要吃没你的份。
Story/D_S0003_01_025,不行，我要吃。
Story/D_S0003_01_026,那四师兄你又要去何方？
Story/D_S0003_01_027,我要赶去临镇，有个富户的儿子酒后硬要掌柜女儿陪酒，\n还拿刀威胁店小二猥亵掌柜女儿给他欣赏，被宋悲宋大人听闻此事，\n飞身上酒楼，把人揪住拖进官府。
Story/D_S0003_01_028,任那富户如何巴结宋大人都不为所动，治了他儿子的罪才离去。\n任他儿子品行不端，都是父母心尖肉，倾家荡产也想救出儿子。
Story/D_S0003_01_029,人之常情吧。
Story/T_S0003_01_002,别人之常情，不包含我。
Story/D_S0003_01_030,我此行就是去趁火打劫的，机不可失，快快～咱们分头行动。\n别管这些杂事了，交别人办就好。
Story/D_S0003_01_031,喂，喂，那个谁，你来一下。
Story/D_S0003_01_032,四师兄，你叫我吗？
Story/D_S0003_01_033,正是，我和师弟有要务在身，请你代劳，帮他把剩下的活做了吧。
Story/D_S0003_01_034,这……。
Story/D_S0003_01_035,师弟，大局为重，你再为这种小事拖延，\n到时没把事情办好，我可要生气了！走啦！
Story/D_S0003_01_036,赵师弟还真倒霉，事情从没做完的一天，\n被几个师兄呼来喝去，都没见他几日清闲的。
Story/N_S0003_01_001,你被同情了。
Story/D_S0003_01_037,凭什么要我来做？赵师弟平日游手好闲，\n被大家盯的没脸再混才来擦地的，做没两下又怎么有急事了？
Story/D_S0003_01_038,没错！几个师兄都偏心他，\n依我看，唐门上下就他一个人最好过，还好意思老是装可怜，呸。
Story/D_S0003_01_039,畜牲，我还道只有我一人看不下去。\n好得很啊，看我不去向掌门告状去！
Story/D_S0003_01_040,好，一起去！三人成虎！何况是事实！
Story/N_S0003_01_002,掌门虽未尽信他们三人说词，但也非愚钝无明之辈。\n你平日表现如何，他都默默看在眼里。
Story/D_S0003_01_041,不好意思啊，牛我家不卖了。
Story/D_S0003_01_042,怎么不卖了？
Story/D_S0003_01_043,我那只是气话，大黄跟了我家几十年，\n从小和我玩到大，我怎么舍得杀牠？我还宁可杀我爹。
Story/D_S0003_01_044,……之前亦有所感，你这人的嘴还真够狠辣的。
Story/D_S0003_01_045,这是家教问题，我要是人品有毛病，都是我爹的错。\n总之你请回吧，大黄我是绝计不肯卖的，\n牠辛苦了一辈子，如今老了，耕不了田，我就伺候牠到寿终便是。
Story/D_S0003_01_046,你看起来聪明，却不懂打算。\n这牛我看再养也养不久，到时才宰，就不值钱了。\n你都操了牠一辈子这才良心发现，未免太迟。
Story/D_S0003_01_047,我良心发现好过你良心不见。
Story/D_S0003_01_048,你良心在哪发现的？粪坑吗？
Story/D_S0003_01_049,在你坟头发现的啦。
Story/D_S0003_01_050,哦？是吗？你连死人东西都敢偷，真不是个东西。\n你妈知道你这么不争气吗？无能捏面仔。
Story/D_S0003_01_051,我捏面怎么了，又不偷不抢！
Story/D_S0003_01_052,你方才说你偷了我坟头的良心。\n你爷爷我人都没死，你就急着替我立坟，还真孝顺。
Story/D_S0003_01_053,──妈的，算你狠！唐门竟有你这种尽逞口舌之快的小人。
Story/D_S0003_01_054,赢了。
Story/N_S0003_01_003,你唇枪舌剑，尤胜手头功夫，伤人的话语翻陈出新，\n大眼锥虽然口舌伶俐，终究一介匹夫，哪里是你对手。\n被你骂了以后，回去抱着大黄哭了一场。
Story/D_S0003_01_055,没办法，他不卖，我总不能用抢，回去和四师兄说吧。
Story/D_S0003_01_056,这样最好，那我回去了。
Story/D_S0003_01_057,……慢着，你来都来了，我刚下了面，一块吃了再走吧。\n算是赔你白跑这趟。
Story/D_S0003_01_058,这怎么好意思。
Story/D_S0003_01_059,怎样，唐门大侠瞧不起我市井小民的清汤挂面是吧？
Story/D_S0003_01_060,哪有这种事。
Story/N_S0003_01_004,你到他家，叨扰了一碗汤面。\n除了放点盐外半点味道也无，这生意只怕做不长久。
Story/D_S0003_01_01_001,下山一趟，空手而归也挺可惜的。\n不如四处走走，再买些色纸回去吧。
Story/N_S0003_01_01_001,此时，远处忽闻嘈闹声。
Story/D_S0003_01_01_002,怎么了？我去看看。
Story/D_S0003_01_01_003,何大妈，发生了什么事？怎么那么多人？
Story/D_S0003_01_01_004,是姓赵的丑小子啊，你自己看呗。\n跪在李大夫门前，那戴斗笠的人啊，前日就在了。
Story/D_S0003_01_01_005,前日？
Story/D_S0003_01_01_006,可不是吗？听说是想求李大夫赐药，可偏偏没半点钱，\n人家李大夫虽说有点薄情吧，也是得开门生意养家活口的，\n断没道理自掏腰包赠药，又不是人人都活菩萨。
Story/D_S0003_01_01_007,李大夫好说歹说，劝他另觅良医，\n岂料那人性情恁地固执，就此长跪不起，都跪一日一夜了还不肯起来。\n李大夫朝他泼水、拿棍棒打他都不为所动，简直脑袋坏了。
Story/D_S0003_01_01_008,竟然有这种事。各位乡亲，借过，让我看看。
Story/D_S0003_01_01_009,你、你还不给我滚，真要让我喝西北风饿死吗？
Story/D_S0003_01_01_010,在下岂敢。\n只因家人久病不愈，四下打听，传闻李大夫有一灵丹，\n在下无法可想，只得斗胆厚颜求恳神医赐药。
Story/D_S0003_01_01_011,我还道你为何不去寻其他大夫，偏来烦老夫。\n虽然不知你从哪里听说的，但是我确有一祖传秘药。
Story/D_S0003_01_01_012,名曰『养命丹』，起死回生不好说，\n给将死之人延命几天的功效还是有的，\n只可惜配方早已失佚，我这里就剩两粒。
Story/D_S0003_01_01_013,在下斗胆请神医惠赐一粒灵丹，为我家人延命。
Story/D_S0003_01_01_014,你倒想得美，这两粒丹药，本来已经有主了，如今其中一枚已无人认领，\n本来嘛，本着济世为怀的心，丹药也不是不能让你，\n但你既然没钱，还有什么好说的？你赖在这里不走，这和勒索有何不同？
Story/D_S0003_01_01_015,在下岂敢，眼下虽然身无分文，\n若是大夫能够宽限几日，我必将白银十两如数奉上。
Story/D_S0003_01_01_016,少来，你个外乡人，还不是拿到药就跑了，有何凭据？\n到时我求助无门，还不给你活活气死。
Story/D_S0003_01_01_017,在下绝不肯为此卑鄙行为！\n拜托了，李大夫，家人……近日病情反复，我就怕她捱不住这几日。
Story/D_S0003_01_01_018,门都没有！滚蛋！\n有求于人仍不露相，我没有药可以赠给这种藏头露尾之辈！
Story/D_S0003_01_01_019,这……在下实有难言之隐，恕难从命。
Story/T_S0003_01_01_001,李大夫如此偏激倒也不是单纯吝啬，以前他轻信于人，\n医治了前来求诊的年轻人，结果病好了，老婆也被人拐跑了，真的是惨。\n想必那两枚丹药是打算等到老时与发妻一起服下的吧。
Story/T_S0003_01_01_002,这世间的人往往知人知面不知心，长得好看的人实际上是衣冠禽兽；\n相貌平庸却拥有一颗好心的，亦是所在多有。
Story/T_S0003_01_01_003,这人连面目也不肯暴露，却想叫李大夫无条件信他，未免异想天开。
Story/D_S0003_01_01_020,别再啰嗦了，你要不就拿钱来换药，要不就别挡人开门做生意，\n我老李就是一个乡下庸医，也有骨气，你想跟我耗上，那就来拼命啊！\n我饿死也不肯把药交出来！
Story/D_S0003_01_01_021,啊啊……。
Story/T_S0003_01_01_004,看来这件事恐怕难以善罢，说不定还会闹出人命来。
Story/O_S0003_01_01_001,我虽本领低微，但行侠未必要动武，我来替他担保！
Story/D_S0003_01_01_022,我虽本领低微，但行侠未必要动武，我来替他担保！\n这里碎银虽不足十两，权当抵押罢！
Story/O_S0003_01_01_002,十两白银实是太多了，我与这人素不相识，犯不着强出头。
Story/T_S0003_01_01_005,我可不像这个外乡人一样拍拍屁股就跑得了，\n因为一直替唐门采买跑腿的关系，这镇上乡亲大多都打过照面。\n万一我成了担保人，这家伙却跑路，那这笔债就得算在我头上了。
Story/T_S0003_01_01_006,即便唐门轻视于我，我又焉能往唐门头上叩屎盆子？
Story/D_S0003_01_01_023,正常人是不会随意替交往未深的陌生人担保的，\n但这个人看起来真的很需要帮助。
Story/O_S0003_01_02_001,替他担保
Story/O_S0003_01_02_002,继续考虑
Story/T_S0003_01_02_001,我默不吭声就好了，这根本不关我的事。
Story/O_S0003_01_02_003,默不吭声
Story/O_S0003_01_02_004,天人交战
Story/T_S0003_01_02_002,我与这人素不相识，犯不着冒着这天大风险，我又不是呆子。\n我根本没必要感到抱歉。
Story/T_S0003_01_02_003,这人当众跪在这里，一日一夜了也没人心生恻隐，我才不是最坏的那一个。
Story/T_S0003_01_02_004,说起来，我起初是为什么背井离乡投入唐门来着？\n……啊，我想起来了，重要的事。
Story/N_S0003_01_02_001,你以自身的意志，征服了不安定的混乱思虑，心智变强大了。
Story/D_S0003_01_03_001,李大夫，请稍等，有话好说。
Story/O_S0003_01_03_001,李大夫跟你挺熟的
Story/N_S0003_01_03_001,实际上李大夫跟你挺熟的，是长期的商业伙伴。
Story/D_S0003_01_03_002,哦，是你小子啊，今天有何贵干？\n上回你带来那批膏药卖得很好，大伙儿都说很快见效，\n该说唐门毕竟是唐门吗？医毒同源，用药你们确实是行家。
Story/D_S0003_01_03_003,这位兄台看起来真的很需要你割爱，白银十两虽然现在付不出来，\n但我这里有一袋碎银，权当订金抵押给你，由我来作担保人如何？
Story/D_S0003_01_03_004,你来担保……？小子，别怪我老头子啰唆。\n你们江湖中人总是侠义挂嘴边，其实何人不有私心？\n你既然开口，我自无怀疑，可你确实想好了后果？
Story/D_S0003_01_03_005,大夫毋需多言，一言既出，驷马难追。钱拿去。
Story/N_S0003_01_03_002,这便是你身上所有的钱了，没了这些钱，你只怕到时难以向四师兄交代。
Story/D_S0003_01_03_006,……！
Story/D_S0003_01_03_007,……用不着这么多，既是你开口，我便信一半了，拿回去。
Story/D_S0003_01_03_008,好，我这就去取药。
Story/D_S0003_01_03_009,听好了啊，患者若无下痢、呕吐情形，可直接服用；\n若有则将丹药捣碎和水，早晚各服一次，共分四次服用。
Story/D_S0003_01_03_010,多谢大夫，多谢大侠！
Story/O_S0003_01_03_002,你是抢生意的唐门贱人！
Story/D_S0003_01_03_011,你？又是你！经常在客栈兜售成药抢生意的唐门贱人！
Story/D_S0003_01_03_012,呃……。
Story/D_S0003_01_03_013,妈巴羔子的，各位乡亲听我一言：人有病！就得看大夫！千万不要乱服成药！\n唐门兜售的那些丹药乍看之下有效，实则你根本不知道里面掺了什么古怪玩意儿，\n我说得难听一点他们炼药的时候揉鼻屎进去你们也不知道！
Story/D_S0003_01_03_014,断无此事！\n本门出产的药品，皆依循本门古方炼制而成，绝对没有鼻屎。
Story/D_S0003_01_03_015,有没有鼻屎，你自己心知肚明！\n废话少说！你到底有何贵干？
Story/D_S0003_01_03_016,我只是想说，这位兄台看起来真的很需要你割爱，白银十两虽然现在付不出来，\n但我这里有一袋碎银，权当订金抵押给你，由我来作担保人如何？
Story/D_S0003_01_03_017,哈，多管闲事也要有个限度，好啊，你自己送上门来，正合我心意。\n我料定这个人铁定就是拿了药立刻闹失踪，由你这面熟的小子来担保更好。\n他若跑了，我就着落在你头上索款。
Story/D_S0003_01_03_018,乡亲们都听好了啊，这人是唐门的，他欠了我的钱，大家有目共睹。\n你若不还，我便天天去唐门前敲锣打鼓，要你们掌门押着你还钱。
Story/D_S0003_01_03_019,大夫毋需多言，一言既出，驷马难追。钱拿去。
Story/N_S0003_01_03_003,这便是你身上所有的钱了，没了这些钱，你只怕到时难以向四师兄交代。
Story/D_S0003_01_03_020,……！
Story/D_S0003_01_03_021,好，我这就去取药。
Story/D_S0003_01_03_022,听好了啊，患者若无下痢、呕吐情形，可直接服用；\n若有则将丹药捣碎和水，早晚各服一次，共分四次服用。
Story/D_S0003_01_03_023,多谢大夫，多谢大侠！
Story/D_S0003_01_03_024,请问恩公高姓大名，在下来日必当报答今日恩公高义。
Story/D_S0003_01_03_025,我叫赵活，唐门外……唐门弟子，\n你大可不必那么客气，千万别叫我恩公，我承受不住。
Story/D_S0003_01_03_026,是，那么恩公，虽说受了如此大恩，就那么离去实在礼数欠周，\n但家人饱受病痛煎熬，在下归心似箭，万望恩公海涵一二。
Story/D_S0003_01_03_027,还请恩公在此镇稍留，切莫行远。\n在下伺候家人服药后，自当再来拜谢恩公，以图后报。
Story/D_S0003_01_03_028,好。
Story/D_S0003_01_03_029,……好，吗。
Story/N_S0003_01_03_004,斗笠人沉吟片刻，除下斗笠。
Story/D_S0003_01_03_030,敝姓叶，若蒙恩公不弃，可唤我云舟。
Story/D_S0003_01_03_031,叶云舟……。
Story/D_S0003_01_03_032,点苍派的第一快剑手，苍松剑客叶云舟？！
Story/D_S0003_01_03_033,不敢当，只是叶云舟而已。
Story/T_S0003_01_03_001,点苍派与我唐门素有嫌隙，我却误打误撞帮了点苍弟子。
Story/D_S0003_01_03_034,不瞒恩公，叶某此行下山，来到贵宝地，与师门无关。\n纯为求药而来，无涉两派恩怨，还请恩公明鉴。
Story/D_S0003_01_03_035,是、是这样吗？
Story/T_S0003_01_03_002,他除下斗笠了？为何？明明在李大夫面前打死也不肯露出真面目的，\n我以为他很丑，结果竟然长这样！
Story/D_S0003_01_03_036,都说了不要叫我恩公……。
Story/D_S0003_01_03_037,好。那么容叶某僭越，且以平辈相称，赵兄弟，我们后会有期。
Story/T_S0003_01_03_003,哦！这称呼好有江湖味！我终于有成为江湖中人的实感了。
Story/D_S0003_01_03_038,叶兄，后会有期。告辞。
Story/D_S0003_01_03_039,告辞！
Story/D_S0003_01_03_040,他身法好快，虽然论姿态飘逸似乎比不上大师兄，但总之是很快。
Story/T_S0003_01_04_001,这样就好，这根本不关我的事，我还是考虑自己今后怎么过日子就好，\n毕竟我自己也不是游刃有余的状况啊。
Story/D_S0003_01_05_001,这样啊……没买到牛。\n要卖不卖的真不讲信用，害你白跑一趟，都是大眼锥的错。
Story/D_S0003_01_05_002,无妨，就当是下山透透气吧。
Story/D_S0003_02_01_001,把大把银两都拿去担保了，我现在身无分文，怎么回去交差？
Story/D_S0003_02_01_002,话说我要是回山上去，叶兄不知找不找得到我。\n我还是在街上走走逛逛，消磨一下时间吧。
Story/O_S0003_02_01_001,找零工赚快钱。
Story/O_S0003_02_01_002,飞石帮众：「招募粗工临时工～」
Story/N_S0003_02_01_001,半日过后。
Story/D_S0003_02_01_003,哼，要不是临时急缺人手，也不会找唐门的人帮忙。\n别忘了你们是怎么欺负人的。
Story/D_S0003_02_01_004,欺负人的可不是我啊，我也是被欺负的款啊。
Story/D_S0003_02_01_005,……那倒也是，一杆子打翻一船人，未免不地道。\n这些是今日工钱，你收着吧。
Story/D_S0003_02_01_006,多谢。
Story/O_S0003_02_01_003,街头卖艺
Story/N_S0003_02_01_002,半日过后。
Story/D_S0003_02_01_007,你小子挺行的，突然说要加入，我们都吓到了。\n不想你一下飞身上了竹竿，飞刀在手随抛随接，老练的很，竟是行家。
Story/D_S0003_02_01_008,唐门乃是当世暗器大家，耳濡目染，就是外姓弟子，\n也能耍两下子骗骗乡亲。
Story/D_S0003_02_01_009,唐门本事真这么大，干脆哪天我们也去投效好了！
Story/D_S0003_02_01_010,那我就在山上恭候大驾了。
Story/D_S0003_02_01_011,这是你的份，拿着。
Story/D_S0003_02_01_012,多谢。
Story/D_S0003_02_01_013,你小子，体魄那么差，还自告奋勇学人胸口碎大石。
Story/D_S0003_02_01_014,咕呃。
Story/D_S0003_02_01_015,别、别死了哦？我多给你一点钱，快去看大夫吧。
Story/D_S0003_02_01_016,嘿嘿，被我苦肉计骗到了吧。
Story/O_S0003_02_01_004,大宋闲汉赵活
Story/D_S0003_02_01_017,香婆，给打一个打香篆。
Story/D_S0003_02_01_018,来咧～
Story/D_S0003_02_01_019,小二，再上一壶新茶。
Story/D_S0003_02_01_020,来咧～
Story/D_S0003_02_01_021,少侠，小女子不想喝茶，想喝店外的甘草汤。
Story/D_S0003_02_01_022,那有何难，小娘子想要什么不能有？\n来个闲汉，拎钱去买甘草汤！
Story/D_S0003_02_01_023,来咧～
Story/D_S0003_02_01_024,少侠，你对我真好。
Story/D_S0003_02_01_025,小娘子，既然你都说我好，不如便跟了我吧。
Story/D_S0003_02_01_026,我同门师姊妹那么多好看的小娘子，你怎么就看上了人家？
Story/T_S0003_02_01_001,当然不只看上你啊。\n我先攻略了你，再去攻略你师姐，然后攻略你师妹。\n迟早把你派中好看的全都收入房中。
Story/D_S0003_02_01_027,我一见小娘子，便倾心于你，别的女子都看不上眼了。
Story/D_S0003_02_01_028,当真吗？我、我就怕自己配不上你。\n像少侠这样的英雄少年，该与其他有名气又美貌的女子结为佳偶才对。\n我这样的庸脂俗粉，真的可以吗……？
Story/D_S0003_02_01_029,我不许你这么说自己，在我心中，你就是天下最美貌的女子～
Story/T_S0003_02_01_002,之一。
Story/D_S0003_02_01_030,甘草汤来了！
Story/D_S0003_02_01_031,好，找零你收着，退下吧。
Story/D_S0003_02_01_032,多谢打赏。
Story/D_S0003_02_01_033,……话说方才那人的服色，好像是唐门中人。\n他怎么会当闲汉，替人跑腿的？
Story/D_S0003_02_01_034,我在此处，你却还看着别的男子？\n我要你一心一意，只看着我一人，否则这甘草汤，便不给你喝了。
Story/T_S0003_02_01_003,而我要看着好多好多人。
Story/D_S0003_02_01_035,少侠，你好坏！
Story/D_S0003_02_01_036,……要赌吗？
Story/D_S0003_02_01_037,赌什么？
Story/D_S0003_02_01_038,赌楼上那两位会不会天雷勾动地火，下楼向掌柜开间上房。
Story/D_S0003_02_01_039,哈哈哈哈！
Story/D_S0003_02_01_040,哈哈哈哈！
Story/D_S0003_02_01_041,别笑，你们俩笑这么大声，惊动了人家怎办？
Story/N_S0003_02_01_003,你堂堂唐门弟子不计形象去做跑腿的闲汉，没的自堕师门威风。\n换作别的门派，逐你下山，但唐门外姓弟子却不在此限，\n除非你违法犯禁，否则掌门知道了也不会怪罪于你。
Story/O_S0003_02_01_005,什么也不干。
Story/D_S0003_02_01_042,算了，不想了。
Story/D_S0003_02_01_043,街上这么热闹，我且到桥下听说书，找小朋友一起打弹子儿玩。\n偶尔无所事事也挺好的。
Story/N_S0003_02_01_004,你在街上无所事事，度过了悠哉的一天。\n把烦恼抛诸脑后，顿时就觉得天宽地广了。
Story/D_S0003_02_02_001,啊，太阳转眼就下山了。
Story/D_S0003_02_02_002,大家都卷铺盖回家了。\n今天没有夜市的吗？一下就变冷清了。
Story/D_S0003_02_02_003,……。
Story/T_S0003_02_02_001,我该不会是被人骗钱了吧？我在这，要干等到几时？
Story/D_S0003_02_02_004,赵兄。
Story/D_S0003_02_02_005,哇干！
Story/D_S0003_02_02_006,是、是叶兄，你不是回家了吗？
Story/D_S0003_02_02_007,是，叶某已令舍妹服下丹药，药力发挥，现在高烧已退。\n观其脉相，内息平静，现已睡下。\n看来那丹药确实灵验，李大夫名不虚传。
Story/D_S0003_02_02_008,原来你口中家人是个妹子，干什么这样神秘兮兮的。
Story/D_S0003_02_02_009,惭愧，叶某实有难言之隐。\n只因心系舍妹，走得仓促，有失礼数，故特此前来谢罪。
Story/T_S0003_02_02_002,这时候要是让他知道我只是外姓弟子，说不定会看轻我，\n我还是暂时不说为妙。
Story/D_S0003_02_02_010,如蒙赵兄不弃，可否移驾至叶某落脚舟中一叙？\n仓促间无以为敬，只备些拙酒，还望赵兄莫嫌弃。
Story/D_S0003_02_02_011,岂敢，那就却之不恭，叨扰一下了。
Story/D_S0003_02_02_012,太好了，赵兄，小舟离此处相去不过里许，请移驾吧。
Story/D_S0003_02_02_013,本来舍妹应该一并出来拜谢恩公，但是她身体抱恙，不便见客。\n此刻正在后舱休息，还请赵兄海涵，叶某代妹敬君一杯。
Story/D_S0003_02_02_014,别客气，养好身子再说吧。叶兄请。
Story/N_S0003_02_02_001,两人互敬一杯，黄汤入肚，驱散了寂夜寒江的冷清，\n意气相投，更平添几分豪情，使你品味到了向往已久的江湖醍醐味。
Story/D_S0003_02_02_015,赵兄，再敬你一杯。\n叶某有一不情之请，万望你允诺。
Story/D_S0003_02_02_016,但说无妨。
Story/T_S0003_02_02_003,千万别再问我要钱了，再要，我可就没办法打肿脸充胖子了。
Story/D_S0003_02_02_017,叶某与舍妹因为某些不足为外人道的情由，流浪异乡，\n在此还有几件事要办，等到春暖了，舍妹身体康复的时候就会动身离开。\n在此之前，希望赵兄万勿与旁人论及我们兄妹的行藏。
Story/T_S0003_02_02_004,这么神秘兮兮的干嘛？难道他欠债被人追杀吗？
Story/T_S0003_02_02_005,不过叶兄若想逃跑，大可不必回头寻我。\n可见他虽然浪迹江湖、夜宿小舟，却是可信之人，\n我这次帮忙担保虽说莽撞，但总算没有误信歹人。
Story/D_S0003_02_02_018,好，我答应你便是。击掌为誓。
Story/D_S0003_02_02_019,我信你。
Story/N_S0003_02_02_002,你与叶云舟击掌为誓，默契于胸，你觉得自己更像江湖中人了。
Story/N_S0003_02_02_003,酒过三巡，豪兴勃发，你与叶云舟论说江湖事，平日的惆怅都抛诸脑后。
Story/T_S0003_02_02_006,这位赵兄弟不知是何缘故，都受唐门这般冷遇，还不离不弃。\n莫非也似我兄妹二人一般，有着不得已的隐情吗？
Story/T_S0003_02_02_007,我竟然和江湖有名的苍松剑客结交变朋友，未免太有面子了。\n我回去定要好好吹嘘一番。
Story/D_S0003_02_02_020,赵兄，再敬你一杯。
Story/D_S0003_02_02_021,不不，我喝够了，再喝就要醉倒了，\n想不到你文质彬彬，酒量却这么好，我胃已经在烧了。
Story/D_S0003_02_02_022,这……是叶某疏忽了。\n下酒的小菜不足，没东西垫胃，酒喝多了难受。
Story/D_S0003_02_02_023,赵兄且稍等，我日间打了些野味，挂在林子里晒制，\n待我去取了回来，咱们烤了吃。
Story/D_S0003_02_02_024,现在？这个深夜里？不必了吧，天色那么黑，你会迷路。
Story/D_S0003_02_02_025,放心，我去去就回，舍妹就劳赵兄暂时看照了。
Story/O_S0003_02_02_Breal_01_001,出舱吹风
Story/O_S0003_02_02_Breal_01_002,叶云舟
Story/T_S0003_02_02_Breal_01_001,叶兄弟虽拘礼，却心肠很热。真是个好人啊。
Story/T_S0003_02_02_Breal_01_002,幸好没有误信歹人，以他的江湖名声、武功，也不必算计于我，\n虽说点苍派与本门有旧仇，但都揭过了。\n再说叶兄也没拿两派关系说事，对我和气得很。
Story/T_S0003_02_02_Breal_01_003,这钱应该是不用烦恼收不回来吧。
Story/T_S0003_02_02_Breal_01_004,不过他留我跟他妹在一块是不是不太好呀？\n这舟说小也不小，怎就没个船家？难道他自己划船吗？
Story/T_S0003_02_02_Breal_01_005,咦？这么说来，他来寻我的时候，\n岂不是放着他妹一个病人独处？\n这心也太粗了吧。不行，等他回来，我得好好善劝于他。
Story/O_S0003_02_02_Breal_01_003,叶兄的妹妹
Story/T_S0003_02_02_Breal_01_006,叶兄的妹妹服下丹药，在后舱睡着。\n舱中飘着甜腻的香气，不似熏香，是点心吗？\n看来是怕药苦，得就着甜食哄她吃吧。
Story/D_S0003_02_02_Breal_01_001,不行，我还是不要留在舱中好了。\n男女授受不亲，万一事情居然流传出去，听进旁人耳里，\n叶兄小妹的清白名声就毁了。
Story/T_S0003_02_02_Breal_01_007,不知道他妹妹长得好不好看？\n叶兄一表人才，他亲妹应该也坏不到哪去。
Story/D_S0003_02_02_Breal_01_002,呼，有些喝多了，出舱去透透气好了。
Story/D_S0003_02_03_001,哈～给夜风一吹，舒服多了。
Story/_S0003_02_03_001,此时你发现，寂静黑暗的岸边出现了几点不寻常的火光。
Story/D_S0003_02_03_002,点子就在舟上吧。
Story/D_S0003_02_03_003,看来不错，喏，那人看来不好惹啊。\n老远就察觉咱们三人的动静了，孤身出舱与咱们照面，算是恫吓吧。
Story/D_S0003_02_03_004,点苍派第一快剑手名不虚传。但就算他功夫深，又怎地？\n这趟说穿了就是赌命的活，得手了，一辈子不愁吃穿；\n失手了，左右就是个死。老早就有觉悟了。
Story/D_S0003_02_03_005,好，既然大家没有异议，那我就叫阵了。
Story/D_S0003_02_03_006,树丛那边好像有人，是叶兄吗？
Story/D_S0003_02_03_007,江湖人称「苍松剑客」的叶云舟叶大侠在此间吗？\n久仰大名，我等三人乃是阎关三煞，在梓州还算喊得出名号。\n传闻尊驾莅临，不敢怠慢贵客，故此漏夜来迎，唐突之处，还请见谅。
Story/T_S0003_02_03_001,阎关三煞！这这不是梓州有名的流氓吗？\n怎么会在这里？这下坏了。
Story/N_S0003_02_03_002,你听了他们三人的名号心下一惊，总算好过全然不知底细。
Story/T_S0003_02_03_002,虽然不知道是什么玩意，不过一听他们的外号，\n就知道不是好东西。
Story/N_S0003_02_03_003,你听他们报上名号，不禁心下惴惴。
Story/T_S0003_02_03_003,糟了，叶兄，你快回来啊！
Story/O_S0003_02_03_001,装傻。
Story/O_S0003_02_03_002,他还没有回来哦。（老实说）
Story/O_S0003_02_03_003,没错，我就是叶云舟。（嘴他们）
Story/D_S0003_02_04_001,三位大侠，你们认错人了，这里没有叫叶什么云舟的人。
Story/D_S0003_02_04_002,……我听说苍松剑客是一名俊美男子。\n仔细一看，这厮的尊容距离美男子确有十万八千里之远。
Story/D_S0003_02_04_003,该怎么说呢，是张令人印象深刻的脸，但是我同意。\n这家伙决计不是叶云舟。我们认错人了。
Story/D_S0003_02_04_004,丢脸丢到家了，快杀掉他，封口。
Story/D_S0003_02_04_005,有话好说，有话好说。
Story/O_S0003_02_04_001,喇嗲成功
Story/D_S0003_02_04_006,我虽然不认识什么叶云舟，但看这情势也知道是他怕了三位的鼎鼎大名，\n漏夜潜逃，不敢应战。\n若三位大侠高抬贵手，我一定动用全部人力到处宣扬三位的大名。
Story/D_S0003_02_04_007,{size=24}……他这样说哦。{/size}
Story/D_S0003_02_04_008,这提议不是挺不错的吗？\n我们仨躲那宋补头，好久没做出大案子，名声一直不上不下，\n让这小子替我们加油添醋广为宣传岂非美事？
Story/D_S0003_02_04_009,就这么干吧。\n喂，小子听着，爷仨今儿个心情好，饶你一命，你回去可得好生宣传，知道没有？\n要是被我发现你口是心非，散播难听的传闻，我这柄流星锤下次就往你头上招呼了。
Story/D_S0003_02_04_010,当然！当然！我一定好好宣传。
Story/D_S0003_02_04_011,你在这江上夜宿，除了咱们三人之外，还有看到其他人吗？
Story/D_S0003_02_04_012,没有了。就我一个无家可归的可怜人而已。
Story/D_S0003_02_04_013,看来消息有误，叶云舟不在这里。走了，走了。
Story/D_S0003_02_04_014,……你们在说我哥哥吗？你们认识他吗？\n我、我哥哥呢？哥哥……。
Story/T_S0003_02_04_001,哇干，挫屎。
Story/D_S0003_02_04_015,这女娃是谁？你不是说今夜江上就你一人吗？
Story/D_S0003_02_04_016,这、这，哈哈。
Story/O_S0003_02_04_002,喇嗲失败
Story/D_S0003_02_04_017,有什么必要打打杀杀的呢？\n来来来，小弟敬三位大哥一杯，咱们化敌为友怎么样？
Story/D_S0003_02_04_018,仔细一看，这家伙穿的一身青衣，岂非唐门的衣饰吗？
Story/D_S0003_02_04_019,岂有此理，唐门最擅长下毒的下作手段，\n这家伙是想趁机在酒里下毒暗害咱仨！
Story/D_S0003_02_04_020,须容他不得！使绝招宰了他！
Story/D_S0003_02_04_021,等……！
Story/N_S0003_02_04_001,你还想抗辩一下，不及防备便遭偷袭，\n连架式都没拉开，脑袋瓜就开花了。
Story/D_S0003_02_05_001,……。
Story/T_S0003_02_05_001,啊糟了，他请我千万不可以透露他行踪的，不小心说溜嘴了。
Story/D_S0003_02_05_002,你是叶云舟的朋友？还是跟我们同行的？
Story/D_S0003_02_05_003,看他这脸，怎么可能攀交得上大名鼎鼎的苍松剑客，铁定是同行。
Story/D_S0003_02_05_004,仔细一看，这小子一身青衣，岂不是唐门的衣饰吗？\n唐门中人自命正道，行事却卑鄙无耻。
Story/D_S0003_02_05_005,听说当今掌门第一大弟子，人称飞侠唐布衣的，\n也是个性好渔色，专门败坏女子名节的家伙。
Story/D_S0003_02_05_006,这家伙铁定也是冲着叶小娘子来的采花色狼！
Story/D_S0003_02_05_007,你不要血口喷人啊我告诉你，传出去我怎么做人啊！
Story/D_S0003_02_05_008,糟糕，咱们迟来一步，那个叶云裳八成早已被这厮……
Story/D_S0003_02_05_009,……唔嗯，有人叫我的名字？你们是谁？我哥哥呢？
Story/T_S0003_02_05_002,哇干，挫屎。
Story/D_S0003_02_05_010,你莫非就是叶云裳、叶小娘子？\n虽说稚气未脱，但果然是生得极美，好极，好极。
Story/D_S0003_02_05_011,这、这。
Story/D_S0003_02_06_001,你就是叶云舟？点苍派的苍松剑客？
Story/D_S0003_02_06_002,我听说苍松剑客，是个人如山岭苍松一样的美男子呀。
Story/D_S0003_02_06_003,是那个吧，那个。\n我小时候也因为家里穷而自卑，所以撒谎老爸是江洋大盗，\n好让儿时的玩伴不敢惹我。
Story/D_S0003_02_06_004,我也曾向隔壁村子的阿花夸口说考到功名要娶她为妻，\n实际上我一读书头就痛，教书的夫子还拼命烦，\n最后我一怒之下用砚台砸死了他，流亡为寇了。
Story/D_S0003_02_06_005,你那个听起来好像不太对，不过怎么样都好。
Story/D_S0003_02_06_006,听说点苍派第一快手叶云舟叶大侠有一柄听云宝剑在手，\n在下心慕已久，是否有幸能够开开眼界？
Story/D_S0003_02_06_007,哼，这剑嘛，有是有的，出鞘了不见血它收不回！你们当真要看吗？
Story/D_S0003_02_06_008,你们俩还啰唆什么，我们撞破了他的行踪，\n难道讲话客气点他就会放我们活路吗？
Story/D_S0003_02_06_009,喂，姓叶的，我们听说你带着一个大宝贝在身边，\n真人面前不说暗话，今儿个拼个你死我活，输了没怨尤，\n倘若侥幸给咱仨赢了一招半式，宝贝便归咱们兄弟三人啦！
Story/T_S0003_02_06_001,叶兄分明说他身无分文，连药钱都付不出来，\n怎么这些人却说他身上藏了宝贝？
Story/D_S0003_02_06_010,哼，我身上的宝贝何止一件，你们倒是说清楚点，说不定还有得商量。\n啊，不过总之一句话，要钱我是没有啦。
Story/D_S0003_02_06_011,有得商量吗？真的？不用打架了？
Story/D_S0003_02_06_012,笨蛋，叶大侠这是在暗示咱仨啊！\n他一路从大理奔至蜀中，想必阮囊羞涩，\n咱们送些金银供叶大侠花用，才合地主之谊啊。
Story/D_S0003_02_06_013,哼，还算你们有心。
Story/D_S0003_02_06_014,哪里哪里，这里是咱仨兄弟手头仅有一点心意，大侠请笑纳。
Story/D_S0003_02_06_015,叶大侠既然收了咱们的微薄心意，好歹得给个商量余地了吧？
Story/D_S0003_02_06_016,嗯，你们姑且说来听听。
Story/T_S0003_02_06_002,我姑且虚以委蛇，拖延时间等叶兄归来收拾他们。
Story/D_S0003_02_06_017,是这样的，听闻叶大侠与令妹一路上星夜兼程，风尘仆仆，\n夜宿这种寒酸小舟，未免这个、这个忒也委屈了。\n要是传出去，江湖上大家还不怪咱仨兄弟没尽到地谊？
Story/D_S0003_02_06_018,为此，想请叶大侠赏个光，由咱仨兄弟做个东道，\n请大侠上咱们当地最好玩的『花月楼』接风洗尘，\n饱餐一顿，沐浴更衣，好好玩上几天。
Story/D_S0003_02_06_019,我不欲声张，你们不知道吗？
Story/D_S0003_02_06_020,当然，是包场的，花费全由咱仨包了。\n决计无人会来打扰叶大侠清净。
Story/D_S0003_02_06_021,这么好？
Story/D_S0003_02_06_022,那当然，我还恨地方简陋呢，\n都说到这种地步了，大侠不至于令咱兄弟三人难堪吧？
Story/D_S0003_02_06_023,你们礼数如此周到，叶某十分感激，\n礼尚往来，不妨说说看，三位有何事可让叶某效劳的？
Story/N_S0003_02_06_001,此言一出，三人登时喜见颜色。
Story/D_S0003_02_06_024,咱仨兄弟要求也不多，斗胆只想要叶大侠一炷香的时间。
Story/D_S0003_02_06_025,一炷香的时间，要我做什么？
Story/D_S0003_02_06_026,一炷香的时间『什么也不做』。
Story/D_S0003_02_06_027,正确的说法是，在令妹沐浴更衣的那一炷香时间里，请你装聋作哑。
Story/D_S0003_02_06_028,……。
Story/D_S0003_02_06_029,请宽心，我保证咱们绝不碰令妹一根汗毛，咱们就只躲起来看看。
Story/T_S0003_02_06_003,这三人大费周章，竟然只为了偷窥叶姑娘的洗澡？\n简直丧心病狂，何等下流可耻！
Story/T_S0003_02_06_004,啊，不过好像可以理解，我也愿意为偷窥小师妹洗澡一掷千金。
Story/D_S0003_02_06_030,话说到这，再说就没意思了。\n还请叶大侠示下吧，肯，还是不肯？\n是要交咱仨朋友呢，还是要刀子下见真功夫？
Story/D_S0003_02_06_031,咱自知是打不过你的，但你有把握与咱仨为敌，\n同时兼顾令妹周全吗？
Story/D_S0003_02_06_032,……
Story/O_S0003_02_06_001,诈欺
Story/O_S0003_02_06_002,你慌了
Story/D_S0003_02_06_01_001,你们可知，我千里迢迢跑到蜀中来，所为何事？
Story/N_S0003_02_06_01_001,三人面面相觑，俱摇头。
Story/D_S0003_02_06_01_002,你们蜀中唐门，有个名叫飞侠唐布衣的，听说是个人物。
Story/D_S0003_02_06_01_003,莫非……叶大侠不惜翻山越岭，却是专程来找那唐布衣晦气的？
Story/D_S0003_02_06_01_004,正是。
Story/D_S0003_02_06_01_005,唐门如今人丁凋零，可剩下的人都是硬底子，\n叶大侠虽然剑法高超，毕竟势单力薄，这事还得三思啊。
Story/D_S0003_02_06_01_006,有些事，是可忍，孰不可忍。\n他唐布衣胆敢夜行千里，坏了舍妹的名节，\n叶某便敢追到他的老家唐门，向他讨个说法！
Story/D_S0003_02_06_01_007,我唯一的条件，就是你们给我送战书上唐门去，\n并且广邀在地的名人来共作见证，叶某要在大庭广众之下与那小子决一死战！
Story/T_S0003_02_06_01_001,妈巴羔子原来如此！
Story/T_S0003_02_06_01_002,恍然大悟！合情合理！
Story/T_S0003_02_06_01_003,确实是唐布衣那登徒子会惹出来的乱子！
Story/D_S0003_02_06_01_008,请叶大侠稍等片刻，咱们兄弟商量一下。
Story/D_S0003_02_06_01_009,{size=24}那个唐布衣人虽然人品有点那个，但武功之高，只能说高深莫测，{/size}\n{size=24}连咱们三人都在他手底下吃过大亏，那次磕头求饶磕到受伤，真惨。{/size}
Story/D_S0003_02_06_01_010,{size=24}这个叶云舟竟然敢向唐布衣公开挑战，看来真有两把刷子，{/size}\n{size=24}我也想知道唐门第一高手和点苍第一快剑手究竟谁高谁低。{/size}
Story/D_S0003_02_06_01_011,{size=24}从谈话至今他的姿态都像个外行人，如此托大，是在引诱咱们先出手吧？{/size}\n{size=24}好险，差点就上当了，我刚刚好几次想试着动手打他。{/size}
Story/D_S0003_02_06_01_012,{size=24}嘿。能够动心忍性，咱仨也长进了啊。{/size}
Story/D_S0003_02_06_01_013,{size=24}他孤身来到蜀中找人打架，又怕强龙不压地头蛇，所以要咱们广邀武师助阵来着。{/size}
Story/D_S0003_02_06_01_014,{size=24}那她小妹……是了，这女子既然被玷污了，他自也不介意咱们看上两眼了。{/size}
Story/D_S0003_02_06_01_015,{size=24}像他这种高手，把名声看得比钱财女人都重要，咱们就成全他吧。{/size}
Story/D_S0003_02_06_01_016,成交！叶大侠，您这样的人物说话自然是算话的，咱们这就替您拜山送战书！
Story/D_S0003_02_06_01_017,等你战胜凯旋归来，咱们再摆几大桌酒筵给您道贺！
Story/D_S0003_02_06_01_018,这就请叶大侠即刻下笔，修一封挑战书，\n咱仨也好见识当今天下第一等高手的生死决斗。
Story/T_S0003_02_06_01_004,成功了，他们已经信了！\n八成还打着如意算盘，等我和大师兄两败俱伤时，\n再坐收渔翁之利捡现成便宜，嘿，有那么容易吗？
Story/T_S0003_02_06_01_005,叶兄有多厉害我不清楚，但是大师兄的本领我是知道的，\n就算叶兄不及回来，我先把你们打发走，\n回头再叫大师兄收拾你们这三个跳梁小丑便是。
Story/D_S0003_02_06_01_019,如此甚好。\n我若侥幸得胜，自然忘不了三位今日鼎力相助，从今以后就是朋友了。
Story/D_S0003_02_06_01_020,能和叶大侠攀交，是我们几生修来的福份！
Story/D_S0003_02_06_01_021,请三位在岸边稍等，我写就战书便交予你们。
Story/D_S0003_02_06_01_022,悉听尊便。
Story/D_S0003_02_06_01_023,对了！我想到一件好事。
Story/D_S0003_02_06_01_024,哦？还有何事？
Story/D_S0003_02_06_01_025,听小道消息说，唐门掌门有意将独生千金许给唐布衣作老婆。\n那未出阁的唐姑娘恰是令人垂涎欲滴的年纪，论脸蛋当然是远远比不上令妹，\n但亦是当地有名的美人儿。
Story/D_S0003_02_06_01_026,叶兄若想报复那唐布衣，不妨也将那唐家大小姐一并收服了，\n好生戏弄一番，好叫唐布衣终生痛苦。
Story/D_S0003_02_06_01_027,我要杀光你们这些狗娘养鹅的杂碎纳命来！！！
Story/D_S0003_02_06_01_028,等……？！
Story/T_S0003_02_06_02_001,糟了，我快控制不住场面了，叶兄，你快回来呀！
Story/O_S0003_02_06_02_001,其实我不是叶云舟啦。
Story/D_S0003_02_06_02_001,你说什么？
Story/D_S0003_02_06_02_002,不，但是……这么说来，确实是怎么看也不像。
Story/D_S0003_02_06_02_003,这家伙耍我们玩来着，宰了他！
Story/D_S0003_02_06_02_004,等等，不要！救命啊！
Story/O_S0003_02_06_02_002,哼，你们有胆便试试！
Story/D_S0003_02_06_02_005,今日便教你等三人葬身鱼腹。
Story/D_S0003_02_06_02_006,！！
Story/T_S0003_02_06_02_002,为今之计只有虚张声势，能拖一时是一时了。
Story/D_S0003_02_06_02_007,叶大侠，那我等三人惟有得罪了，这、这就请赐招吧。
Story/D_S0003_02_06_02_008,哼，你等既然不爱惜性命，须怪不得我心狠手辣。
Story/D_S0003_02_06_02_009,我等既然来此，早已做好了觉悟。
Story/D_S0003_02_06_02_010,这又何苦？上天有好生之德，平白无故死了，多可惜。
Story/D_S0003_02_06_02_011,这家伙不对劲，一味怯战，莫非是假货？
Story/D_S0003_02_06_02_012,你、你这家伙，胡说什么！当真不怕我的宝剑吗？
Story/D_S0003_02_06_02_013,兄弟们，我试试他底细，给我掠阵！
Story/D_S0003_02_06_02_014,叶兄救命啊！
Story/D_S0003_02_06_02_01_001,笑死我了，就凭你这三脚猫功夫的货色，也好意思冒充叶云舟？
Story/D_S0003_02_06_02_01_002,你当沉舟还差不多。
Story/D_S0003_02_06_02_01_003,这就送你上路吧。
Story/D_S0003_02_06_02_01_004,赵兄诚乃信人，我来助你。
Story/D_S0003_02_06_02_01_005,你、你又是何人，莫非是……
Story/D_S0003_02_06_02_01_006,你们不是想见听云剑出鞘吗？\n睁大眼看仔细了，江湖中，无人可以看清我的剑路……斩！
Story/D_S0003_02_06_02_01_007,什……？
Story/D_S0003_02_06_02_01_008,好快的剑……连拔剑也……看不见。
Story/D_S0003_02_06_02_01_009,嗝，噗。
Story/D_S0003_02_06_02_02_001,这家伙果真是假货，好啊你，胆敢吓唬你爷爷们。
Story/D_S0003_02_06_02_02_002,找死。
Story/D_S0003_02_06_02_02_003,呃啊！
Story/D_S0003_02_06_02_02_004,呿，在这厮身上浪费了不少时间，咱们办正事要紧。
Story/D_S0003_02_06_02_02_005,我还没死呢，想过我这关，从我尸首之上踩过去吧。
Story/N_S0003_02_06_02_02_001,三人欲越过你的尸体侵入舱中，却不意你一息犹存，紧抓着歹人裤脚不放。
Story/D_S0003_02_06_02_02_006,这厮真是不见黄河心不死，好，我这便成全你－－。
Story/D_S0003_02_06_02_02_007,赵兄诚乃信人，我来助你。
Story/D_S0003_02_06_02_02_008,你、你又是何人，莫非是……
Story/D_S0003_02_06_02_02_009,你们不是想见听云剑出鞘吗？\n睁大眼看仔细了，江湖中，无人可以看清我的剑路……斩！
Story/D_S0003_02_06_02_02_010,什……？
Story/D_S0003_02_06_02_02_011,好快的剑……连拔剑也……看不见。
Story/D_S0003_02_06_02_02_012,嗝，噗。
Story/D_S0003_02_06_03_001,这、这家伙怎么回事，简直像一头野兽……！
Story/D_S0003_02_06_03_002,明明不是用剑，而且武功那么低，咱仨兄弟连手竟然会败！？
Story/D_S0003_02_06_03_003,你、你究竟是何方神圣？
Story/D_S0003_02_06_03_004,呼……呼……辱我小师妹者，杀无赦。
Story/N_S0003_02_06_03_001,海捕文书通缉的三名江洋大盗，竟被你乱剑戳死了，\n这件事不久后流传出去，人人都称赞唐门为民除害。
Story/D_S0003_02_06_03_005,呼，呼……。
Story/D_S0003_02_06_03_006,噢，开始头晕了。
Story/D_S0003_02_06_03_007,叶兄，你可回来了，这三人……噢头好晕。
Story/D_S0003_02_06_03_008,……赵兄，你口若悬河，机智百出，叶某佩服，却不敢恭维。\n你虽于叶某兄妹有恩，却辱及了我小妹的名声，\n两下相抵，总是叶某亏欠你多，这次便不计较了。
Story/D_S0003_02_06_03_009,哥哥你这话好不讲理。\n当时情况危急，你也看到了。\n又不是人人都武功高强，他若不出此下策，怎能护我周全？
Story/D_S0003_02_06_03_010,这……。
Story/D_S0003_02_06_03_011,难道要等你妹当真给坏人捉住了，剥光衣裳瞧个仔细，\n你再姗姗来迟？
Story/D_S0003_02_06_03_012,当然不是，妹你别这么说话，有失体统。
Story/D_S0003_02_06_03_013,你才是非不分，有失体统。\n念你是关心则乱，这回就不跟你计较了，还不把话收回去。
Story/T_S0003_02_06_03_001,作妹妹的竟骑到哥哥头上了。
Story/D_S0003_02_06_03_014,……吾妹所言在理。\n抱歉，赵兄，一时激愤，言语多有得罪，还望你海量汪涵。
Story/D_S0003_02_06_03_015,好说，就像令妹所言，关心则乱，在所难免。\n何况我情非得已，确实说了不该说的话，活该挨骂。
Story/D_S0003_02_06_03_016,妹妹，这位是唐门的高徒，见过赵活赵大侠。
Story/D_S0003_02_06_03_017,赵大侠，我替你疗伤，这是点苍派独门的松露膏，\n虽然止血效果很好，但是会有点痛，忍着点。
Story/T_S0003_02_06_03_002,噢……这位叶姑娘好香，不行，我心里已经有人了。\n若我这样三心两意，岂不是跟大师兄没两样？
Story/O_S0003_02_06_03_001,(但是真的很香。)
Story/O_S0003_02_06_03_002,(世上只有小师妹好。)
Story/D_S0003_02_06_03_018,哎唷喂疼。
Story/D_S0003_02_06_03_019,我不是故意的～我绝对没有怀恨在心～
Story/D_S0003_02_06_03_020,好痛，你骗人！
Story/D_S0003_02_06_03_021,你明明巧舌如簧骗过了那三个人，\n一听到他们出言污辱你的小师妹，就发了疯似的冲向他们，\n你明明武功这么低微，难道你就不怕死吗？
Story/D_S0003_02_06_03_022,还好侥幸赢了，差点连累了你。
Story/D_S0003_02_06_03_023,你好像才是被连累的那一个。
Story/D_S0003_02_06_03_024,正是。手段等小节权且不论，赵兄所作所为，确实是侠义中人，\n叶某适才竟敢妄言论君非，实在惭愧。
Story/D_S0003_02_06_03_025,唉，实不相瞒，在下才并非好人，\n平白受了你的帮助，却仍以小人之心度君子之腹，\n疑心你也是觊觎舍妹的宵小之辈。
Story/T_S0003_02_06_03_003,我根本就没见过你妹，图谋个屁。
Story/D_S0003_02_06_03_026,虽然你我一同饮酒，我却提防于你，\n即使是方才贼人上舟时，我也始终藏身于暗处，意在试探你虚实。
Story/D_S0003_02_06_03_027,叶兄言重了，你没怪错我。姑娘家的名声确实很重要，\n虽说我逼不得已信口雌黄，心底也感到很惭愧，不如我们扯平了吧。
Story/D_S0003_02_06_03_028,我枉自守礼，自诩正义，论胸襟却是万万不及你的。\n妹妹，方才赵兄既称你为妹，你从此也以兄长称呼他吧。
Story/D_S0003_02_06_03_029,蛤？几时？
Story/D_S0003_02_06_03_030,你不是自称叶云舟吗？\n叶云舟就是叶云裳的兄长。\n你与我兄弟相称，又救了她的小命，她敬你为兄长岂非天经地义？
Story/D_S0003_02_06_03_031,嗯～这种有点排斥但又彷佛勉强可以接受的心情是怎么回事呢。
Story/D_S0003_02_06_03_032,算啦，哥哥难得交朋友，他看得起的人，必然是值得尊敬的。
Story/D_S0003_02_06_03_033,从今以后我也称呼你为哥哥了，请多指教并且多多疼爱我。
Story/D_S0003_02_06_03_034,噢、噢……。
Story/D_S0003_02_06_03_035,赵兄，今日天色已晚，不如便屈就舟中歇息一日吧。
Story/D_S0003_02_06_03_036,你这招摇撞骗的杂碎，吃你爷爷一槌！
Story/D_S0003_02_06_03_037,赵兄，我来助你！
Story/T_S0003_02_06_03_004,小师妹受辱，我却连替她讨回公道也办不到，活着有什么意思！
Story/D_S0003_02_06_03_038,"{punch=0.2,2}喝啊啊啊啊啊啊－－－！！！"
Story/D_S0003_02_06_03_039,赵兄！
Story/T_S0003_02_06_03_005,放开、咕……！水底好黑，我什么也看不见！
Story/T_S0003_02_06_03_006,真缠人！这家伙像章鱼一样！吃我一脚去死吧！
Story/T_S0003_02_06_03_007,谁踢我！是老二吗？\n该死的，为了逃命不顾兄弟情谊了是吧？老子跟你们拚了！
Story/N_S0003_02_06_03_002,你在水下只身与三名歹人缠斗，\n挨了无数致命攻击，口吐无数鲜血，仍拌着那三人死也不放。
Story/N_S0003_02_06_03_003,三名歹人惊慌下内息已乱，吞了几口水更显慌张，\n为了游上水面换气，不顾情义地推挤对方，到后来更在水中兵刃相向。
Story/N_S0003_02_06_03_004,最终，谁也没有浮出水面。
Story/N_S0003_02_06_03_005,你以生命捍卫了心上人的名誉，但是远在彼方的她并不知晓。
Story/O_S0003_02_07_001,阿妹啊你睡昏头了吧？哥哥我不就在这里吗？
Story/D_S0003_02_07_001,阿妹啊你睡昏头了吧？哥哥我不就在这里吗？
Story/D_S0003_02_07_002,咦？呃……蛤？
Story/D_S0003_02_07_003,让各位见笑了，她正是舍妹，名叫赵阿猫！
Story/D_S0003_02_07_004,我、我叫赵阿猫……？
Story/D_S0003_02_07_005,对啊，妹子，你大病初愈，受不得风寒，快快回去躺着。
Story/N_S0003_02_07_001,你对着少女拼命挤眉弄眼，猛打暗示。
Story/D_S0003_02_07_006,是、是吗？我好像在做恶梦，我再回去后舱躺一下好了。
Story/D_S0003_02_07_007,诚如三位大侠所见，正是舍妹，她正在发烧，而且刚睡醒，有点神智不清，\n还请三位海涵，得罪勿怪。
Story/D_S0003_02_07_008,不，不不，刚刚那怎么看都露馅了吧，你脸皮未免太厚。
Story/D_S0003_02_07_009,那小姑娘就是叶云舟的小妹叶云裳！\n拿住了她，叶云舟投鼠忌器，什么剑法都使不出来啦！
Story/D_S0003_02_07_010,这小子呢？他这般胡言乱语回护叶姑娘，想必和他们兄妹相熟。
Story/D_S0003_02_07_011,管他的，这闲杂人等随他去吧。
Story/D_S0003_02_07_012,咦？真的吗？我可以走？
Story/D_S0003_02_07_013,大爷好话不说第二句，滚。
Story/D_S0003_02_07_014,为免夜长梦多，咱们便在这舱里把事给办了。\n点了叶姑娘的穴道，我来剥她衣服。
Story/D_S0003_02_07_015,啥？你们……不是来寻叶兄晦气的吗？
Story/D_S0003_02_07_016,傻子，若不是为了他的小妹子，谁要冒险太岁头上动土？\n别多管闲事，快给我死开了！
Story/O_S0003_02_07_002,给他死开，去林中找叶云舟求助才是上策
Story/D_S0003_02_07_017,{size=40}叶兄！叶云舟！你快回来，有人要害你妹！{/size}
Story/N_S0003_02_07_002,你一跳下船，拔腿就跑，到林中放声大喊。\n岂料船上歹徒习有内功，耳力上佳，遥遥听见你竟敢通风报信，\n便使二人来追捕。
Story/N_S0003_02_07_003,你犹如惊弓之鸟落荒而逃，无奈轻功不及人，要不多时便给追上了，\n你感到背后忽然一阵剧痛，就此扑地，再也爬不起来。
Story/T_S0003_02_07_001,我要死了吗？我要死了！小师妹我要死了！
Story/N_S0003_02_07_004,然而死亡并没有降临，那两名歹徒如影随形的笑声亦绝于林中。
Story/D_S0003_02_07_018,赵兄。你的伤势无碍，切勿担心，在此静养即可。\n我兄妹行踪已败露，此地不宜久留，这便与赵兄别过了。
Story/N_S0003_02_07_005,你纵想说些什么，也无法开口，意识快速地消散了。
Story/N_S0003_02_07_006,下一次睁眼，已是天明以后。\n伤口已经包扎止血，手边放了三个染血的钱袋。\n返回小舟停泊的江边，小舟与人都已不知所踪，昨夜喧嚣宛如惊梦一场。
Story/N_S0003_02_07_007,你茫然若失，独坐半晌，回返唐门。
Story/O_S0003_02_07_003,友人将他小妹托付我照顾，我赵某人战你娘亲的寸步不让！
Story/D_S0003_02_07_019,突然有骨气了。
Story/D_S0003_02_07_020,不自量力。
Story/D_S0003_02_07_021,敬酒不吃吃罚酒，既然你存心找死，咱仨便陪你小子耍两下吧。
Story/O_S0003_02_07_004,没办法了，叶姑娘，你先进舱里躲一下，此处有我护你。
Story/D_S0003_02_07_022,咦？呃……蛤？
Story/D_S0003_02_07_023,可是你是谁？我不认识你呀。
Story/D_S0003_02_07_024,我是你哥哥的朋友，先别问了，快进舱去吧。
Story/D_S0003_02_07_025,……好。
Story/D_S0003_02_08_001,再来啊，纵死侠骨香，不惭世上英！
Story/D_S0003_02_08_002,笑死我了，就凭你这三脚猫功夫的丑男，也好意思自称侠客？
Story/D_S0003_02_08_003,你的骨头是猪骨，纵死猪骨臭。
Story/D_S0003_02_08_004,明知必死还自讨苦吃，白白断送自己小命。\n你这般蠢，还是死了干净，这就送你上路吧。
Story/D_S0003_02_08_005,明知必死，仍见义勇为，这位赵兄才是真正的大侠。\n你们胆敢辱没叶某的朋友，纳命来吧。
Story/D_S0003_02_08_006,叶云舟！！
Story/D_S0003_02_08_007,什……？
Story/D_S0003_02_08_008,好快的剑……连拔剑也……看不见。
Story/D_S0003_02_08_009,嗝，噗。
Story/D_S0003_02_09_001,赵兄，请受叶某一拜，君之高风亮节，叶某敬佩得五体投地。
Story/D_S0003_02_09_002,叶兄，你可回来了！\n不好意思，为了拖延时间，迫不得已冒充了你，\n狐假虎威了一回，哈哈……。
Story/D_S0003_02_09_003,赵兄，你冒充叶某不过是迫于情势，无可厚非，\n何况叶某在江湖上这点区区薄名，也算不上什么稀罕事物，\n请君万勿挂怀，此事再也休提。我才应该多谢你舍身护我小妹周全。
Story/D_S0003_02_09_004,你不计较就好。
Story/D_S0003_02_09_005,你总算回来了。\n我虽学艺不精，总算幸不辱命护了令妹周全，没有愧对你的嘱托。
Story/D_S0003_02_09_006,说来惭愧，当务之急，必须先替赵兄止血疗伤。\n妹妹，出来吧。
Story/D_S0003_02_09_007,哥哥。
Story/D_S0003_02_09_008,请你替这位赵活赵大侠包扎疗伤，这位是为兄的好朋友。\n日后你见到这位赵大侠，千万不得失了礼数，\n必须像见我一样敬重，明白吗？
Story/D_S0003_02_09_009,可我没敬重过你啊。
Story/D_S0003_02_09_010,……妹。
Story/D_S0003_02_09_011,好啦。
Story/D_S0003_02_09_012,小女子拜谢赵大侠救命之恩。
Story/D_S0003_02_09_013,这可不敢当。
Story/T_S0003_02_09_001,噢……这位叶姑娘好香，不行，我心里已经有小师妹了，\n若我这样三心两意，岂不是跟大师兄没两样？
Story/D_S0003_02_09_014,药敷好了，这是点苍派独门的松露膏，止血很灵验的。
Story/D_S0003_02_09_015,多谢叶姑娘，可惜弄脏了你的手帕。
Story/D_S0003_02_09_016,那条手帕被你拿过，送给你了，我不要了。
Story/D_S0003_02_09_017,呃。
Story/D_S0003_02_09_018,妹妹，你下跪拜谢赵公子吧，\n他行侠不问亲疏，仗义而轻生死，乃是顶尖的大丈夫。
Story/D_S0003_02_09_019,使不得，使不得，这可折煞我了，\n哎呀，我实不相瞒，就是一个唐门里低三下四的打杂外姓弟子，\n让令妹这么娇贵的小娘子跪我，我会折寿的。
Story/D_S0003_02_09_020,外姓弟子？－－啊，我知道了，唐门听说都只传真功夫给姓唐的人，\n至于不愿改宗姓唐的人，都会被当下人使唤。
Story/D_S0003_02_09_021,妹妹！你说话有点分寸。
Story/D_S0003_02_09_022,呜……！哥哥凶我。
Story/D_S0003_02_09_023,没事儿，没事儿，我不介意。
Story/D_S0003_02_09_024,赵兄，我有一事须向你坦承。
Story/D_S0003_02_09_025,何事？说来听听。
Story/D_S0003_02_09_026,事到如今已不敢相瞒。\n其实叶某方才并未远去，始终潜伏在左近，伺机而动。
Story/D_S0003_02_09_027,之所以迟迟不出手，实因叶某心胸狭窄之故，\n不敢奢望赵兄原谅，叶某在此甘愿束手领受责罚。
Story/D_S0003_02_09_028,你眼睁睁看着我挨打？
Story/D_S0003_02_09_029,正是。
Story/D_S0003_02_09_030,……为啥？
Story/D_S0003_02_09_031,叶某兄妹俩从大理一路流浪到贵宝地，途中吃过不少闷亏，\n见惯了人情冷暖，已不敢再轻信于人，是以出入皆以斗笠覆面隐藏身份。
Story/D_S0003_02_09_032,叶某与赵兄非亲非故，兼且两派有仇，赵兄却愿意挺身为我担保，\n叶某却以小人之心度君子之腹，料定赵兄定是图谋舍妹的不肖之辈，\n故而才出此下策，试探赵兄真意。
Story/D_S0003_02_09_033,相较于赵兄的凛然气概，叶某行径直如卑鄙小人，委实无地自容。
Story/T_S0003_02_09_002,我根本就没见过你妹，图谋个屁。\n虽说叶姑娘确实生得不差……不，算是很美吧，说清秀绝伦也不为过。\n难怪会被那三个匪徒盯上，冒着生命危险也要非礼她。
Story/T_S0003_02_09_003,等等！
Story/T_S0003_02_09_004,枉我自命对小师妹死心塌地，我竟没有为了非礼她而赌上性命的决心！\n连这群匪徒也不如，实在惭愧！……虽然我也打不过她就是了。
Story/T_S0003_02_09_005,呃……这人表情好不正派，恶心的说。
Story/D_S0003_02_09_034,即使赵兄要索命讨回公道，叶某也没有怨言，\n但叶某尚有使命在身，斗胆向赵兄请命，\n待我将诸事一了，再将性命奉上报君恩情。
Story/D_S0003_02_09_035,不可以！
Story/D_S0003_02_09_036,不用啦，我又没死，而且我杀了你有什么好处？
Story/D_S0003_02_09_037,……所言甚是，但我身无长物，无以为报，\n既然如此，唯有将舍妹许配给赵兄为妻室了。
Story/D_S0003_02_09_038,蛤！！？
Story/D_S0003_02_09_039,蛤！！？
Story/O_S0003_02_09_001,是有点儿心动
Story/D_S0003_02_09_040,叶兄，你可别开玩笑了，\n令妹这样的金枝玉叶许配给我为妻──
Story/D_S0003_02_09_041,那怎么行呢，呵呵，这也太委屈人家了。\n这也太……太好了吧，大舅哥。
Story/D_S0003_02_09_042,哥哥你看他！你快看他的表情！这人绝对不对劲啊！
Story/D_S0003_02_09_043,吓？！我刚说了甚么？
Story/D_S0003_02_09_044,一时走了神，此事万万不可！\n婚姻大事该依父母之命，又说长兄如父……。
Story/D_S0003_02_09_045,但是我等江湖儿女，万不该墨守成规，\n人生在世，还是两情相悦，才可长久，勉强不来的。
Story/D_S0003_02_09_046,就是说嘛！
Story/D_S0003_02_09_047,赵兄可是嫌我这妹子不好吗？
Story/D_S0003_02_09_048,那怎么会？叶姑娘貌美如花，有如仙子下凡，我是万万高攀不上的。\n只是我心中已有属意之人罢了，那人便是我的小师妹。
Story/D_S0003_02_09_049,原来如此，赵兄对令师妹用情专一，殊为可贵，倒是我唐突了。
Story/D_S0003_02_09_050,世上居然能有女子看上你，原来真爱当真存在，我以为只是传说。
Story/D_S0003_02_09_051,妹妹你突然说这什么鬼话！
Story/D_S0003_02_09_052,叶姑娘说得也没错，以我这品貌，能看上我的必是给猪油蒙了心的。
Story/D_S0003_02_09_053,你倒挺豁然。
Story/D_S0003_02_09_054,赵兄，对不住，我这妹妹从小在点苍派给人惯大的，性子很狂妄，\n对人说话总是没大没小，还望赵兄海涵。
Story/D_S0003_02_09_055,没关系，我这人最大的优点就是心理承受能力特强。
Story/D_S0003_02_09_056,是吗？你脾气很好吗？那如果我对你这样这样呢？
Story/D_S0003_02_09_057,妹妹别不知好歹，赵兄可不是点苍派的师兄们！
Story/D_S0003_02_09_058,生气了吗？
Story/O_S0003_02_09_002,没生气。
Story/D_S0003_02_09_059,……。
Story/T_S0003_02_09_006,大事不妙，妹妹这是找到新玩具的表情，赵兄危矣。
Story/O_S0003_02_09_003,虽然没生气，不过男女授受不亲，你再乱碰我身子，我就要叫了。
Story/D_S0003_02_09_060,点苍派的师兄们想求我从他们身上踩过去，我都没答应呢。\n我不过轻轻给捶捶背，你便不乐意了？
Story/D_S0003_02_09_061,妹妹，求你少说两句吧。\n若传出去，师门的名声便毁于一旦了。
Story/D_S0003_02_09_062,怪我吗？\n究竟是踩人的我不对呢，还是要求我踩的人不好？\n这是个先有鸡还是先有蛋的问题。
Story/D_S0003_02_09_063,才不是，这是两件完全没干系的问题。
Story/D_S0003_02_09_064,我知道，我就是想说说看而已。
Story/D_S0003_02_09_065,令妹说话真逗。
Story/O_S0003_02_09_004,我对叶姑娘一点兴趣都没有
Story/D_S0003_02_09_066,不不不，你老兄先等等，这也太离谱了。
Story/D_S0003_02_09_067,我还在做恶梦吗？天永远不会亮了对吗？
Story/D_S0003_02_09_068,你想法未免也太自把自为了，就算是我的贞操也需要被尊重！
Story/D_S0003_02_09_069,要我嫁给他，我干脆把药吐出来还他，发烧死掉比较干脆！
Story/D_S0003_02_09_070,你看看她，这么漂亮的小娘子耶。
Story/D_S0003_02_09_071,你看看他，这么丑的人耶！
Story/D_S0003_02_09_072,你想让妹妹一生不幸吗！
Story/D_S0003_02_09_073,我才不要嫁给这个人！
Story/D_S0003_02_09_074,我也不要娶她！！
Story/D_S0003_02_09_075,……。
Story/D_S0003_02_09_076,哦、哦。
Story/D_S0003_02_09_077,……咦！等等。
Story/D_S0003_02_09_078,你刚刚说了什么？我、我被嫌弃了？
Story/D_S0003_02_09_079,我本就配不上叶姑娘的品貌，\n叶姑娘你虽然很好，但我已经有心上人了，是我的小师妹。
Story/D_S0003_02_09_080,……你的小师妹，她样貌生得很美吗？
Story/D_S0003_02_09_081,天下无双无对。
Story/D_S0003_02_09_082,原来如此。那么妹妹你定不是人家对手了。
Story/D_S0003_02_09_083,呵，呵，被人拒绝到这种地步还是第一次。
Story/D_S0003_02_09_084,方才赵兄既称你为妹，你从此也以兄长称呼他吧。
Story/D_S0003_02_09_085,什么？为什么？
Story/D_S0003_02_09_086,方才赵兄既称你为妹，你称呼他兄长也不为过。
Story/D_S0003_02_09_087,怎么能这样，方才那是他情急之下骗人的。\n不算数，我的哥哥只有你一人而已。
Story/D_S0003_02_09_088,若非为了护你周全，他何苦要骗人？
Story/D_S0003_02_09_089,赵兄弟是你的救命恩人，又与愚兄平辈论交，\n让你称他一句兄长，难道还委屈了你吗？
Story/D_S0003_02_09_090,唔……。
Story/D_S0003_02_09_091,你既不肯称他为兄长，\n赵兄亦有了心仪之人，那你只好当他的妾，服侍他了。
Story/D_S0003_02_09_092,哥哥，从今以后你便是我哥哥了。请务必好好地宠爱我。
Story/D_S0003_02_09_093,噢，噢……。
Story/D_S0003_02_09_094,话说这三名匪类恶名昭彰，杀了也算替天行道，\n待我将尸身沉入江中，再来闲谈不迟。
Story/O_S0003_02_09_005,记得搜刮他们的钱包哦。
Story/D_S0003_02_09_095,他们身上所携钱财，想必也是不义之财。\n虽说拿死人钱不太磊落，但没钱吃饭，我们一样会变死人。
Story/D_S0003_02_09_096,反正他们也用不上了，不如由我们拿来造福好人，\n你是好人，令妹也是好人，我也是好人，\n我们把钱用在彼此身上，岂不是皆大欢喜？
Story/D_S0003_02_09_097,这……。
Story/D_S0003_02_09_098,……。
Story/N_S0003_02_09_001,这位姑娘正在为你的发言鼓掌表示赞同。
Story/D_S0003_02_09_099,好吧。
Story/O_S0003_02_09_006,死者为大，还是到岸上找地方葬了吧。
Story/D_S0003_02_09_100,如此甚好，我来帮忙。
Story/N_S0003_02_09_002,忙了半夜，总算将三人入土。
Story/D_S0003_02_09_101,夜已深了，今天便请赵兄屈就，在小舟中一宿吧。
Story/N_S0003_03_01_001,舱中空间狭小，你和叶云舟将后边宽敞空间让给少女。\n一夜闹腾，你累坏了，阖眼不消片刻即沉沉睡去。
Story/D_S0003_03_01_001,赵兄，叶某兄妹便在此处与你作别。\n我在此间还有一件要事须办，待觅得落脚处的时候，再前去通知你。\n告辞了。
Story/D_S0003_03_01_002,好，叶兄保重，告辞。
Story/N_S0003_03_01_002,你道别了叶云舟，起程回返唐门。
Story/D_S0003_03_02_001,我给你的钱呢！我听你在屁！\n点苍派的叶云舟怎可能与你结交！你分明私吞了我的钱！
Story/N_S0003_03_02_001,四师兄听了你的际遇，半点也不信。
Story/O_S0003_03_Break_01_001,总之先睡吧。
Story/O_S0003_03_Break_01_002,关于钱
Story/D_S0003_03_Break_01_001,赵兄弟，向李大夫买药的那笔担保钱，我定会还你。\n只是你若手头不急，还请再宽限我几日。\n我想先将不足的尾款如数补给李大夫。
Story/O_S0003_03_Break_01_003,好啊，我又不急。
Story/D_S0003_03_Break_01_002,感激不尽。
Story/O_S0003_03_Break_01_004,既然云裳如今也算是我妹妹，我那一份就不用还了。
Story/D_S0003_03_Break_01_003,赵兄，这怎么可以呢？
Story/D_S0003_03_Break_01_004,为什么不行？\n照顾妹妹，是作为一个兄长与生俱来的天职。\n你为何要抹煞他刚觉醒的天性？
Story/D_S0003_03_Break_01_005,你说这什么鬼话……。
Story/D_S0003_03_Break_01_006,是哥哥叫我认赵哥哥为兄的，我既然认了，那就会真心把他当哥哥。\n本姑娘对待自家哥哥，那向来都是使尽力气撒娇的。
Story/D_S0003_03_Break_01_007,谢谢哥哥，抱。
Story/T_S0003_03_Break_01_001,我、我被抱了？这姑娘对男子也太没戒心了。
Story/D_S0003_03_Break_01_008,抱歉，我似乎给你添了麻烦。
Story/D_S0003_03_Break_01_009,这、这倒不会。
Story/D_S0003_03_Break_01_010,舍妹很会撒娇，方才那一抱想必是无心的，\n我回头会说说她，赵兄切莫介怀。
Story/T_S0003_03_Break_01_002,不说说她也可以啊。
Story/O_S0003_03_Break_01_005,不行，钱拿来。
Story/D_S0003_03_Break_01_011,臭家伙，不要欺负我哥哥。
Story/D_S0003_03_Break_01_012,要钱没有，这个拿去抵债好了。
Story/D_S0003_03_Break_01_013,那不是本门的剑谱吗？\n你岂能随意将它赠人？
Story/D_S0003_03_Break_01_014,没有关系，没有人会知道。\n除非你们两人其中一人告状，我就会被吊起来打个半死。
Story/D_S0003_03_Break_01_015,你啊……。
Story/O_S0003_03_Break_01_006,点苍第一快剑手
Story/D_S0003_03_Break_01_016,不过是虚名罢了。\n我的剑虽快，论劲道、火候还远不及门中师长。
Story/D_S0003_03_Break_01_017,真心话呢？
Story/D_S0003_03_Break_01_018,……。
Story/D_S0003_03_Break_01_019,……在江湖中闯荡，武功高低只是其次，人品人缘比较重要。
Story/T_S0003_03_Break_01_003,换言之他真的是点苍派第一高手了吧？
Story/O_S0003_03_Break_01_007,说好的野味
Story/D_S0003_03_Break_01_020,啊。
Story/D_S0003_03_Break_01_021,方才情急之际，被我挥进江中了。
Story/D_S0003_03_Break_01_022,哈哈哈！你也有冒失的一面啊。
Story/D_S0003_03_Break_01_023,无言以对。
Story/O_S0003_03_Break_01_008,云裳妹子的病况
Story/D_S0003_03_Break_01_024,那个药很灵验，服下不久就退烧了，
Story/D_S0003_03_Break_01_025,谢谢赵哥哥。
Story/O_S0003_03_Break_01_009,小师妹
Story/D_S0003_03_Break_01_026,将来有机会，我也想见见你的小师妹。
Story/O_S0003_03_Break_01_010,可以是可以，我就怕你会被活活可爱致死。
Story/D_S0003_03_Break_01_027,我可是女子耶……。\n再怎么说也不至于吧？
Story/D_S0003_03_Break_01_028,啊，不过你都说到这个份上了，\n看来得防止我哥哥见到你小师妹，万一我失宠就糟了。
Story/O_S0003_03_Break_01_011,不要为了我而争斗！
Story/D_S0003_03_Break_01_029,噗，呵呵呵，哈哈！\n你真的好好玩哦，哥哥都不会说这些奇怪的笨话逗我笑。
Story/D_S0003_03_Break_01_030,哈，哈－－
Story/D_S0003_03_Break_01_031,啊，不小心兴奋过头，流鼻血了。\n哥～哥～我要手帕～
Story/D_S0003_03_Break_01_032,你刚帮我擦过血的那条可以吗？
Story/D_S0003_03_Break_01_033,……你觉得可以吗？
Story/O_S0003_03_Break_01_012,可以吧
Story/D_S0003_03_Break_01_034,当然不行啊！恶心！
Story/O_S0003_03_Break_01_013,不行
Story/D_S0003_03_Break_01_035,不行吧，都被我弄脏了。
Story/D_S0003_03_Break_01_036,喂，喂，不要往我衣服抹啊，脏死了！\n叶兄，你妹真的脏死了！
Story/O_S0003_03_Break_01_014,兄妹
Story/D_S0003_03_Break_01_037,虽然点苍派里的师兄姐们都很宠我，\n不过哥哥还是待我最好的。
Story/D_S0003_03_Break_01_038,毕竟是亲兄妹啊。
Story/D_S0003_03_Break_01_039,你也是我哥哥了，虽说我有点排斥，但既然变成了这样，\n我也会真的把你当哥哥看待的哦？请做好心理准备。
Story/D_S0003_03_Break_01_040,放马过来便是。
Story/D_S0003_03_Break_01_041,你确定？别的我不敢说，\n我可是一个顶尖儿麻烦的妹妹哦？\n哥哥常骂我性格坏，又任性妄为，最是难伺候。
Story/D_S0003_03_Break_01_042,你看起来没有那么坏呀。
Story/D_S0003_03_Break_01_043,你走着瞧吧。
Story/D_S00012_01_01_001,咱们唐门弟子练功动作整齐划一，没有相碰的风险。\n你们练不同的武功也无妨，自己招子放亮点啊！
Story/D_S00012_01_01_002,你这唐门练武场，地就这么点大，还有灯柱挡着碍事。\n你要我们上哪去练功？何况你那些把式，跟全真国民健康操也没多大区别。
Story/D_S00012_01_01_003,你说什么！那你要不要亲身领教国民健康操的威力？
Story/D_S00012_01_01_004,好呀！老早就看你们这群蓝色混蛋不顺眼了。\n今日是你自己先说要打的，别到时又反怪我们欺负你们！\n弟兄们！上！
Story/N_S00012_01_01_001,团练时，一直互看不顺眼的本门与别派留学弟子终于爆发了激烈冲突！
Story/D_S00012_01_01_005,岂有此理，敢在唐家大院撒野，你们也忒大胆了！
Story/D_S00012_01_01_006,废话少说！有种来战！
Story/D_S00012_01_01_007,不要打了，都不要打了！\n这里好歹是唐家大院啊，各位还请高抬贵手！
Story/D_S00012_01_01_008,废话少说！有种来战！
Story/N_S0012_01_02_001,这一仗虽没人伤亡，但两方人马均有挂彩。\n全都被送进了炼丹房中医治。
Story/D_S0012_01_02_001,谁先动手的？
Story/D_S0012_01_02_002,这……这……应该是……我们？
Story/D_S0012_01_02_003,很好，那便全以门规处置。\n斗殴者皆进毒砂缸，受赤练蛇毒灼肤之刑。
Story/D_S0012_01_02_004,！？二师兄，会、会出人命的！
Story/D_S0012_01_02_005,唐二侠，是我们先起口角动手的，别为难贵派高足。
Story/D_S0012_01_02_006,……是吗。你们上山前，掌门吩咐我必须敬你们为客。\n你们动手欺了本门弟子，我也不能以门中法度治你们。
Story/D_S0012_01_02_007,这就请各位收拾行囊，下山回各派去吧。\n本门不再欢迎你们，来日江湖再见，唐某再向诸位讨教。
Story/D_S0012_01_02_008,这……这也未免……。
Story/O_S0012_01_02_001,沉默
Story/D_S0012_01_02_009,哎呀～哎呀～二师弟。\n这事说大也不大，反正两边都没有重大伤亡，各有悔意了，\n不如大事化小如何？江湖中人，哪个不是打架打出交情的？
Story/D_S0012_01_02_010,大师兄，我才是掌刑使，你住口。
Story/D_S0012_01_02_011,我知道啦，只是这样赶人出门，未免有失本门风度。\n若降严罚于本门弟子，你又难以服众，这对你也不好嘛。
Story/D_S0012_01_02_012,你一定要插手管，是吗？
Story/D_S0012_01_02_013,就算一定要罚，难道不能两边人马各摊一半领罚？\n大家说好不好？
Story/D_S0012_01_02_014,唐大侠所言甚是，这事一个巴掌拍不响，\n我们两边都太冲动，各领一半罚，最是公平不过。
Story/D_S0012_01_02_015,说得对，硬要说，这也不过是两边人马切磋武艺而已。\n用不着罚这么重……吧？
Story/D_S0012_01_02_016,"{punch=0.2,1}{size=40}住口！{/size}"
Story/D_S0012_01_02_017,{size=24}早听说过你们家二师兄，原来真这么可怕吗。{/size}
Story/D_S0012_01_02_018,{size=24}我也是第一次看他发这么火，{/size}\n{size=24}我以为他都只会嘴上说说而已。{/size}
Story/D_S0012_01_02_019,{size=24}你们此刻才知道吗？{/size}\n{size=24}如果大师兄等下被干掉，你们别派的就快下山吧。{/size}\n{size=24}至于本门的，该进毒砂缸就进，反抗只会更惨而已。{/size}
Story/D_S0012_01_02_020,你们大师兄难道会被干掉吗？
Story/D_S0012_01_02_021,太天真了，区区大师兄，只能活到二师兄决定干掉他那一刻。
Story/D_S0012_01_02_022,大师兄，你真要充好人，那也可以。\n我这有一缸新调的毒水……
Story/D_S0012_01_02_023,你要我喝掉？还是泡到里面？
Story/D_S0012_01_02_024,……你存心寻死吗。
Story/D_S0012_01_02_025,拍拍，二师兄，不要生气。
Story/D_S0012_01_02_026,{size=24}有……有救了！救星来了！{/size}
Story/D_S0012_01_02_027,……够了，不要拍了，很多外人在。
Story/D_S0012_01_02_028,不生气了？
Story/D_S0012_01_02_029,……不罚难以立威信。
Story/D_S0012_01_02_030,大师兄，此毒水是杀虫用的药剂。\n他们若真有诚意悔过，便由你带队，去给山上药田施洒毒药除虫。\n撒完药，再入山去找我指定的药草，以劳务抵罪。
Story/D_S0012_01_02_031,哦～我能不能喝掉了事？
Story/D_S0012_01_02_032,不行！
Story/D_S0012_01_02_033,这样可以吧。
Story/D_S0012_01_02_034,嗯。
Story/D_S0012_01_02_035,这事你既管了，你也给我去吧。\n你无须下地干活，负责盯紧大师兄就好，别让他偷懒跑了。
Story/D_S0012_01_02_036,好。
Story/D_S0012_01_02_037,二师弟！你竟派小师妹对付我！\n你我师兄弟一场，需要做到这么绝吗！
Story/D_S0012_01_02_038,小师妹，大师兄若想跑，你就打他。\n大师兄武功很高，你务须全力以赴，一交上手就没有保留，懂了吗。
Story/D_S0012_01_02_039,懂了。
Story/D_S0012_01_02_040,你不要乱教啦，我没有那么厉害！\n你不要害我被小师妹误杀了！
Story/D_S0012_01_02_041,那边瑟瑟发抖的，你们可还有人对此罚有意见的？
Story/D_S0012_01_02_042,没有！我们立刻就去！
Story/N_S0012_01_02_002,此后由小师妹负责押解大师兄，携门中弟子与外派弟子，\n到山上药田去施洒农药，又依言入山采了二师兄指定的药草才回。
Story/N_S0012_01_02_003,唐门弟子与别派弟子面对生命胁迫，终于尽弃前嫌。\n同顶着大太阳辛勤劳作，流汗、欢笑，萌生了友谊。
Story/D_S0012_01_02_043,从前是我们过份了，兄弟，别往心里去。\n我谨代表来此留学的外派弟子，给各位唐门老哥道歉了！
Story/D_S0012_01_02_044,别这么说，不是都说不打不相识吗！我们何尝没有不对呢？\n难得有缘，都是朋友，何须计较那么多，走走走，下山喝一杯。
Story/N_S0012_01_02_004,南宫老前辈播下的梦想之种，在唐门里开出了小小的友谊之花。
Story/N_S0012_01_02_005,与此同时──
Story/D_S0012_01_02_045,我有在认真找，我有在认真找了。\n就是天色太黑了，一时找不着而已。
Story/D_S0012_01_02_046,……。
Story/D_S0012_01_02_047,拜托你们别再突然袭击过来了哦。\n尤其是师弟你这个反骨仔，我平时对你这么好，\n你居然和小师妹连手对付我。
Story/D_S0012_01_02_048,小师妹的事，就是我的事。\n大师兄，你最好快点，小师妹就因为你至今还没用晚膳。
Story/D_S0012_01_02_049,大师兄，你快点。
Story/N_S0012_01_02_006,最终大师兄找到了药草，摆脱了小师妹与你的监视。
Story/N_S0012_01_02_007,他操劳整日，昏昏欲睡，入梦乡前想起你和小师妹连手袭来的画面。\n隐约间悟到了些什么，但委实累得睁不开眼，醒来又忘得一干二净了。
Story/O_S0012_01_02_002,「二师兄，大家只是友好的切磋武功罢了。」
Story/D_S0012_01_02_050,……赵活，你活得不耐烦了吗？\n这等肤浅的矫饰之词，也敢在我面前脱口而出？\n若是切磋，怎会乱战？
Story/D_S0012_01_02_051,自、自然是为了演练阵法。
Story/D_S0012_01_02_052,没错！
Story/D_S0012_01_02_053,就是这样！
Story/D_S0012_01_02_054,我可不记得本门有阵法，你们分明瞎打一气。
Story/D_S0012_01_02_055,本门虽然没有，但别派有啊。\n看起来瞎打一气，那是本门师兄弟争光，顺利破阵了啊。\n非但不该罚，还应该好好嘉勉才是。
Story/D_S0012_01_02_056,正、正是这样！
Story/D_S0012_01_02_057,都是我们学艺不精，下回可没那么容易让你们破阵了啊！
Story/D_S0012_01_02_058,那你们又怎会不知分寸，切磋还见红的？
Story/D_S0012_01_02_059,流点血，哪里是什么大事？\n切磋不认真，那倒不如不打了。\n我不也经常给师兄弟们切磋得遍体鳞伤吗？不伤和气就好～
Story/T_S0012_01_02_001,……师弟，咱们这样对你，你还如此仗义。\n从今以后，我个人是再也不针对你了。
Story/T_S0012_01_02_002,这位唐门弟子，话里透露出了心酸啊。
Story/D_S0012_01_02_060,……你确定？
Story/D_S0012_01_02_061,确定！
Story/D_S0012_01_02_062,……下不为例。\n切磋武艺，需有我、本门大师兄、三师弟任一人在场，方可为之。\n出手亦须容情，不可再有受伤情事。
Story/D_S0012_01_02_063,遵命～
Story/D_S0012_01_02_064,你好样的，师弟，三寸不烂之舌，竟把二师兄给唬住了。
Story/D_S0012_01_02_065,好在大事化小，否则只怕大伙都讨不了好。\n你们二师兄，怎么就那么骇人？
Story/D_S0012_01_02_066,你才知道，要不然辣手相公这外号怎么来的？
Story/D_S0012_01_02_067,乖乖不得了，我是再也不敢在唐门造次了。
Story/D_S0012_01_02_068,可千万别再打起来了，否则你们未必有事，我是铁定没命的。
Story/D_S0012_01_02_069,对不住，咱们请你喝酒压压惊，下回不敢了。
Story/N_S0012_01_02_008,在那之后，你们一块儿喝了酒，促进情谊。\n面临共同威胁，同甘共苦，再也不生嫌隙了。
Story/D_S0012_01_03_001,呃……。
Story/D_S0012_01_03_002,很好，你有胆出头，我便不罚旁人，只罚你。\n毒砂缸你也免进了，我这有三个瓮，当中藏有三种毒蛇。\n你任挑一个瓮，手伸进去让蛇咬吧。
Story/D_S0012_01_03_003,我的天！
Story/D_S0012_01_03_004,这、这是那个吗？三种蛇里面有一种是带有致命剧毒的，\n我要是运气好，选对了瓮，便可以安然无恙的那种赌命题？
Story/D_S0012_01_03_005,笑话。没毒的蛇，我养来干嘛？\n三种都有剧毒，在座各位被咬上一口，不死也去半条命。
Story/D_S0012_01_03_006,二师兄！饶命啊！
Story/D_S0012_01_03_007,废话少说！
Story/D_S0012_01_03_008,师、师弟，你的大恩大德，我们永世难忘。
Story/D_S0012_01_03_009,赵大侠，好样的，我回去定要到处宣扬你舍身取义的事迹。
Story/D_S0012_01_03_010,住手！别推我！
Story/D_S0012_01_03_011,呃啊──！
Story/O_S0012_01_03_001,丐帮的蛇
Story/O_S0012_01_03_002,苗疆的蛇
Story/O_S0012_01_03_003,唐门的蛇
Story/N_S0012_01_03_001,你挺身而出，挨蛇咬了一口，在病榻上躺了好几天，总算是活了。\n险死还生后，好一段时间人人见了你，都异常客气。
Story/D_S0014_01_01_001,哈啊～今天也流了很多汗，趁早先去洗个澡，把这身衣服也洗了吧。
Story/D_S0014_01_01_002,咦？怎么回事，我应该还有一套干净制服可换洗啊。
Story/N_S0014_01_01_001,你正狐疑之际，便听到窗口有笑声。
Story/D_S0014_01_01_003,丑八怪，在找你的破烂衣服吗？\n不妨去菜园看看，那稻草人今日刚换新衣呢！\n就不知给山上鸟禽啄烂了没有？
Story/D_S0014_01_01_004,可恶，是谁在戏弄我？
Story/N_S0014_01_01_002,你愤愤夺门而出，那群看准你好欺负、恶意作弄你的人早已作鸟兽散，\n徒留你在原地气得跺脚。
Story/D_S0014_01_01_005,我来此究竟招谁惹谁了，为何恶意总是四面八方朝我袭来？\n长得丑的人，真不配活吗？
Story/D_S0014_01_01_006,唉，去菜园把衣服找回来吧。
Story/D_S0014_01_01_007,找到了，啊……他们好像在我衣服上撒了谷物，衣服都被鸟禽啄烂了。
Story/D_S0014_01_01_008,……明明这是我仅有的两件不破烂衣裳啊。
Story/D_S0014_01_01_009,……趁着天色还没全暗，快将衣服取下来吧。莫要被人误认成偷菜贼给冤枉了。
Story/D_S0014_01_01_010,何况还有……还有鬼怪出没，阿弥陀佛，佛祖保佑我千万别遇到怪东西呀。
Story/N_S0014_01_01_003,正当你要取下稻草人身上衣裳，忽有一道人影掩至，忽施暗算。
Story/O_S0014_01_01_001,防御成功
Story/D_S0014_01_01_011,哦！不想你还挺有两下子。
Story/D_S0014_01_01_012,来者何人？你我又不相识，为何要对我忽施暗算？
Story/D_S0014_01_01_013,真好笑，你至今为止受人欺负，每个人都有理由才出手？
Story/D_S0014_01_01_014,老子就是看你不顺眼，就是要对付你，用得着理由吗？
Story/D_S0014_01_01_015,你这家伙……！
Story/D_S0014_01_01_016,你乖乖让我点穴不就得了？非要自讨苦吃！
Story/O_S0014_01_01_002,被偷袭
Story/N_S0014_01_01_004,你猝不及防，被来人出指点了你的穴道。\n顿时身上几处犯酸，又酥又麻，使不上力来，僵在当地动弹不得了。
Story/D_S0014_01_02_001,哇！点穴不管用啊！老师！
Story/D_S0014_01_02_002,真笨啊，连这样一个没学过正经武功的废物都拾掇不下。
Story/D_S0014_01_02_003,前辈，可是我哪里得罪了你们吗？
Story/D_S0014_01_02_004,并没有。但我新收的弟子缺个练手的对象。\n随便向其他门派的人出手会出大问题。
Story/D_S0014_01_02_005,只有你这样没人爱没人管的孤魂野鬼，打了也没人过问。
Story/D_S0014_01_02_006,哪有这样的？
Story/D_S0014_01_02_007,弟子啊，这个长得像妖怪的小子，使的武功都不成章法。\n能唬住了你，在我看来却漏洞百出，不值一哂。\n你再上前去打过，一边打，我一边指点你，包你能赢。
Story/D_S0014_01_02_008,当真吗？多谢老师！我去啦！
Story/D_S0014_01_03_001,你、你想做什么？我根本不认识你啊。
Story/D_S0014_01_03_002,嘿嘿，没有啊，就想拿你试试我新学会的点穴手法罢了。
Story/D_S0014_01_03_003,快放开我！
Story/D_S0014_01_03_004,试、试也试过了，管用得很，快替我解穴吧！别闹了。
Story/D_S0014_01_03_005,可惜得很，我才新学点穴，还没学会解穴呢！\n你别急别气，等我请教师父，过个十天半个月学成了，再回来解救你。
Story/D_S0014_01_03_006,那时我老早饿死了！喂！
Story/N_S0014_01_03_001,无视你的叫嚷，犯人的笑声扬长而去。
Story/T_S0014_01_03_001,不行，动弹不得，强行挣扎，只让气血阻塞处如欲炸裂。\n我需定心凝神，导气充穴才是脱身善策。
Story/N_S0014_01_03_002,作如是想，你闭上眼睛，存想五内，引导丹田之气，\n反复冲激受阻穴道，可惜徒劳无功。
Story/T_S0014_01_03_002,天黑了！
Story/N_S0014_01_03_003,屋漏偏逢连夜雨，不想来啥偏来啥。\n你四肢不能动弹，耳目分外清晰，隐约听见背后有人缓慢接近。
Story/N_S0014_01_03_004,那脚步声既慢且轻，夹杂着草木稀疏声与幽幽的叹气声，教你不寒而栗。
Story/T_S0014_01_03_003,是鬼！一定是鬼我赌一千钱一定是鬼！！
Story/D_S0014_01_03_007,……。
Story/T_S0014_01_03_004,那背影……是小梅吗？为何手提着食盒，在森林边缘徘徊？\n别去啊，那森林不是听说闹鬼的吗？
Story/N_S0014_01_03_005,与你担忧的不同，小梅始终没有踏进森林一步。\n几度想出声呼喊的样子，都没有勇气出口，良久才垂头丧气的回来。
Story/D_S0014_01_03_008,咦？这个稻草人……怎么……。
Story/D_S0014_01_03_009,是我。
Story/D_S0014_01_03_010,阿活？你干嘛在这里吓人？\n我差点一刀子就戳下去耶！你这玩笑太要命了！
Story/D_S0014_01_03_011,又不是我情愿的。
Story/N_S0014_01_03_006,你遂将事情经过告诉了小梅。
Story/D_S0014_01_03_012,原来是这样，本梅略懂一点点穴解穴手法，\n虽然很生疏，不妨试试，替你解了穴吧。
Story/O_S0014_01_03_001,男女授受不亲，别碰我
Story/D_S0014_01_03_013,男女授受不亲，别碰我，你这个女禽兽！
Story/D_S0014_01_03_014,哈哈哈哈！你这疯子，到底是你吃我豆腐还是我吃你豆腐啊！
Story/D_S0014_01_03_015,总之你不要乱碰我，情况会从糟糕变成人间炼狱。
Story/D_S0014_01_03_016,好好好，那我也不能放你这样啊，\n万一等会儿森林里走出一匹吃人的野兽，把你拖去吃了怎办？
Story/D_S0014_01_03_017,那可不行！
Story/D_S0014_01_03_018,真拿你没办法耶。\n如果是新学的点穴，想来用不了一两个时辰，穴道就会自解了吧。
Story/D_S0014_01_03_019,我在这里陪你说话吧。
Story/D_S0014_01_03_020,可以吗？你人真好啊。
Story/D_S0014_01_03_021,认识的人要是被吃了，我会有阴霾的，别放心上。
Story/D_S0014_01_03_022,我还带了一些吃喝的来，想见一位在森林里隐居的朋友。
Story/D_S0014_01_03_023,但可能我已经不被她当作朋友了吧。\n今夜八成也不会见我的。
Story/D_S0014_01_03_024,你竟还有朋友住在森林里。
Story/D_S0014_01_03_025,你听说过吗？崆峒派有四位嫡传女弟子，并称崆峒四姝。\n除了我和玄功门的魏掌门之外，还有铁拳门的小竹，\n以及住在森林里的这一位。
Story/D_S0014_01_03_026,江湖人称夺魄幽兰，夏侯兰。
Story/D_S0014_01_03_027,我知道夺魄幽兰，听说……。
Story/D_S0014_01_03_028,是一个女魔头？
Story/D_S0014_01_03_029,江湖传闻，偶尔失真也是有的。
Story/D_S0014_01_03_030,就是说啊，那些流言蜚语，听听就好。\n兰姐姐温柔又美貌，是我们四姝之中最好的，要不是当年出了一些事……。
Story/D_S0014_01_03_031,虞小梅，你特意来到我家，说我的闲话给外人听吗？
Story/D_S0014_01_03_032,不、不是的，我还什么都没说呢，兰姐姐。
Story/D_S0014_01_03_033,你在哪里闲逛是你的自由，想说我闲话就到我听不见的地方。\n可别仗恃自己是飞天门嫡传女弟子，三番四次来招惹我。\n下次可别怪我不念往日情份了。
Story/D_S0014_01_03_034,我、我只是想讨你开心，烧了一些菜过来。
Story/D_S0014_01_03_035,多谢你了，下回别带，也别再来打扰我。\n我不吃飞天门的一粒米粮。
Story/D_S0014_01_03_036,咦？我可以动了？多、多谢夏侯师姐。
Story/D_S0014_01_03_037,免了，你不是知道我是女魔头吗？\n我只是想赶走你们而已。
Story/D_S0014_01_03_038,啊。
Story/D_S0014_01_03_039,……。
Story/O_S0014_01_03_002,好啊
Story/D_S0014_01_03_040,好，那我就来了，我看看──
Story/T_S0014_01_03_005,啊……糟糕，小梅好香，糟糕，我、我的心好像要砰出胸膛了。
Story/D_S0014_01_03_041,喂喂，就算本梅再可爱，你也不能让心跳这么响吧。\n我在努力帮忙，你却想到哪里去了？
Story/D_S0014_01_03_042,抱歉，情不自禁。
Story/D_S0014_01_03_043,阿活，禽兽。
Story/D_S0014_01_03_044,无、无言以对。\n你还是让我自生自灭吧。
Story/D_S0014_01_03_045,我和你说笑的，用不着这么正经死板。
Story/D_S0014_01_03_046,嘿，嘿嘿──
Story/D_S0014_01_03_047,唔哇可怕，阿活你的表情怎么回事？小梅我有点害怕。
Story/D_S0014_01_03_048,这怪不了我吧，我也是身体健全的男子啊。\n你这样乱摸，我当然会有点心猿意马。
Story/D_S0014_01_03_049,什么乱摸，我就说了我不熟练嘛！\n当然要多推揉几下，才能推宫过血啊，不然你怎么解穴？
Story/D_S0014_01_03_050,那倒是。
Story/D_S0014_01_03_051,我放弃了，我不会解。\n锁你脉的虽是玄功门的手法，真气却是峨嵋派的，我仁至义尽了。\n你刚还用表情猥亵我，我还是让你给野狼叼去吃吧。
Story/D_S0014_01_03_052,不要啊女侠！
Story/D_S0014_01_03_053,哈哈哈哈！看你还下回敢不敢！
Story/D_S0014_01_03_054,不过话说回来，这个到底该怎么解穴啊。\n看来我只能在这里陪你干耗，等几个时辰穴道自解了。\n要是有野狼过来，我便打跑了牠。
Story/D_S0014_01_03_055,有野狼吗？
Story/D_S0014_01_03_056,偶尔有，铁拳门的猎人会猎来狼皮在市集卖。\n我先说好，来一两匹我还能应付，来一群的话就对不起了。
Story/D_S0014_01_03_057,不要轻易放弃啊！
Story/D_S0014_01_03_058,要啦，本梅最擅长的就是轻功，轻功是干嘛用的？当然逃跑啊。
Story/D_S0014_01_03_059,！？
Story/D_S0014_01_03_060,吓我一跳，你突然这是怎么了？
Story/D_S0014_01_03_061,出出出出现了──！在你后面！
Story/D_S0014_01_03_062,是狼吗？
Story/D_S0014_01_03_063,是我。
Story/D_S0014_01_03_064,兰、兰姐姐！我可等到你了！
Story/D_S0014_01_03_065,是人，不是鬼吗？
Story/D_S0014_01_03_066,阿活，你乱说什么？\n这位可是人称夺魄幽兰的夏侯兰师姐！是我们崆峒四姝中最──
Story/D_S0014_01_03_067,虞小梅，住口。\n你们两个在别人家外面吵吵闹闹搂搂抱抱，还让不让人睡觉了？
Story/D_S0014_01_03_068,而且小梅你挑男人的眼光……算了，跟我无关。
Story/D_S0014_01_03_069,啊，对不起……。\n不过事情不是你想的这样，阿活是被点穴了，我解不开。
Story/D_S0014_01_03_070,哇！你、你做什么？
Story/D_S0014_01_03_071,咦？我可以动了？
Story/D_S0014_01_03_072,多谢夏侯师姐。
Story/D_S0014_01_03_073,嗯。下次碰到别派的真气锁在要脉上无法驱散的，\n就别来软的，把内力打进去冲散就好了。
Story/D_S0014_01_03_074,原来是这样……可是这样对方不会受内伤吗？
Story/D_S0014_01_03_075,学艺不精就会。\n没事了吧？离森林远一点，我要回去了。
Story/D_S0014_01_03_076,啊，兰姐姐，其实……我是来找你的。
Story/D_S0014_01_03_077,什么事。
Story/D_S0014_01_03_078,那个，我带了一点吃喝的，想和你……
Story/D_S0014_01_03_079,多谢你了，下回别带，也别再来打扰我。\n我不吃飞天门的一粒米粮。
Story/D_S0014_01_03_080,啊。
Story/D_S0014_01_03_081,……。
Story/D_S0014_01_03_082,阿活，那你呢？你吃不吃我做的饭团？
Story/O_S0014_01_03_003,亲手做的？有毒也要吃。
Story/D_S0014_01_03_083,哈，多谢你捧场啦。\n手艺不好，别见怪唷！我还在学呢。
Story/O_S0014_01_03_004,有吃的我当然要吃。
Story/D_S0014_01_03_084,你日子到底过多惨，才会说出这种话？\n行吧，反正兰姐姐也不吃，就帮我消化一下，不然糟蹋食物要被雷劈的。
Story/D_S0014_01_03_085,有放腌梅子的饭团，也有兰花肚丝、酱竹笋做配菜。
Story/N_S0014_01_03_007,小梅依次端出了她的料理，请你品尝。
Story/O_S0014_01_03_005,臭小妮子不要玩食物
Story/D_S0014_01_03_086,咦？有这么糟吗？
Story/D_S0014_01_03_087,其他的也就算了，饭团为什么要用豆豉把梅子包住？
Story/D_S0014_01_03_088,不好吃吗？
Story/D_S0014_01_03_089,你自己没吃过吗？
Story/D_S0014_01_03_090,我吃吃看。
Story/D_S0014_01_03_091,啊恶呸！
Story/D_S0014_01_03_092,你不是说糟蹋食物怕给雷劈吗？
Story/D_S0014_01_03_093,我宁可给雷劈。
Story/D_S0014_01_03_094,这可是你自己的杰作啊……算了。\n兰花肚丝、酱竹笋倒是挺好吃的。
Story/O_S0014_01_03_006,普通的好吃
Story/D_S0014_01_03_095,……好吃。
Story/D_S0014_01_03_096,也不是很难的菜式，除非故意搞砸，要不然味道都相去不远吧。
Story/D_S0014_01_03_097,那可未必，你太小看世人的底线了。\n我有机会一定要让你试试我唐门大师兄的手艺。
Story/D_S0014_01_03_098,是饭也煮焦、或者没熟那种吗？
Story/D_S0014_01_03_099,不是，是往全鸡的屁股塞鱼，外面抹上鲜榨果酱的那种。
Story/D_S0014_01_03_100,唔哇──光是想象就觉得很不妙。
Story/D_S0014_01_03_101,就和他的武功路子一样天马行空乱七八糟的。
Story/D_S0014_01_03_102,不说我大师兄了，太令人胃痛了。
Story/D_S0014_01_03_103,除了饭团，也多吃兰花肚丝、酱竹笋吧。
Story/O_S0014_01_03_007,令人赞赏的滋味
Story/D_S0014_01_03_104,──真好吃。
Story/D_S0014_01_03_105,好吃吧？虽说只是平凡的菜式，但我下了不少苦功。\n饭团的米饭，是填在竹筒里蒸熟的，还揉碎了梅花瓣熏过。\n鱼松、梅子肉剪碎了拌开，既开胃，卖相也好对吧？
Story/D_S0014_01_03_106,天太黑了，卖相看不清楚啊。
Story/D_S0014_01_03_107,哇哈哈，说的也是。\n这颗饭团我要取名叫鱼小梅，跟我同名。
Story/D_S0014_01_03_108,此外兰花肚丝、酱竹笋都淋了麻油。\n这食盒是铁拳门打造的，下层放了炭火，可以保温，到现在还是热的。
Story/D_S0014_01_03_109,想不到你如此贤慧。
Story/D_S0014_01_03_110,什么叫『想不到』？你个死阿活想下楼梯是不是？
Story/D_S0014_01_03_111,还不是为了讨好兰姐姐，才费煞了苦心，却便宜了阿活你。
Story/N_S0014_01_03_008,小梅的料理给你不小启示，你暗暗留心，颇有所得。
Story/D_S0014_01_03_112,这两道虽然好吃，但味道都太重咸了点。\n起初几口惊艳，后来却不免嫌腻。
Story/D_S0014_01_03_113,单只梅子饭团，还不足以平衡，\n要是再有茶水就好了──特别是菊花茶！绝配喔！
Story/D_S0014_01_03_114,但是已经没有了。
Story/D_S0014_01_03_115,哈哈哈哈──！没有菊花茶了喔！真可惜呢阿活！
Story/D_S0014_01_03_116,……？
Story/N_S0014_01_03_009,你不明白她何以突然捧腹大笑，笑得眼泪都溢出来了。\n小梅摇摇手，弃下食盒与你，身影消失在夜幕之下。
Story/D_S0014_01_04_001,我赢──
Story/N_S0014_01_04_001,你连战而胜，得意不到片刻，便遭那玄功门前辈出手点了穴道。
Story/D_S0014_01_04_002,你认穴太慢，还需多下苦功，记熟穴道。
Story/D_S0014_01_04_003,多谢老师指点。
Story/D_S0014_01_04_004,嗯，今日就到此为止，改日你寻这丑小子再打一次。
Story/D_S0014_01_05_001,想跑？你速去把他追回。\n莫让他跑进前方森林，到时难捉拿。
Story/D_S0014_01_05_002,老师，太迟了，你不讲还好，你一喊他就听见了。\n这不，一头就栽进森林了吗？\n马上就要天黑了，弟子可不敢进那森林，听说有鬼的。
Story/D_S0014_01_05_003,说、说什么蠢话。
Story/D_S0014_01_05_004,不然，请老师出手追他？
Story/D_S0014_01_05_005,是我要练功，还是你？\n罢了，你既不进去，我们在外边守株待兔，以逸待劳便是。\n谅他也待不久，若不出来，就教鬼捉了去吧。
Story/D_S0014_01_05_006,没、没有追来吧。
Story/D_S0014_01_05_007,混蛋，以大欺小，人模人样，却满嘴屁话。\n什么我没人管、没人爱，所以打了我也没人过问？
Story/D_S0014_01_05_008,我可是有唐门作靠山的！
Story/D_S0014_01_05_009,我可是有……唐门……。
Story/D_S0014_01_05_010,唐门若肯教我武功的话，我犯得着来崆峒求学吗？\n我还真的是没人管、没人爱，到哪去都一个样。
Story/D_S0014_01_05_011,不如回乡下种田吧……可是我却哪里有家可回？
Story/N_S0014_01_05_001,你虽性情豪爽，等闲不落男儿泪。\n只是那些不堪回首的往事如影随形，\n每每被回忆追上的时候，总要失魂落魄，怔然掉泪。
Story/N_S0014_01_05_002,你的悲伤无人知晓。
Story/D_S0014_01_05_012,为什么我无端要受你们欺侮？\n我是没人管、没人教，所以就活该被欺负吗？
Story/D_S0014_01_05_013,……不如回唐门吧。\n再待下去，也学不到武功的。
Story/D_S0014_01_05_014,回去了也学不到就是了。
Story/D_S0014_01_05_015,唐门若肯教我武功的话，我犯得着来崆峒求学吗？\n我还真的是没人管、没人爱，到哪去都一个样。
Story/D_S0014_01_05_016,不如回乡下种田吧……可是我却哪里有家可回？
Story/N_S0014_01_05_003,你所受磨难虽多，总还能咬紧牙关走到今日。\n然而今日身上所受的痛楚屈辱，\n却犹不如那对师徒轻描淡写说出的话语伤人。
Story/N_S0014_01_05_004,你没有人爱，没有人管，无论到哪去都是孤身一人。
Story/N_S0014_01_05_005,你无家可归。
Story/D_S0014_01_05_017,……那年庄稼歉收，家里好多人要吃饭。\n我见了爹娘、兄弟姊妹的冷眼，很害怕，加倍努力耕作，想表现好点。
Story/D_S0014_01_05_018,某一日爹娘难得叫我先回家洗手，\n瞒着其它兄弟姊妹，先给我吃了一顿饱。
Story/D_S0014_01_05_019,我生得丑，从小就是最受冷遇的一个，连吃饭都不许我同桌，\n说是看到我的脸会倒胃口，我总是一个人夹了饭菜，在厨房里吃的。\n夹多了还会被爹用筷子敲手，哪曾吃过一顿饱？
Story/D_S0014_01_05_020,那天爹娘让我先吃，我吃得很痛快，\n只是不由得悲从中来，眼泪扑簌簌的掉了下来。\n我那时便想明白了吗？还是说，只是单纯喜极而泣呢？我不记得了。
Story/D_S0014_01_05_021,爹娘对着我说：家里快没米粮了，要减一双筷子。
Story/D_S0014_01_05_022,我是抢在被爹娘开口要我离家之前，\n打肿脸充胖子，自己说要上山拜师闯荡江湖的啊……。
Story/N_S0014_01_05_006,你在夜里对自己说的独白，随着心萎缩，渐渐低哑无声。
Story/T_S0014_01_05_001,我知道的，在我身上发生的事，只是一件平凡又悲伤的事，\n但这就是我人生了，我没有天赋，没有身世，我谁也不是。
Story/D_S0014_01_05_023,别哭啦，哭哭啼啼的，真教人心烦意乱。\n你若再扰我安宁，妾身便只好杀死你了。
Story/D_S0014_01_05_024,谁、谁在说话？
Story/D_S0014_01_05_025,莫非、莫非是传说中的女鬼吗……！？
Story/D_S0014_01_05_026,嗯，妾身正是传说中的那个女鬼。\n你若怕，便快滚出森林去吧。
Story/D_S0014_01_05_027,谁谁谁说我怕了！
Story/D_S0014_01_05_028,呵，还真能逞强，你小子叫甚么名字？
Story/D_S0014_01_05_029,吓死我啦──！！
Story/D_S0014_01_05_030,不行啊！外边有人等着对付我！\n前有狼，后有虎，吾命休矣！
Story/D_S0014_01_05_031,可别在这里吓死了，因为我常来这里，会很困扰。
Story/D_S0014_01_05_032,我我我我尽量不吓死，请神仙姐姐饶命！
Story/D_S0014_01_05_033,呵，你这般胆小，一惊一乍，真是好笑。\n上一刻说我是女鬼，这回却叫神仙姊姊呢，好不要脸。\n丑小子，你叫什么名字？
Story/D_S0014_01_05_034,你问我名字干嘛？莫非想、想施咒害我？
Story/D_S0014_01_05_035,你觉得我想害你，需要施咒吗？\n我既开口问了，你还不肯说，那就是存心要我杀你。
Story/D_S0014_01_05_036,赵活！我叫赵活！！
Story/D_S0014_01_05_037,啊！我死了！
Story/D_S0014_01_05_038,还没。我还在说话，不许你擅自晕去。
Story/D_S0014_01_05_039,是，是。
Story/D_S0014_01_05_040,你叫赵活？嗯，乍听之下还挺吉利的。\n若再与你方才那番自言自语相印证，顿时就显得很残酷了。
Story/D_S0014_01_05_041,啊……你都听见了。
Story/D_S0014_01_05_042,你若不是吵得我不得安宁，我也不会开口与你搭话了。\n我老早就在这了，是你自己擅自冲进来喋喋不休的，可别怪我。
Story/D_S0014_01_05_043,岂敢，岂敢。
Story/D_S0014_01_05_044,这里是我先来的，你出去吧，别再进来了。
Story/D_S0014_01_05_045,可是外边……。
Story/D_S0014_01_05_046,我教你打发了他们便是。
Story/D_S0014_01_05_047,那人初学点穴，满心想瞄准你穴道，你太忌惮，才落得绑手绑脚的窘境。\n他本就不熟练，现在又天黑了，想点中穴道难上加难，你上前打他就是。\n你动得越快，他师父越难及时指点，他若怕了，自然没心思想点穴了。
Story/D_S0014_01_05_048,他若不怕呢？
Story/D_S0014_01_05_049,那你拿起刀子就往他手指削去，看看他指剑厉害，还是刀子锋利。\n斩不到他手指，便刺他心脏，看他如何不防。
Story/D_S0014_01_05_050,这会否太狠辣了点？
Story/D_S0014_01_05_051,嗯，你若心软，便去给他点穴任人鱼肉吧。\n大不了就是给他宰了，反正你的命也不值钱，没他的命要紧。
Story/D_S0014_01_05_052,你、你怎么能这样说呢？
Story/D_S0014_01_05_053,这可不是我说的，是你自己选的。
Story/D_S0014_01_05_054,原来如此──是这个理呀。
Story/D_S0014_01_05_055,你想明白了？那便去吧。\n记住，再心慈手软，那没命的就是你自己。\n他们自己找上门的，你不下杀手反击，那就是杀你自己。
Story/D_S0014_01_05_056,我、我明白了。
Story/D_S0014_01_05_057,瞧你方才与人动手，是学过夺魄门的无影爪吧？
Story/D_S0014_01_05_058,不过是得了一本入门秘籍，依样画葫芦自己练的。
Story/D_S0014_01_05_059,待会勤使第三式『春风拂柳』，不过你出招的位置要放低，\n别拂他脸，全往他手指上拂，拂不到就使第七式『寒风刺骨』。
Story/D_S0014_01_05_060,不用我说，你也知道该刺哪里了吧？
Story/D_S0014_01_05_061,……心、心脏？
Story/D_S0014_01_05_062,心脏！
Story/D_S0014_01_05_063,孺子可教，你要是这样还打不赢，那定是你自己的问题。\n只怕没救了吧，好了，要死就快去吧，我可不护你，别来烦我。
Story/O_S0014_01_05_Break_Start_01_001,勇敢地出发
Story/O_S0014_01_05_Break_Start_01_002,坚强地出发
Story/D_S0014_01_05_Break_Start_01_001,是，我去了。
Story/D_S0014_01_05_Break_Start_01_002,哈！总算出来了，天太黑了，森林里待不下去吧！\n就算没教你碰见鬼，难保没有野狼饿虎！
Story/D_S0014_01_05_Break_Start_01_003,平白浪费我这么多时间！\n弟子啊，你替老师我狠狠教训他一顿。
Story/T_S0014_01_05_Break_Start_01_001,春风拂柳，寒风刺骨！春风拂柳，寒风刺骨！
Story/D_S0014_01_05_Break_Start_01_004,这家伙怎么回事？气势忽然变好强！
Story/D_S0014_01_06_001,功败垂成……！
Story/D_S0014_01_06_002,吓死我了！真吓死我了！\n出手这么狠辣，是想要我的命吗！
Story/D_S0014_01_06_003,老师快帮我！他真的想杀我！
Story/D_S0014_01_06_004,好哇，与你好端端的过招玩儿，你不知分寸，\n反要害我新收的徒儿，我须饶不得你──！
Story/D_S0014_01_06_005,咕哇！你……你是……夺魄幽兰……！
Story/D_S0014_01_06_006,嗯，正是我夏侯兰，也就是你们说的女鬼唷。
Story/D_S0014_01_06_007,原来是你在背后指点这妖怪小子吗。\n你这样就说不过去了吧，我徒儿不过和他闹着玩──
Story/D_S0014_01_06_008,没有什么闹着玩。\n打人就是打人，欺负就是欺负。\n你们觉得很有趣，想过会把人逼入死地吗？这就是无自觉的恶意了。
Story/D_S0014_01_06_009,这位玄功门的师姐，你还想动手，就由小妹我来奉陪吧。\n不过我丑话说在前头，我可不是跟你比武，我会杀了你的。
Story/D_S0014_01_06_010,唔、唔哇～！
Story/D_S0014_01_06_011,老师？你怎么怕成这样？
Story/D_S0014_01_06_012,我、我念在同门情谊……。
Story/D_S0014_01_06_013,嗯，想挽回颜面的废话不要在我面前讲，很烦。
Story/D_S0014_01_06_014,……走了。
Story/D_S0014_01_06_015,你是不是以为你穿着峨嵋制服，我便不敢杀你？
Story/D_S0014_01_06_016,不不不不是，饶命！我这就走！
Story/D_S0014_01_06_017,你、你便是森林里那位指点我的前辈吗？你不是鬼？
Story/D_S0014_01_06_018,就算不是，也差不多了。\n怎么样，不是个形貌可怖的老太婆，你很惊讶吗？
Story/O_S0014_01_06_001,没想到这么美貌
Story/D_S0014_01_06_019,世……世……世上竟有……如此美貌的人……。
Story/D_S0014_01_06_020,你这丑怪小子，也来学人油嘴滑舌。\n你给我精神点，少放肆。
Story/D_S0014_01_06_021,呃啊！
Story/N_S0014_01_06_001,你给夏侯兰指弹松子，正中额头，连忙回过神来。
Story/D_S0014_01_06_022,对、对不住，是心里这么想，不小心就脱口而出了。\n无意冒犯前辈，还请不要见怪。
Story/D_S0014_01_06_023,我不是前辈，不用对我这般恭敬。\n不过我也听不惯这些轻薄言语，下次再说，我就要治你了。
Story/D_S0014_01_06_024,下次不敢了，对不住。
Story/O_S0014_01_06_002,没想到这么年轻
Story/D_S0014_01_06_025,呵，你倒懂得说好话。
Story/D_S0014_01_06_026,既然没事了，你便快回去吧。
Story/D_S0014_01_06_027,我还没谢你呢，不单出手帮我，还指点我武功。\n这样的大恩若不报答，我怎么能心安呢。
Story/D_S0014_01_06_028,那就快谢吧，省得你日后放在心上。\n用说的就好，我不收人礼物的。
Story/T_S0014_01_06_001,这位夏侯大姐个性还真是独树一格！
Story/O_S0014_01_06_003,以平礼相谢
Story/D_S0014_01_06_029,多谢夏侯师姐相救指点之恩！\n此恩来日赵某必定图报。
Story/D_S0014_01_06_030,大可不必，下回你别再来森林里哭哭啼啼，就算是报答我了。
Story/D_S0014_01_06_031,呃……真、真是丢脸。
Story/D_S0014_01_06_032,呵，你还有脸可以丢吗？
Story/D_S0014_01_06_033,我无意听了你的心底事，可也算帮了你一把，就此扯平吧。\n嗯，这个也给你好了，反正很碍事。
Story/D_S0014_01_06_034,这个是……峨嵋派的秘籍？
Story/D_S0014_01_06_035,方才顺手与那位玄功门师姐身上探来的。\n她如何会有峨嵋派的秘籍呢？真是耐人寻味。
Story/D_S0014_01_06_036,啊，你只怕不知道吧？\n夺魄门创派祖师是侠盗，他的爪功都是干这种缺德事用的。\n现任掌门爱面子，传给弟子的都是修改过光明正大的版本。
Story/D_S0014_01_06_037,我还真不知道。
Story/D_S0014_01_06_038,你现在知道了，反正是没意义的闲话。\n可以了吧，我要走了，你也快回去吧。
Story/D_S0014_01_06_039,是，恭送师姐，不过师姐是要回那森林吗？
Story/D_S0014_01_06_040,那森林不觉得太过阴森了吗？难道你不怕──
Story/D_S0014_01_06_041,我怕光，我是女鬼呀，你不记得了吗？呵。
Story/D_S0014_01_06_042,……夏侯师姐，真是一位奇女子。
Story/O_S0014_01_06_004,以师礼拜谢
Story/D_S0014_01_06_043,夏侯师姐，请受我一拜。
Story/D_S0014_01_06_044,……你这是干嘛？起来。\n虽说我帮了你，但我们是平辈，何必行此大礼。
Story/D_S0014_01_06_045,你是第一位愿意指点我功夫的人。\n既授我秘籍，又以口传点拨于我，对我而言，等同师恩。\n何况师姐于我有救命之恩，我拜你也不算违背礼数。
Story/D_S0014_01_06_046,我教的也不是什么奥义。\n就算我不说，假以时日，你自己迟早也能参悟的。
Story/D_S0014_01_06_047,你若不教我，我未必有以后。
Story/D_S0014_01_06_048,……说的也是，那这一拜，我似乎还真的受得起。
Story/D_S0014_01_06_049,可不是吗。
Story/D_S0014_01_06_050,不过你是唐门高徒，在外面胡乱拜师，不怕你掌门生气吗？
Story/D_S0014_01_06_051,按唐门家规，外姓弟子唯一的好处，就是可以向外人拜师。
Story/D_S0014_01_06_052,人家收徒，都要论资质，看品貌。\n难道你拜我，我就一定肯收吗？
Story/D_S0014_01_06_053,说得也是！毕竟我长这样。\n我没有别的居心，只是心里却敬重您，像敬重师父一样。\n这样也不行的话，我改称您为恩人好了。
Story/D_S0014_01_06_054,呃……我这般品貌，本来就没存此奢想。\n我自将师恩放心里敬你，却也有自知之明，不敢以弟子自居。\n这样也不行的话，我改称您为恩人好了。
Story/D_S0014_01_06_055,我又没说不行，你拜也拜了。\n不过当人师父这事，我想也没想过……。\n嗯，好像挺有意思的，凡事都该体验一下。
Story/D_S0014_01_06_056,那就限你留学崆峒的期间，我来过过当人师父的瘾吧。\n论江湖资历，我合该称你家掌门一声前辈，\n你作了我徒弟，这辈分就乱了……算了，反正也不是什么大事，随便吧。
Story/D_S0014_01_06_057,当、当真吗！师父在上，请受弟子三叩九拜！
Story/D_S0014_01_06_058,不可。我不想受虚礼所束缚。\n你若真拜了下去，不认真教你成材，我会于心有愧。\n我只看心情乱教一通，高兴时随兴指点，不高兴时随时逐你出师门。
Story/D_S0014_01_06_059,这么随兴吗？
Story/D_S0014_01_06_060,不满意就逐你出师门。
Story/D_S0014_01_06_061,满意，满意得很。
Story/D_S0014_01_06_062,很好，不过我得先订几个门规。\n第一，你须知道你拜的是我──被称为夺魄幽兰的女魔头，不是夺魄门。\n第二，我很怕麻烦事，有旁人时，你不可以叫我师父。
Story/D_S0014_01_06_063,弟子遵命。
Story/D_S0014_01_06_064,第三，为师性情反复无常，门规随时会改，不满意就逐你出师门。\n现在我不喜欢你用弟子自称，你和我说话，用平辈语气就好。\n不然我有种被喊老的感觉，心情不太爽快。
Story/D_S0014_01_06_065,好，弟子……我、我知道了。
Story/D_S0014_01_06_066,师父二字还是不可免的。
Story/D_S0014_01_06_067,我知道了，师父。
Story/D_S0014_01_06_068,很好，乖徒。你若想找为师，就到这森林里。\n你也不用日日过来请安，来时务必记得别被旁人察觉。\n为师要回去睡觉了，你也回去吧。
Story/D_S0014_01_06_069,……。
Story/T_S0014_01_06_002,我竟拜到师了，虽然只有不到半年，但我有师父了！
Story/N_S0014_01_06_002,你喜难自禁，只想仰天大笑，又怕惊扰到师父休息，只得强自忍耐。\n在菜园手舞足蹈，纵似儿戏，也足令你既悲且喜。
Story/T_S0014_01_06_003,就这么高兴吗？呵，傻到家了。\n同为世上最孤独无助的人，我也只能支撑你一下而已。\n半年以后就看你造化了。
Story/N_S0017_01_001,这天风和日丽，你正在……
Story/O_S0017_01_001,炒菜
Story/D_S0017_01_001,能吃了没？先弄一块肉让我尝尝。
Story/D_S0017_01_002,我也要，我也要！
Story/D_S0017_01_003,热菜还没好，云裳，你来，替我试试凉菜的咸淡。
Story/D_S0017_01_004,啊～你喂我。
Story/D_S0017_01_005,没辙。
Story/N_S0017_01_002,你从盆里夹了一块凉拌菜瓜，送到叶云裳口中。
Story/D_S0017_01_006,好吃，可以。
Story/D_S0017_01_007,走开，该我了！啊～
Story/O_S0017_01_002,投喂
Story/N_S0017_01_003,你勉为其难也夹了一块给四师兄。
Story/D_S0017_01_008,好吃，可以。
Story/N_S0017_01_004,相继投喂以后，四师兄和叶云裳欢天喜地而去。
Story/O_S0017_01_003,拒绝投喂
Story/D_S0017_01_009,你没份。
Story/D_S0017_01_010,为啥！
Story/D_S0017_01_011,要是人人都有，怎显得出云裳尊爵不凡的超然地位。
Story/D_S0017_01_012,胖子，你输给我了！我才是唐门最吉祥的吉祥物！\n我是哥哥的心尖儿上独宠的宝贝，而你只是一个胖子胖子！
Story/D_S0017_01_013,过份！你甚至不是唐门中人啊！你们欺负人！
Story/D_S0017_01_014,哥哥，你把我宠得很好，不错不错，就该这样。\n裳儿记你一功，集满十功，可以免受一次捉弄之刑。
Story/D_S0017_01_015,还没啦，你俩先出去玩，开饭了我自然会喊。
Story/D_S0017_01_016,那我跟胖子再出去玩会儿。
Story/D_S0017_01_017,我虽然确实是胖子，但你能不能别那么口没遮拦？
Story/D_S0017_01_018,还没啦，先出去等等，开饭了我自然会喊。
Story/D_S0017_01_019,哦。
Story/D_S0017_01_020,师弟，有鸡吗？还得是放山鸡。
Story/D_S0017_01_021,师姐，你怎么突然要山鸡？
Story/D_S0017_01_022,必须有哇，没有就惨了。
Story/D_S0017_01_023,何以见得？
Story/D_S0017_01_024,二师兄太瘦，看了我好心疼。
Story/D_S0017_01_025,……所以……？
Story/D_S0017_01_026,所以你得设法弄出山鸡来，让我给他炖汤补补身子。\n捉不到就别回来了。
Story/D_S0017_01_027,这不是强人所难吗！再要不了多久，太阳就要下山了。\n我晚饭快煮好了啊！
Story/D_S0017_01_028,你别磨蹭，省下跟我啰唆的时间，\n利索点早去早回，说不定菜都没凉呢。
Story/O_S0017_01_004,练功
Story/D_S0017_01_029,呼～今天就练到这里吧。\n别人不教我，我也只能自己随意乱练了。
Story/D_S0017_01_030,……我若是常来后山，不知还会不会碰见指点我忘形篇的那位前辈呢。\n要是能直接了当教我一些实用厉害的招数就好了。
Story/D_S0017_01_031,喂，师弟，你又没挑柴，在后山做甚？
Story/O_S0017_01_005,我在练功
Story/D_S0017_01_032,你？你个外姓弟子，都没歌诀，瞎折腾什么劲儿。\n快别练了，我这可是为你好，你踏实点，别想那些没的。\n完全不会武功都好过你练个半调子，出门给人打死。
Story/D_S0017_01_033,要、要你管。
Story/D_S0017_01_034,师姐所言甚是。
Story/D_S0017_01_035,我看你是不服气喔。\n没办法，我只能用实力让你认清现实。\n来来来，咱们师姐弟过几招，你若输了，就依我件事。
Story/D_S0017_01_036,你要跟我过招？
Story/D_S0017_01_037,怎么，该不会是要说『男女授受不亲』、『好男不跟女斗』这种傻话吧？\n我唐仙儿一盏茶的光阴，就能让你跪在地上，找半天找不齐自己牙齿！
Story/D_S0017_01_038,我若赢了呢？
Story/D_S0017_01_039,好大口气，你一个外姓弟子还想赢我？\n赢了再说吧！
Story/O_S0017_01_006,没干嘛，散步而已（隐瞒）
Story/D_S0017_01_040,没别的啥事，就是看天气挺好的，随处走走。
Story/D_S0017_01_041,走？走个屁！放着事情不做，成日闲晃！\n所以你才当不了入室弟子啊，这么懒散！
Story/D_S0017_01_042,呃……。
Story/D_S0017_01_043,我这就给你个戴罪立功的机会。
Story/D_S0017_01_044,你不觉得二师兄太瘦了，看了很让人心疼吗？\n不如你去捉只山鸡回来，我把鸡熬了汤给他补补身子，当作将功赎罪吧。
Story/D_S0017_01_045,哦。
Story/D_S0017_01_046,给我用跑的！脚瘸了是吗！
Story/D_S0017_01_047,我还以为你永远不会休息，每次看到你走动，不是干活就是干活，\n要不然就是累摊了沾床就睡死，都没见过你这么命苦的家伙。\n亏你在唐门还待得下去。
Story/D_S0017_01_048,就是说啊。
Story/D_S0017_01_049,不过因为你长得丑，所以不值得同情。\n你要有二师兄一半好看，人家就不至于把你当牛马使唤了。
Story/D_S0017_01_050,我又不想长这样，唉。
Story/D_S0017_01_051,……来啦，来。
Story/D_S0017_01_052,师姐，你为何给我钱？
Story/D_S0017_01_053,你是不是以为我要给你零花钱？
Story/D_S0017_01_054,太天真啦！整个唐门够资格拿我唐仙儿零花钱的，\n就只有二师兄一个人！给你的钱，那是订金来着！\n你既收了钱，就得听我的话，去帮我捉一只山鸡回来！
Story/D_S0017_01_055,你想吃山鸡吗？
Story/D_S0017_01_056,不是我，是二师兄。\n不觉得二师兄实在太瘦了，看了让人很心疼吗。\n所以我想炖个鸡汤，补补身子。
Story/D_S0017_01_057,可是这都那晚了，只怕再要不了多久，太阳都要下山了。
Story/D_S0017_01_058,你别磨蹭，省下跟我啰唆的时间，\n利索点早去早回，说不定菜都没凉呢。
