Story/D_Talk_Brother3_01_01_001,你该不会留手了吧？
Story/D_Talk_Brother3_01_01_002,师弟，我服了你了。
Story/D_Talk_Brother3_02_01_001,点苍派是用剑的门派。\n可是第一高手，历来都不是掌门。\n他们相信剑法是天道，以剑问道，所以不能俗务缠身，\n一旦当了掌门，就有尘心，便不能通往康庄大道。
Story/D_Talk_Brother3_02_01_002,现任掌门观云客和他师弟听海生练的是黑白双剑合击之术。\n这两人即便单独议论也是江湖数一数二的高手，双剑合壁更是不得了。
Story/D_Talk_Brother3_02_01_003,掌门曾经说过，那二人未臻绝顶之境，但两人合力的时候，实力却会爆增。\n就算极乐教主与龙渊大侠两人言和携手，恐怕也不是对手。\n由此可知那黑白双剑的合击之术有多恐怖了。
Story/D_Talk_Brother3_02_01_004,他们讲究挺多的，每个入门弟子都要经过求剑、洗剑仪式。\n从此以剑为妻为友，求的是人剑合一的至高境界。
Story/D_Talk_Brother3_02_01_005,他们讲究的很，不像本门弟子手里抓到什么都能当暗器丢，\n每日精心保养爱剑，往往一生只用一柄剑。
Story/D_Talk_Brother3_02_01_006,都说剑在人在，剑毁人亡，实际上剑卷刃了换新的还是大有人在。\n还有不少人特地到火炎山剑阁求剑的。
Story/D_Talk_Brother3_02_01_007,要是以剑为妻的话，相当于再娶吧……。\n要是一人有很多柄剑，是不是等于三妻四妾呢？
Story/D_Talk_Brother3_02_01_008,但也有一些点苍剑客追求剑道，近乎疯魔。\n以为不能顿悟，是因尘世牵绊太多，才拌住了出剑的速度。\n为了参悟天机，挥剑斩情丝亦在所不辞，抛妻弃子的也大有人在。
Story/D_Talk_Brother3_02_01_009,你别不信，还真的有这种人。
Story/D_Talk_Brother3_02_01_010,其中偏执者甚至提倡「杀亲证道」这种骇人听闻的邪说，\n想尽办法污蔑亲人，再杀了才心安理得，\n然后幻想自己了无牵挂、功力更上一层楼。
Story/D_Talk_Brother3_02_01_011,这事听起来惊世骇俗，但当局者迷，好一阵子在点苍派蔚为流行。\n碰到瓶颈的，就会把主意打到自己亲人头上，搞得点苍派乌烟瘴气。
Story/D_Talk_Brother3_02_01_012,点苍双尊费尽心思勘误、制止，带得意弟子白虹剑客、朝阳剑客，\n加上苍松剑客，将杀亲犯全都斩去手腕，逐出师门，移送官府，\n这种邪说才终于消失。
Story/D_Talk_Brother3_02_02_001,每个艺成下山闯荡的点苍弟子，回家都会被恩师赐一个外号。
Story/D_Talk_Brother3_02_02_002,好比「白虹剑客」徐光辉、「朝阳剑客」盛鸿年、「苍松剑客」叶云舟，\n掌门观云客年轻时叫「观云剑客」，听海生叫「听海剑客」。\n以此推类。
Story/D_Talk_Brother3_02_02_003,其中叶云舟更是点苍当代的佼佼者，一出道就以快剑震惊武林。\n人又谦虚，颇受江湖好评，都说他是点苍第一快剑手。
Story/D_Talk_Brother3_02_02_004,江湖外号嘛，通常不是武功上别树一格的长处，就是彰显人品特质。\n点苍派这样取，反而让人不知道他们究竟是怎样的人物，特别容易忘。
Story/D_Talk_Brother3_02_02_005,点苍派从前曾经出过一位惊世骇俗的奇才，江湖人尊称他为剑圣。
Story/D_Talk_Brother3_02_02_006,其实剑圣这个外号吧，真是太泛滥了。\n动不动就会有自称剑圣、剑神的冒出来。\n但我说的是点苍剑圣。
Story/D_Talk_Brother3_02_02_007,相传前朝点苍剑圣孤高绝傲，自南来问剑于中原，败尽了当代英雄，\n又急流勇退，归隐于大理点苍山剑庐之中。
Story/D_Talk_Brother3_02_02_008,听说剑圣故居中藏有三式剑意，唯有天资绝顶、身具剑骨之人能够参悟。\n唯恐破坏剑圣故居，所以平时都派人严格把守。\n唯有建了大功劳的点苍弟子，能得允许进入剑庐三日，参悟武功。
Story/D_Talk_Brother3_02_02_009,能够参悟出那三式剑圣遗招的人，就会袭名为当代剑圣。\n地位比点苍掌门还要崇高，连大理皇帝都会破格礼贤。
Story/D_Talk_Brother3_02_03_001,点苍派和本门是怎样结仇的？这个说来话长了。
Story/D_Talk_Brother3_02_03_002,从前从前，有一对江湖侠侣发生了争执，什么由头不打紧，\n反正各有各的说法，都对，也都不对。
Story/D_Talk_Brother3_02_03_003,这对夫妻各自拉人评理，江湖人嘛，说僵了自然就动武了，\n也不是什么大不了的事，其中被卷进去的就有本门前辈。
Story/D_Talk_Brother3_02_03_004,这时点苍派当时剑圣路过，扮猪吃老虎，硬是要搅和进去，\n被人给欺负了，再现出真本领震惊众人，以强大气势震慑当场，\n让所有人都得听他。
Story/D_Talk_Brother3_02_03_005,然后本门前辈大怒若狂，怒道：\n「万事抬不过个理字，你武功高又怎地？旁人巴结你，唐门却偏不！\n我们是打不过你，却不想听你的话！」言罢就服毒自尽了。
Story/D_Talk_Brother3_02_03_006,当时唐家掌门听闻此事也怒了，于是下药暗算，\n废了剑圣的武功，看他没了武功，还怎样用鼻孔看人。\n结果可想而知，两派就此结了深仇大恨。
Story/D_Talk_Brother3_02_03_007,本门和点苍派大小架打过该有几十回了吧。\n通常都是点苍派主动杀到蜀中来，偶尔我们也会派人去把他们毒的东倒西歪。
Story/D_Talk_Brother3_02_03_008,点苍派在大理，却以中原六大派自居，也不是没想过迁居中原。\n但是老被本门恶意阻拦，至今没能如愿。
Story/D_Talk_Brother3_02_03_009,二十年前决战旧魔教一役之后，本门元气大伤，\n不久点苍派又趁机寻衅，挑战咱们掌门。\n那时掌门已经患病，依然悍不畏死，率门人应战。
Story/D_Talk_Brother3_02_03_010,这一仗打了意外很久，差点连南宫世家都劝不了。\n师娘便是在这时丢下小师妹与世长辞的，掌门悲痛至极，隐患深入骨髓，\n至今依然饱受折磨。
Story/D_Talk_Brother3_02_03_011,掌门虽然击败了点苍剑圣，唐门却输了。\n在南宫家主居中调停下，掌门没取剑圣的性命，只逼他封剑退隐，\n换取点苍退兵。
Story/D_Talk_Brother3_03_01_001,青城派是道家正一盟威之道，奉张天师为尊。\n会画符念咒，道士也可以娶妻生子，跟全真道不同。\n他们说的无为丹道，练的其实是内丹，不是吃的那种。
Story/D_Talk_Brother3_03_01_002,但是青城掌门邹博邹道长，昔年与全真七子中的太古真人郝大通，\n乃是忘机道友，曾有一同讲经论道的美谈，由此引进了全真的外丹术。\n青城「还虚丹」就是邹掌门和郝道长共研的心血结晶。
Story/D_Talk_Brother3_03_01_003,听说极其希罕，掌门在旧魔教战后伤病缠身，邹道长就曾送过一枚。\n掌门赐给二师兄，拿去化开研究，改良了本门的胡椒粉毒。\n可惜依然治不好掌门的痼疾，唉。
Story/D_Talk_Brother3_03_02_001,青城派修练讲究守中致和，了一化万，万化归一，一归虚无。\n所以大抵青城道士都清心寡欲，修养特别好。
Story/D_Talk_Brother3_03_02_002,江湖曾经有句不太礼貌的老话，说的是：\n「江湖碰得到的青城弟子，都是凡心未泯的半桶水，\n真正厉害的都在山里，从不争名夺利，只成他的仙。」
Story/D_Talk_Brother3_03_02_003,青城派用剑，但强项是气功。\n青城气功难学难精，和全真刚好两个极端，一个深奥，一个亲民没门坎。
Story/D_Talk_Brother3_03_02_004,青城派气功练到精深处，出剑有雷霆之声，对手兵刃若是凡铁，\n一交便折，这我是亲眼见过的。\n甚至不必用动刀剑，拿一柄拂尘灌注真气都能当铁锤砸人，再厉害不过。
Story/D_Talk_Brother3_03_02_005,邹掌门便是一名气功宗师，玄门正宗参同秘契，当世只有他一人会使。\n要说有多厉害？我打个比方。\n大师兄、二师兄、我、四师弟迭在一起跟他比拼内力，恐怕也输多胜少。
Story/D_Talk_Brother3_03_02_006,虽说内功是本门短处，但相差如此悬殊，你就该知道青城内功有多厉害。\n大家都知道，只有傻子才去跟青城弟子比拼内力。
Story/D_Talk_Brother3_03_03_001,……当年旧魔教颠峰决战最末，正邪各出三名绝世高手，决生死、论英雄。\n盟主大侠龙渊对决极乐教主李仁友、我们掌门对决极乐右使。\n最后一名人选，便是青城邹掌门的师弟赵逵，对战极乐左使。
Story/D_Talk_Brother3_03_03_002,那场传奇决战，龙大侠的天觞剑击碎了极乐教主的鬼莲王刀；\n掌门服毒催谷功力，险胜一筹，诛杀了右使。\n但是第三阵却败了下来。
Story/D_Talk_Brother3_03_03_003,赵逵身受重伤，左使逃逸无踪。\n之后极乐教覆灭，龙大侠和极乐教主在烈火之中消声匿迹，完结了一个时代。\n但是故事还有后续。
Story/D_Talk_Brother3_03_03_004,悔恨依然煎熬着赵逵，彷佛被魔教诅咒一般，变得偏执而暴戾。\n他武功越来越强，面目也变得愈发狰狞，最后他叛出青城，\n加入了泥教，成为地狱道法王。
Story/D_Talk_Brother3_03_03_005,而左使则韬光养晦，密谋东山再起，却因我们大师兄功亏一篑了。\n这事儿下次有空再说。
Story/D_Talk_Brother3_04_01_001,峨嵋派是中原六大派之一，大概也是江湖上最古老的门派。\n最早可以追溯到春秋战国，创自白猿祖师司徒玄空。
Story/D_Talk_Brother3_04_01_002,离我们也很近。我们这儿是眉山，他那是峨嵋山。\n虽说是邻居，却不怎么亲近。
Story/D_Talk_Brother3_04_01_003,原因无非是他们清高孤僻，而我们桀傲不驯。\n总算井水不犯河水，大的事多少礼尚往来，平素却没啥交集。
Story/D_Talk_Brother3_04_01_004,掌门向无忧算起辈份，该和我们是一辈人。\n但他鲜少行走江湖，没啥事迹可言。
Story/D_Talk_Brother3_04_01_005,倒是他那位师弟「风神」解无尘，与我们大师兄齐名，\n乃是江湖年轻一辈中的俊杰，他们互许为劲敌，相互砥砺，\n有时针锋相对，有时结伴同行，不失为江湖美谈。
Story/D_Talk_Brother3_04_01_006,峨嵋金顶是佛门圣地，派中弟子亦多数信佛，剩下的人则信道。\n武功路子都得自天然，好比白猿祖师模仿山中灵猴所创的拳剑棍法。\n拳是峨嵋通臂拳，剑是猿公剑，棍是猿王棍。
Story/D_Talk_Brother3_04_01_007,后人追随祖师，又仿其他生灵，创出蛇形、鹤形、虎形种种拳法。\n讲究耳濡目染，由意得形，故曰形意，与本门的忘形篇思想完全相反。
Story/D_Talk_Brother3_04_02_001,说说峨嵋派的事吧。\n现如今峨嵋派人人都使拳脚功夫，体魄强健、身手敏捷。\n那你可知道，从前峨嵋派会使剑吗？
Story/D_Talk_Brother3_04_02_002,不但使剑，而且还厉害非常。
Story/D_Talk_Brother3_04_02_003,相传几百年前，更在唐门祖师创派以前，蜀中更无其他门派，\n只有峨嵋一派独大，那时峨嵋以剑法享誉天下。\n传自白猿祖师的猿公剑法，历经数朝演化，登峰造极。
Story/D_Talk_Brother3_04_02_004,然而物极必反，有天他们忽然觉得高处不胜寒，就此弃剑不用，\n藏剑于心，称之为「心剑」，以此磨练身心。
Story/D_Talk_Brother3_04_02_005,我个人呢，觉得器物造出来便是要拿来用的。\n峨嵋派的心剑太高深了，我这俗人不懂，所以不予置评。
Story/D_Talk_Brother3_04_03_001,峨嵋派相当讲究辈份，弟子拜师的时候，都按字辈改名。\n比如掌门向无忧、风神解无尘，都是「无」字辈。
Story/D_Talk_Brother3_04_03_002,他们上一代的前辈则是「乘」字辈，如今几乎都退隐江湖了。\n和本门前辈凋零的原因不同，他们是出过一个恶名昭彰的叛徒。
Story/D_Talk_Brother3_04_03_003,峨嵋叛徒的名字叫袁乘风，江湖外号「风中奇猿」。\n使的一手猿王棍灵动非常，乃是当年江湖一把好手。\n掌门曾评价过他：「很难打。」
Story/D_Talk_Brother3_04_03_004,很难打这话听着挺微妙的，就是说稳赢，但是不好对付。\n能让我们家掌门都觉得棘手，可想而知此人武功有多高了。
Story/D_Talk_Brother3_04_03_005,此人早年还是行侠仗义的正派侠士，\n可是旧魔教崛起时，他急于成名立万，拎着棍子去挑战，败于极乐右使，\n竟然跪地乞命求饶，求取尸心丹吞服，甘为极乐教走狗。
Story/D_Talk_Brother3_04_03_006,他盗取唐门毒药，回山下毒，欲将峨嵋一网打尽，作投名状。\n峨嵋前辈因此不是身亡，便是经脉俱损废了武功。\n袁乘风则凭此功绩，受封为极乐七仙，在峨嵋称王，极尽荒淫之能事。
Story/D_Talk_Brother3_04_03_007,后来呢？后来就被我们掌门用飞燕流星翎砍断兵器、指头，\n一脚踢下峨嵋金顶，摔得粉身碎骨而死。
Story/D_Talk_Brother3_05_01_001,全真派是天下武学正宗，中原六大派之一，嵩山衰退以后，迅速崛起。\n如今大宋、金国都道观林立，隐然已是中原第一大派。
Story/D_Talk_Brother3_05_01_002,全真派迅速崛起，信众遍布宋金两国，更隐然更胜佛教。\n除了嵩山高僧泰半都在旧魔教一役中捐躯的缘故，\n也因为他们强调三教合一，瓦解了教派之间对立。
Story/D_Talk_Brother3_05_01_003,为了布教而不断简化的全真剑法，被大量印刷送人传阅。\n别说，这招是真的管用，你直接拿一本道书叫人读，人家还未必理你，\n说是简单易学、可以强身健体的武功秘籍，那～就不一样了。
Story/D_Talk_Brother3_05_01_004,为此全真剑法也被戏称为国民健康操，沦为江湖笑柄。\n连街边的大婶拿起晒衣竿都能耍两招。
Story/D_Talk_Brother3_05_02_001,全真创派祖师，早年曾是金国的秀才，两朝文武双状元。\n后来入道修行，改名王喆，道号重阳子，故称重阳真人。
Story/D_Talk_Brother3_05_02_002,重阳真人是五祖七真中的北五祖之一，\n那是武林前辈中的前辈，跟岳王爷同时代人。\n就像我大宋有文盟主、武霸王，他也是金国的武林传奇。
Story/D_Talk_Brother3_05_02_003,重阳真人座下七真，后来都成为一派宗师。\n丹阳子马钰继任掌教，却遭金朝皇帝所忌，下令送还本乡，\n将关中事物交给师弟主持。
Story/D_Talk_Brother3_05_02_004,那位师弟，便是江湖无人不知、无人不晓的天下第一人。\n今日的全真掌教，长春子丘处机。
Story/D_Talk_Brother3_05_02_005,只可惜二十年前极乐教与中原正派激战之时，\n丘道长正受金国皇帝所制，与弟子在栖霞太虚观修道。\n要是他老人家参战，极乐教主未必能够只手遮天。
Story/D_Talk_Brother3_05_03_001,现在丘真人仍是掌教，却时常外出云游，端的是神龙见首不见尾。\n不在终南山的时候，都是由座下弟子尹志平道长代掌派中事务。
Story/D_Talk_Brother3_05_03_002,唉，代掌门的辛酸无人知晓。
Story/D_Talk_Brother3_05_03_003,严格来说，终南山的全真派，应该称之为全真龙门派。\n不画符箓、不念咒语，宣扬真功真行，清静不动心，行善助人。\n迟早修得超脱轮回，飞天成仙。
Story/D_Talk_Brother3_05_03_004,因为兼含儒道释思想，武功又容易入门，与青城一比，就显得平易近人。\n不过相对来说，不讲资质，也就难出大器，信徒虽众，高手却很少。
Story/D_Talk_Brother3_05_03_005,不过话又说回来，那全真剑法中藏着一层奥秘，\n七人一组可以施展北斗七星阵法，七个大婶拿锅铲都能战胜武林高手。
Story/D_Talk_Brother3_05_03_006,传说中，曾有一位武林怪杰人称玄冥老祖，自号「重阳敌」。
Story/D_Talk_Brother3_05_03_007,这位老前辈曾在阴山一带布教讲道，融合道家与大漠腾格里信仰，\n却因国情而不为人所纳，遂迁怒于全真教，认为是全真教蒙蔽民智，\n于是下中原找重阳真人比武、论道，结果却一败涂地。
Story/D_Talk_Brother3_05_03_008,为与重阳祖师抗衡，他又入阴山闭关，痛下苦功，\n运阴符以养先天，直至六阴纯全，阴符功毕，方始出关。
Story/D_Talk_Brother3_05_03_009,出关第一件要事，便是上终南山找重阳真人麻烦，\n然而物是人非，原来他闭关三十年间，故敌早已仙逝。
Story/D_Talk_Brother3_05_03_010,玄冥老祖怅然半晌之后，狂笑不休，竟想火烧活死人墓，逼活重阳真人。\n七真相继上前挑战，就连掌教马丹阳亦非敌手。
Story/D_Talk_Brother3_05_03_011,幸好丘真人深得重阳真传，以「昊天纯阳掌」力拼「六阴破阳符」，\n与那玄冥老祖对撼九九八十一掌，直到玄冥老祖使完绝招，\n尽兴了之后，才一笑远去，免了一场大祸。
Story/D_Talk_Brother3_05_03_012,这是江湖快报连载的小说故事，有几分真、几分杜撰，我也不知道。\n要是我等世俗庸人有幸见到丘真人，真想问问他当年经过。
Story/D_Talk_Brother3_06_01_001,崆峒派也是中原六大派之一，不过嘛……这说法有种种争议。
Story/D_Talk_Brother3_06_01_002,第一，崆峒派究竟算不算中原门派，实属难说。\n座落在秦州，自古便是兵家必争之地。\n一会儿属于宋国，一会儿属于金国，一会儿属于西夏，情势复杂得很。
Story/D_Talk_Brother3_06_01_003,连年兵马倥偬，当地百姓压根没几日安生。
Story/D_Talk_Brother3_06_01_004,于是没处可逃的，就都躲到崆峒山上去了。\n因此崆峒不只宋人，也有金人、西夏人，甚至吐蕃人都有。
Story/D_Talk_Brother3_06_01_005,其二，也正是因为这个，山中中小门派林立。\n「崆峒派」只是一个统称，称的是崆峒山中的所有门派。
Story/D_Talk_Brother3_06_01_006,后来飞天、夺魄、铁拳、玄功四门并吞了其他门派，并为四霸。\n相约决战，胜者为崆峒至尊。
Story/D_Talk_Brother3_06_01_007,此时崆峒初代掌派人横空出世，传说他乘鹤东来，\n持仙剑号令天雷，将山壁霹出一个大洞来，乃为崆峒奇景半雨屏。
Story/D_Talk_Brother3_06_01_008,四掌门见这仙人如此神威凛凛，哪里还敢造次？\n纷纷跪地臣服，奉他为掌派人，从此崆峒风调雨顺，再无纷争。
Story/D_Talk_Brother3_06_01_009,掌派人辞世以前，甩手将仙剑刺入半雨屏洞顶，乘鹤西去。\n留下仙旨，预言崆峒每代必有天选之人降临，此人奉天承运而来，\n是天上仙人以泥塑雕成人躯，下凡游历。
Story/D_Talk_Brother3_06_01_010,掌派人在位的时候，崆峒必有天佑，所向无敌……。
Story/D_Talk_Brother3_06_01_011,没想到崆峒翘首以盼的之人居然是你，真够离谱。
Story/D_Talk_Brother3_06_01_012,啊，我没有丝毫对崆峒传承的不敬喔。
Story/D_Talk_Brother3_06_01_013,没想到会是那金乌上人成为了崆峒掌派人，唉。\n天选之人，也未必是好人。
Story/D_Talk_Brother3_06_01_014,要是金乌上人真是天选之人，这回唐门不只要跟唐门作对，还要逆天。
Story/D_Talk_Brother3_06_01_015,然而据我所知，先掌派人去世以来，崆峒至今都没决出掌派人选。\n四门分裂，各怀鬼胎，也不知将来如何。
Story/D_Talk_Brother3_06_02_001,如今崆峒派有四位掌门。\n飞天掌门火龙仙君，听说会仙法，额生第三眼，更有三头六臂。\n能够口吐烈火伤人，也不知真伪。
Story/D_Talk_Brother3_06_02_002,夺魄掌门不知名，不是我孤陋寡闻，是他真的自称不知名。\n夺魄门武功以奇门突袭、刺杀为主，掌门隐匿姓名也非奇事。
Story/D_Talk_Brother3_06_02_003,倒是尊师夺魄幽兰夏侯女侠，号称江湖第一美人，很是出名。
Story/D_Talk_Brother3_06_02_004,倒是崆峒派夺魄幽兰夏侯女魔，号称江湖第一美人，\n可是蛇蝎心肠，心狠手辣，很是出名。
Story/D_Talk_Brother3_06_02_005,铁拳掌门雷谦，在江湖不太出名，据说是一位铁匠。\n对了，铁拳门打造的兵器，也是江湖一绝。\n听说火炎山剑阁从前就是百年前铁拳门分家出去独立的。
Story/D_Talk_Brother3_06_02_006,最后一位，就是你夫人了。\n师弟，你可得对人家尊敬一点，不可失了敬意。
Story/D_Talk_Brother3_06_02_007,最后玄功掌门魏菊，听说是一位内功深湛的女高手。\n按说江湖快报不该稍微提一提这位女掌门的事迹吗？然而没有。\n着墨趋近于无，也不知究竟是怎样的人物。
Story/D_Talk_Brother3_06_02_008,最后玄功掌门魏才女，这可真是一位奇人。\n刚听传闻的时候，我还不敢置信，你可知这位是谁？
Story/D_Talk_Brother3_06_02_009,啊，对了，你留学崆峒玄功门，都见过庐山真面目了。
Story/D_Talk_Brother3_06_02_010,但我还是不吐不快。
Story/D_Talk_Brother3_06_02_011,这位未涉江湖以前可是临安才女，诗书礼乐无一不精。\n江湖中人也许不知道她的厉害，读书人听到「魏招弟」可是如雷贯耳！\n我这么说吧，就像你和易安居士李清照活在同一个时代！
Story/D_Talk_Brother3_06_02_012,只可惜魏才女昙花一现，一夕之间便消失了。\n诗作、画作全都失佚，如今千金难求，我还道是……道是红颜薄命，\n没想到却入了江湖！
Story/D_Talk_Brother3_06_03_001,当代崆峒派，还有一位特别有名的奇人。\n和我们大师兄，那是不一样的有名法。
Story/D_Talk_Brother3_06_03_002,那便是火龙仙君座下，飞天门大弟子，人称「道法将军」的丹霞子道长。
Story/D_Talk_Brother3_06_03_003,这位道长从师于火龙仙君修仙，听说能够呼风唤雨。\n为了累积功德突破境界，于是辞行下山，投身襄阳战场。\n几度以仙法改变战局，救我大宋将士性命。
Story/D_Talk_Brother3_06_03_004,他与驻守襄阳的士兵同吃同住，与襄阳守将赵方老将军议论军机，\n虽不是真的入伍从军，却备得军中将士信赖，敢以性命相托。\n所以才被尊称为「道法将军」。
Story/D_Talk_Brother3_06_03_005,依我看，这位丹霞子道长可能会是崆峒掌派人头选。\n武功既强，声望亦高，说不定当个武林盟主都成。
Story/D_Talk_Brother3_06_03_006,我本来以为这位丹霞子道长会是崆峒掌派人头选。\n武功既强，声望亦高，说不定当个武林盟主都成。
Story/D_Talk_Brother3_06_03_007,没想到……唉。
Story/D_Talk_Brother3_06_03_008,过份，你那什么眼神？我当掌派人，你干嘛叹气！
Story/D_Talk_Brother3_06_03_009,没什么，别放心上，唉。
Story/D_Talk_Brother3_06_03_010,你看你，又叹气！
Story/D_Talk_Brother3_07_01_001,说到江湖三大世家，其实从前倒是有四大世家的。
Story/D_Talk_Brother3_07_01_002,另外一个消失的世家，是宇文世家。\n这个宇文世家与南宫世家，有着千丝万缕的关系，既是仇敌，又是知己。\n没想到吧？南宫世家也能跟人结仇。
Story/D_Talk_Brother3_07_01_003,传说南宫、宇文二大世家曾经水火不容，\n并出过两位奇才—南宫凉、宇文馨。\n此二人懂事以来便知世仇， 却在武林大会上仅凭一面之缘，深自萦挂于心。
Story/D_Talk_Brother3_07_01_004,江南舟中夜会、齐上昆仑救孤、合璧击破匪王、峨嵋金顶并肩坐看拂晓。\n本来应该有情人终成眷属的……。
Story/D_Talk_Brother3_07_01_005,不巧，当年本门有一个前辈「烛骷髅」唐烛，\n这个……这个……总之就是做了一些不好的事，让他们情侣又反目成仇。\n这二人背负着家族悲愿，终究还是只能活一个。
Story/D_Talk_Brother3_07_01_006,酣斗之末，二人双掌相对，比拚内力。\n难得有情人，却走到了不死不休的田地。\n宇文馨恬然一笑，将内力暗送南宫凉疗伤，甘受掌力而死。
Story/D_Talk_Brother3_07_01_007,这股阴柔的内力在南宫凉体内生生不息，与南宫家嫡传内息水乳交融，\n合而为一，宛如一缕香魂，相护到老。\n这便是南宫心法的最高境界《偕老誓》。
Story/D_Talk_Brother3_07_02_001,江湖人说，南宫尚仁，上官尚智，唐门尚勇。\n这话颇有几分道理。
Story/D_Talk_Brother3_07_02_002,南宫世家交游广阔，江湖上喊得出名字的十有八九跟他们有交情。\n位处江陵，乐善好施，资助养济坊，家中门客无数，又有孟尝之名。
Story/D_Talk_Brother3_07_02_003,从前那位南宫智大侠，就曾广召武林群侠齐聚汴京，共赴国难。\n说他们「仁」，再对不过。
Story/D_Talk_Brother3_07_02_004,上官世家随着家主金盆洗手，也跟着淡出江湖。\n他们分家也多，但只有本家能姓上官，家业一脉单传。
Story/D_Talk_Brother3_07_02_005,上官家主退隐前，可是一个狠辣角色。\n白鲨帮还没崛起那时，就只沧帮独霸，鱼肉乡里。\n上官家主手提金背龙王刀，杀穿了沧帮本舵，博得大好名声。
Story/D_Talk_Brother3_07_02_006,至于本门……哈哈……你想必清楚的很了。
Story/D_Talk_Brother3_08_01_001,想不到极乐教败亡匆匆数载，江湖又有魔教趁机崛起。\n对，我说的就是泥教。
Story/D_Talk_Brother3_08_01_002,泥教六道，分别是天、修罗、人、地狱、畜生、饿鬼。\n三善道、三恶道，这是佛家六道轮回的典故。
Story/D_Talk_Brother3_08_01_003,天道法王车轩辕，深居六道峡不出。\n嵩山达摩院首座觉空大师意欲为民除害，犯险深入虎穴，\n虽然保住了性命，归来却已面目全非。
Story/D_Talk_Brother3_08_01_004,地狱道常在西蜀神出鬼没，无法无天。\n法王手下数千鬼卒倾巢出时，有如七月鬼门大开。\n四处捉人，带回「阴曹」私刑审问。
Story/D_Talk_Brother3_08_01_005,饿鬼道白鲨帮则横行于东海，专与上官、朝廷过不去。\n法王刘颚是方今海捕文书悬赏第一名，朝廷不止一次派兵海上剿寇，\n都徒劳无功，至今也不知这群海盗的根据地何在。
Story/D_Talk_Brother3_08_01_006,畜生道本来隐于幕后，无声无息，相较于地狱、饿鬼还算安分。\n想不到初次亮相，就令江湖风云色变。\n上一回武林各派齐聚一堂，已是将近二十年前。
Story/D_Talk_Brother3_08_01_007,如此一来，畜生道、修罗道都已经浮出水面。\n就剩人间道法王不知何许人也、有何阴谋。
Story/D_Talk_Brother3_08_01_008,畜生道本来隐于幕后，无声无息，相较于地狱、饿鬼还算安分。\n想不到初次亮相，就令江湖风云色变。\n上一回武林各派齐聚一堂，已是将近二十年前。
Story/D_Talk_Brother3_08_01_009,至于人间道……唉，那更是谁也意料不到。\n锦香宫行侠仗义，有目共睹，比起她们，武林群侠不分青红皂白，\n难道不是更像疯魔了一般吗？
Story/D_Talk_Brother3_08_01_010,也不知他们如何严守消息，这些年来，硬是不透一点风声。\n畜生道、修罗道、人间道法王都不知何许人也、有何阴谋。
Story/D_Talk_Brother3_08_01_011,不过只要武林团结一气，不怕他们兴风作浪。\n旧魔教就是前车之鉴！
Story/O_Talk_Brother4_015,以前托你打听的事
Story/O_Talk_Brother4_010,后路
Story/O_Talk_Brother4_011,我的实力
Story/O_Talk_Brother4_012,切磋：向四师兄挑战
Story/O_Talk_Brother4_013,切磋：向四师兄挑战（全力）
Story/O_Talk_Brother4_014,四师兄的实力
Story/D_Talk_Brother4_02_01_001,啊～你可想起来了。\n我还在想什么时候跟你提起这回事呢。\n打听是打听到了。
Story/D_Talk_Brother4_02_01_002,先付打听费再说吧，\n我可是跑断了腿，承惠三千钱，其实车马费都不止这些，便宜你了。
Story/O_Talk_Brother4_02_01_001,是哦，我花那么多钱到底想打听什么？
Story/O_Talk_Brother4_02_01_002,好贵！你是不是想骗我钱？
Story/D_Talk_Brother4_02_01_003,什么话，我打听这消息不说冒着生命危险，\n好歹也是费了九牛二虎之力，你居然反怪我讹你。
Story/D_Talk_Brother4_02_01_004,一句话，爱听就给钱，不听就拉倒。
Story/O_Talk_Brother4_02_01_003,老实付钱
Story/O_Talk_Brother4_02_01_004,还是算了
Story/D_Talk_Brother4_02_01_005,混账～别以为失忆了就可以赖账。\n我可不做亏本生意，你啥时想起来付钱，我啥时告诉你。
Story/D_Talk_Brother4_02_01_01_001,你小子居然这么穷。
Story/D_Talk_Brother4_02_01_01_002,没办法，有多少给多少吧，剩下的你替我分担杂役抵账。
Story/D_Talk_Brother4_02_01_01_003,可我预排的工作量已经塞满了行程。\n说来汗颜，逃避了一阵子，不知不觉就变成这样了。
Story/D_Talk_Brother4_02_01_01_004,……难怪我看师弟妹们对你都一脸鄙夷。\n指望你这懒猪去做事，看来是不可能的。
Story/D_Talk_Brother4_02_01_01_005,也不是不做，我就忙嘛，先放着，过几年再做。
Story/D_Talk_Brother4_02_01_01_006,废物……看来这笔生意是注定亏本了。
Story/D_Talk_Brother4_02_01_01_007,你请我去打听的事－－
Story/O_Talk_Brother4_02_01_01_001,小师妹的近况
Story/O_Talk_Brother4_02_01_01_002,传说中的灵丹
Story/D_Talk_Brother4_02_01_02_001,不得不说，瑞公子人品相貌都是世间少有的。\n你有多丑，人家就有多好看，武功还高。\n也只有那样的英雄少年才与小师妹匹配。
Story/D_Talk_Brother4_02_01_02_002,我要不是认识他，一定当你是在故意气我。
Story/D_Talk_Brother4_02_01_02_003,我猜你要不是无缘结识，就是不熟，我来给你说说那人的事。
Story/D_Talk_Brother4_02_01_02_004,小师妹的郎君，是个比起大师兄来也毫不逊色的美男子。\n具体一点的说，你有多丑，人家就有多好看，这下有实感了吧。
Story/D_Talk_Brother4_02_01_02_005,……你刚刚那句话对我的心灵造成了伤害。
Story/D_Talk_Brother4_02_01_02_006,就实话嘛。
Story/D_Talk_Brother4_02_01_02_007,其他的呢？
Story/D_Talk_Brother4_02_01_02_008,至于武功的话嘛，嗯，我不太清楚。\n不太清楚的意思是，我不知道他到底有多强。
Story/D_Talk_Brother4_02_01_02_009,我只能断定，你铁定不是人家对手，\n那可是能角逐武林盟主的天才啊。
Story/D_Talk_Brother4_02_01_02_010,这我也有自知之明。
Story/D_Talk_Brother4_02_01_02_011,你也别太妄自菲薄了，师弟。\n反观前年今日，你武功弱到连李大夫都打不过呢。\n你虽不及人家，却也是可造之材了。
Story/D_Talk_Brother4_02_01_02_012,比起这些，我想知道小师妹过得好不好。
Story/D_Talk_Brother4_02_01_02_013,这个嘛……我可不知该怎么说了。\n我怕被发现，只敢趁她夫君不在时翻上墙檐，远远地张望。
Story/O_Talk_Brother4_02_01_02_001,四师兄，你果真好胆识。(真心)
Story/D_Talk_Brother4_02_01_02_014,好歹受了你的嘱托嘛，\n虽说是一旦被发现，可能就会被活活打死的危险情况，\n我也是会好奇小师妹过得好不好的。
Story/O_Talk_Brother4_02_01_02_002,四师兄，你果真好胆识，何不直接光明正大登门拜访？
Story/D_Talk_Brother4_02_01_02_015,你是白痴吗？你忘记本门名声多臭了吗？\n小师妹好不容易才嫁出去，跟咱们撇清了关系，\n我这样登门拜访，岂非又把麻烦事惹到她头上？
Story/D_Talk_Brother4_02_01_02_016,啊，说得也是。
Story/D_Talk_Brother4_02_01_02_017,我看到小师妹一身华贵的少妇装束，无时无刻有下人跟随伺候。\n各式糕点、好吃的东西源源不绝地送上，被人捧在手心上伺候着。
Story/D_Talk_Brother4_02_01_02_018,小师妹一定吃得很欢了，她最爱甜品了。
Story/D_Talk_Brother4_02_01_02_019,……那倒不尽然，小师妹往往吃了一两口，便不吃了。\n她气色不差，但是比往昔瘦了一些。
Story/D_Talk_Brother4_02_01_02_020,只怕是想家了吧。
Story/D_Talk_Brother4_02_01_03_001,我远赴华山，以三跪九叩之礼，一路拜至道院，\n卧在雪地里一日一夜，方始得以拜见太古真人郝大通前辈。
Story/D_Talk_Brother4_02_01_03_002,这、这可苦了你。
Story/D_Talk_Brother4_02_01_03_003,没事，郝前辈是神仙般的人物，我给他行跪拜礼，算不上委屈。\n何况求灵丹也是为了掌门，更何况路费都由你包，我不努力点说不过去。
Story/D_Talk_Brother4_02_01_03_004,那么仙丹……！
Story/D_Talk_Brother4_02_01_03_005,－－没了。
Story/D_Talk_Brother4_02_01_03_006,我们晚了一步，仙丹已给旁人求去了。
Story/D_Talk_Brother4_02_01_03_007,……命该如此吗。
Story/D_Talk_Brother4_02_01_03_008,嗯，前辈传了我仙丹的方子。\n只是此丹非得炼足七七四十九个寒暑，方能臻至圆满。
Story/D_Talk_Brother4_02_01_03_009,纵使速成，也只能强身健体，于掌门丝毫没有帮助。\n反而可能会因药性过烈，而掌门却因瘫痪无法运功化纳，\n导致筋脉尽碎而亡。
Story/D_Talk_Brother4_02_01_03_010,掌门这病，恐怕挨不了几年，无论如何是用不上了。
Story/D_Talk_Brother4_02_01_03_011,现下此药方交你，我们都已经尽力了。
Story/D_Talk_Brother4_02_01_03_012,还意外得了一本秘籍，你给我两千钱，我就卖你。
Story/D_Talk_Brother4_02_01_03_013,什么秘籍？
Story/D_Talk_Brother4_02_01_03_014,全真剑法。
Story/D_Talk_Brother4_02_01_03_015,那不是被蔑称为国民健康操、泛滥成灾的东西吗？\n被压在客栈桌脚垫高的书，你居然卖我二千钱！好没良心！
Story/D_Talk_Brother4_02_01_03_016,这可是郝道长看我体态浑圆，心生好感才赠我的书！\n岂是客栈桌脚那些抄本可比？\n要不是看我们的交情，一千两银子都不卖呀！
Story/O_Talk_Brother4_02_01_03_001,买
Story/O_Talk_Brother4_02_01_03_002,解锁条件：银两>=2000
Story/D_Talk_Brother4_02_01_03_017,这本全真剑法，怎么好像跟我知道的不大一样？\n厚得多，也老旧得多，居然还有运气的窍门！\n这、这是气剑双修的深奥武功，哪里是全真剑法？
Story/D_Talk_Brother4_02_01_03_018,因为这部剑典，才是真真正正的全真剑法。\n是重阳祖师传授给北七真的武功，没有分毫删减。\n被郝道长带去华山得以保存，是当世唯一孤本。
Story/D_Talk_Brother4_02_01_03_019,这、这岂不是价值连城的宝物吗？
Story/D_Talk_Brother4_02_01_03_020,那可未必，我此行说得郝道长心痒难搔，似想重入江湖，\n将此剑法分拆为剑法、气功，授予弟子。\n十几年后弟子有成，下山行走江湖之际，这套武功便不希罕了。
Story/D_Talk_Brother4_02_01_03_021,西晋陆机《前缓声歌》有云：『献酬既已周，轻举乘紫霞。』\n唐四我献完宝，这就要乘紫霞功成身退了。
Story/D_Talk_Brother4_02_01_03_022,你那么胖，我怕紫霞载不动你会穿啊！
Story/D_Talk_Brother4_02_01_03_023,妈的，书还我！不卖了！
Story/O_Talk_Brother4_02_01_03_003,没钱！
Story/D_Talk_Brother4_02_01_03_024,没钱你跟我讨价还价干嘛！
Story/D_Talk_Brother4_02_02_001,我一阵子没回来，你们怎么搞的，居然就成武林公敌了？
Story/D_Talk_Brother4_02_02_002,师弟，你从前爱慕的小师妹已经不在这了，\n虽说不是我害的，可唐门于你实在也没啥恩惠，\n难道你没有想过留得青山在，不怕没柴烧吗？
Story/D_Talk_Brother4_02_02_003,那是多久以前的事了。
Story/D_Talk_Brother4_02_02_004,你终于死了心，那正好。
Story/D_Talk_Brother4_02_02_005,师弟，唐门于你实在也没啥恩惠，\n难道你没有想过留得青山在，不怕没柴烧吗？
Story/D_Talk_Brother4_02_02_006,要不我们一块儿重头打拚，做生意吧。
Story/D_Talk_Brother4_02_02_007,四师兄，你还没打消卷土重来的念头？
Story/D_Talk_Brother4_02_02_008,上官世家夺我的心血，我都还没报仇呢。
Story/D_Talk_Brother4_02_02_009,……这事并非萤儿主导的，请别迁怒她喔。
Story/D_Talk_Brother4_02_02_010,行了，怕啥？我又不是不讲理，那能为难师弟媳。\n何况冤有头债有主，我有啥冤仇，只会记你的恨。
Story/D_Talk_Brother4_02_02_011,我也是无辜的呀！
Story/D_Talk_Brother4_02_02_012,我要卷土重来，少不了要借用上官大小姐的经商头脑。\n我们三人一起干，不出十年，一定腰缠万贯。
Story/D_Talk_Brother4_02_02_013,咬牙切齿也没用，折磨自己罢了。\n凡事都往好处想，一样能有斗志。\n你想啊，有钱要什么没有？买老婆、房子都能花钱买。
Story/D_Talk_Brother4_02_02_014,我有老婆啊，还没过门就是了。
Story/D_Talk_Brother4_02_02_015,老婆这种东西，不就和衣橱里的衣服一样，多多益善吗？\n男人三妻四妾，挺寻常的啊。
Story/O_Talk_Brother4_02_02_001,说得没错
Story/D_Talk_Brother4_02_02_016,说得对，我可没打算从一而终。\n我要当个情场浪子，游戏红尘！
Story/D_Talk_Brother4_02_02_017,这就对了。
Story/O_Talk_Brother4_02_02_002,不必了，我心中那人，独一无二
Story/D_Talk_Brother4_02_02_018,今生有幸与她结伴，还不是为了富贵权势而来。\n我要是还不知足，只怕下辈子没福份当人了。
Story/D_Talk_Brother4_02_02_019,喔，那你上辈子八成是个辜负人的情场浪子，\n这辈子才会长得人不像人。
Story/D_Talk_Brother4_02_02_020,呃……就算是这样好了，总不能重蹈覆辙。
Story/D_Talk_Brother4_02_02_021,你怎不照照镜子。
Story/D_Talk_Brother4_02_02_022,我起码胖得赏心悦目。
Story/O_Talk_Brother4_02_02_003,好主意，我要买十个老婆。
Story/D_Talk_Brother4_02_02_023,凭我这品貌，不花钱还真也讨不到老婆。
Story/D_Talk_Brother4_02_02_024,这人间花钱买不到的东西，只怕也不多了。\n别信旁人瞎说啥子情比金坚，不信我用钱拆散几对有情人给你看。
Story/D_Talk_Brother4_02_02_025,好极了，不能只有我痛苦，让人间充满心碎的人吧。
Story/O_Talk_Brother4_02_02_004,好主意，可我已经有心仪的姑娘了。
Story/D_Talk_Brother4_02_02_026,你心仪的那位姑娘，恐怕是小钱买不到的。
Story/D_Talk_Brother4_02_02_027,我看再有钱也买不到呀。
Story/D_Talk_Brother4_02_02_028,怎么会呢？你只要富可敌国－－
Story/D_Talk_Brother4_02_02_029,就可以花钱买粮、买军备，召集人马组织军队，\n只要钱够多、人就够多，无论是谁家姑娘也照样抢了过来当老婆。
Story/D_Talk_Brother4_02_02_030,哈哈哈！有道理。
Story/D_Talk_Brother4_02_02_031,不过结伴旅行嘛，还是算了吧。
Story/D_Talk_Brother4_02_02_032,我有点心灰意懒了，哪里也不想去。\n剩下的日子，在唐门待着就好。
Story/D_Talk_Brother4_02_02_033,是吗……你心意已决就好。
Story/D_Talk_Brother4_02_02_034,四师兄你呢？你四处奔走，找到想要找的东西了吗？
Story/D_Talk_Brother4_02_02_035,被你发现了啊。\n可惜的很，至今也没找着。
Story/D_Talk_Brother4_02_02_036,或者应该说，我没被找着。\n应该没人跟你说过的吧？我是被扔在唐门的弃婴来着。
Story/D_Talk_Brother4_02_02_037,业师见我孤苦无依，便抚养我长大，后来才转拜掌门膝下。\n唐门待我不薄，可我始终想看看我真正的家人是什么模样的。
Story/D_Talk_Brother4_02_02_038,也许他们早已死了，如果没死，我不管怎么说也要抱怨一下才痛快。
Story/D_Talk_Brother4_02_02_039,希望你能如愿以偿。
Story/D_Talk_Brother4_02_02_040,承你吉言，但愿如此。
Story/D_Talk_Brother4_02_03_001,四师兄，你交游广阔，阅历丰富，依你看来，我如今的实力如何？
Story/D_Talk_Brother4_02_03_002,你想听那种诚恳的实话，还是听言简意赅的版本？
Story/D_Talk_Brother4_02_03_003,有差吗？
Story/D_Talk_Brother4_02_03_004,有啊，一件事情总有不同说法，差别在于前者你要付我一百钱，后者不用。
Story/O_Talk_Brother4_02_03_001,一百钱拿去
Story/O_Talk_Brother4_02_03_002,解锁条件：银两>=100
Story/D_Talk_Brother4_02_03_005,贪财，贪财。
Story/O_Talk_Brother4_02_03_003,我选择不用钱的版本
Story/D_Talk_Brother4_02_03_01_001,我哪知道你？
Story/D_Talk_Brother4_02_03_01_002,你功夫早就远胜于我了，哪轮得到我来评论。\n也不知道你怎么回事，看起来呆头呆脑，资质普通，\n居然能够自学成材，无师自通。
Story/D_Talk_Brother4_02_03_01_003,四师兄，你忘了？\n我师父可是崆峒第一高手，夺魄幽兰夏侯女侠。
Story/D_Talk_Brother4_02_03_01_004,啊～我记得了，难怪，难怪。\n那这样不都说得通了吗？名师出高徒。\n这是你的造化啊。
Story/D_Talk_Brother4_02_03_01_005,我自学不假，成材未必。\n直至今日依然跌跌撞撞的，唯恐一朝失手就丢掉小命。
Story/D_Talk_Brother4_02_03_01_006,我也觉得自己挺厉害的，难道我是俗称的天才？
Story/D_Talk_Brother4_02_03_01_007,臭美吧你，你才不是。
Story/D_Talk_Brother4_02_03_01_008,既然你没付钱，那我就言尽于此了，你好自为之。
Story/D_Talk_Brother4_02_03_01_009,为何说得我好像做了什么亏心事一样。
Story/D_Talk_Brother4_02_03_01_010,……就这样？
Story/D_Talk_Brother4_02_03_01_011,好吧，既然收了你的钱，只好再说点。
Story/D_Talk_Brother4_02_03_01_012,你说对了一件事，我确实交游广阔，阅历丰富。\n全仗着我业师造的机关箧笥行走江湖，论真本领撑死顶多二、三流。
Story/D_Talk_Brother4_02_03_01_013,可是为了保命，眼睛非得擦的雪亮不可。\n哪些人色厉内荏，哪些人深藏不露，往往一看便知。\n单论见闻、眼力，我还算有点儿自信。
Story/D_Talk_Brother4_02_03_01_014,你自己可能不晓得，你除了一张脸还是老样一成不变的丑，\n全身上下就像脱胎换骨一般，已经判若两人。
Story/D_Talk_Brother4_02_03_01_015,我来考考你：你可知道，天才高手与凡人高手的差异？
Story/O_Talk_Brother4_02_03_01_001,天才悟性高，学武功比凡人快
Story/D_Talk_Brother4_02_03_01_016,你这不是废话吗……。
Story/D_Talk_Brother4_02_03_01_017,你为什么能说出这种废话？\n为什么，到底为什么你要说出这种理所当然的事？\n你不觉得匪夷所思吗？
Story/D_Talk_Brother4_02_03_01_018,四师兄，你也太怒了点。
Story/D_Talk_Brother4_02_03_01_019,抱歉，想到一个武功比我高的人居然没长脑子，而且还长得丑，\n我就忽然气不打一处来，还萌生了杀意。\n我懂了……这就是二师兄脾气不好的原因吧。
Story/D_Talk_Brother4_02_03_01_020,何必呢？
Story/O_Talk_Brother4_02_03_01_002,天才就是天之骄子，无往不利
Story/D_Talk_Brother4_02_03_01_021,你这话怎么酸溜溜的？\n天资再好，也未必一帆风顺呀，当然蠢材的命途往往是比较坎坷的。\n就像你，又蠢又丑，令人惋惜。
Story/D_Talk_Brother4_02_03_01_022,你说话一定要损我一下就对了？
Story/D_Talk_Brother4_02_03_01_023,对，我还在记仇。
Story/D_Talk_Brother4_02_03_01_024,适可而止喔，我可是会反唇相讥的。
Story/D_Talk_Brother4_02_03_01_025,好啦，好啦，修养真差，说笑而已，这就当真了。
Story/D_Talk_Brother4_02_03_01_026,还没当真，不过快了。
Story/D_Talk_Brother4_02_03_01_027,……。
Story/O_Talk_Brother4_02_03_01_003,天才往往都很欠揍
Story/D_Talk_Brother4_02_03_01_028,对，就是这个！想不到你是懂行的啊！
Story/D_Talk_Brother4_02_03_01_029,蛤？我只是随口说说的。
Story/D_Talk_Brother4_02_03_01_030,要我说，天才无一不是抄近路、投机取巧的家伙。\n他们都有一个通病，那就是悟性奇高。\n别人要练三、四年才能融会贯通的武功，他们钻研个两三天就顿悟了。
Story/D_Talk_Brother4_02_03_01_031,真不公平，但这怎么能说得上是通病，你是否用错了词？
Story/D_Talk_Brother4_02_03_01_032,没有，就是通病。\n他们领悟了奥义，但是体魄、内功都跟不上，未臻至炉火纯青。\n碰到瓶颈更会精益求精，针对长处继续深掘，没有人会回头主动吃苦。
Story/D_Talk_Brother4_02_03_01_033,长此以往，登时就显现出差别来了。\n天才得益于天赋，年少有为，潇洒倜傥。\n而凡人则要活得够久才有出息，而且吃太多苦，往往一脸沧桑。
Story/D_Talk_Brother4_02_03_01_034,好绝望。
Story/D_Talk_Brother4_02_03_01_035,但是啊，那些天才除非调过头去，补足从前跳过的苦行，\n把该吃的苦都尝一遍，否则几十年后反倒不如苦练的凡人。
Story/D_Talk_Brother4_02_03_01_036,有这种事吗？不见得吧？
Story/D_Talk_Brother4_02_03_01_037,都说了是我的一己之见，想知道我为何如此断论吗？
Story/D_Talk_Brother4_02_03_01_038,话才说一半，当然想。
Story/D_Talk_Brother4_02_03_01_039,后续的内容需要支付二百文钱。
Story/D_Talk_Brother4_02_03_01_040,居然趁机敲竹杠，还一下贵成两倍！
Story/O_Talk_Brother4_02_03_01_004,二百钱拿去
Story/O_Talk_Brother4_02_03_01_005,解锁条件：银两>=200
Story/D_Talk_Brother4_02_03_01_041,贪财，贪财。
Story/O_Talk_Brother4_02_03_01_006,我才不上你当
Story/D_Talk_Brother4_02_03_01_042,既然你不肯付钱，那我就言尽于此了，你好自为之。
Story/D_Talk_Brother4_02_03_01_043,为何说得我好像做了什么亏心事一样。
Story/D_Talk_Brother4_02_03_01_044,这是因为再难的武功，迟早也会被人学会的缘故。\n罗汉拳十重对决罗汉拳十重，谁管你聪不聪明，当然是谁胳膊粗谁赢。\n脑子灵光还不是给人一拳打出脑浆来。
Story/D_Talk_Brother4_02_03_01_045,哦……。
Story/D_Talk_Brother4_02_03_01_046,我受限于武功，可能说错了，但不接受抗议与退费，是你自己要问我的。
Story/D_Talk_Brother4_02_03_01_047,我又没说跟你讨要。
Story/D_Talk_Brother4_02_03_01_048,然后不可思议的是，你好像是属于后者，也就是凡人。
Story/D_Talk_Brother4_02_03_01_049,但我这两年武功进境可谓神速耶。
Story/D_Talk_Brother4_02_03_01_050,虽说自己说有点儿难为情，不过这还不算有天份吗？
Story/D_Talk_Brother4_02_03_01_051,我才练两年武功，就无师自通，连金乌上人都让我收拾了。\n这还不算是有天份吗？根本是唐门埋没了我而已。
Story/D_Talk_Brother4_02_03_01_052,你至今为止的对手，都是一些武学尚未圆融的人物而已。\n胜败乃兵家常事，你拿怪招去打他们，侥幸得手而已。\n说穿了，你靠的还是一个『奇』字，换言之就是暗算。
Story/D_Talk_Brother4_02_03_01_053,……说不定还真是这样。
Story/D_Talk_Brother4_02_03_01_054,屁啦，屁啦，我这是真功夫！
Story/D_Talk_Brother4_02_03_01_055,我偷偷到后山观察过你练功。
Story/D_Talk_Brother4_02_03_01_056,真的假的？
Story/D_Talk_Brother4_02_03_01_057,真的，而且当时大师兄也在。
Story/D_Talk_Brother4_02_03_01_058,几时！
Story/D_Talk_Brother4_02_03_01_059,你们看屁喔！
Story/D_Talk_Brother4_02_03_01_060,想知道我们在干嘛吗～？
Story/D_Talk_Brother4_02_03_01_061,该不会……哎，你不能这样！
Story/D_Talk_Brother4_02_03_01_062,很在意吗？一定很在意吧。这次要收一贯钱。
Story/D_Talk_Brother4_02_03_01_063,一下翻了五倍！
Story/O_Talk_Brother4_02_03_01_007,一贯钱拿去
Story/O_Talk_Brother4_02_03_01_008,解锁条件：银两>=1000
Story/D_Talk_Brother4_02_03_01_064,嘿嘿，嘿嘿……贪财，贪财。
Story/O_Talk_Brother4_02_03_01_009,我才不上你当
Story/D_Talk_Brother4_02_03_01_065,既然你不肯付钱，那我就言尽于此了，你好自为之。
Story/D_Talk_Brother4_02_03_01_066,为何说得我好像做了什么亏心事一样。
Story/D_Talk_Brother4_02_03_01_067,这下可以讲了吧。
Story/D_Talk_Brother4_02_03_01_068,我们那时蹲树梢上，是在耻笑你来着。
Story/D_Talk_Brother4_02_03_01_069,岂有此理！
Story/D_Talk_Brother4_02_03_01_070,看你翻来覆去练一个招数，看一看放下书又去练，\n大师兄光看你比划就学会了，还顺手教我，而你反复十几次还学不会。\n我们都在背地里笑你，还打赌你要比划几次才学得会。
Story/D_Talk_Brother4_02_03_01_071,……那结果呢，谁赌赢了？
Story/D_Talk_Brother4_02_03_01_072,我们两人都输了，因为你根本没练成。\n你练了个似是而非，就心满意足的点点头继续下一页。\n不只那个招数，你所有武功都是这样不求甚解。
Story/D_Talk_Brother4_02_03_01_073,我有吗？我感觉自己学会了啊！
Story/D_Talk_Brother4_02_03_01_074,实话跟你说，我当时还讥讽过你。\n想你资质平平，没有名师教导，练功态度又随便，一生也难有出息。\n而且丑，怎么看都不像能当大侠。
Story/D_Talk_Brother4_02_03_01_075,呃啊！最后那个是多余的吧！
Story/D_Talk_Brother4_02_03_01_076,然而结果事实证明，我当时想错了。
Story/D_Talk_Brother4_02_03_01_077,你没学会任何招数，但其中招意却不着痕迹中融入到你身中。\n你可知道这并不是一件寻常事？
Story/D_Talk_Brother4_02_03_01_078,……！
Story/T_Talk_Brother4_02_03_01_001,忘形篇。
Story/D_Talk_Brother4_02_03_01_079,习武之人练一套功是一套功，临阵对敌都使最拿手的。\n就算是天才，也无一例外，包含大师兄在内。\n循序渐进，由浅入深，学会厉害武功，从前旧招往往就弃而不用了。
Story/D_Talk_Brother4_02_03_01_080,学到后来没东西好学，除非另辟蹊径或者得到更厉害的秘籍，\n否则进境就此停滞不前，再练也难有寸进。
Story/D_Talk_Brother4_02_03_01_081,非得积累岁月之功，千锤百炼，才能融会贯通，\n从高手变成宗师，登临绝顶境界。
Story/D_Talk_Brother4_02_03_01_082,小胖子，有这样的见识，挺难得的。
Story/D_Talk_Brother4_02_03_01_083,！
Story/D_Talk_Brother4_02_03_01_084,师父！你方才是躲在梁上吗？
Story/D_Talk_Brother4_02_03_01_085,嗯，为师偶尔会监视你。
Story/D_Talk_Brother4_02_03_01_086,我、我若早知夏侯女侠在此，便不敢班门弄斧，\n胡说八道了，倒让夏侯女侠见笑了，我忽然想起还有事，这便──
Story/D_Talk_Brother4_02_03_01_087,站住。
Story/D_Talk_Brother4_02_03_01_088,是。
Story/D_Talk_Brother4_02_03_01_089,你师兄说的那番话，我几乎认同。\n为师就是凭借奇遇，纳雪山、夺魄两派所长，日夜渐悟，\n离宗师之境只欠一步之遥，却又错身而过的凡人。
Story/D_Talk_Brother4_02_03_01_090,为何说是错身而过？
Story/D_Talk_Brother4_02_03_01_091,我二十余载苦练的内力，泰半分与你这孽徒。\n你来猜猜我为何与宗师境界有缘无份？
Story/D_Talk_Brother4_02_03_01_092,对、对不住。
Story/D_Talk_Brother4_02_03_01_093,唐四侠。
Story/D_Talk_Brother4_02_03_01_094,夏侯女侠喊我作唐四就好，侠字不敢当。
Story/D_Talk_Brother4_02_03_01_095,那么唐四。
Story/D_Talk_Brother4_02_03_01_096,我本来看不起你一副狡猾模样，看着和上官世家奸商嘴脸很像。\n此刻开始看得起你一半，勉强当你是个人物。
Story/D_Talk_Brother4_02_03_01_097,一半？这可太荣幸了。\n师弟，你听见了吗？我有一半是个人！能让夏侯女侠当回事，\n已胜过江湖九成庸庸碌碌的凡夫俗子。
Story/D_Talk_Brother4_02_03_01_098,你挺上道的，看来够格可以做我生意。\n我想要一些染甲液，帐都算我弟子头上。
Story/D_Talk_Brother4_02_03_01_099,行，行，行，不收钱都行。\n我到外一说这是夏侯女侠用的同款染甲液，钱就滚滚而来了。\n也有胭脂水粉、画眉墨、粉底，要不都来一些？
Story/D_Talk_Brother4_02_03_01_100,好，都来一些。
Story/D_Talk_Brother4_02_03_01_101,我马上就去办货！
Story/D_Talk_Brother4_02_03_01_102,师父，你……
Story/D_Talk_Brother4_02_03_01_103,此间无人，别叫我师父。
Story/D_Talk_Brother4_02_03_01_104,……。
Story/O_Talk_Brother4_02_03_01_010,兰姊
Story/D_Talk_Brother4_02_03_01_105,兰姊。
Story/D_Talk_Brother4_02_03_01_106,怪别扭的。
Story/D_Talk_Brother4_02_03_01_107,没法子，保持敬意才有活路。
Story/D_Talk_Brother4_02_03_01_108,噗哧。
Story/D_Talk_Brother4_02_03_01_109,很好，很好，你的心态，我很满意。
Story/D_Talk_Brother4_02_03_01_110,呃……呃，那不然还能叫什么？
Story/D_Talk_Brother4_02_03_01_111,算了，你心底对我有敬意，也是好事。\n改口也不必急于一时。
Story/O_Talk_Brother4_02_03_01_011,兰儿
Story/O_Talk_Brother4_02_03_01_012,解锁条件：［性情］为［勇敢］以上
Story/D_Talk_Brother4_02_03_01_112,兰儿。
Story/D_Talk_Brother4_02_03_01_113,……。
Story/D_Talk_Brother4_02_03_01_114,……我说错了？我要被打死了？
Story/D_Talk_Brother4_02_03_01_115,没有说错，以后没人的时候就这样叫我吧。
Story/D_Talk_Brother4_02_03_01_116,好耶。
Story/D_Talk_Brother4_02_03_01_117,这又太过大胆，我好歹比你年长，兰儿也是你叫的？
Story/D_Talk_Brother4_02_03_01_118,我错了，下回不敢了。
Story/D_Talk_Brother4_02_03_01_119,也不算错，还过得去吧，偶尔这样喊我，也不是不行。\n仅限我心情好时。
Story/O_Talk_Brother4_02_03_01_013,婆娘
Story/O_Talk_Brother4_02_03_01_014,解锁条件：［性情］为［莽夫］
Story/D_Talk_Brother4_02_03_01_120,婆娘～
Story/D_Talk_Brother4_02_03_01_121,……。
Story/D_Talk_Brother4_02_03_01_122,你是不是以为我内力给你一半，你就能翻天？\n就这么急着爬到我头上吗？忘恩负义的家伙，说说你的遗言吧。
Story/O_Talk_Brother4_02_03_01_015,说服失败
Story/D_Talk_Brother4_02_03_01_123,等等，我是说笑的，别这样。
Story/D_Talk_Brother4_02_03_01_124,呵呵，确实好笑。你就躺在血泊里反省吧。
Story/N_Talk_Brother4_02_03_01_001,夏侯兰这一爪看似泄恨，实则极其精妙，五指全抓在你穴道上，\n你当场作不得声，亦动弹不得，无助的倒在血泊里忏悔。
Story/O_Talk_Brother4_02_03_01_016,说服成功
Story/D_Talk_Brother4_02_03_01_125,等等，不是，这词在蜀中没有蔑视的意思。\n是老婆与娘子的合称啊！
Story/D_Talk_Brother4_02_03_01_126,……。
Story/D_Talk_Brother4_02_03_01_127,谁是你老婆……你这欺师的孽徒，呜……不要脸。
Story/D_Talk_Brother4_02_03_01_128,我活了！
Story/D_Talk_Brother4_02_03_01_129,你意思是，我已经是宗师了？
Story/D_Talk_Brother4_02_03_01_130,当然不是，你只是发育异常的怪胎而已。\n感觉就像急速衰老，都不知是福是祸。
Story/D_Talk_Brother4_02_03_01_131,从你开始崭露头角，我就揣测过各种原因。\n最有可能的，就是你吃多了唐门有毒药膳，又没用歌诀内功消化收敛，\n于是你就死了。
Story/D_Talk_Brother4_02_03_01_132,屁啦，我分明还活着。
Story/D_Talk_Brother4_02_03_01_133,你想，有没有可能是一种时间特别长的回光反照呢？\n又或者，你已经死了，变成殭尸还不自知，所以你才蹦的那么起劲？
Story/D_Talk_Brother4_02_03_01_134,应……应该不会吧……？
Story/D_Talk_Brother4_02_03_01_135,我要是当真变鬼、变殭尸，阴魂不散，一定不会放过你。
Story/D_Talk_Brother4_02_03_01_136,冤有头债有主，你缠我干嘛？
Story/D_Talk_Brother4_02_03_01_137,你脑满肠肥，肉看起来特别鲜美。
Story/D_Talk_Brother4_02_03_01_138,不要啊，要也挑叶云裳那种细皮嫩肉的吃啊！\n你看她香喷喷的，都不用洗就可以吃了，吃她最好！还为民除害！
Story/D_Talk_Brother4_02_03_01_139,不要啊，要也挑小师妹那种细皮嫩肉的吃啊！\n你看她香喷喷的，都不用洗就可以吃了，吃她最好！
Story/D_Talk_Brother4_02_03_01_140,……说不定还真是这样。
Story/T_Talk_Brother4_02_03_01_002,说不定我就是放心不下唐门，向阎王请命回来的。\n等我使命完成，就会化为飞灰消散。
Story/D_Talk_Brother4_02_03_02_001,依我之见，师弟，你武功很高强。\n如今的你已远非两年以前可以比拟。
Story/D_Talk_Brother4_02_03_02_002,你分明资质平庸，却不知有何奇遇，进境神速，\n短短两年之间，竟判若两人。
Story/D_Talk_Brother4_02_03_02_003,倘若再给你更多的时间，也许你能更上一层楼也说不定。
Story/D_Talk_Brother4_02_03_02_004,现下你在唐门之中，与我和三师兄并列三强。
Story/D_Talk_Brother4_02_03_02_005,可你知道吗？我和三师兄被放到江湖上，都算不上什么顶尖高手唷？
Story/D_Talk_Brother4_02_03_02_006,即令是当年的大师兄、二师兄，我们都胜不过。\n唐门能给你的，也就这些了，你有没有考虑过下山闯荡江湖呢？
Story/D_Talk_Brother4_02_03_02_007,我明白了，四师兄，你千方百计就是想劝我离开唐门独活，对吧？
Story/D_Talk_Brother4_02_03_02_008,被发现了啊。
Story/D_Talk_Brother4_02_03_02_009,我是不会走的。
Story/D_Talk_Brother4_02_03_02_010,而我是不会退你一百钱的。
Story/D_Talk_Brother4_02_03_03_001,你比以前厉害得多，但是放到江湖上充其量就是二、三流人物。\n你想殉派是可以，但对江湖人来说，就是死了一个无关紧要的路人的感觉。\n其实你这种货色无论溜了还是死了，都没人会注意到，你好自为之吧。
Story/D_Talk_Brother4_02_03_03_002,喔……喔。
Story/D_Talk_Brother4_02_03_03_003,怎么样，受伤了吗？
Story/D_Talk_Brother4_02_03_03_004,有一点。
Story/D_Talk_Brother4_02_03_03_005,你自找的喔。
Story/D_Talk_Brother4_02_04_001,咦？不要啦，你也知道我不爱和人相斗，\n就算是友好的切磋也不喜欢，会流汗的。
Story/D_Talk_Brother4_02_04_002,来啦，来啦，我给你钱嘛。
Story/D_Talk_Brother4_02_04_003,真没办法，你可得下手轻点。
Story/N_Talk_Brother4_02_04_001,四师兄一溜烟的跑掉了。
Story/D_Talk_Brother4_02_04_01_001,咦，你比我想象的还要弱。\n师弟，我看你还是回家乡去种田吧。
Story/D_Talk_Brother4_02_04_01_002,累死我了，这下你可满意了吧？\n仅此一次，下次给钱我也不打了。
Story/D_Talk_Brother4_02_05_001,四师兄，我想见识你的真本事，打死强盗时的那种。
Story/D_Talk_Brother4_02_05_002,不要吧。
Story/D_Talk_Brother4_02_05_003,我这里有点钱，你拿着。
Story/D_Talk_Brother4_02_05_004,就算我再爱钱，你想用这一贯钱收买我还是－－
Story/D_Talk_Brother4_02_05_005,那不是收买你，是直接无条件送给你的，已经是你的钱了。
Story/D_Talk_Brother4_02_05_006,当真？竟有这等好事。
Story/D_Talk_Brother4_02_05_007,现在老子我抢了你的钱！你待怎地！
Story/D_Talk_Brother4_02_05_008,妈巴羔子老子跟你拚了！
Story/D_Talk_Brother4_02_05_01_001,唔哇！
Story/N_Talk_Brother4_02_05_01_001,你打敗了四師兄，同時他也成功搶回了一貫錢。
Story/D_Talk_Brother4_02_05_01_002,呼……呼……。
Story/T_Talk_Brother4_02_05_01_001,四師兄居然如此厲害，我真是太小看他了。
Story/D_Talk_Brother4_02_05_01_003,我的錢回到我手上了。
Story/D_Talk_Brother4_02_05_01_004,師弟，你他媽的下次別再幹這種事了哦？\n我真的會失手殺掉你的。
Story/N_Talk_Brother4_02_05_01_002,你大開眼界，不單武學，連鍛冶的靈感也源源不絕地湧出，\n誠可謂受益匪淺。
Story/D_Talk_Brother4_02_06_001,四师兄，你出门在外每次碰到危险，都是花钱消灾比较多吧。
Story/D_Talk_Brother4_02_06_002,多半如此，经常给黑白两道送点小礼物，朋友多，出门好办事嘛。
Story/D_Talk_Brother4_02_06_003,难道从来没有和敌人正面冲突过的吗？
Story/D_Talk_Brother4_02_06_004,其实还是有啦，有次我办了一桩好买卖，得意忘形，\n完全没注意到自己被人盯上了，枉我身为唐门中人，却被迷魂烟醺倒。\n只能眼睁睁看着坏人肆无忌惮翻我行囊。
Story/D_Talk_Brother4_02_06_005,好在我身有抗体，迷魂烟只能困我一时，我一能行动，立即便和强盗动了手。\n那是个双人组合，一人打算絆住我，另一人就要逃。
Story/D_Talk_Brother4_02_06_006,倘若有个一万两银子的大买卖，我却赚不到，顶多叹口气，\n因为那始终不是我的钱。
Story/D_Talk_Brother4_02_06_007,但那若是我的钱，却有人想不劳而获，那就另当别论了。\n哪怕只是被抢个五百文钱，我都会气个要命。
Story/D_Talk_Brother4_02_06_008,所以我情急之下，就直接把两人都打死了。
Story/D_Talk_Brother4_02_06_009,四师兄，你其实功夫很高强，是吧？
Story/D_Talk_Brother4_02_06_010,也不太高，我又不打算跟人争强斗狠，保身足矣。
Story/D_Talk_Brother4_02_06_011,没有耶，基本上软硬不吃的那种，我就跑给他追了。
Story/D_Talk_Brother4_02_06_012,原来如此。
Story/N_Talk_Brother4_02_06_001,你心底对这位师兄的敬意稍微下降了。
Story/O_Food_Menu_001_012,南蝥礜石散
Story/N_Food_Menu_001_011,使用《南蝥礜石散》
Story/O_Food_Menu_001_013,穿心龙胆汤
Story/N_Food_Menu_001_012,使用《穿心龙胆汤》
Story/O_Food_Menu_001_014,胡椒粉丸
Story/N_Food_Menu_001_013,使用《胡椒粉丸》
Story/O_Food_Menu_001_015,乖乖水
Story/N_Food_Menu_001_014,使用《乖乖水》
Story/O_Food_Menu_001_016,睡丹
Story/N_Food_Menu_001_015,使用《睡丹》
Story/D_S0202_01_001,{size=50}你不要过来啊！！{/size}
Story/D_S0202_01_002,让你给我二师兄把脉，又不是要你命！\n找了半天不见踪影，原来把我衣箱掏空了自己窝里边！
Story/D_S0202_01_003,我不要！我才不看大夫，别以为我不知道你们打什么鬼算盘，\n讲好把脉，等下一定拿针扎我！
Story/D_S0202_01_004,云裳，现在不是同你玩闹。\n我数到三，家法伺候！
Story/D_S0202_01_005,唔咕……卑鄙！
Story/D_S0202_01_006,臭丫头，敬酒不吃吃罚酒！
Story/D_S0202_01_007,叶兄，你千万别顾忌我，抽她！抽烂她屁股！
Story/D_S0202_01_008,好！
Story/D_S0202_01_009,好说歹说，到头来不如藤条管用。
Story/D_S0202_01_010,一～
Story/D_S0202_01_011,你们这群江湖人，说理说不过人就知道付诸武力！\n野蛮人！流氓！
Story/D_S0202_01_012,不，讲理也是我们在理啊，让你看大夫治病，又不是害你。
Story/D_S0202_01_013,二～
Story/D_S0202_01_014,别别别想威胁我！我也数到三，你看我手里是什么？
Story/D_S0202_01_015,这是……
Story/D_S0202_01_016,我的日记！
Story/D_S0202_01_017,你们再逼我，我就大声念出来搞得人尽皆知，让赵哥哥羞愤自尽！
Story/D_S0202_01_018,哇──默铃，救我呀！！！
Story/D_S0202_01_019,{size=50}啊啊啊啊──不行！裂了，真要裂了！{/size}
Story/D_S0202_01_020,呜呜……呜咕……呜呜……大夫，我要死惹……。
Story/D_S0202_01_021,人家的屁股方才……受了它所不应承受的劫难，\n已经彻底崩溃的说，瓦解的说……！
Story/D_S0202_01_022,拍拍，云裳别哭。
Story/D_S0202_01_023,谁让你不听话？好了，不要又吵又闹，影响大夫诊脉。\n再不收声，等会儿有你苦头吃的。
Story/D_S0202_01_024,好嘛，很凶吶。
Story/D_S0202_01_025,闹够了吧？小师妹，回去上你的早课！
Story/D_S0202_01_026,哦。
Story/D_S0202_01_027,等会儿下课一起玩。
Story/D_S0202_01_028,嗯，嗯……等我。
Story/D_S0202_01_029,手来。
Story/D_S0202_01_030,噢。
Story/D_S0202_01_031,……哼，你们在耍我不成？
Story/D_S0202_01_032,这姑娘根本没──嗯？
Story/T_S0202_01_001,并非错觉，虽然微弱，但这果真是……。
Story/T_S0202_01_002,二师兄听脉这么久，一言不发，实为罕见。\n云裳妹子的病情，果然很是严重吗？
Story/T_S0202_01_003,我也懂点医术，就怕一搭她腕脉就给她嫌弃，怀疑我图谋不轨。
Story/T_S0202_01_004,而我确实是图谋不轨，嘿嘿。\n忧心她健康不假，可占人便宜的良机也照样不能耽误！
Story/T_S0202_01_005,云裳妹子花容月貌，我身为健全男子，要说没有半点思慕之情，\n只能是违心之论，但我担忧她的心意却也半分不假啊。
Story/D_S0202_01_033,……唐国手仁心仁术，济世功深。\n不知舍妹的病情，可有头绪吗？
Story/D_S0202_01_034,少费心机胡拍马屁，那个国手的称呼，给我改掉。\n这些话由点苍弟子嘴里说出来，听着格外刺耳。
Story/D_S0202_01_035,是……。
Story/D_S0202_01_036,可以了。
Story/D_S0202_01_037,大夫～有道是久病成良医，其实我也略懂医术。
Story/D_S0202_01_038,哦？你懂什么，说来我听听。
Story/D_S0202_01_039,妹子，你别瞎说。
Story/D_S0202_01_040,我诊断我自己，其实没啥大事，就是屁股疼了一点。\n想来不会再复发了，大可不必吃药、扎针。
Story/D_S0202_01_041,你以为这招能管用吗。
Story/D_S0202_01_042,好歹要试一下……说不定他很好骗呢？
Story/D_S0202_01_043,唐二侠，实不相瞒，我这妹子命苦，\n自小身娇体弱，又生了这怪病，反反复覆，久治难愈。
Story/D_S0202_01_044,我都这么苦了，你还动不动招呼我屁股，好狠的心哇。
Story/D_S0202_01_045,眼下虽然症状不显，但是每回复发，都在生死关头徘徊，\n遍访名医、服了许多灵丹妙药，仍不能根除病灶，甚至于病名都不能断论。
Story/D_S0202_01_046,我这叫屁裂症，尊驾给亲手打出来的。
Story/D_S0202_01_047,你给我住口！
Story/D_S0202_01_048,好、好嘛～不要突然那么凶啦。
Story/D_S0202_01_049,恁地不分轻重，竟拿自己的性命说笑。
Story/T_S0202_01_006,反正我这条命，早就当作没了。\n遇着每位大夫都得患得患失，活着多累？倒不如认份一点，及时行乐。
Story/D_S0202_01_050,这小娘子压根没病。
Story/D_S0202_01_051,……。
Story/D_S0202_01_052,你看！我就说吧！
Story/D_S0202_01_053,是吗……。
Story/T_S0202_01_007,听闻妹子无恙，叶兄怎么丝毫不喜，却是这样的神色？
Story/D_S0202_01_054,而你嘴里说的那些名医，全是庸医。
Story/D_S0202_01_055,敢问唐大夫，何出此言？\n叶某不敢轻忽，一路所访，都是名闻遐迩的名医啊。
Story/D_S0202_01_056,他们懂个屁？徒有虚名而已。\n不懂内功，为表象所误，医不好是自然。\n因为令妹所患不是病──乃是因习练内功岔气走火造成的积患、内伤。
Story/D_S0202_01_057,大夫，你猜错啦，我连点苍入门心法第一重都没练成，\n哪来的内力能够岔气走火？
Story/D_S0202_01_058,舍妹所言非虚，她好动顽皮，实非习武练内功的料子。\n点苍师长督促几回，也就没再劝了。
Story/D_S0202_01_059,你兄妹俩是真蠢，还是存心找死？
Story/D_S0202_01_060,你的暗伤根深蒂固，眼下无恙，实则欠着阎王三条命。\n若无李大夫的养命丹，上回发作，便是最后一次。
Story/T_S0202_01_008,原来上回就是我命里的大限。
Story/D_S0202_01_061,可惜治标不治本，再不对症下药，未来一年之中，必将伤发而亡。
Story/D_S0202_01_062,你的暗伤根深蒂固，眼下无恙，实则欠着阎王三条命。\n再不对症下药，未来一年之中，必将伤发而亡。
Story/D_S0202_01_063,说到这份上，仍执意隐瞒伤情吗？\n既盼能得救，又盼大夫诊不出所以然来，未免异想天开。\n可悲，亦复可笑！
Story/D_S0202_01_064,本人凶名在外，你既心怀忌惮，那也不勉强。\n本来我唐铮一不图你叶家宝藏，二不愿医治仇敌，这便滚下山去吧。\n别死在我唐门地界！
Story/D_S0202_01_065,二师兄，你把个脉就下逐客令，掌门那边须不好交代。
Story/D_S0202_01_066,我有三不医，该死之人不医；必死之人不医；寻死之人不医。\n而今这对兄妹三者都沾上了边，自找的，怨不得旁人。
Story/D_S0202_01_067,二师兄，你……你这也太过了。\n把个脉就下逐客令，就算不医，好歹说个所以然来啊。
Story/D_S0202_01_068,笑话，他们点苍高足来求医，尚自疑心本门心怀不轨。\n我不欠他们什么，徒然受此屈辱，凭何相帮？
Story/D_S0202_01_069,唐大夫万请见谅，叶某兄妹实有难言之隐。
Story/D_S0202_01_070,你有你的底线，我也有我的。\n如今可不是我求你。
Story/D_S0202_01_071,这……这……。
Story/N_S0202_01_001,兄妹俩对视一眼，叶云裳淡然摇头。
Story/D_S0202_01_072,不妨指点你一条明路。
Story/D_S0202_01_073,还请不吝指教。
Story/D_S0202_01_074,天下不止唐某一人能医令妹。\n金国开封梁神医、泥教六道车天王，都是既学武，又从医，学究天人。
Story/T_S0202_01_009,金宋交征，那是国仇家恨，我和妹妹身为叶家后人，岂能去向金人低头？
Story/T_S0202_01_010,至于魔教，同样和中原正派水火不容。\n这一低头，我和妹妹必将声名狼籍，受人追杀事小，辱没叶家门楣事大。
Story/T_S0202_01_011,再说，点苍昔日杀伤魔教教众不少，\n那天王座如何能够宽宏大量，为云裳施治呢？
Story/D_S0202_01_075,你有这许多忌惮，犹疑不决。\n看来令妹的性命于你而言，也不十分打紧啊。
Story/D_S0202_01_076,此言差矣。\n远水救不了近火啊，金国、六道峡距此还有十万八千里远，\n云裳如何消受得了呢。
Story/D_S0202_01_077,你闭嘴！
Story/D_S0202_01_078,喔。
Story/T_S0202_01_012,赵哥哥怕极了这位唐二侠，还是处处维护我们呢。
Story/T_S0202_01_013,赵兄说的也极有道理。\n云裳万一路上发作，我却该如何去找另一味灵丹妙药？\n辞行而去，无疑是拿云裳的性命做赌注。
Story/T_S0202_01_014,万一云裳路上突然病发，我却该上哪儿去寻另一味灵丹妙药？\n辞行而去，无疑是拿她的性命做赌注。
Story/D_S0202_01_079,哥哥，既然你拿不定主意，不妨听听我本人的意见，如何？
Story/D_S0202_01_080,我的意见是：想留在这里。\n医不医得好倒无所谓，反正我不想挨针，也怕药苦。
Story/D_S0202_01_081,纯粹是交上了投缘的朋友，舍不得她，不想走罢了。\n像哥哥你，只有一些热衷于互拍马屁的酒肉朋友，是不会懂的。
Story/D_S0202_01_082,说、说这什么傻话。
Story/D_S0202_01_083,……。
Story/D_S0202_01_084,生死有命，富贵在天。其实你再清楚不过了，不是吗？
Story/D_S0202_01_085,我这病呢，起初师长还能用内功镇压，保我多年不死。\n后来压也压不住了，越发越是频繁。\n再不死心，也不过是辛苦大家、折磨自己罢了。
Story/D_S0202_01_086,哥哥知道你受了很多苦，但是人来世间走一遭，不到最后一口气，怎能言弃。
Story/D_S0202_01_087,我知道你为我请的大夫、求的丹药，都是很好很好的。\n可又医不好我，与其糟蹋，不如留着救活别的好人。
Story/T_S0202_01_015,她小小年纪，该有多沉的觉悟，才能将生死说得这样云淡风轻。
Story/T_S0202_01_016,人间实在太苦了，怎就必须如此残酷呢。
Story/D_S0202_01_088,唐大夫！诚如唐大夫所言，舍妹曾经修练内功，为真气所伤──
Story/D_S0202_01_089,你、你突然这是怎么了！快住口！
Story/D_S0202_01_090,踏遍江湖，看透了人心，义字有价可估，世人如此，我又何尝不行。\n你若不在了，守信还重要吗？
Story/D_S0202_01_091,重要的！重要的啊！
Story/D_S0202_01_092,我不想你为了我，一直割舍重要的东西。
Story/D_S0202_01_093,二师兄，你──
Story/D_S0202_01_094,闭嘴！你一句我一句，吵死人了！
Story/D_S0202_01_095,啊，我话都还没讲出口就挨揍！过份！
Story/D_S0202_01_096,罢了，我对你叶家有何苦衷，其实毫不关心，怎么样都好。\n养足精神，三日后辰时来炼丹房报到，在此之前忌食油腻辛辣。
Story/D_S0202_01_097,唐大夫这话是说……愿意医治舍妹吗？
Story/D_S0202_01_098,你们厚脸皮赖着不走，我难道还能违逆掌门号令？\n丑话说在前头，你们隐瞒伤情，必须后果自负。\n我只负责医，至于医死医活，却又另当别论。
Story/D_S0202_01_099,多、多谢唐二侠！多谢唐神医！\n妹妹，还不快给神医下拜磕头！
Story/D_S0202_01_100,免了。
Story/D_S0202_01_101,唐某厌憎点苍，不屑受你兄妹感恩。\n要谢你便谢我唐家掌门仁义为怀，以德报怨。
Story/D_S0202_01_102,唐前辈、唐二侠的大恩大德，叶家兄妹没齿难忘。\n今后但凡是叶某力所能及之事，愿为唐门效犬马之劳！
Story/D_S0202_01_103,别光说不练。
Story/D_S0202_01_104,赵活，午后你去向三师弟打声招呼。\n从今日起，把叶云舟的大名正式列入日常庶务的排班表中。
Story/D_S0202_01_105,最好将他派到外堡去，让街坊邻居都来看看，\n大名鼎鼎的点苍剑客，是如何给我唐门驱策的。
Story/D_S0202_01_106,哈哈哈！
Story/D_S0202_01_107,砍柴烧水、挑沤肥浇菜，举凡你能干的，他也得干。\n寄人篱下，就别想体面了。
Story/D_S0202_01_108,叶某有求于人，报恩尚且不知从何着手。\n无论唐大夫吩咐何等为难的事情，都义不容辞，遑论是这点小事呢？
Story/D_S0202_01_109,你最好说到做到，退下吧。
Story/D_S0202_01_110,唐大夫，油腻辛辣不能吃，那甜的呢？
Story/D_S0202_01_111,也不行。
Story/D_S0202_01_112,那……要扎针吗？应该不用吧？
Story/D_S0202_01_113,要。
Story/D_S0202_01_114,我选择死亡。
Story/D_S0202_01_115,别瞎说。唐大夫，我们兄妹就此告退。
Story/D_S0202_01_116,叶姑娘的伤情，似乎别有隐情。\n也不知是什么事情，令他们这样欲言又止。
Story/D_S0202_01_117,你听着：他叶家的恩怨，既然不说，你就别过问，更别牵涉过深。\n莫让他们以小人之心，疑我唐门图谋他们宝藏。
Story/T_S0202_01_017,这对兄妹谜团真多。
Story/D_S0202_01_118,不过他们讳莫如深，可会影响你诊断？
Story/D_S0202_01_119,不必你瞎操心，他们便是哑巴，我亦有头绪。
Story/D_S0202_01_120,望闻问切，问不出所以然，也有旁的治法。\n便是哑巴，我也能医。
Story/D_S0202_01_121,那就好。
Story/D_S0202_01_122,你且记着我此刻交代的事情。
Story/D_S0202_01_123,等等，我记心没那么好，待我拿纸笔过来抄。
Story/D_S0202_01_124,炼丹房中缺黄连、白朮。\n你明日一早，到山下李大夫铺子里抓点，按方子煮到粥里。
Story/D_S0202_01_125,哦，好。
Story/D_S0202_01_126,这是要祛湿寒邪气，和胃降逆，对吗？\n那么枳实要不要也买点？山上没有吧。
Story/D_S0202_01_127,不必，她脾虚，服用枳实容易犯恶心。
Story/D_S0202_01_128,那加点干姜、木香、白芍止呕如何？
Story/D_S0202_01_129,不妥，过燥。
Story/D_S0202_01_130,说得也是，再加药中和，就怕她吃不消。
Story/D_S0202_01_131,你没意见了？
Story/D_S0202_01_132,岂敢有。
Story/D_S0202_01_133,还有什么必须记得的事吗？
Story/D_S0202_01_134,暂时就这些。
Story/D_S0202_01_135,满满抄了三页纸，饮食宜忌还能张贴在伙房，\n要管住那小娘子不要上窜下跳，这可难了。
Story/D_S0202_01_136,你只管告诫她兄长，她自己折腾死了，也与本门无关。
Story/D_S0202_01_137,二师兄，你用药不都主张以毒攻毒吗？这回竟改了性，用药这般保守。
Story/D_S0202_01_138,因为那姑娘所患并非寻常内伤，半分不得躁进。
Story/D_S0202_01_139,藏于表征之下，是久病气虚、邪盛正衰的沉重危象。\n丹田衰微气血淤塞，五行相悖，六腑皆伤，一时隐而不发罢了。
Story/D_S0202_01_140,这等伤势，分给三个彪形大汉都能致命。\n下回再发作，神仙难救，她必死无疑。
Story/D_S0202_01_141,这、这么严重？到底怎么弄到这步田地的？
Story/D_S0202_01_156,你甭问这么多，办好我交代的事就行。
Story/D_S0202_01_157,明白了，我这就去。
Story/D_S0202_01_142,你问这么多做甚？\n你只需要知道她下回发作，神仙难救，她必死无疑。\n滚！
Story/D_S0202_01_143,好啦好啦。
Story/T_S0202_01_018,……事隔多年，我还道世上再无那人的痕迹，\n不想兜兜转转，还是来到我的眼前……这便是宿缘吗？
Story/D_S0202_01_155,可以。这回由我亲手了断。\n我来扑灭你活过的痕迹。
Story/D_S0202_02_001,水壶带了吗？
Story/D_S0202_02_002,带了。
Story/D_S0202_02_003,防身用的雷火弹、信号烟呢？
Story/D_S0202_02_004,带了。
Story/D_S0202_02_005,伞？
Story/D_S0202_02_006,带了。
Story/D_S0202_02_007,饭团呢？
Story/D_S0202_02_008,肚子里。
Story/D_S0202_02_009,没让你吃！那是让你们万一迷路，充饥用的。
Story/D_S0202_02_010,喔。
Story/D_S0202_02_011,来不及了。
Story/D_S0202_02_012,不打紧，我捏了新的，带在路上吃吧。
Story/D_S0202_02_013,谢谢师兄。
Story/D_S0202_02_014,啊，偏心！我的份呢？
Story/D_S0202_02_015,你不是正要出门吃大餐？还希罕我的饭团吗。
Story/D_S0202_02_016,不希罕你也得给我，万一我还没吃上好料，\n路上活活给饿死了，你就悔不当初！
Story/D_S0202_02_017,我的可以分你。
Story/D_S0202_02_018,不必啦，我逗她玩的呢，来。
Story/N_S0202_02_001,叶云裳接过饭团，当即咬了一口。
Story/D_S0202_02_019,嗯～
Story/D_S0202_02_020,难吃，还你。
Story/D_S0202_02_021,呃啊！
Story/D_S0202_02_022,哈，我也是逗你的。
Story/D_S0202_02_023,谢谢哥哥～
Story/D_S0202_02_024,真是的。
Story/D_S0202_02_025,云裳的份也准备了。
Story/D_S0202_02_026,哥哥你留着自个儿吃吧，你要干活，得有力气。\n反观我饭量不大，要是吃饱，等会儿下山就吃不下东西了。
Story/D_S0202_02_027,那好。
Story/T_S0202_02_001,云裳真体贴。
Story/D_S0202_02_028,萤姑娘的份也有准备。
Story/D_S0202_02_029,多谢，心领了。
Story/D_S0202_02_030,没有下毒啦。
Story/T_S0202_02_002,上好的米饭给你捏到，我便不敢就口。
Story/D_S0202_02_031,再想想，还有什么忘了的事？
Story/D_S0202_02_032,唐二侠，不过是当日往返的路程，便有什么缺了忘带，上街买新的便是。\n何必喋喋不休，老妈子似的。
Story/D_S0202_02_033,你说什么……老妈子？
Story/T_S0202_02_003,萤姑娘说话恁地大胆！
Story/N_S0202_02_002,初生之犊不畏虎，上官萤尚不知你二师兄的厉害，你却听得心惊胆跳。\n要知此人眼中男女平权，整治人的时候，可没半分怜香惜玉。
Story/D_S0202_02_034,两个小妹子你只管放心交给我上官萤。\n别看我是女子，这些年经商走南闯北，阅历之深，想来是不言可喻。
Story/D_S0202_02_035,令尊有官身，而唐门向为朝廷所忌。\n你这般与我小师妹亲近，难道就不怕遭人议论？
Story/D_S0202_02_036,那些爱嚼舌根的人从没打算为自己说的话负责，\n养成这种心态，往往高不成低不就，一不是官，二没有脑。\n既是无能之辈说的话，我又何必上心。
Story/D_S0202_02_037,今日我下山办事，顺道带她俩下山走走逛逛，熟悉环境，\n吃些点心、买些女儿家用的胭脂、首饰罢了，唐二侠不必多想。
Story/D_S0202_02_038,由奢入俭难，又不是过年，换什么新衣、用什么首饰？
Story/D_S0202_02_039,这俩个小妹子难得天生丽质，捏糖人都没她们生得甜。\n如此璞玉自当娇养，方能出落的大方。\n都是及笄的小娘子了，连小娘子打不打扮你都要管，未免太不上道！
Story/D_S0202_02_040,哼……行吧。
Story/D_S0202_02_041,不得了，借过！借过！
Story/D_S0202_02_042,干嘛！昨天才针灸过的说，你、你今日还想对我出手吗！\n都要出门了，你竟然穷追不舍，打算追上来插我吗！
Story/D_S0202_02_043,你误会啦，我今日要下外堡，为住客看病来着。
Story/D_S0202_02_044,原来是这样。
Story/D_S0202_02_045,那到外堡之前，我们可以一起走。\n不插我的芳姊姊属于好人，喜欢。
Story/D_S0202_02_046,我也是为你好啊，不然病哪会好。\n还有别说什么「插」，你可以说「灸」。
Story/D_S0202_02_047,我吩咐你的事物，别忘了带。
Story/D_S0202_02_048,还道二师兄只关心小师妹一人，却还不忘嘱咐我带云裳药浴的材料。
Story/D_S0202_02_049,你少废话，别再迟到。
Story/D_S0202_02_050,我又还没迟到～这就动身了。
Story/D_S0202_02_051,甚好。
Story/D_S0202_02_052,二师兄，今日只是带两个小妹子认山路，到镇上晃晃，\n太阳下山前就会回来，又不是江湖远行，何必如临大敌似的。
Story/D_S0202_02_053,你不长记性？莫忘了这丫头劣迹斑斑！\n每回出门，必会离奇失踪，误闯兽径。\n屡次连累师门动员，提灯彻夜搜山。
Story/D_S0202_02_054,说得也是，小师妹明明记心不坏，却偏认不得路。\n给她地图都无济于事。
Story/D_S0202_02_055,小师妹，你可还记得？\n有一回你赌誓要自己认路，结果一出门就闹失踪，\n掌门只当你学了大师兄的榜样，离家出走，差点没急出病来。
Story/D_S0202_02_056,你好坏喔。
Story/D_S0202_02_057,我又不是故意的。
Story/D_S0202_02_058,大师兄无辜受迁怒，险些没被打死。\n幸好最后赵师弟找到了人，否则后果不堪设想。
Story/D_S0202_02_059,这废物之所以还能在唐门徘徊，没被我赶走，便是念他这点微薄功劳。
Story/T_S0202_02_004,除我之外没人知道，她将自己卡在兔子洞里，动弹不得。
Story/T_S0202_02_005,小师妹倒也不见得是看不懂地图、认不得山路。\n她之所以迷失方向、偏离正路，盖因道旁松鼠、兔兔。
Story/T_S0202_02_006,师兄，你答应过我，不能说喔。
Story/D_S0202_02_060,那废物之所以还能在唐门徘徊，没被我赶走，便是念他这点微薄功劳。
Story/D_S0202_02_061,总之你负责把人看好，吩咐你的事物也别忘了带。\n要是连这点小事都办砸了，那就不用回来了。
Story/D_S0202_02_062,我自理会得。
Story/T_S0202_02_007,还道二师兄只关心小师妹一人。\n看似冷漠不闻不问，却还不忘嘱咐我带云裳药浴的材料。
Story/D_S0202_02_063,师妹、云裳，我们走啰。
Story/D_S0202_02_064,郊游的时间到了！
Story/D_S0202_02_065,郊游！
Story/D_S0202_02_066,……。
Story/D_S0202_02_067,……。
Story/D_S0202_02_068,……怎么想都不踏实。
Story/D_S0202_02_069,英雄所见略同。
Story/D_S0202_02_070,也怪你们惯坏了她，这么大个人路也认不得。
Story/D_S0202_02_071,这如何怪得了大家，那可是小师妹哎。\n珍稀得要命，令人情不自禁要宠。\n二师兄你不也挺偏宠她吗？
Story/D_S0202_02_072,我没有。
Story/D_S0202_02_073,又来了，别不好意思──
Story/D_S0202_02_074,你少说废话。
Story/D_S0202_02_075,好啦，好啦。
Story/D_S0202_02_076,小师妹走丢，那都多少年前的事了。\n这么大个人了，还有师姊、云裳陪同，在自家地界走走，想来不会出啥乱子。
Story/D_S0202_02_077,哼……但愿如此吧。
Story/D_S0202_02_078,我反倒担心云裳的病情，途中发作。
Story/D_S0202_02_079,爬山活动筋骨，活络血气，对她更有好处。
Story/D_S0202_02_080,说得也是，总不能把她绑床上不让动。
Story/D_S0202_02_081,赵活！速速现身！
Story/D_S0202_02_082,有！二师兄，你喊我，有、有什么事情吩咐？
Story/D_S0202_02_083,有！
Story/D_S0202_02_084,你此刻手边做什么事？
Story/D_S0202_02_085,腌酱菜，辣酱瓜茄。
Story/D_S0202_02_086,把事搁着，你暗中跟随，照应她们。
Story/D_S0202_02_087,不行啦，做一半不能停，放着回来就坏掉了。\n这可是半个月份的配菜，眼下又没人来替我。\n倘若搞砸了，我会给师兄姊们生生撕成碎片。
Story/D_S0202_02_088,你不去，我现在就杀了你。
Story/D_S0202_02_089,我这不是完全没有活路吗！
Story/D_S0202_02_090,我来替你做，总成吧。
Story/D_S0202_02_091,蛤？你来做……？
Story/D_S0202_02_092,二师兄，你会腌酱瓜茄吗？
Story/D_S0202_02_093,你都能做的事，难得倒我？\n少废话，你且将作法交代一遍。
Story/D_S0202_02_094,好吧。
Story/D_S0202_02_095,茄子去皮切条，每斤用盐八钱，将花椒、芥菜、八角、陈皮、姜、\n白芷、山楂、甘草磨碎，兑水捣成泥，同瓜搅拌，腌入缸中。
Story/D_S0202_02_096,这还不简单──
Story/D_S0202_02_097,其中芥菜的根茎切记要干净点，碾细好用纱滤掉泥沙，这个要做多点，\n另外放一坛子，要用时加点胡椒、醋，便是芥辣酱。\n明日早市买了黄瓜，还能腌黄瓜。
Story/D_S0202_02_098,到了中午，趁太阳正烈，拿出来控干，用石锁一个个压过一遍。\n然后曝晒一个时辰，加紫苏，再重新腌入卤水中。
Story/D_S0202_02_099,又一个时辰，重新拿出来晒，这回加笋、菇，当然都要切碎喔。\n如此三次，小火煨干，煎糖、醋油泼，即可盛在瓷罐子里，摇匀再封严。
Story/D_S0202_02_100,……。
Story/D_S0202_02_101,……要我再说一次吗？
Story/D_S0202_02_102,不必，你跟上她们，别被发现了。
Story/D_S0202_02_103,没你想象的那么简单吧？
Story/D_S0202_02_104,哼……瞧你得意的样子。\n往缸里腌酱菜是头一回，拿药腌渍活人我却得心应手。\n你要不试试我的手段？
Story/D_S0202_02_105,不不不必了吧～啊，她们，她们要走远了，我赶紧去追！
Story/D_S0202_02_106,跑快点，残废吗你？
Story/D_S0202_02_107,哇！有没有看路啊你，贱人！
Story/D_S0202_02_108,对不住，对不住。回来再给师兄赔礼。
Story/D_S0202_02_109,真是的，就算没撞上，迎面一张丑脸高速接近，难道不吓人吗！
Story/D_S0202_02_110,你。
Story/D_S0202_02_111,二师兄，你是叫我吗？不知何事吩咐？
Story/D_S0202_02_112,你会不会腌辣酱瓜茄？
Story/D_S0202_02_113,会是会……你怎么忽然问这个？想吃？
Story/D_S0202_02_114,你过来帮忙。
Story/D_S0202_02_115,咦？真的假的？我？帮你？腌酱菜？
Story/D_S0202_02_01_001,冰糖葫芦～又香又甜的冰糖葫芦！一串五文钱～快来买噢！
Story/D_S0202_02_01_002,大事不妙，前方有野生冰糖葫芦出没！\n默铃，快与我连手，摆出迎敌阵形！
Story/D_S0202_02_01_003,呃嗯……！
Story/D_S0202_02_01_004,呼……。
Story/D_S0202_02_01_005,二位女侠快请收功吧，不必用这种眼神看我，我去给你们买就是了。
Story/D_S0202_02_01_006,店家，你这冰糖葫芦怎么卖？
Story/D_S0202_02_01_007,一串五文。\n看大姑娘和两位小姑娘这么貌美，算你一串四文罢！你要几串？
Story/D_S0202_02_01_008,你这里一共二十支，我全要了，你算我五十文钱，如何？
Story/D_S0202_02_01_009,好咧──
Story/D_S0202_02_01_010,等等，不成不成，大姑娘，你算错数啦。\n我这一共二十支，一串四文，那该是八十文钱才对。
Story/D_S0202_02_01_011,没算错呀，我是让你算我便宜。
Story/D_S0202_02_01_012,这个……这个……小本经营，您别为难我啦。\n小人每日出摊，站到太阳下山，卖完就算，就指望这点零钱填饱肚子呢。\n大娘子上来就对半砍，忒也凶残。
Story/D_S0202_02_01_013,小兄，你这可就太不会盘算了，我心情正好，不妨教教你。
Story/D_S0202_02_01_014,此刻时间尚早，太阳正烈。\n你这些冰糖葫芦，要在骄阳烈焰之下站多久才卖得完？\n届时有些给太阳晒化了，有些风一刮，沾上了泥沙，你不就亏大了吗。
Story/D_S0202_02_01_015,大不了我自己吃了。
Story/D_S0202_02_01_016,这可是要卖人的，怎能自己吃了？\n这样做生意，要不累死，要不就穷死。\n你别欺我不知行情，我便五十文买你冰糖葫芦，你也没亏。
Story/D_S0202_02_01_017,这……这……嘿嘿，没亏可也没赚，来回只挣十余文，\n我这趟出摊不就白忙一场？天下没这样做买卖的。
Story/D_S0202_02_01_018,便是薄利，也是利。\n你等若赚了一晌午光阴，不必在此叫卖。
Story/D_S0202_02_01_019,不妨喝口凉茶，回家睡午觉，时间还够再做新的，\n晚市重新出摊，又凉爽，届时一来一去，你一日何止收入一百文钱？
Story/D_S0202_02_01_020,对呀……我怎么没有想到？
Story/D_S0202_02_01_021,你再想，这两位小美人喜孜孜的吃着，可有多赏心悦目。\n也算替你家冰糖葫芦宣传，可以说是两全其美的双赢之策。
Story/D_S0202_02_01_022,看到我旁边这头小型猛兽了没有？\n她最擅长把东西吃得香！旁人见了无不嘴馋。
Story/D_S0202_02_01_023,小型猛兽是说我吗？
Story/D_S0202_02_01_024,你想当大型的，我也没意见。
Story/D_S0202_02_01_025,那、那好，就依大娘子的，五十文就五十文吧！
Story/D_S0202_02_01_026,我教了你这样一个秘诀，你不感谢我吗？\n这么多冰糖葫芦，却要我们三人怎么拿？\n不如我再加五文，你杆棍也一并给了我吧。
Story/D_S0202_02_01_027,那成什么问题？一根稻草棍子，哪里值钱。
Story/D_S0202_02_01_028,成交！
Story/D_S0202_02_01_029,多谢惠顾！
Story/N_S0202_02_01_001,小贩料定这三位姑娘买了冰糖葫芦，一定吃不完，\n深怕她们反悔退货，忙不迭跑了。
Story/D_S0202_02_01_030,还不来拿？我又不吃，全给你们了。
Story/D_S0202_02_01_031,不愧是萤姊姊！杀价的手腕绝顶高明！
Story/D_S0202_02_01_032,哈哈！好说，好说，尽管崇拜我吧！
Story/D_S0202_02_01_033,崇拜！
Story/D_S0202_02_01_034,大小姐平日不这样花钱的啊，今个儿是怎么了？
Story/D_S0202_02_01_035,没咱们的事，少管。\n大小姐放我们半天假，在街上想来不会出啥乱子，\n不过到边上茶铺叫碗凉的，遥遥盯着也就是了。
Story/D_S0202_02_01_036,此计大妙，正合我意，走！
Story/D_S0202_02_01_037,师弟，怎么你也来了？
Story/D_S0202_02_01_038,二师兄硬要我暗中跟随啊，依我看是多此一举罢了。
Story/D_S0202_02_01_039,原来如此，确是二师兄的作风。
Story/D_S0202_02_01_040,大小姐出行，前有两人打草开路，后有两人断后守护。\n瞧他们个个生得孔武有力，一手能掐死一头狼，试问谁敢招惹？\n派我跟随，这不是多此一举吗？
Story/T_S0202_02_01_001,就怕二师兄防的不是毒虫猛兽，而是上官娘子。
Story/T_S0202_02_01_002,说是这样说，其实二师兄八成和我想到一块儿去。\n不怕外敌，就怕上官娘子另有所图。
Story/N_S0202_02_01_002,你二人嘴上说着漂亮话，实则心底都想到一块儿去。\n害人之心不可有，防人之心却不可无。
Story/D_S0202_02_01_041,话说，上官娘子也太豪横了，买这么多，如何吃得完？\n何况云裳妹子也不能吃太多甜食啊！
Story/D_S0202_02_01_042,甘入脾，适量的甜食可以滋补脾胃，但过则有害，万一她不知节制，\n损害脾胃，导致体内水气无法运化，淤成痰湿，岂不是有误调养吗？
Story/D_S0202_02_01_043,要去阻止吗？
Story/D_S0202_02_01_044,……你去。
Story/D_S0202_02_01_045,为何？
Story/D_S0202_02_01_046,因为我怕被上官娘子殴打。\n也不知为何，她跟我说话虽然客气，一路看我的眼神却不大友善。
Story/D_S0202_02_01_047,难道我就不怕被打吗！
Story/D_S0202_02_01_048,师弟你比较结实抗揍啊，拜托你啦！
Story/D_S0202_02_01_049,呃……那啥，真巧。\n我不是跟踪你们，只是来劝云裳别吃太多甜的……。\n你那是什么眼神？好像刀子一样，等等，有话好说……啊！！
Story/D_S0202_02_01_01_001,……事情的经过就是这样。
Story/D_S0202_02_01_01_002,衙门就在旁边，你这狂徒，竟连御船监造的千金都敢殴打。\n不知该说你鲁莽还是勇敢了。
Story/D_S0202_02_01_01_003,她先打过来的，我还手天经地义吧。
Story/D_S0202_02_01_01_004,唉，道理是这样讲，后果则是被关。
Story/D_S0202_02_01_01_005,我才不管她爹什么官，惹到我头上，连公主我都照打不误。
Story/D_S0202_02_01_01_006,住口，你是嫌自己被关的不够久吗？
Story/N_S0202_02_01_01_001,三师兄又向上官萤求情，又请吕员外出面调解，\n给衙门塞钱打点，才把你给放出来。\n上官萤有求于唐门，既出了一口恶气，事后便绝口不提此事了。
Story/D_S0202_02_01_01_007,啊──！
Story/D_S0202_02_01_01_008,果然被打了……还好被打的不是我。
Story/D_S0202_02_01_01_009,唐芳，你果然又迟到。
Story/D_S0202_02_01_01_010,小楼师姑！久疏问候，师侄女唐芳，给您请安。
Story/D_S0202_02_01_01_011,你张叔说他腰疼的厉害，一早就去外堡等。\n这都什么时辰了，你还在这里瞎混！老是迟到，再迟都要天黑了！
Story/D_S0202_02_01_01_012,是，是。我马上就去。
Story/D_S0202_02_01_01_013,慢着。反正病人不会无端痊愈，诊金跑不了你的。\n师姑我有几句话先问一问你。
Story/D_S0202_02_01_01_014,是。师侄女必知无不答。
Story/T_S0202_02_01_01_001,不是你来催我的吗？\n还说什么诊金，你和师姑丈看病明明从不给钱的。
Story/D_S0202_02_02_001,默铃，你快看那边那个！
Story/D_S0202_02_02_002,冰糖葫芦？
Story/D_S0202_02_02_003,正是冰糖葫芦。
Story/D_S0202_02_02_004,你们别用跑的，人那么多，等下走丢，叶大侠、二师兄非要怪罪死我。
Story/D_S0202_02_02_005,芳姊姊，默铃说她想吃冰糖葫芦～
Story/D_S0202_02_02_006,哪有。
Story/D_S0202_02_02_007,你嘴上没说，淌下来的口水却出卖了你。
Story/D_S0202_02_02_008,你骗人。
Story/D_S0202_02_02_009,那你到底想不想吃嘛。
Story/D_S0202_02_02_010,想。
Story/D_S0202_02_02_011,两串！
Story/D_S0202_02_02_012,我没说要给你们买呀。
Story/D_S0202_02_02_013,有，你有说！\n你说我不吵不闹乖乖给你扎针，你就买吃的给我，现在想不认账吗？
Story/D_S0202_02_02_014,……我还真的说过。\n但钱不是问题，问题是二师兄吩咐过，不能给你吃甜的。
Story/D_S0202_02_02_015,我们买点别的吃吧，五香糕怎么样？
Story/D_S0202_02_02_016,嗯～我就要吃冰糖葫芦，好不好嘛～好不好嘛～
Story/T_S0202_02_02_001,啊，我的小心脏！
Story/D_S0202_02_02_017,唉，拿你们没辙。\n你们在这儿待着别乱跑，我去给你们买。
Story/D_S0202_02_02_018,趁现在，我们乱跑！
Story/D_S0202_02_02_019,咦，不行啦。
Story/D_S0202_02_02_020,就在旁边而已，我们走不丢的。
Story/D_S0202_02_02_021,那也不行。
Story/D_S0202_02_02_022,方才芳姊姊尽盯摊上一根簪子瞧，我想去买了送她，谢她平日照拂。
Story/D_S0202_02_02_023,原来是这样……。
Story/D_S0202_02_02_024,你真好。
Story/T_S0202_02_02_002,二来不得卖点人情，盼她扎我针时，能够温柔一点。
Story/D_S0202_02_02_025,刚说不要乱跑，立马就乱跑。\n二师兄还真不是杞人忧天，我得去盯着。
Story/D_S0202_02_02_026,承惠十文，谢谢女客官～
Story/D_S0202_02_02_027,冰糖葫芦回──
Story/D_S0202_02_02_028,咦？
Story/D_S0202_02_02_029,{size=50}人呢！！{/size}
Story/D_S0202_02_02_030,闭嘴！你也是当代女弟子中有点资历的人了，当街大呼小叫，成何体统！
Story/D_S0202_02_02_031,小、小楼师姑，久疏问候，师侄女唐芳，给您请安。
Story/D_S0202_02_02_032,看，你要找的人在那儿，还有个丑八怪暗中照应，不必惊慌。
Story/D_S0202_02_02_033,还真是……。
Story/D_S0202_02_02_034,这样我就放心了，多谢师姑。
Story/D_S0202_02_02_035,世上也有不像的姊妹，你姊姊处世就比你镇定得多。\n要是她还在，我怎么也得说她两句。
Story/D_S0202_02_02_036,家姊……我是说，小师姑她自然不能与我相比。
Story/D_S0202_02_02_037,作姊姊的是我师妹，作妹妹的却是晚辈。\n我那掌门师弟真是越来越不象话，搞的什么玩意。
Story/D_S0202_02_02_038,这也怪不得掌门，我入门太晚，没师父传道授业。\n如今功课也都是二师兄开的。
Story/D_S0202_02_02_039,好了，那都无所谓，师姑我来问你话。
Story/D_S0202_02_02_040,是，师侄女必知无不答。
Story/D_S0202_02_03_001,听说点苍派叶家兄妹如今托庇在唐门，\n那边那个顽皮丫头，便是叶云裳了？
Story/D_S0202_02_03_002,是。
Story/D_S0202_02_03_003,模样挺俏，算是难得的美人胚子。\n再几年褪了稚气，想必出落得挺美。
Story/D_S0202_02_03_004,师姑说的很是。
Story/D_S0202_02_03_005,没用的废话，我不同你说。\n这小丫头到唐门治病，是由铮儿主治，你来施针，对吧？
Story/D_S0202_02_03_006,是，我虽学艺不精，但二师兄为避男女之嫌，只能由我代劳。
Story/D_S0202_02_03_007,那宝藏地图的传闻，到底是真是假？
Story/D_S0202_02_03_008,关于宝藏传闻，叶少侠经已辟谣，纯属于谣言罢了。\n叶姑娘肤若凝脂，莫说纹身，一点瑕疵都没有，哪有什么地图呢。
Story/D_S0202_02_03_009,该不会有什么药水，能将纹身洗去吧？\n跟无字书一样，必须火烤、水浸，地图和字迹才会浮现。
Story/D_S0202_02_03_010,她若医不好，死了也省事，正好将皮剥了慢慢研究。
Story/D_S0202_02_03_011,师姑！便是唐门点苍昔日有仇，又与叶姑娘何干？\n她一派天真烂漫，甚至不懂武功，你怎么能说出这么邪恶残忍的话！
Story/D_S0202_02_03_012,放屁！那可是点苍派！是大理蛮夷！\n点苍绿衣龟不知杀我唐门多少有为青壮，此恨不共戴天！\n管她清不清白，入了点苍派的山门，就活该去死！
Story/D_S0202_02_03_013,不只她，未来所有点苍派的徒子徒孙，也全都应该死尽灭绝！\n身为唐门弟子应该爱家，谁准你长的脑子去明辨是非！\n自作聪明、心术不正！
Story/T_S0202_02_03_001,心术不正的居然是我吗？
Story/D_S0202_02_03_014,你记住：但凡是唐门的子弟，最坏你也得当他自己亲手足；\n反之点苍派出身的，再好的也不能当她是人，要当畜生！见了只管打杀！
Story/D_S0202_02_03_015,怎、怎么能这样呢……那也太不讲理了。
Story/D_S0202_02_03_016,别说师姑我蛮横不留情，那叶家兄妹若弃暗投明，舍了那一身刺眼的绿衣，\n献出宝藏改投唐门，那还能够破例网开一面。
Story/D_S0202_02_03_017,恕师侄女不敢苟同，按我理解，本门宗旨一定不是这样的！
Story/D_S0202_02_03_018,理解个屁，没大没小的贱胚！你是师长还我是师长？\n区区小辈，还教训起我来了？教我做事来了？反了是吧！
Story/D_S0202_02_03_019,师侄女不敢。
Story/D_S0202_02_03_020,哼……谅你不敢。
Story/D_S0202_02_03_021,就算果真没有宝藏，这妞儿模样也是不坏，嫁我干儿子也还凑合。\n我再给她立几条规矩，好好调教也就是了。
Story/T_S0202_02_03_002,那比死了还要屈辱！
Story/D_S0202_02_03_022,你既然这么不受教，同你废话也没什么意思，\n我回头再找掌门师弟说去，话就说到这，你好自为之。
Story/D_S0202_02_03_023,恭送师姑，师姑慢走。
Story/D_S0202_02_03_024,唉……如今唐门虽然没有师长能够倚仗，但也乐得清静。\n要是师姑没有嫁出去，每天唠叨，就该换我待不住了。
Story/T_S0202_02_03_003,云裳妹子也真命苦，清清白白的人，还是忠良之后，\n平白给那些缺德家伙造谣，沦为众矢之的。\n若非她兄长护着，又有掌门收留，只怕早已误了终生。
Story/D_S0202_02_03_025,芳姊姊～我的冰糖葫芦呢？
Story/D_S0202_02_03_026,你们乱跑，不给你了！
Story/D_S0202_02_03_027,我不……我呃……呃……。
Story/D_S0202_02_03_028,哦～是吗？你确定吗？\n你难道就不怕下回针灸的时候，我卯起来闹腾，\n一个打挺腾到天花板上去吗？
Story/D_S0202_02_03_029,饶了我吧。
Story/D_S0202_02_03_030,知道怕了就好。
Story/N_S0202_02_03_001,三人说说笑笑，走走逛逛，直到天色将晚，才携手回家。
Story/D_S0202_02_03_031,总算要回家了，这下我可以交差了吧。
Story/D_S0202_02_03_032,肥水不落外人田，那上官世家最是贪财、贪污，否则岂能发家。\n你当她有这么好心，大老远来拍这叶小丫头的马屁？\n还不警觉一点，早早的把东西弄到手里！
Story/D_S0202_02_03_033,旁的也就算了，这话我可不能充耳不闻。
Story/D_S0202_02_03_034,上官娘子，你、你莫不是都听见了吧？
Story/D_S0202_02_03_035,那几声咆哮，街尾都听得见，我又不是聋的。
Story/D_S0202_02_03_036,这……这……。
Story/D_S0202_02_03_037,行了，你先到后边去，替我看着两个小妹子。
Story/D_S0202_02_03_038,你想怎么样？知不知道我是谁？
Story/D_S0202_02_03_039,我怎会不知？你干儿子还欠我一屁股债。
Story/D_S0202_02_03_040,你这无良的奸商，故意诱骗我乖儿子借钱！\n你是蓄意的，你会不得好死！
Story/D_S0202_02_03_041,白纸黑字写的借据，除非你当强盗抢去撕了，否则就得认账。\n你只管撒泼，不妨再躺地上打滚两下。
Story/D_S0202_02_03_042,待我上门讨债时，差人打断你干儿子宝贝骨头。\n届时你要状告衙门还是唐掌门，悉听尊便！
Story/D_S0202_02_03_043,你别乱来！别动我干儿子！
Story/D_S0202_02_03_044,你是眉山镇洗面汤贩张某人的妻子。\n出身唐门，如今嫁了，谁也不是。
Story/D_S0202_02_03_045,你知道我？
Story/D_S0202_02_03_046,我怎么谁也不是了？\n我从前是唐门女弟子，跟掌门同一辈的，你说说你该喊我叫什么吧！
Story/D_S0202_02_03_047,若非念你出身唐门，凭你方才出言诋毁家父，我就能报当地官府拿你。\n如今我耐得住性子才喊你一声大娘，你最好别不识好歹。
Story/D_S0202_02_03_048,你……你……。
Story/T_S0202_02_03_004,萤姊姊好剽悍。
Story/T_S0202_02_03_005,师姑的气势彻底被压住了。
Story/D_S0202_02_03_049,你这么凶巴巴的对待老妇人，是干什么？\n官府的千金，欺压良民吗？又当官又做商人，那不是图利自己吗。\n换言之就是贪污，我哪里说错了？
Story/D_S0202_02_03_050,你敢打我！你……你竟敢在唐门地界打我！
Story/D_S0202_02_03_051,念你无知，我只说这一次，仔细听好。\n家父乃是朝廷命官，并非商人。\n族中产业商贸，由我上官萤掌管，皆与上官大人无涉。
Story/D_S0202_02_03_052,他做老子的当官，你当女儿的作奸商，还不是一样！
Story/D_S0202_02_03_053,试问大宋刑统，哪一条哪一例，规定官员子女不能从商？\n你方才所言有诈伪之嫌，是想跟我击鼓对簿公堂吗？
Story/D_S0202_02_03_054,没、没有，我就随便说说……。
Story/D_S0202_02_03_055,你再敢造谣毁谤官员，我便拿你见官，绝不宽贷。\n你不信大可试试，看我敢不敢整治你。
Story/D_S0202_02_03_056,不说了，不说行了吧。\n真是的，当官的女儿就是不一样，讲出口的话，比掌风还要凌厉。
Story/D_S0202_02_03_057,慢着。
Story/D_S0202_02_03_058,你还想怎样？\n你别咄咄逼人，逼急了我，彼此都没好下场！
Story/D_S0202_02_03_059,奉劝你一句：你便是信了那个宝藏的传闻，也该留点口德。\n造谣的人同时亦造口业，品格低贱，害人匪浅。\n至于道听途说、以讹传讹的，也属同罪。
Story/D_S0202_02_03_060,我就爱说，你怎么着？\n总不能说说闲话也犯法，要你管这么多。\n谁不想发财呢？你也甭装好人，一个好人能做商人吗？
Story/D_S0202_02_03_061,即便真有宝藏，那也是老百姓献供给岳王爷抗金的义财。\n义财应当义用，用以匡扶宋室。\n我一介商人可没那种远大志向，更没那脸皮私吞。
Story/D_S0202_02_03_062,{size=24}说得好听，谁知你肚里藏什么坏水。{/size}\n{size=24}难道你还能真把别家小娘子当作亲妹看待。{/size}
Story/D_S0202_02_03_063,我何尝不想？为何不能？\n云裳、默铃生得娇俏可人，我见了禁不住的喜欢，\n想与她们亲近、想宠她们，却与你何干。
Story/D_S0202_02_03_064,我不跟你斗嘴，跟你是讲不通了，我不跟你讲。
Story/D_S0202_02_03_065,你以己度人，心中既有成见，我料你也不信。\n反正这话也不是说给你听的。
Story/D_S0202_02_03_066,那就该是说给我听的了？
Story/D_S0202_02_03_067,……我该怎么说，你才肯信呢？
Story/D_S0202_02_03_068,不论你怎么说，都是空口白话。
Story/D_S0202_02_03_069,我想也是，唉，谁会信呢？
Story/D_S0202_02_03_070,？
Story/D_S0202_02_03_071,我信啊。
Story/D_S0202_02_03_072,是、是吗！
Story/D_S0202_02_03_073,空口无凭，你必须用行动证明，快宠我们！
Story/D_S0202_02_03_074,好！好！我恨不得与你们亲近，只怕吓到你们，一直强装镇定罢了。
Story/D_S0202_02_03_075,我们很可爱，我们自己知道啊。\n这种事何必忍呢，你可以坦率一点的嘛～真是的，大人就是这么多心眼。
Story/D_S0202_02_03_076,既然你都这么说了，那我也不用再装什么正人君子了。
Story/D_S0202_02_03_077,其实姊姊我呢，最喜欢小巧精致的事物。\n是以一见你俩的面，就喜欢的不得了，想要据为己有。
Story/D_S0202_02_03_078,呃。
Story/D_S0202_02_03_079,咦？
Story/D_S0202_02_03_080,乖乖不得了，究竟是怎样的造化，\n能生得比磨喝乐、瓷娃娃还要白腻可爱？\n快过来，让姊姊我抱抱揉揉研究一下！
Story/D_S0202_02_03_081,别挣扎，小宝贝儿！让我抱一会儿！闭眼数到十就好！\n我给你们零花钱！一息十文怎么样！
Story/T_S0202_02_03_006,咕啊！这不是钱的问题，我快没气啦！
Story/T_S0202_02_03_007,师兄，救我啊！！！
Story/T_S0202_02_03_008,倒也并非不能体会上官娘子的感受。\n我还小的时候，小师姑……我亲姊姊也是把我翻来覆去的宠。
Story/T_S0202_02_03_009,上官娘子那眼神，简直跟我姊姊当年如出一辙……同样的危险。\n想来并非矫情，难怪云裳跟小师妹亲近我，她会吃醋，这下真相大白了。
Story/D_S0202_02_03_082,耽搁了这么久，我得快点去外堡才行，回头山上见了。
Story/D_S0202_02_03_083,哦，好，你慢走。
Story/D_S0202_02_03_084,呼……呼……。
Story/D_S0202_02_03_085,不……不行，我搞错了。\n萤姊姊想要的不是什么藏宝图，她想要的是我们的命啊！
Story/D_S0202_02_03_086,哎唷！你看看我，压抑太久，一时情不自禁，下回我会轻点。
Story/D_S0202_02_03_087,你还想有下次？
Story/D_S0202_02_03_088,想，价钱好商量。
Story/D_S0202_02_03_089,啊！芳姊姊，别走，帮我们报官！
Story/D_S0202_02_03_090,报官也没用哦，咈咈，衙门都是我的人，听过官官相护吗？\n快死心吧，好似你们这样的小可爱，生来就是要被我蹂躏摧残的！
Story/D_S0202_02_03_091,哦～这里还有一尾落网之鱼！给我过来！
Story/D_S0202_02_03_092,好吃的……冰糖葫芦串，一串六文钱……。\n好心的大爷大妈小祖宗们，快来买啊。
Story/O_S0202_02_03_001,惨淡
Story/N_S0202_02_03_002,冰糖葫芦好吃，可惜卖的人卖相不好，影响食欲。\n又比平常还贵一文，压根卖不出去。
Story/N_S0202_02_03_003,最后你为了交差，只得自掏腰包买了，将冰糖葫芦赠人分食，落寞回家。
Story/O_S0202_02_03_002,过得去
Story/N_S0202_02_03_004,你打振起精神，向人兜售冰糖葫芦。\n村人大多识得你，只道你在唐门终于混不下去，外出做生意讨生活，\n不禁心生恻隐，都解囊光顾你生意。
Story/O_S0202_02_03_003,大获好评
Story/N_S0202_02_03_005,你凭着三寸不烂之舌，把寻常冰糖葫芦说成唐门特别药膳，\n村人信以为真，趋之若鹜，纷纷掏钱抢购。\n不只口角，甚至爆发激烈冲突，最终闹到官府来人才得以收场。
Story/D_2_4_2_094,慢着！
Story/D_2_4_2_095,怎么？我有带钱啊。
Story/D_2_4_2_096,你来处理。
Story/D_2_4_2_097,看到门口张贴那张画像没有？\n没看到我这儿有，「此人与狗不得进入」，看到了吧？
Story/D_2_4_2_098,这是我？
Story/D_2_4_2_099,怎么不是？维妙维肖好不！
Story/D_2_4_2_100,岂有此理，我哪里对不住你们，为何无端名列黑名单了？
Story/D_2_4_2_101,客官您是啥也没做，问题是你妹做了。\n她说你兄妹同心，但举她犯的事，罪孽全都分你一半。\n连这画像也是她亲笔画的。
Story/D_2_4_2_102,我妹？我自小离家，和家人十年不曾见面，早已断了联系。\n却是哪里来的妹妹……。
Story/T_2_4_2_010,啊！
Story/D_2_4_2_103,看来你有头绪了是啊。
Story/D_2_4_2_104,她、她都做了些啥？
Story/D_2_4_2_105,做了很多，好事一件没有。
Story/D_2_4_2_106,我那小妹子最爱乱开玩笑，多半无伤大雅，老兄请多担待，别跟她计较。
Story/D_2_4_2_107,开玩笑？你若一定想知道，我便举一件最过份的例，说与你品评。\n那姑娘给我们窗纸上戳洞，又往房里放吹香，住店的客人惊觉，\n只当是迷烟，疑心我们谋财，险些没闹到官府去！你自己说过不过份吧。
Story/O_2_4_2_007,嘴硬强词夺理
Story/D_2_4_2_108,戳洞是怕不透风，客人气闷啊。\n我妹子貌美如花，呵的气也是香的，哪有什么好嫌的？\n再说那客人不敢报官，说不定是他自己做贼心虚呢。
Story/D_2_4_2_109,无耻！无耻！说这什么屁话？\n你兄妹相貌半分不似，无耻劲却一模一样！\n滚你妈的！恕不招待！
Story/O_2_4_2_008,是挺过份的
Story/D_2_4_2_110,还、还真挺过份的……。
Story/D_2_4_2_111,我真无话可说，万幸事情没有闹大，对不住了。
Story/D_2_4_2_112,总算你老兄还有点良心，没有睁眼说瞎话。\n这便请吧，小店恕不招待了。
Story/T_2_4_2_011,云裳真偏心，怎么好事都没想到我，坏事就全赖我？唉。
Story/O_2_4_2_009,这个才不是我，是晁和！
Story/O_2_4_2_010,解锁条件：？？？
Story/D_2_4_2_113,这、这个才不是我，是晁和那个王八蛋！
Story/T_2_4_2_012,晁和那家伙老是冒充我，礼尚往来，这回换我嫁祸给他！
Story/D_2_4_2_114,你少来这套，那晁和与你赵活乃是不同类型的丑，哪有熟人会认错？
Story/D_2_4_2_115,当场就被看破了。
Story/D_2_4_2_116,那人渣屡次到小店吃喝赊账，欠了十多两银子，\n我们掌柜简直恨他恨得入骨，化成灰洒进黄河都能认得出来。
Story/D_2_4_2_117,这……这样啊。
Story/D_2_4_2_118,你至多是给我们请出店去。\n那晁和再敢来，不是打断腿脚扔街上，便是报官请他吃牢饭。
Story/D_2_4_2_119,老哥英明。\n话说到这份上，我走便是。
Story/D_2_4_2_120,去去去，你到别处问问去。
Story/D_2_4_2_121,眉山镇就这么大，我挨个问遍，没其他客栈了啊。
Story/D_2_4_2_122,关我屁事噢。
Story/D_2_4_2_123,唉……一来一去天都要黑了，还没地方落脚。\n没法子，看来只能将就破庙了。
Story/D_2_4_2_124,都怪云裳那个害人精啦！
Story/D_2_4_2_125,谁让云裳喊我作哥哥呢。
Story/D_2_4_2_1_001,看来已经有段时间没人来过，屋顶砖瓦没一片完好，\n穿了好几个洞，地上积灰也厚。
Story/D_2_4_2_1_002,……喂～丐帮的老哥们！有人在吗？\n你们丐帮弟子，行乞难道都是倾巢而出？都没一些老弱病残留守？
Story/D_2_4_2_1_003,真不对劲，我还道至少会留几个人才对。\n还真就一点痕迹也不剩，好像大义分舵搬家了似的。
Story/D_2_4_2_1_004,连樊兄弟的狗子都没看见半条。
Story/D_2_4_2_1_005,没看见也好，不然说不定要咬我。
Story/D_2_4_2_1_006,……想到破庙，就想到湘姐，也不知她此刻在做甚。\n可能是在那处行侠仗义，千万别再上别人的当才好。
Story/D_2_4_2_1_007,唉，开始怀念起唐家大院的通铺了。
Story/O_2_4_2_Break_01_001,休息
Story/D_2_4_2_Break_01_001,想好下一步往哪之前，只得先在这处落脚。\n虽然与露宿相去不远……好歹有墙，只要不下雨，还能将就。
Story/D_2_4_2_Break_01_002,往好处想，起码不用花钱，破庙无主，也不必担心被赶走。
Story/D_2_4_2_Break_01_003,清扫一下环境，再拾些干草来做床铺吧。
Story/D_2_4_2_Break_01_004,乱还不打紧，就怕脏。\n住着就算不病，全身也不对劲。
Story/D_2_4_2_Break_01_005,何况呢，这处就算断了香火，好歹也是间庙。\n我寄人篱下，清扫一番，也算礼敬神佛。
Story/N_2_4_2_Break_01_001,你出庙拾了一些干草，扎成束将地上灰尘扫了，\n又捡到一个盆，去溪边打水冲洗地板，等地干的时候，\n就脱了衣杉在溪边捉鱼虾。
Story/N_2_4_2_Break_01_002,这一天起，唐门最后一个外姓弟子消失了。\n与此同时，世上又多了一个无家可归的流浪汉。
Story/N_2_4_2_Break_01_003,你心烦意乱，五味杂陈，就是无事一身轻，也说不出的苦闷。\n索性倒头便睡，明日愁来明日愁。
Story/O_2_4_2_Break_01_002,丐帮大义分舵
Story/D_2_4_2_Break_01_006,还想着能来叨扰几天……说不定我就顺势加入丐帮了。\n结果一声不吭居然全都不见了。
Story/D_2_4_2_Break_01_007,总不能是知道我要来，故意躲着我吧？
Story/D_2_4_2_Break_01_008,就算是要搬家，怎么也不和我们说一声，\n好歹是一块吃过饭的邻居交情，未免见外了。
Story/O_2_4_2_Break_01_003,怨恨
Story/D_2_4_2_Break_01_009,可恶……掌门到底为何如此偏心。\n我熬了这么多年，始终不得入室，眼看着别人一个一个转正，\n只有我始终都是外姓弟子，这公平吗？
Story/D_2_4_2_Break_01_010,我还道掌门是天下第一直性情的真英雄、真豪杰，\n结果到头还是这偏心，那为何不直接了当将我扫地出门？\n平白要我在唐门当牛做马，供他们唐家人驱策这么多年！
Story/D_2_4_2_Break_01_011,妈的！掌门那糟老……老匹……老人家到底为何如此偏心。\n我赵活到底哪里不妥，任劳任怨熬了这么多年，竟没一个师长看得上我。
Story/D_2_4_2_Break_01_012,眼看新来的、比我坏、甚至比我蠢上十倍的废物都一个一个转正，\n只有我始终都是外姓弟子，这公平吗？\n枉我拼命巴结、花钱拜托师兄打点都丁点屁用。
Story/D_2_4_2_Break_01_013,我还道掌门是天下第一直性情的真英雄、真豪杰，\n结果到头还是这么偏心，那为何不直接了当将我扫地出门？\n平白要我在唐门当牛做马，供他们唐家人驱策这么多年！
Story/D_2_4_2_Break_01_014,妈的，不干了，妈巴羔子老子不干了！唐门有啥好稀罕！\n是我决定离开唐门的，可不是被赶出来！
Story/D_2_4_2_Break_01_015,……。
Story/D_2_4_2_Break_01_016,唉……我这么多牢骚，发给谁听呢？\n像我这样的人啊，就算喊得声嘶力竭，也没人理会的。
Story/O_2_4_2_Break_01_004,将来的事
Story/D_2_4_2_Break_01_017,唉，虽然憋屈，没钱也只好凑合了。
Story/D_2_4_2_Break_01_018,这一两日裤腰带收紧点，还能挨着过，再之后有得烦恼了。
Story/D_2_4_2_Break_01_019,……我其实也没穷成怎样，但是钱还是省着点花吧。
Story/D_2_4_2_Break_01_020,我终于离开了唐门。\n说到底，我为何宁可屈居于此，也不愿离开？
Story/D_2_4_2_Break_01_021,我老是拿小师妹当借口，说是受了师娘的嘱托。\n然而小师妹早就长大、不需要我照顾了。
Story/D_2_4_2_Break_01_022,别人问我，我老是拿小师妹当借口。
Story/D_2_4_2_Break_01_023,……将来我要去哪呢？
Story/D_2_4_2_Break_01_024,回到家乡的话，我能干什么呢？大概是种田种菜吧。\n至少自己吃自己，不至于随便饿死，说不定日子还能比在唐门当下人滋润。\n不过那也要家里人还愿意接纳我才行。
Story/D_2_4_2_Break_01_025,……想都不敢想。
Story/D_2_4_2_Break_01_026,干脆落草为寇吧，我多少会点功夫，无论各个山寨应该都乐意收容。
Story/D_2_4_2_Break_01_027,不过那得找些远的外地山寨，有大师兄在，连山贼都不好当。
Story/D_2_4_2_Break_01_028,当个独行大盗，倒也不错。\n想干啥坏事，就干啥坏事，反正我都无家可归了，谁来管我？\n要是有人管我、教我，我又何至于沦落于此。
Story/D_2_4_2_Break_01_029,到时我到处作案，跑给宋大人追。\n我当好人当不成，起码当坏人要恶名昭彰。
Story/D_2_4_2_Break_01_030,或者我干脆去投靠饿鬼道，当个叱咤海上的海盗好了。
Story/D_2_4_2_Break_01_031,到时萤姑娘落到我手里，嘿嘿。\n看她还敢如何刁蛮。
Story/D_2_4_2_Break_01_032,六大派中，青城、峨嵋都近，就不知肯不肯收我。
Story/D_2_4_2_Break_01_033,有叶家兄妹那桩粱子，点苍是一定不肯收我入派的。
Story/D_2_4_2_Break_01_034,点苍……远在大理，用走的起码要一个月。\n而且听说入门必须考核，条件极为严苛，我看还是算了吧。
Story/D_2_4_2_Break_01_035,听说崆峒派较不排外，只要有一技之长，就算武艺低微也不至饿死。
Story/D_2_4_2_Break_01_036,不过江湖传闻，崆峒掌派人大选将近，崆峒四门内斗得很厉害。\n我这去投靠，岂不是赶死吗？
Story/D_2_4_2_Break_01_037,再来的话……全真派各处都有道观，徒子徒孙遍布天下，\n可是入门容易学成难，江湖人都说全真派十有九个不济事。\n我去了又如何会受重视呢？
Story/D_2_4_2_Break_01_038,索性我就剃光头发，皈依嵩山派当和尚算了。\n可笑我不是勘破红尘，是被生计逼得剃度出家。
Story/D_2_4_2_Break_01_039,……还有什么门派肯要我呢。\n我资质、根骨都平平无奇，虚度那么久的光阴，\n就算侥幸拜师，也来不及练了吧。
Story/D_2_4_2_Break_01_040,其实我有自知之明，想当大侠，不过是痴人说梦而已。\n我天生就输人一截，输了好大一截，沟壑之大，投胎都未必能填。
Story/D_2_4_2_Break_01_041,……我死皮赖脸想当入室弟子，只是不死心、不服输而已啊。\n总想着『迟早有一天我会让你们都知道我的厉害』！
Story/D_2_4_2_Break_01_042,可是啊……像我这种人，连梦想都不配有。
Story/D_2_4_6_1_001,运气好，今日捕到一尾大草鱼，有口福了！
Story/D_2_4_6_1_002,要是小师妹人在这儿，一定馋得直流口水。\n这回我可要一人独享了。
Story/D_2_4_6_1_003,……。
Story/D_2_4_6_1_004,……。
Story/D_2_4_6_1_005,唉……我究竟在做什么啊。\n日复一日在这里虚度，怎是长远之计。\n该早做打算才是，下定决心离了眉山，今后便不再回来。
Story/T_2_4_6_1_001,像这样的觉悟，我三天两头就有一次。\n我还在等什么呢？
Story/T_2_4_6_1_002,奇迹是不会降临在我这种人身上的啊。
Story/D_2_4_6_1_006,……喂。
Story/D_2_4_6_1_007,你是点苍派的人？
Story/D_2_4_6_1_008,你听着：『山林墨骨书香，花街锦衣铜臭』。
Story/D_2_4_6_1_009,什么？
Story/D_2_4_6_1_010,受死！
Story/D_2_4_6_1_1_001,哇！
Story/D_2_4_6_1_1_002,蛇跑了。
Story/D_2_4_6_1_1_003,多谢蛇兄救命之恩！
Story/D_2_4_6_1_1_004,哇！
Story/D_2_4_6_1_1_005,哪来的蛇？
Story/D_2_4_6_1_1_006,这点苍派的突然冒出来跟我拼命，幸好有蛇来搅局。
Story/D_2_4_6_1_1_007,这家伙装模作样的，出场先吟诗，比较有气势吗？
Story/D_2_4_6_1_1_008,这人武功还过得去，用的却不像是点苍派的剑法。\n我虽然非点苍门人，不过曾听三师兄剖析点苍派剑法，\n这人的招数虽然对、招意却似是而非。
Story/D_2_4_6_1_1_009,这……这是怎么回事？地上这人……死了？
Story/O_2_4_6_1_1_001,「山林墨骨书香，花街锦衣铜臭！」
Story/O_2_4_6_1_1_002,「啊，唔，呃，那个……」
Story/D_2_4_6_1_1_010,山林墨骨书香，花街锦衣铜臭？
Story/D_2_4_6_1_1_011,啊，唔，呃，那个……
Story/D_2_4_6_1_1_012,──各位兄弟，来呀！把这厮嘴给堵上！
Story/D_2_4_6_1_1_013,无冤无仇的，你们要做甚！你们要做甚呀！
Story/N_2_4_6_1_1_001,你奋力抵抗，刚突围出庙，外面三五成群准备接应的人旋即又围笼过来，\n你一拳、我一脚，将你围殴致死。
Story/N_2_4_6_1_1_002,乡人见状，忙去报官，官兵到场，见这伙人全是武林人士，\n众口一词说你奸淫掳掠，他们杀你乃是替天行道。\n官兵们见你相貌丑陋，登时就取信这群大侠的说法。
Story/D_2_4_6_2_001,山、山林墨骨书香，花街锦衣铜臭！
Story/D_2_4_6_2_002,站住，『山林墨骨书香，花街锦衣铜臭』！
Story/D_2_4_6_2_003,什么嘛，原来是自己人。\n『雅俗共此星月，只恨余年不够』。\n收兵刃吧，兄弟。
Story/D_2_4_6_2_004,……。
Story/D_2_4_6_2_005,这点苍服饰的家伙可是对不出切口，给你宰了？
Story/D_2_4_6_2_006,正、正是，这家伙可疑得很吶。
Story/D_2_4_6_2_007,嗯，杀得好。咱们这回要干大事，可千万马虎不得。\n点苍唐门素来不对盘，他说不定是正牌点苍弟子，来寻仇还是啥的，\n好死不死正好撞见在咱们手里，算他倒霉。
Story/T_2_4_6_2_001,正牌？敢情还有假的？\n看来不是什么好东西，我姑且顺着他的话应付，打听他的用意。
Story/T_2_4_6_2_002,若是想要作奸犯科，可不能放任不管。
Story/T_2_4_6_2_003,到时要挟他，来个黑吃黑，从中捞点好处，岂不甚美。
Story/D_2_4_6_2_008,哦，你这一身青衣，还真大胆，竟是唐门衣色。\n妙啊妙，老兄这是要扮唐门叛徒？
Story/D_2_4_6_2_009,这……。
Story/D_2_4_6_2_010,不是你这一身破烂，未免太过刻意造作。\n你想，唐门资深弟子，那能不识门中老人？你再看看我。
Story/D_2_4_6_2_011,看看，我这一身全真道袍，像了个十足十吧？\n全真桃李满天下，道观到处都有，收徒也不考核家世，\n我随便乱报姓名，使几文香火钱就拿到道袍，连秘笈都有。
Story/D_2_4_6_2_012,老兄说得是，我怎么就没想到呢？
Story/T_2_4_6_2_004,人怎么一下来这么多？
Story/T_2_4_6_2_005,这下不好，连出口都被堵住了。
Story/D_2_4_6_2_013,『山林墨骨书香，花街锦衣铜臭』！
Story/D_2_4_6_2_014,『雅俗共此星月，只恨余年不够』。
Story/D_2_4_6_2_015,自己人，自己人。
Story/D_2_4_6_2_016,这些跟我一道来的，都对过切口了。
Story/D_2_4_6_2_017,我后边这位兄弟也同我对过了。\n地上那具死尸，却是个误打误撞闯进来找死的，给这位兄弟了结了。
Story/D_2_4_6_2_018,{size=24}哎，你看。{/size}
Story/D_2_4_6_2_019,{size=24}看到了。{/size}\n{size=24}这人的通缉令贴得满城都是，不知什么来头。{/size}
Story/D_2_4_6_2_020,{size=24}旁的不说，这厮胆子是真不小，{/size}\n{size=24}什么人不好冒充，却在唐门地界扮唐门弟子！好个狠人！洒家先服他三分！{/size}
Story/D_2_4_6_2_021,唐门与点苍派素有嫌隙，他孤身来到蜀中，八成是找唐门晦气。
Story/D_2_4_6_2_022,我趁他搞不清楚状况，一刀了结他的性命，刚好嫁祸给唐门。
Story/T_2_4_6_2_006,掌门原谅我！我撒谎也是为了求生自保！
Story/T_2_4_6_2_007,虽说是为了求生不得已撒谎，但也是唐门对我不仁在先！
Story/D_2_4_6_2_023,妙啊，算这点苍派的倒霉。\n又不是乞丐，什么地方不好去，偏往破庙里钻。
Story/D_2_4_6_2_024,不过兄弟你这手就有点不地道了。\n大伙儿远道而来，跟东家都还没讲好价钱，你就先卖乖。\n这不是要抢生意，砸大家饭碗吗？
Story/D_2_4_6_2_025,那有什么？便说是大家一起干的，不就得了？
Story/D_2_4_6_2_026,这位小老弟长得难看，做事却挺漂亮，洒家喜欢。
Story/N_2_4_6_2_001,你能说会道，几句话套出了消息，更让这些人都对你添了几分好感。
Story/D_2_4_6_2_027,就是这样。
Story/D_2_4_6_2_028,这事万一走漏风声，大家都得倒霉，杀了就好。
Story/T_2_4_6_2_008,这些人并非善类，万一我被看破身份，那就大事不妙！
Story/D_2_4_6_2_029,恕小弟眼拙，不识得几位大哥，不知都在哪处发财呀？
Story/T_2_4_6_2_009,原来这些人都是不同来路，这种绿林人物，按说都是河水不犯井水，\n如今聚集在一块儿，恐怕是打算干一票大的。
Story/D_2_4_6_2_030,你打听这个做甚？既然素昧平生，就别特地去坏规矩。\n咱们拿钱替人办事，彼此互不相识，\n就算失风被捉了，也出卖不了彼此，岂不甚好？
Story/D_2_4_6_2_031,说得也是，是小弟我问得唐突，便当我没开口罢。
Story/D_2_4_6_2_032,不过，难得六路头领都如约齐聚在此，互相打过照面，\n也对过了切口，不妨就开诚布公，把话摊开来谈谈吧。
Story/D_2_4_6_2_033,东家都还没来，有什么好谈的？
Story/D_2_4_6_2_034,比方说，谈钱如何？
Story/D_2_4_6_2_035,那自然是几路人马分几份。
Story/D_2_4_6_2_036,平分？那怎么行。\n我带了二十多号人来，哪里够分？\n大家带的人马有多有少，任务不同，平分怎能服众？应该按人头分。
Story/D_2_4_6_2_037,哎～这话有点道理。
Story/D_2_4_6_2_038,放屁，有个屁道理，洒家不服！\n就算洒家点头，兄弟们也不干！
Story/D_2_4_6_2_039,大和尚说得对！我挺你！
Story/D_2_4_6_2_040,那边的那位兄弟，你怎么说？\n那些个凑数的，按人头分你的钱，你服也不服气？
Story/T_2_4_6_2_010,怎么问我？我难道还能与你们分赃。
Story/D_2_4_6_2_041,就算你肯答应，洒家也不吃这一套。\n这群人非要仗着人多，大不了，俺他妈不干了！\n你们自去方圆寨子问问，谁来填这窟隆罢！
Story/D_2_4_6_2_042,那么穿唐门衣色的丑兄，你怎么说？\n你说我们该按人分，还是不管三七二十一，一家拿一份？
Story/T_2_4_6_2_011,怎么问我？我难道还能与你们分赃。
Story/D_2_4_6_2_043,你们三人莫不是串通一气，以多欺少，要逼人就范？\n洒家可不吃这一套，你非要仗着人多，大不了，俺他妈不干了！\n你自去方圆寨子问问，谁来填这窟隆罢！
Story/D_2_4_6_2_044,哎～别别别，大师父，和气生财，火气恁大做甚？
Story/D_2_4_6_2_045,撒手！
Story/D_2_4_6_2_046,干这买卖，谁不是豁出性命？\n咱们人少归少，干的活也没比较轻松。事情败露，通通死路一条。\n你有本事大可自己单干，兄弟我就不奉陪了！
Story/D_2_4_6_2_047,二位老哥不必动怒。二位误会小弟的意思了。\n大家都是拿钱办事的，可别生意没谈成，先结了仇怨。
Story/D_2_4_6_2_048,反正按人头分，俺头一个反对！
Story/D_2_4_6_2_049,谁说要按人头分的？咱们不按人头分，息怒，息怒。
Story/D_2_4_6_2_050,妈的，你个见风转舵的王八蛋。\n方才还说我有道理，这两个大老粗一发火，马上就换边站了，呸。
Story/D_2_4_6_2_051,老兄，你别着急呀。\n大家拿钱办事不假，可是有钱赚也得有命花，不是吗？
Story/D_2_4_6_2_052,哼！
Story/D_2_4_6_2_053,各位听我一言，这回东家花钱，让我们为难的对头，可不好打发。\n否则怎要劳烦各处的寨主、帮主、洞主们？
Story/D_2_4_6_2_054,咱们河水不犯井水，齐聚一堂要对付的，那是谁？\n那是天下绿林好汉共同的恶梦！油盐不进，软硬不吃，\n天下第一暗器大家──蜀中唐门是也！
Story/T_2_4_6_2_012,{size=50}什么？！{/size}
Story/T_2_4_6_2_013,这些人要对付的竟是唐门？
Story/D_2_4_6_2_055,冒充六大派事小，就算是落在魔教手里，好歹也能求个好死，\n可激怒唐门，那是连牢都没得坐！想见阎王都得等他辣手相公心软。
Story/D_2_4_6_2_056,若不是艺高人胆大，谁敢太岁头上动土，接这桩生意？
Story/D_2_4_6_2_057,那是实话。\n我叔从前给捕快拿住，押解进京，扔天牢里，就等秋后问斩了，\n那唐门疯子竟迫不及待，不惜开罪朝廷也要潜入天牢杀人，实在够狂。
Story/D_2_4_6_2_058,照呀！要我说啊，这事儿少了哪路人马都不行！\n犯不着为了分多分少，拿小命开玩笑。老哥你瞅瞅，是不是这个理？
Story/D_2_4_6_2_059,……那倒说的也是。
Story/D_2_4_6_2_060,就算不挣这笔钱，也争一口气。\n那狗崽子唐布衣与我还有旧恨，不还以颜色，实在气闷。\n免不了要仰仗各位出力，方才是兄弟我得罪了。
Story/D_2_4_6_2_061,你也是跟唐布衣有仇？洒家也是！\n我新娶的压寨夫人还没抱到手，就给他劫走。
Story/D_2_4_6_2_062,你大和尚怎么还娶老婆？
Story/D_2_4_6_2_063,他奶奶的，俺又不是真的和尚，只是顶上头毛长不出来。\n见着美貌姑娘，不得捉来开开荤吗？
Story/D_2_4_6_2_064,我却是跟那奸商唐惟元有仇。\n拿个破烂玩意儿，骗老子说是唐门铸造的机关狐狸、木甲狗。
Story/D_2_4_6_2_065,别说，乍看挺象样的，动个不停。\n兴匆匆买了回家，拆开来看看是什么构造，结果一打开，你猜怎着？\n他妈的一只活的狗子蹦了出来！气死小生。
Story/N_2_4_6_2_002,这群绿林豪杰笑作一团，片刻之前紧张气氛荡然无存。
Story/T_2_4_6_2_014,他们有备而来，不得不防。\n我得设法摆脱他们，向掌门示警！
Story/T_2_4_6_2_015,我和这群人走一伙大大不妥，结局不是被他们杀死便是被他们害死。
Story/D_2_4_6_2_066,让让，都让让！
Story/D_2_4_6_2_067,唔呃干！
Story/D_2_4_6_2_068,啊，他奶奶的！小心点行不行？
Story/D_2_4_6_2_069,谁让你们不长眼睛，一个个堵在门口。\n都给我家公子起开了！
Story/T_2_4_6_2_016,南宫家的公子？难道这些人幕后主使者，是南宫世家？
Story/D_2_4_6_2_070,几位兄弟，为免人多口杂，我来代表说话。\n哪处说的不对，随时上来搧我耳聒子便是。
Story/D_2_4_6_2_071,行，俺老粗一个，应付不了什么公子，你来。
Story/T_2_4_6_2_017,等等，不要拉我，我跟你们不是同伙！
Story/D_2_4_6_2_072,丑兄弟，知道你气，你先忍忍，钱到手就不气了。
Story/D_2_4_6_2_073,小人南宫己，暨中原六大寨主、洞主、岛主，\n恭迎～南宫世家～秀～公子～！
Story/D_2_4_6_2_074,这么寒酸地方……比我鞋底都脏。\n算了，什么样的人，就得到什么样的地方找，本公子忍了。
Story/D_2_4_6_2_075,蛤？这谁？
Story/T_2_4_6_2_018,莫非是南宫分家的公子吗？但他怎么没戴肩甲？
Story/T_2_4_6_2_019,好可疑啊……。
Story/D_2_4_6_2_076,阿己，这便是你给本公子找的人？\n除了这个小道士穿得还算得体，其余都邋里邋遢的。\n仔细一看，还有一个丑得不像人。办事当真牢靠吗？
Story/D_2_4_6_2_077,公子爷出身高贵，自然瞧不上我们这群绿林草莽。\n不过您也不需要看我们顺眼，只消办事利落，能替您分忧，不就成了？
Story/D_2_4_6_2_078,还挺会说话的，可以呀。
Story/D_2_4_6_2_079,只要事情办成，该给的奖赏，本公子绝不吝啬。阿己。
Story/D_2_4_6_2_080,是。
Story/D_2_4_6_2_081,定金付过了，至于这十两银子，是公子给各位的喝酒钱。
Story/D_2_4_6_2_082,不愧是公子，出手便是阔绰！小人代兄弟们谢过公子。
Story/D_2_4_6_2_083,不过请恕小人直言，那唐门在蜀中积威已久，\n别说唐老魔，当代飞侠、辣手相公、儒侠，都没一个是好相与的。\n就是现在大不如前，也轻易没人敢捋虎须。
Story/D_2_4_6_2_084,所以呢？
Story/D_2_4_6_2_085,依我看，嘶……这个……这个……嘿嘿，这活儿当真不大好办呀。
Story/D_2_4_6_2_086,难办也要办，定金都收了，你莫非还想坐地起价不成？
Story/D_2_4_6_2_087,不敢，不敢，只是为保万无一失，要多花点时间筹备。\n少说要花上……。
Story/D_2_4_6_2_088,行了，我还不知你打什么歪主意？\n本公子无甚耐性，但胜在有钱，你等只管放心。\n事成以后，除了说好的价，本公子还重重有赏，包你们满意便是。
Story/D_2_4_6_2_089,那小人先行多谢公子！
Story/D_2_4_6_2_090,本公子便只提醒一件事情，你等牢牢记住。
Story/D_2_4_6_2_091,那点苍叛徒叶家兄妹如今就在唐门。\n你们有本事拿住那兄妹俩任何一人，必须交我手里，\n本公子给双倍……不，三倍！
Story/T_2_4_6_2_020,笑话，你当我傻呢？\n宝藏传闻传得沸沸扬扬，地图当真到手，还有你公子什么事。
Story/D_2_4_6_2_092,别的我也没啥特别吩咐，阿己，剩下的你来。\n这破庙灰尘味呛得我受不了，先出去，回头你再到客栈寻我。
Story/D_2_4_6_2_093,恭送公子。
Story/D_2_4_6_2_094,各位都听好了，如今丐帮正在围攻江陵，中原大乱，\n各派精锐尽出，唐门自然也不例外。
Story/D_2_4_6_2_095,公子要与那唐门为难，只是碍于正道和气，不便直接出手，\n所以不惜重金，请各位山大王齐聚蜀中便是为此。\n到时我也会同各位一道过去监看情形。
Story/D_2_4_6_2_096,虽说不指望你们这群乌合之众能够动摇唐门根本，不过盗亦有道，\n各位从掮客手里收了钱财，可得出力为公子分忧，否则……哼哼。
Story/D_2_4_6_2_097,咱家公子明面上不能对付唐门，可是讨伐绿林贼寇，何愁没有名目？\n你懂我意思吧？
Story/T_2_4_6_2_021,好哇你，狗仗人势，胆子真不小，竟还要挟我等。
Story/D_2_4_6_2_098,小兄，这单生意能够谈成，少不了你奔波出力，酒水钱怎能少你一份？
Story/D_2_4_6_2_099,不是，咱们都还没分，你给他钱做甚──
Story/D_2_4_6_2_100,{size=24}稍安勿躁，稍安勿躁。{/size}
Story/D_2_4_6_2_101,……哈，那兄弟我就不客气了。
Story/D_2_4_6_2_102,其实嘛，大伙都是混口饭吃，谁容易了？\n趁夜到唐门打砸些事物，往柴房放把火交差也就是了，犯不着真的拼命。\n公子那边，自然有我替你们敷衍。
Story/D_2_4_6_2_103,有你这句话，我就安心了。
Story/D_2_4_6_2_104,那就这样。今夜亥时行动，告辞。
Story/D_2_4_6_2_105,这九两银子说多不多，说少不少，拿回家去分起来又麻烦。\n不如咱们几个行前壮壮胆色，就拿这钱去喝酒宿娼，\n当场花个精光，意下如何？
Story/D_2_4_6_2_106,哈哈哈！好！正合俺心意！
Story/D_2_4_6_2_107,天南地北碰一块儿，也算有缘。\n等事情办完风波过去，再吃一顿，到时互报姓名，也不枉一场结交！
Story/D_2_4_6_2_108,还等什么？走！
Story/D_2_4_6_2_109,我呃……我埋了地上尸体再去相会，几位先走一步……。
Story/D_2_4_6_2_110,没人要理我。
Story/D_2_4_6_2_111,我就算混迹绿林，也是其中不受待见的！岂有此理！
Story/D_2_4_6_2_112,现在不是计较这个的时候。
Story/D_2_4_6_2_113,呼……总算走了。
Story/D_2_4_6_2_1_001,这些人漏夜偷袭，大家恐怕猝不及防。\n虽说唐门对我不仁，我却不能不义，既然被我听见了，\n是不是应该连夜上山示警才对？
Story/D_2_4_6_2_1_002,恶人自有恶人磨，唐门今夜要倒霉。
Story/D_2_4_6_2_1_003,他妈的，他们不仁我不义。\n他们没把我当回事，我还管他们什么？
Story/D_2_4_6_2_1_004,事到如今，也不该我来管了，我仁至义尽，福祸都该他们自己受着。
Story/D_2_4_6_2_2_001,有间荒废破庙，这地方静僻，正好可供歇脚整顿。
Story/T_2_4_6_2_2_001,怎么还有人来。
Story/O_2_4_6_2_2_001,倒在地上假装尸体
Story/T_2_4_6_2_2_002,我死了！唔耶呃～
Story/D_2_4_6_2_2_002,哎你看，这儿竟发生了命案！\n地上有两具尸体，怪吓人的！
Story/D_2_4_6_2_2_003,怕啥？那么胆小，你还扮啥鬼卒呢。
Story/D_2_4_6_2_2_004,这两人一个唐门的，一个点苍。\n听说他们两派有旧仇，想是打起来互相殴杀而死。
Story/D_2_4_6_2_2_005,保险起见，我刺他们一叉试试，别是装死的。
Story/T_2_4_6_2_2_003,大事不妙！！
Story/O_2_4_6_2_2_002,不能坐以待毙！
Story/D_2_4_6_2_2_006,好哇，你还真的是装死的！
Story/O_2_4_6_2_2_003,静观其变
Story/O_2_4_6_2_2_004,这家伙长得真丑，就刺他吧。
Story/D_2_4_6_2_2_007,咕耶哎～～！
Story/O_2_4_6_2_2_005,先刺好看的那个。
Story/D_2_4_6_2_2_008,看来是真死，再来刺另一个。
Story/T_2_4_6_2_2_004,吾命休矣！
Story/D_2_4_6_2_2_009,喂，死者为大，你别太缺德。\n这还是在庙里，佛像前，你敢亵渎死者，真当自己是鬼卒了吗？
Story/D_2_4_6_2_2_010,说得也是。
Story/T_2_4_6_2_2_005,好险！
Story/O_2_4_6_2_2_006,飞身上屋梁
Story/O_2_4_6_2_2_007,解锁条件：轻功>=40
Story/D_2_4_6_2_2_011,哎你看，这儿竟发生了命案！\n地上有具尸体，怪吓人的！
Story/D_2_4_6_2_2_012,怕啥？那么胆小，你还扮啥鬼卒呢。
Story/D_2_4_6_2_2_013,看衣色，好像是点苍派的，怎会死在这里？\n啊，听说唐门点苍有旧仇，莫非是被唐门杀了弃尸在这？
Story/D_2_4_6_2_2_014,保险起见，我刺他一叉试试，别是装死的。
Story/D_2_4_6_2_2_015,看来是真死。
Story/T_2_4_6_2_2_006,好险！幸好我是上屋梁，要是倒地装死就危险了。
Story/D_2_4_6_2_2_016,喂，死者为大，你别太缺德。\n这还是在庙里，菩萨像前，你敢亵渎死者，真当自己是鬼卒了吗？
Story/D_2_4_6_2_2_017,说得也是。
Story/O_2_4_6_2_2_008,正面对抗
Story/O_2_4_6_2_2_009,解锁条件：［性情］为［勇敢］以上
Story/D_2_4_6_2_2_018,这里有个人，唐门的！
Story/D_2_4_6_2_2_019,你们是……地狱道的鬼卒？
Story/D_2_4_6_2_2_020,废话少说，既然碰上了，就纳命来吧！
Story/D_2_4_6_2_2_1_001,你、你这混蛋！
Story/D_2_4_6_2_2_1_002,弟兄们，快都进来帮忙！
Story/D_2_4_6_2_2_1_003,你少虚张声势，以为我头一天混江湖，能被你骗……吗……？
Story/D_2_4_6_2_2_1_004,我的天！
Story/D_2_4_6_2_2_1_005,有胆别走！
Story/D_2_4_6_2_2_1_006,哇！哇啊！
Story/D_2_4_6_2_2_1_007,干啥呢你？吓成这德行，见鬼似的。
Story/D_2_4_6_2_2_1_008,还夸口说要处理尸体呢。\n小老弟天生像吃咱们这行饭的，怎知胆子恁地小。
Story/D_2_4_6_2_2_1_009,呃……。
Story/D_2_4_6_2_2_1_010,……走吧，总不能当街杀人，打草惊蛇。\n追是追不到了，算他走运。
Story/D_2_4_6_2_2_1_011,一尾不起眼的杂鱼烂虾罢了，无关紧要。
Story/T_2_4_6_2_2_1_001,不追了吗。
Story/D_2_4_6_2_2_1_012,愣那儿做甚？\n咱们回头便是数着发觉少个人，怕你不知上哪儿找，回头带你来着。
Story/D_2_4_6_2_2_1_013,走，喝酒，找小姑娘玩儿去！
Story/D_2_4_6_2_2_1_014,我、我就先不了吧，晚上还有大事要干呢，喝醉恐怕误事。
Story/D_2_4_6_2_2_1_015,就是因为要干杀头大事，才必须喝！\n保不定便是今生最后一壶，你不卖俺的面子、扫洒家的兴？\n给我过来！
Story/D_2_4_6_2_2_1_016,来吧你！
Story/T_2_4_6_2_2_1_002,才摆脱狼口，又入虎口！
Story/D_2_4_6_2_3_001,他奶奶的，这身臭衣服我穿得全身发痒。
Story/D_2_4_6_2_3_002,好在我抽到饿鬼道，当个海盗好过你老兄扮作畜生道的乞丐，一身跳蚤，哈哈。
Story/T_2_4_6_2_3_002,饿鬼道、地狱道？\n那么说来，那两个袒胸露背的便是地狱道鬼卒了。\n怎么泥教的人会集结在唐门地界？
Story/D_2_4_6_2_3_003,话说这身打扮怪教人羞耻的，那些魔教地狱道的怪胎都不穿上衣出门吗？
Story/T_2_4_6_2_3_003,他这话是什么意思？彷佛他又不是泥教弟子似的。
Story/D_2_4_6_2_3_004,你别说，还真就这样。我上次行走江湖，就碰到一队地狱道人马。\n别说鬼卒，连牛头马面、黑白无常都有。\n牛头马面是真的把牛的头、马的头戴头上。
Story/D_2_4_6_2_3_005,真的假的，好好笑，不臭吗？\n尽做这种没用的花巧功夫，不外乎就是想彰显自己不一样，\n千方百计想让人记住自己，真够肤浅。
Story/D_2_4_6_2_3_006,好过没人认得你是谁。
Story/D_2_4_6_2_3_007,妈的，你就很有名啰？
Story/D_2_4_6_2_3_008,怎样，好歹我比你有钱啦！
Story/D_2_4_6_2_3_009,我有老婆！
Story/D_2_4_6_2_3_010,过来决一死战！等我干掉你，你老婆就变我老婆！
Story/D_2_4_6_2_3_011,好了，别说那些没用的，说回正事。
Story/D_2_4_6_2_3_012,你走着瞧，等事情办完再打！
Story/D_2_4_6_2_3_013,怕你哦！
Story/D_2_4_6_2_3_014,我去打探过了，那群冒充六大派的人都到齐了，准备今宵夜袭唐门。
Story/D_2_4_6_2_3_015,嘿，那群人如意算盘打得挺响，打算闹事就跑，\n却没想到还有我们断其后路！
Story/D_2_4_6_2_3_016,大家都得多注意，那崆峒夺魄门的衣色也是蓝的，正蓝。\n唐门的衣色与其说蓝，其实更像青色。\n大家招子都放亮点，天黑别打错了唐门弟子。
Story/T_2_4_6_2_3_004,什么……这群人是来帮唐门的？为何？
Story/D_2_4_6_2_3_017,本想在这庙里歇到入夜，不知怎的地上居然有死人，真晦气。\n我看还是另外找地方吧。
Story/D_2_4_6_2_3_018,这也太玄了……实在不对劲。
Story/D_2_4_6_2_3_019,我得即刻回山上报讯，交掌门定夺。
Story/D_2_4_6_2_3_020,好像有什么大事要发生，不管了，我都已经决定要跑路了。
Story/O_2_4_6_2_3_001,坚决要跑
Story/O_2_4_6_2_3_002,还是不能不管
Story/D_2_4_6_2_3_021,我不管了……我才不管……。
Story/D_2_4_6_2_3_022,怎么能不管啊！
Story/D_2_4_6_2_3_023,他们对不住我，是他们的错；我若不管，却是我品德有缺陷。\n我即使当不成大侠，也不肯作忘恩负义的小人！
Story/D_2_4_6_2_3_024,啊～烦死了，当我犯贱，我就管这最后一次！
Story/O_2_4_6_2_Break_01_001,总之先考虑一下
Story/O_2_4_6_2_Break_01_002,事不宜迟立刻上山报信
Story/D_2_4_6_2_Break_01_001,……。
Story/D_2_4_6_2_Break_01_002,我就帮这最后一次了啊！从此就跟唐门恩断义绝了！\n真的是最后一次了！
Story/D_2_4_6_2_Break_01_003,不能坐视不管。
Story/O_2_4_6_2_Break_01_003,我要他妈的攻打唐门呀！
Story/O_2_4_6_2_Break_01_004,赶紧收拾东西跑路
Story/D_2_4_6_2_4_001,嘿。
Story/D_2_4_6_2_4_002,嘿嘿嘿嘿。
Story/D_2_4_6_2_4_003,唐门对我不仁，我也对他们不义！
Story/D_2_4_6_2_4_004,嘶～半夜一个人去上茅厕，还真可怕。
Story/D_2_4_6_2_4_005,狗贼，纳命来！
Story/D_2_4_6_2_4_006,我要你们付出血的代～价～！
Story/D_2_4_6_2_4_007,你……你……？
Story/D_2_4_6_2_4_008,好哇，竟然被你们看破我等行踪！\n连手来与我泥教为难！
Story/D_2_4_6_2_4_009,你……你又是何方妖怪？
Story/D_2_4_6_2_4_010,咦？
Story/D_2_4_6_2_4_011,咦？什么……泥教？！
Story/D_2_4_6_2_4_012,泥教？众位师兄弟！快！快起来啊！\n有泥教杀上门来了！
Story/D_2_4_6_2_4_013,喂！你别想跑！
Story/D_2_4_6_2_4_1_001,怎么……怎么会这样！
Story/D_2_4_6_2_4_1_002,我还想问你。
Story/D_2_4_6_2_4_1_003,二、二二二二师兄兄嗡嗡嗡～～～！！
Story/D_2_4_6_2_4_1_004,吓成这样，你是干了什么亏心事？
Story/D_2_4_6_2_4_1_005,没、没没有啊，我是和这群江湖朋友一起上山讨伐泥教的！
Story/D_2_4_6_2_4_1_006,你可疑的很啊。
Story/D_2_4_6_2_4_1_007,呃，呃，唔，唔咯！
Story/D_2_4_6_2_4_1_008,你这心虚的表情，是不打自招了？
Story/D_2_4_6_2_4_1_009,不妙，兄弟，快撤退啊！\n这群唐门的当真跟魔教有勾结！咱们上当啦！\n叫我们来闹事的人，是设局想将我们一网打尽啊！
Story/D_2_4_6_2_4_1_010,你、你别拉我！谁是你兄弟！去你妈的！
Story/D_2_4_6_2_4_1_011,……你还有什么话说？
Story/D_2_4_6_2_4_1_012,不是这样的，你听我说，我跟这些人完全不认识啊！
Story/D_2_4_6_2_4_1_013,这都谁啊，呸。别跟我装熟好吗？
Story/D_2_4_6_2_4_1_014,他、他认错人了，这什么人我根本不熟啊！
Story/D_2_4_6_2_4_1_015,……我也是个被玩弄于股掌中的被害者？
Story/D_2_4_6_2_4_1_016,去死吧！
Story/D_2_4_6_2_4_2_001,哦……赢了？
Story/T_2_4_6_2_4_2_001,意外的难缠。
Story/T_2_4_6_2_4_2_002,我击退了二师兄？
Story/D_2_4_6_2_4_2_002,我赢了！
Story/D_2_4_6_2_4_2_003,哇！是谁偷袭我！
Story/D_2_4_6_2_4_2_004,师弟……不，赵活！你竟敢背叛师门、伤二师兄！\n我今日就来清理门户！
Story/D_2_4_6_2_4_2_005,师姊，我们来帮你！
Story/D_2_4_6_2_4_3_001,二师兄……快、快走！这人武功很高……！
Story/D_2_4_6_2_4_3_002,不必你瞎操心，这厮已中我麻毒，离死不远。
Story/D_2_4_6_2_4_3_003,你比我料想的还能挣扎。
Story/D_2_4_6_2_4_3_004,你的尸体，我会善加利用，安心去吧。
Story/D_2_4_6_2_4_3_005,不……不要哇！
Story/D_2_4_6_2_4_3_006,且慢。
Story/D_2_4_6_2_4_3_007,放他归去吧。
Story/D_2_4_6_2_4_3_008,掌门。这叛徒寅夜带人攻打上山，罪不容诛。
Story/D_2_4_6_2_4_3_009,赵活，唐门今日与你恩断义绝，互不相欠。\n再敢踏入唐门地界，本座定当亲手取你项上人头！
Story/D_2_4_6_2_4_3_010,铮儿，送客。
Story/D_2_4_6_2_4_3_011,那么其余贼子。
Story/D_2_4_6_2_4_3_012,交你拷问，凡是奸恶、情无可原者，杀无赦。
Story/D_2_4_6_2_4_3_013,弟子凛遵掌门谕令。
Story/D_2_4_6_2_4_3_014,哼，捡回一条命了，滚吧。
Story/D_2_4_6_2_4_3_015,还真放我走了？
Story/D_2_4_6_2_4_3_016,那些泥教混蛋斜刺里冒出来搅局，我只道这回小命休矣。\n没想到他们一干绿林汉子全栽了，只有我幸存，哈。
Story/D_2_4_6_2_4_3_017,哈哈……哈……。
Story/D_2_4_6_2_4_3_018,可是如此一来，我在蜀中是真的留不住了啊。
Story/D_2_4_6_2_4_3_019,好吧，我走就是了，本来就要走的。\n这样一来，岂不是走得更没牵挂吗？
Story/N_2_4_6_2_4_3_001,你换下这身制服没扔。\n总是人前埋怨唐门，人后打开衣箱，望着破旧青衣怔怔出神。
Story/D_S0203_01_001,师弟，水桶我给你放后边，转身别踢到。
Story/D_S0203_01_002,好，多谢师兄。
Story/D_S0203_01_003,地砖也不用每回都擦这么仔细吧。\n再干净，等会儿四师兄一个边走边吃，还不是油油腻腻。
Story/D_S0203_01_004,我习惯了，总想卖命点，看看有没有师长看我勤奋，收我入室。
Story/D_S0203_01_005,如今本门哪里还有多的师长，总不能是掌门收你。
Story/D_S0203_01_006,就说习惯了嘛，不擦则已，一擦就觉得不能马虎，否则全身不舒坦。
Story/D_S0203_01_007,好吧，劝不了你。\n早点完工来玩纸牌，就云裳发明的那个。
Story/D_S0203_01_008,好。
Story/D_S0203_01_009,呼，腰酸背痛的，伸展一下。
Story/D_S0203_01_010,贱人，地板给我擦仔细点，别想偷懒！嚼嚼嚼。
Story/D_S0203_01_011,师兄，那块地我才刚擦过，你别踩啊。\n还有你别拿着香蕉边走边吃行不？
Story/D_S0203_01_012,放心，我吃剩的蕉皮绝不乱扔。\n因为这是要扔你脸上的！
Story/D_S0203_01_013,啊！
Story/D_S0203_01_014,岂有此理！
Story/D_S0203_01_015,有没有人啊～快来人帮忙啊～
Story/D_S0203_01_016,这声音怎么听着挺耳熟的。
Story/O_S0203_01_001,出去看看
Story/D_S0203_01_017,出去看看。
Story/O_S0203_01_002,不去
Story/D_S0203_01_018,我自个儿事情都还没做完，不去！
Story/D_S0203_01_019,就剩你一个外姓弟子，出公差还想装傻不去哦？想的美！
Story/D_S0203_01_020,穿着本门女弟子的红衣，请问尊驾是……？
Story/D_S0203_01_021,什么尊驾，我才出门一两个月，师弟你就忘记我了？
Story/D_S0203_01_022,你是……？
Story/D_S0203_01_023,师姊才出门一两个月，师弟你这就忘记我了？
Story/D_S0203_01_024,我都还记得你名字呢什么……什么……陈冠东。
Story/D_S0203_01_025,全错！没一个字对的，我叫赵活好吗！
Story/D_S0203_01_026,哎唷差不多啦。
Story/D_S0203_01_027,而且我说唐芳师姊，你出门才不是一两个月。\n你下山行医游历，如今已经两年多了。
Story/D_S0203_01_028,我迟归这么久了？死定了……难怪二师兄信里语气那么凶。
Story/D_S0203_01_029,你和辛儒师姊并称唐门迷糊大王，一个睡姿差，一个爱迟到。
Story/D_S0203_01_030,我只是迟到，人生那么长，动作慢一点有什么打紧。
Story/D_S0203_01_031,好了，不要说这些了，你快帮帮我。\n我都快到了，才发现药箱破了洞，东西一路掉，我一个人找不回来。\n而且二师兄着急找我，我怕被骂，又怕回头丹药给野兽吃了。
Story/D_S0203_01_032,你竟然都没半点察觉吗？
Story/D_S0203_01_033,我有感觉行李越来越轻，我只道是归家心切，步履也轻快起来。
Story/D_S0203_01_034,你还好意思说你不迷糊。
Story/D_S0203_01_035,我绝对比辛儒师姊精明啦，换作是她，连药箱的背带都保不住。
Story/D_S0203_01_036,那倒是。
Story/D_S0203_01_037,总之我东西就拜托你了，能收回多少是多少，急急急。
Story/D_S0203_01_038,好吧，反正我也不能说不。
Story/D_S0203_01_039,明日起，妳负责为叶姑娘施针。\n先使《观衡针》，再使《归脉针》，最后使《出窍针》。
Story/D_S0203_01_066,慢着慢着，什么出窍？我的魂儿吗？
Story/D_S0203_01_040,是。
Story/T_S0203_01_003,嗯，二师兄是想令我先为患者调匀五行、回归中和，\n而后徐图重修经络、修补气海，待到后来，再引邪外出，以绝后患。
Story/T_S0203_01_004,二师兄极少如此谨慎呢。
Story/T_S0203_01_001,我死定了，我死定了！
Story/D_S0203_01_041,我回来了。
Story/D_S0203_01_042,哥哥！哥哥救我！他们针好粗！
Story/D_S0203_01_043,你躲得了今天，明天还是一样得挨针呀。
Story/O_S0203_01_003,少得可怜
Story/D_S0203_01_044,我找了半天，只找回一些针具，药材什么的全没了。
Story/D_S0203_01_045,好吧，就当做善事喂山猪了。\n我那些都是纯药材，不是毒物，吃不死山猪兔子的。
Story/O_S0203_01_004,五成，聊胜于无
Story/D_S0203_01_046,抱歉，找回不多，有些给山猪嚼了，我还跟山猪打了一架才抢回来，给。
Story/D_S0203_01_047,辛苦你啦！聊胜于无嘛……。
Story/D_S0203_01_048,这本医书怎么湿臭湿臭的？
Story/D_S0203_01_049,山猪。
Story/D_S0203_01_050,送你吧，反正我读熟了。
Story/O_S0203_01_005,全部找回了
Story/D_S0203_01_051,你东西真不少，我也不知找全没有。
Story/D_S0203_01_052,针具、医书、药秤、药材……不但没少，还多了新的草药。
Story/D_S0203_01_053,我顺手摘回来的，想说有用。
Story/T_S0203_01_002,赵活比之唐芳，精明得多。他若是女子，不妨将医术传授予他。\n往后医治女患者，便可由他代我施针，以此避嫌。
Story/D_S0203_01_054,多谢你啦，这个给你当谢礼。
Story/D_S0203_01_055,这是蜜饯吗？
Story/D_S0203_01_056,是啊，我行医的时候，常有孩童嫌药苦、不肯吃，\n要让他们不哭不闹，蜜饯就是最好的臣药。
Story/D_S0203_01_057,哥哥，你现在有两个选择。\n一，蜜饯带回房间自己吃，滋润一下你苦涩的人生。\n二，把蜜饯送给我，大幅提升裳儿对你的好感度。
Story/O_S0203_01_006,留着自己吃
Story/D_S0203_01_058,我才不给你咧，这是我劳动一天的报酬，你去找你亲哥讨要！
Story/D_S0203_01_059,小气鬼！
Story/O_S0203_01_007,好啦给你
Story/D_S0203_01_060,好啦，给你。哪次我有好东西，没给你征收的。
Story/D_S0203_01_061,谢谢哥哥～抱！您就是裳儿的亲哥！\n好看的那个光是好看，一点也不知道疼人，我不要了！
Story/D_S0203_01_062,废话说完，没别的事，就都出去。\n唐芳，你留下。
Story/D_S0203_01_063,二师兄还要交代我什么事？
Story/D_S0203_01_064,我没事交代你，至于你迟归两年是何情由，却该你来交代交代。
Story/D_S0203_01_065,终究难逃一死……！
Story/O_Food_Menu_001_017,中药蜜饯
Story/N_Food_Menu_001_016,使用《中药蜜饯》
Story/O_Food_Menu_001_018,盐腌山猪肉
Story/N_Food_Menu_001_017,使用《盐腌山猪肉》
Story/O_Food_Menu_001_019,豆沙包
Story/N_Food_Menu_001_018,使用《豆沙包》
Story/O_Food_Menu_001_020,降真香
Story/N_Food_Menu_001_019,使用《降真香》
Story/O_Food_Menu_001_021,湘妃鱼糕
Story/N_Food_Menu_001_020,使用《湘妃鱼糕》
Story/O_Food_Menu_001_022,万灵油
Story/N_Food_Menu_001_021,使用《万灵油》
Story/D_S0205_01_001,师姐，我来送柴火……她们俩这是在干嘛？\n两个人的眼神都不大对劲啊。
Story/D_S0205_01_002,那是决斗者的眼神，你先不要吵！
Story/D_S0205_01_003,我翻开覆盖的这张底牌，是我哥哥。
Story/D_S0205_01_004,加上这张龙泉宝剑，让他剑法暂时加三十，对你的侠士发动绝招。
Story/D_S0205_01_005,不。
Story/D_S0205_01_006,来不及啦！噗唰啊～\n现在你阵营里的赵哥哥已经被我哥砍成肉酱了！\n哈哈哈哈！
Story/D_S0205_01_007,蛤！？
Story/D_S0205_01_008,才没有。
Story/D_S0205_01_009,想悔棋也没有用喔。\n赵哥哥死超惨的，他死前还说：『小师妹，快逃』……然后就死翘翘了！
Story/D_S0205_01_010,……才没有，这又不是真的。
Story/D_S0205_01_011,……好吧。
Story/D_S0205_01_012,既然死掉了也没办法。
Story/T_S0205_01_001,不要这么轻易就接受啊！
Story/D_S0205_01_013,……哼，哼，还挺冷静的嘛，难缠的小妞。\n我就看你个区区小铃儿，还能面不改色到几时。
Story/D_S0205_01_014,她们这是在玩什么？
Story/D_S0205_01_015,云裳妹子自创的纸卡游戏，把有名的侠士都画成像。\n然后各有剑法、刀法、拳掌、内功等等能力，互相克制。\n要是抽到兵器、宝甲，也可以给你的侠士装备上去。
Story/D_S0205_01_016,好像很有趣！
Story/D_S0205_01_017,没用的，云裳妹子都只画给别人很烂的侠士。\n比如山贼、赵活、乞丐、赵活、狗、赵活。
Story/D_S0205_01_018,为何这么多我。
Story/D_S0205_01_019,就跟象棋一样，卒子不都特别多吗？
Story/D_S0205_01_020,有道理。
Story/D_S0205_01_021,而她自己手里的叶云舟图，则是刀剑拳掌全都满分的王牌，\n根本所向无敌，她打从一开始就没打算跟人公平决斗。
Story/D_S0205_01_022,真亏小师妹一直输，还玩得下去。
Story/D_S0205_01_023,认命吧，默铃～我要蹂躏你～感受绝望吧～
Story/D_S0205_01_024,休想得逞……！
Story/O_S0205_01_001,小师妹大展神威
Story/D_S0205_01_025,我的回合。
Story/D_S0205_01_026,放马过来！
Story/D_S0205_01_027,我派出师兄，师兄，以及师兄。
Story/D_S0205_01_028,哼哼，就算来再多赵哥哥，也是没有用的。
Story/D_S0205_01_029,然后在草丛埋伏一只狗。
Story/D_S0205_01_030,什么……！
Story/D_S0205_01_031,牺牲一个师兄，喂狗，狗长大，然后装备一个师兄，\n并且把最后一个师兄当成肉盾。
Story/D_S0205_01_032,？！
Story/D_S0205_01_033,住手！不能……不能这样玩！哪有人这样的？
Story/D_S0205_01_034,赵哥哥的性命才不是这样用的！\n你这个冷血的疯子！住、住手啊！想想他对你的好，你能下得了手？
Story/D_S0205_01_035,能。
Story/D_S0205_01_036,狗进攻。
Story/D_S0205_01_037,哇！你欺负人！我不跟你玩了！
Story/N_S0205_01_001,狗进攻，打败了叶云裳的王牌。\n同时在狗前面当作肉盾的赵活，以及狗爪子上装备的赵活全都灰飞湮灭。
Story/D_S0205_01_038,赢了……！
Story/N_S0205_01_002,你不知道详细的游戏规则，但莫名很受伤。
Story/D_S0205_01_039,有一套……你证明了就算是赵哥哥，滋生得太多也不好对付这件事。
Story/D_S0205_01_040,没错。
Story/D_S0205_01_041,再来一局！
Story/N_S0205_01_003,这场战斗太残酷，你不敢再看下去，于是匆匆离开了。
Story/O_S0205_01_002,叶云裳的犯规压制
Story/D_S0205_01_042,我的回合。
Story/D_S0205_01_043,放马过来！
Story/D_S0205_01_044,我派出师兄，师兄，以及师兄。
Story/D_S0205_01_045,哼哼，就算来再多赵哥哥，也是没有用的。
Story/D_S0205_01_046,然后……然后原地待命，保护唐门……结束回合。
Story/D_S0205_01_047,可怜的小铃儿，你的抵抗就到此为止了吗？
Story/D_S0205_01_048,唔……！
Story/N_S0205_01_004,输过几轮，小师妹心中已有必胜之策，但是太过没人道，\n事到临头还是畏缩了。
Story/D_S0205_01_049,那就别怪我不留情面了！
Story/D_S0205_01_050,这下要决出胜负了……！\n叶云舟的绝活可以一回合进攻三次。\n只要杀死一个赵活，就可以长驱直入，放火烧小师妹的本阵了。
Story/D_S0205_01_051,这到底怎么玩的，我怎么从头到尾没听懂？
Story/D_S0205_01_052,我要让哥哥正面进攻，杀死一个赵哥哥。
Story/D_S0205_01_053,如此一来，你就中门大开了。
Story/D_S0205_01_054,接着我哥哥发动绝活，再把旁边两个赵哥哥杀死。
Story/T_S0205_01_002,至于吗！
Story/D_S0205_01_055,什么？为何不烧本阵，直接取胜？
Story/D_S0205_01_056,……你还想干嘛？
Story/D_S0205_01_057,哼哼……你问我想干嘛？
Story/D_S0205_01_058,我要这样，这样，然后这样！
Story/D_S0205_01_059,新的画卡。
Story/D_S0205_01_060,没错，我要出动我自己，进入你的本阵，然后发动绝活。\n现在你本阵里的唐默铃画卡已经被我强制征收了。
Story/D_S0205_01_061,可是你没有画我的画卡。
Story/D_S0205_01_062,万一我有呢？
Story/D_S0205_01_063,是我！
Story/D_S0205_01_064,我送你一张，二选一，你想要我的画卡，还是你的画卡？
Story/D_S0205_01_065,你的。
Story/D_S0205_01_066,……就在方才，裳儿对默铃的好感度又上升了。
Story/D_S0205_01_067,云裳妹子虽然调皮爱捉弄人，可是她俩的友情，那是真的好啊。\n大家见了都时常莞尔。
Story/D_S0205_01_068,是啊。
Story/D_S0205_01_069,那我可以使用默铃的绝活吗？
Story/D_S0205_01_070,我的绝活是什么？
Story/D_S0205_01_071,你的绝活是保护云裳不受所有赵哥哥侵害。\n你会一人三化，自动谋杀场中所有的赵哥哥，记住了吗？
Story/D_S0205_01_072,记住了。
Story/D_S0205_01_073,那就好。\n顺带一提，这个规则同样适用于站在那边的赵哥哥本人。
Story/D_S0205_01_074,你、你们干嘛？玩归玩，不要乱来喔。我说真的！
Story/N_S0205_01_005,叶云裳高举手里的画卡。
Story/D_S0205_01_075,噫！
Story/D_S0205_01_076,哈哈哈哈～笨哥哥，太好玩啦！
Story/D_S0206_01_001,天气挺好的，把大家的被子拿出去晒晒吧。\n回头再把地扫一扫，窗沟也都是灰尘。
Story/D_S0206_01_002,把灰尘搜集起来，洒在老是欺负我的坏师兄榻上，痒死他。
Story/D_S0206_01_003,玩！
Story/D_S0206_01_004,玩！
Story/D_S0206_01_005,你们两个……。
Story/D_S0206_01_006,玩！
Story/D_S0206_01_007,玩！
Story/D_S0206_01_008,玩！
Story/D_S0206_01_009,玩！
Story/D_S0206_01_010,玩？
Story/D_S0206_01_011,玩。
Story/D_S0206_01_012,玩～
Story/D_S0206_01_013,哎唷，你们俩这是什么合击武功，这么有默契。
Story/D_S0206_01_014,我听说叶家兄妹来我们家作客，先去和兄长打了声招呼。\n再来看看妹妹，哪料到这小家伙这么有趣。
Story/D_S0206_01_015,你这大家伙也不赖啊。
Story/D_S0206_01_016,师弟，我要招呼人马去溪边玩水，你要不要一起？
Story/D_S0206_01_017,下午不是有团练吗？
Story/D_S0206_01_018,是吗？
Story/D_S0206_01_019,那就逃课吧。
Story/D_S0206_01_020,掌门和二师兄会生气哦。
Story/D_S0206_01_021,放心，他们会生气，而我会跑。\n到时罚不到我身上，就会转而迁怒你们。\n等你们被处罚，师父消了气，我再回家来。
Story/D_S0206_01_022,妙计，妙计。
Story/D_S0206_01_023,你打的如意算盘。
Story/D_S0206_01_024,别废话了，一句话，去不去？
Story/D_S0206_01_025,去嘛，我哥哥说，要有你看着，我才能下水玩。去嘛～
Story/T_S0206_01_001,叶兄这是把拒绝的重任推给我了吧。\n云裳还病着呢，现在虽然没发作，天气也好，但溪水清凉，\n她要是玩回来病了如何是好？
Story/O_S0206_01_001,去
Story/D_S0206_01_026,太好啦！我去抓默铃！有烤鱼吃啰～
Story/N_S0206_01_001,你抛下正业不务，跟师兄弟们一起到溪边玩水捉鱼。\n小师妹、叶云裳玩得不亦乐乎、精疲力尽。
Story/O_S0206_01_002,不去
Story/D_S0206_01_027,你忘了二师兄的医嘱吗？\n还是忍着点，养好身子要紧，何况我还有事要忙呢。\n等你好了，我们再去玩水不迟。
Story/D_S0206_01_028,我几时会好？我万一不会好了呢？我一辈子都不用玩水了？\n臭哥哥你说话就跟点苍派的人一样古板，这也不行、那也不行，\n你这个扫兴鬼，我讨厌你！
Story/D_S0206_01_029,云裳……。
Story/D_S0206_01_030,哈，师弟你被讨厌了。
Story/D_S0206_01_031,还不都是你乱出馊主意害的！
Story/D_S0207_01_001,哥哥！你回来怎不第一时间来见我！
Story/D_S0207_01_002,云裳，你怎么上来了？
Story/D_S0207_01_003,谁呀，一大清早就……是、是叶家妹子！
Story/N_S0207_01_001,见是俏佳人来，众弟子不喜反惧，各自瑟缩在床角，有的检查衣衫、\n有的翻看宝箱，还有人摸索裤裆。足见此人行凶无数，恶名昭彰。
Story/N_S0207_01_002,叶云裳见状，面露得意之色，这寝室之中，还没一人没遭她毒手的。\n全是手下败将来着。
Story/D_S0207_01_004,出去说话吧。
Story/D_S0207_01_005,你说啊，亏我还有点儿担心你安危。\n早知你如此薄情寡义，还回来干什么？
Story/D_S0207_01_006,不，这就我家啊……怎么你反而一副主人口吻。
Story/D_S0207_01_007,还敢嘴硬，本姑娘太久没整治你，皮痒痒了是吧！
Story/D_S0207_01_008,没有，绝对没有，女侠饶命。
Story/D_S0207_01_009,死罪可免，活罪难饶，你随我来。
Story/D_S0207_01_010,你从此处跳下去，我便勉为其难饶你一命好了。
Story/D_S0207_01_011,你这哪里是要饶我，分明要我命吧！
Story/D_S0207_01_012,我生病那么命苦，你连跳下去逗我开心都不肯，还好意思说你疼我！
Story/D_S0207_01_013,你对我杀意未免太浓烈了吧！
Story/D_S0207_01_014,没有啊，就像你走路会踩死蚂蚁一样的道理。\n你不是存心踩死蚂蚁的，你不过是在走路而已。\n同理可证，你摔个稀巴烂，也怨不得我的说。
Story/D_S0207_01_015,完全就是你的错吧！
Story/D_S0207_01_016,这也不行，那也不行，你这人很难伺候哎。\n那你到底想怎样，你倒是划下个道儿来呀。
Story/D_S0207_01_017,两个哥哥都把我扔在唐门，我在这里举目无亲，无依无靠，\n心里不知有多害怕。你倒好，回来也不先来见我，想必是早已忘了我啦！
Story/D_S0207_01_018,你、你别哭啦，是我不好。\n我一回来就松懈了，本想天一亮便去见你的，没想到你先来了。
Story/D_S0207_01_019,我偏不乖，偏要哭！哭死我，你就心满意足了！\n你们都不管我，干脆我跳下去一了百了算了。\n等我人没了，看你怎么跟我哥哥交代！
Story/O_S0207_01_001,我跳下去就是了
Story/O_S0207_01_002,解锁条件：加入夺魄门
Story/D_S0207_01_020,咦？
Story/D_S0207_01_021,咦咦──！
Story/D_S0207_01_022,居然……居然真的跳了……。
Story/D_S0207_01_023,不、不关我的事的说，不是我害的说。
Story/D_S0207_01_024,我都看见了！你怂恿人跳崖！我要拿你见官！
Story/D_S0207_01_025,我、我才没有，是他自己……！
Story/D_S0207_01_026,……。
Story/D_S0207_01_027,……。
Story/N_S0207_01_003,叶云裳见你纵身一跃，当场吓得腿软。
Story/D_S0207_01_028,你怎么……那么傻啊，笨哥哥……！\n你怎么可以死，我明明是跟你开玩笑的……呜！
Story/D_S0207_01_029,我、我这就去求人下悬崖，你等我！
Story/D_S0207_01_030,怎么……站不起来，这烂腿……还要来干嘛！动啊，快动啊！
Story/D_S0207_01_031,我不想你死，你活转来嘛……。\n裳儿再也不哭不闹了……呜呜……。
Story/D_S0207_01_032,此话当真？我活转来，你就不许闹了哦。
Story/D_S0207_01_033,哥哥！
Story/D_S0207_01_034,哦、哦。
Story/D_S0207_01_035,你这坏东西，竟敢骗我！禽兽的说！\n我真给你吓坏了啊！畜牲！畜牲！\n我要是作恶梦，就要你好看！
Story/D_S0207_01_036,好了，好了，我这不是没死吗？不是说好不哭不闹？
Story/D_S0207_01_037,吸，吸，呼～。
Story/D_S0207_01_038,你是怎么活的？我亲眼看到你跳下去了。
Story/D_S0207_01_039,多亏我去了崆峒夺魄门一趟，在那儿改造了护腕。
Story/D_S0207_01_040,好好玩哦！你送我！
Story/D_S0207_01_041,不行啦，这又不合你尺寸，何况东西再怎么管用，\n也难免有差池，送这样的东西给你玩，你哥不骂死我！
Story/D_S0207_01_042,我保证不告诉他说是你给的。
Story/D_S0207_01_043,别闹了！
Story/D_S0207_01_044,……。
Story/T_S0207_01_001,从来只有我耍人，没有人敢欺负我……好新鲜哦，兴奋。
Story/O_S0207_01_003,像你这种顽劣的孩子就该打屁股伺候
Story/D_S0207_01_045,像你这种不听话的坏小孩，就应该尝尝屁股开花的滋味儿！吸溜！
Story/D_S0207_01_046,你敢！本姑娘金枝玉叶，你碰我一下试试！
Story/D_S0207_01_047,你哥让我多管教你，你说我敢不敢？
Story/D_S0207_01_048,哎唷，好哥哥，裳儿不就是关心你安危，才使点性子吗？\n你难道真的忍心打我吗？
Story/O_S0207_01_004,见好就收
Story/D_S0207_01_049,别靠悬崖那么近，过来吧。\n我不打你便是。
Story/D_S0207_01_050,你不但不能打我，还得向我赔罪，然后陪我玩。
Story/D_S0207_01_051,好，我答应你便是，快过来。
Story/D_S0207_01_052,……这里好高，我看一眼就腿软了，你来抱我。
Story/D_S0207_01_053,真拿你没办法。
Story/N_S0207_01_004,在那之后，你陪叶云裳玩了一整天捉迷藏。\n她主动当鬼，等你躲好以后，她就丢下你回去睡午觉了。
Story/D_S0207_01_054,我再也不要陪这家伙玩了……！
Story/O_S0207_01_005,打爆
Story/D_S0207_01_055,给我过来臭小妞！
Story/D_S0207_01_056,哈哈哈你来追我啊！
Story/D_S0207_01_057,很好，你就不要给我追上！
Story/D_S0207_01_058,别想跑！
Story/D_S0207_01_059,呜～呜哇啊啊啊啊～不要打了～快停手～\n再打……再打的话……
Story/D_S0207_01_060,哥哥就要死了！
Story/D_S0207_01_061,叶家妹子别哭了，姊姊们不打他就是了。
Story/D_S0207_01_062,是我被打，你哭什么？
Story/D_S0207_01_063,这就叫做猫哭耗子假慈悲。
Story/D_S0207_01_064,敢情这小妹子竟是在假哭。
Story/D_S0207_01_065,大家都看到这家伙的真面目了吧！我是受害者呀！
Story/D_S0207_01_066,鬼灵精怪的，好惹人怜爱呀～
Story/D_S0207_01_067,山上哪曾见过这么活泼俏皮的女孩子，弄得我心头一紧！
Story/D_S0207_01_068,……不行了，这些人都被迷惑了心智，沦为她的傀儡。
Story/D_S0207_01_069,哼哼，哥哥，这些师姊都是我的人，你拿什么跟我斗？\n识趣的就退下吧～哇哈哈哈～
Story/D_S0207_01_070,可、可恶……。
Story/N_S0207_01_005,有那群吃里扒外的同门师姊妹在的一天，你就动不了叶云裳。\n你最好长点记性，她是不会让你好过的。
Story/O_S0207_01_006,我带你下山玩吧
Story/D_S0207_01_071,……那我到时可以喝冰的熟水吗？
Story/D_S0207_01_072,可以，我买给你就是了。
Story/D_S0207_01_073,你身子不好，还是别喝冰的比较好……
Story/D_S0207_01_074,我吃冰会伤身，哭也会伤身，你二选一吧！
Story/D_S0207_01_075,……好吧，大不了放温一点，没那么凉才喝。
Story/D_S0207_01_076,好极啦！那我去叫默铃，等会儿门口见。
Story/D_S0207_01_077,你叫我小师妹干嘛？
Story/D_S0207_01_078,我和她是朋友嘛，有福同享，这才是江湖义气。\n你是我哥哥，又是她师兄，我们两连手勒索你，乃是天经地义。
Story/D_S0207_01_079,……这也算江湖义气？
Story/T_S0207_01_002,不过她约小师妹，正合我心意。\n我也想带小师妹下山同游，只愁没名义而已。
Story/N_S0207_01_006,你带着叶云裳、小师妹下山玩耍。\n默铃恬静寡欲，被云裳携着到处嬉闹，买了许多从前不敢想的事物。
Story/N_S0207_01_007,云裳见你大方，也不客气，有心恃宠挥霍，报复你忽略她。
Story/N_S0207_01_008,一会儿要吃鲜鱼面，一会儿又吃点心、饮子，看杂耍、买鲜花。\n又挑了两枝花钗，她与小师妹一人一枝。
Story/N_S0207_01_009,小师妹家教甚严，向来习惯隐忍，\n哪曾似她这样任性妄为，碰着想要的事物便撒娇使坏，手段层出不穷，\n心下不禁好生钦羡，收下花钗，却对你很过意不去。
Story/N_S0207_01_010,小师妹见你如此宠她，一度怦然心动，想效仿她的可爱模样，向你撒娇。\n只可惜话未出口，还在心理准备的阶段，便将她自己臊得满脸通红。
Story/N_S0207_01_011,云裳虽然胡闹任性，毕竟江湖儿女，亦非穷奢之辈。\n知你唐门负债，闲钱不多，只吃了点心、饮子，便饶了你怠慢之罪。\n而小师妹不单得了好多色纸，还沾光吃了好多零食，受宠若惊。
Story/N_S0207_01_012,云裳虽然胡闹任性，毕竟江湖儿女，亦非穷奢之辈。\n知你唐门负债，你又阮囊羞涩，只喝了香饮子，便轻饶了你怠慢之罪。\n四处走逛散心，看看地方民生、风景也是好的。
Story/N_S0207_01_013,至于小师妹只得色纸，便已心满意足了。
Story/N_S0207_01_014,你实在太穷了，深怕钱不够她俩花用，事前向同寝师兄弟借了钱，\n商量以劳役代偿。
Story/N_S0207_01_015,云裳虽然胡闹任性，毕竟江湖儿女，亦非穷奢之辈。\n知你唐门负债，你又阮囊羞涩，只喝了香饮子，便轻饶了你怠慢之罪。\n四处走逛散心，看看地方民生、风景也是好的。
Story/N_S0207_01_016,至于小师妹只得色纸，便已心满意足了。
Story/N_Back_03_501_001,你来到后山，打算独自变强，小师妹和叶云裳冒出来，\n扬言要去山涧玩水，要求你担任监护之责。
Story/O_Back_03_501_001,玩水时间
Story/N_Back_03_501_002,你捉鱼、捉虾生火烧烤，\n两位小姑娘则把鞋袜脱了，赤脚下水玩耍，饿了就上岸嗷嗷待哺。\n你参与了她们最好的时光，无论秋冬，回忆永如盛夏。
Story/O_Back_03_501_002,不能让这两个家伙打乱计划
Story/N_Back_03_501_003,你来到后山，打算独自变强，与小师妹不期而遇，\n她一言不发，却用眼神暗示你：她渴望烤鱼。
Story/O_Back_03_501_003,捉鱼时间
Story/N_Back_03_501_004,你脱下靴子，入山涧涉水捉鱼，喂食小师妹。\n她呵凉了烤鱼，小口小口地吃掉，舔舔手指。
Story/O_Back_03_501_004,不能让这家伙打乱计划
Story/N_Back_Free_001_001,你和小師妹一起練功，想秀幾手俊的博她芳心，處處愛現，反而耽誤了自己練功。
Story/N_Back_Free_101_001,山分明那么静，却似听见风儿哼着旧时歌谣。\n你忘了本来目的，脱下靴子，入山涧涉水捉鱼，烤了一人独享，吃饱了，心仍空荡荡的。
Story/D_2_4_7_1_001,幸好我机灵，不住敬酒灌醉他们，摆脱了这群蠢蛋。\n否则挨到后来，我叫不出人马，还不漏馅？
Story/D_2_4_7_1_002,怎么……人虽然多，今天就没一个唐门弟子在外堡吗？
Story/D_2_4_7_1_003,没办法，只能亲自跑一趟大院了。
Story/O_2_4_7_1_001,遭遇嗜血的野兽
Story/O_2_4_7_1_002,遭遇侦察的斥侯
Story/O_2_4_7_1_003,遭遇迷路的小动物
Story/D_2_4_7_1_004,这个气息是……！
Story/D_2_4_7_1_005,……小师妹？你在吗？
Story/D_2_4_7_1_006,在。
Story/D_2_4_7_1_007,真的是你！好、好久不见了，见着你，真欢喜。
Story/D_2_4_7_1_008,嗯。
Story/D_2_4_7_1_009,你怎不在大院，独自一人在山道上徘徊？
Story/D_2_4_7_1_010,谜。
Story/D_2_4_7_1_011,又迷路了是吧？
Story/D_2_4_7_1_012,谜。
Story/D_2_4_7_1_013,我懂了，是带你出门的师姊迷路了，你在找她。
Story/D_2_4_7_1_014,嗯，嗯，就是这样。
Story/T_2_4_7_1_001,虽然和小师妹说也可以，但奈何她独自根本找不到回家的路。\n没办法，只好带着她。
Story/D_2_4_7_1_015,我要上山，你要和我一道走吗？
Story/D_2_4_7_1_016,好。
Story/D_2_4_7_1_1_001,吓我一跳，突然窜出来。\n我又没招惹牠，竟连山猪都想杀我。
Story/D_2_4_7_1_1_002,这山猪块头挺大，我一个人是搬不动了，何况现在也不是时候。\n回头再处理吧。
Story/D_2_4_7_1_2_001,这小子不好斗！快走！
Story/D_2_4_7_1_2_002,往哪儿走──
Story/D_2_4_7_1_2_003,等等，现在不是穷追的时候，上山要紧。
Story/D_2_4_7_1_2_004,这两人从道旁窜出来，见我服色，二话不说提刀便砍。
Story/D_2_4_7_1_2_005,……穷寇莫追，须防他是调虎离山！还是上山要紧！
Story/D_2_4_7_2_001,呼……呼……喂，唐门的大家，大事不好了──
Story/D_2_4_7_2_002,呼……不行，我要……要先喘一下。
Story/D_2_4_7_2_003,拍拍，辛苦了。
Story/D_2_4_7_2_004,你倒是一滴汗也没流。
Story/D_2_4_7_2_005,怎么大院不见半个人影？
Story/D_2_4_7_2_006,去江陵了，人少，大家都比较忙……。
Story/D_2_4_7_2_007,啊。
Story/D_2_4_7_2_008,怎么了？
Story/D_2_4_7_2_009,太阳下山，我要负责点灯。\n师兄，再见见见见见。
Story/N_2_4_7_2_001,你跑着上山，一路没停，喘得上气不接下气。
Story/T_2_4_7_2_001,对了，这当儿太阳都要下山了，练武场自然没人。\n都去盥洗，准备吃饭了吧。
Story/D_2_4_7_2_010,赌咒说过打死不回来的，结果我还是回来了。
Story/N_2_4_7_2_002,你望着生活了多年的地方，百感交集，感慨万千。
Story/D_2_4_7_2_011,闪开！
Story/D_2_4_7_2_012,大鲸师兄请留步。
Story/D_2_4_7_2_013,干什么，没看到我很忙吗？
Story/D_2_4_7_2_014,等等……你来得正好。
Story/D_2_4_7_2_015,你会烧菜吧？过来，替我代一下班。
Story/D_2_4_7_2_016,现在不是烧菜的时候，快先听我说。
Story/D_2_4_7_2_017,你一个外姓弟子少跟我啰唆，叫你烧菜你就给我烧！\n是不是要我他妈揍了你才肯闭嘴？
Story/D_2_4_7_2_018,是大鲸那家伙，又来了。\n今天是谁倒霉？
Story/D_2_4_7_2_019,是赵师弟被他缠上了。\n好一阵子没见到人，想来是被派出去办事，刚一回来就被逮到。
Story/D_2_4_7_2_020,那大鲸仗着自己以前学过其他武功，带艺投师，力气又大，脾气也横。\n老是把三师兄交代的事推给别人，别人不从，他就动手动脚。
Story/D_2_4_7_2_021,师兄们怎么就这样放任他猖獗。
Story/D_2_4_7_2_022,你们在说我坏话？不然去告我状啊！\n等我受完罚，谁告我的，就知道好死！
Story/D_2_4_7_2_023,没、没有。
Story/D_2_4_7_2_024,等、等等，师兄，我真有急事要说。
Story/D_2_4_7_2_025,废话少说！正好拿你试试我新练的唐门武功！我来啦！
Story/D_2_4_7_2_026,二、二师兄。
Story/D_2_4_7_2_1_001,自己的菜自己烧啦！
Story/D_2_4_7_2_1_002,呼……呼……累死我了。\n就已经快喘不上气了，还闹，存心欠打！
Story/D_2_4_7_2_1_003,不是要烧菜吗？妈的，死猪！\n给我起来，看我不把你剁了红烧！
Story/D_2_4_7_2_1_004,够了。
Story/D_2_4_7_2_1_005,是这家伙──
Story/D_2_4_7_2_1_006,废话少说。
Story/D_2_4_7_2_1_007,就是说！猪肉的话我要吃烤的！抹蜂蜜！
Story/D_2_4_7_2_1_008,云裳。
Story/D_2_4_7_2_1_009,我什么都没说，红烧也满好的，清蒸、白斩配蒜蓉也可以。
Story/D_2_4_7_2_1_010,若不是他犯错在先，凭你侵踏我唐家大院，动手伤我门人，\n便足置你于死地。
Story/D_2_4_7_2_1_011,好歹得向二师兄告这家伙一状。\n要是唐门再容这样的家伙横行霸道，岂不教人寒心！
Story/D_2_4_7_2_1_012,……本门的家事，不劳外人费心。
Story/D_2_4_7_2_1_013,呃。
Story/D_2_4_7_2_1_014,你们不要，那我可以收哥哥作叶家人吗？
Story/D_2_4_7_2_1_015,云裳！
Story/D_2_4_7_2_1_016,你自己都寄人篱下，还说大话。
Story/D_2_4_7_2_1_017,谁说我是寄人篱下的？默铃跟师姊们打牌，把床位都输给了我。\n现在我的领地有五个床位那么大。
Story/D_2_4_7_2_1_018,这些没用的话，跟别人说去，少来瞎搅和。\n唐芳！这丫头有精神了，给她补几针！
Story/D_2_4_7_2_1_019,我这就带她走，二师兄息怒。
Story/D_2_4_7_2_1_020,不！你不能这样公报私仇！我今天已经被扎过了！不公平！
Story/D_2_4_7_2_1_021,来个人，把这丢人现眼的家伙拖下去，我稍候整治。
Story/D_2_4_7_2_1_022,不是他，是地上那个。
Story/D_2_4_7_2_1_023,哦。
Story/D_2_4_7_2_1_024,唔……！
Story/D_2_4_7_2_1_025,哈，师弟，你武功未免太不济！让本大侠教你几手！再来呀！
Story/D_2_4_7_2_1_026,放屁，像你这种人，才不是大侠！\n你就算武功比我高，一样是流氓！
Story/D_2_4_7_2_1_027,大侠应该是不会恃强凌弱的吧。
Story/D_2_4_7_2_1_028,听你放屁！我武功比你高，我就是大侠！我就可以欺负你！
Story/D_2_4_7_2_1_029,干什么干什么？唐大鲸你造反了是不是？
Story/D_2_4_7_2_1_030,云裳。
Story/D_2_4_7_2_1_031,知道我哥哥是谁罩的吗？是我！混世魔王叶云裳！\n你怎么着，是好了伤疤忘了痛吗？竟敢动我的人！
Story/D_2_4_7_2_1_032,不、不是，我没有……这，唉，我错了还不行吗？
Story/D_2_4_7_2_1_033,诚意呢？甜食呢？钱呢？
Story/D_2_4_7_2_1_034,姑奶奶，我一有吃的就给你抢走，身上就剩几个子儿了。\n你大发善心留点儿我过日子行不行？
Story/D_2_4_7_2_1_035,不行，你要非得留着，那就会变成你的医药费！
Story/D_2_4_7_2_1_036,我怕了你，拿去，这样总行了吧。
Story/D_2_4_7_2_1_037,这个臭鲸，越来越不象话了。\n哥哥，他没伤着你吧？
Story/D_2_4_7_2_1_038,他怎么能如此听话。
Story/D_2_4_7_2_1_039,昔有诸葛亮七擒七纵，火烧藤甲兵。\n今有我叶云裳八擒八纵，水淹唐大鲸。
Story/D_2_4_7_2_1_040,绝。唉，却是我让你看了笑话。
Story/D_2_4_7_2_1_041,别放心上，哥哥。你便是不打输他，也一样好笑。
Story/D_2_4_7_2_1_042,你这算是在安慰我吗？
Story/D_2_4_7_2_1_043,见仁见智啰，你要是觉得被冒犯了，无疑就是我在冒犯你，\n反之你若感觉被安慰到的话，就是我在安慰你了。
Story/D_2_4_7_2_1_044,什么乱七八糟的。
Story/D_2_4_7_2_1_045,呵，哈哈哈哈！
Story/D_2_4_7_2_1_046,哈哈！
Story/D_2_4_7_2_1_047,哦……哥哥，事情好像不大妙！
Story/D_2_4_7_2_1_048,怎么了？
Story/D_2_4_7_2_1_049,我克星往这边过来了，钱太重你替我拿着，晚点见！
Story/D_2_4_7_2_1_050,别跑！
Story/D_2_4_7_2_1_051,二、二师兄。
Story/D_2_4_7_2_1_052,怎么了？说下去。
Story/D_2_4_7_2_1_053,二师兄！
Story/D_2_4_7_2_1_054,二、二师兄。\n你怎么来了？你不应该在炼丹房吗？
Story/D_2_4_7_2_1_055,我想到哪就到哪。
Story/D_2_4_7_2_1_056,这个当然。\n我正和这位师弟在对练呢。
Story/D_2_4_7_2_1_057,这个人不是你师弟。
Story/D_2_4_7_2_1_058,唔。
Story/D_2_4_7_2_1_059,就算是外姓弟子，这人入门可比你早，是你师兄。
Story/D_2_4_7_2_1_060,！
Story/D_2_4_7_2_1_061,他是我师兄？\n二师兄你说笑吧，他这软脚瞎还能当人师兄？
Story/D_2_4_7_2_1_062,你们不是对练吗？对师弟喂招，何必当真？
Story/D_2_4_7_2_1_063,你是说他让我？\n这可有点过份了啊二师兄，我看起来很笨吗？
Story/D_2_4_7_2_1_064,很笨。
Story/D_2_4_7_2_1_065,你上前再跟他打过，这次别手下留情了。
Story/D_2_4_7_2_1_066,二师兄，可是我……我怎能……？
Story/D_2_4_7_2_1_067,你怕出手过重伤了他？\n放心，我在这里，只要你不宰了他，我都救得活。
Story/T_2_4_7_2_1_001,二师兄的意思是，他会帮我？
Story/D_2_4_7_2_1_068,好啊，既然二师兄这么说，那我也不必收力了是吧？\n走着瞧吧，看我把你内脏都拧出来！
Story/D_2_4_7_2_2_001,我、我认输了。
Story/D_2_4_7_2_2_002,还是别打了吧……？
Story/D_2_4_7_2_2_003,似你这般无能透顶窝囊废、娘娘腔，看着就碍眼！\n立刻给我滚！
Story/N_2_4_7_2_2_001,有人相帮，你却连战斗的勇气都没有。\n二师兄对你失望透顶，当即将你逐出大院，自生自灭。
Story/D_2_4_7_2_2_004,好痛！好痒啊！啊啊！！
Story/N_2_4_7_2_2_002,唐大鲸周身是毒，滚地哀嚎，又抓又挠，也蹭不掉那蚀骨的麻痒。
Story/T_2_4_7_2_2_001,好恐怖！
Story/D_2_4_7_2_2_005,……。
Story/O_2_4_7_2_2_001,「你既吃了苦头，下次便该知道分寸。我这就解了你身上的毒吧！」
Story/D_2_4_7_2_2_006,……啧。
Story/N_2_4_7_2_2_003,只见二师兄不动声色掀了掀袖子，唐大鲸可怖情状顿时缓解。
Story/O_2_4_7_2_2_002,听任二师兄发落。
Story/D_2_4_7_2_2_007,呵呵。
Story/T_2_4_7_2_2_002,我发誓一生也不会得罪二师兄，太恐怖了！
Story/D_2_4_7_2_2_008,哼，看来他也吃足苦头了。\n师弟，你收功吧。
Story/D_2_4_7_2_2_009,哈？哦，是，我这就收功。
Story/N_2_4_7_2_2_004,在你装模作样随意比划的同时，\n二师兄不动声色掀了掀袖子，唐大鲸可怖情状顿时缓解。
Story/D_2_4_7_2_2_010,呼……呼……。
Story/D_2_4_7_2_2_011,师弟，很疼是吗？
Story/D_2_4_7_2_2_012,是，很、很疼。
Story/D_2_4_7_2_2_013,让你打断手骨的人一样很疼。\n可不同的是，他不似你只消服用解药便会好。
Story/D_2_4_7_2_2_014,若不及时施救，说不定他会留下隐患，终生残疾。\n即便处理得当，那伤没十天半个月也好不了。
Story/D_2_4_7_2_2_015,……我、我知错了，对不住。
Story/N_2_4_7_2_2_005,二师兄看向你，似乎示意你也说点什么。
Story/O_2_4_7_2_2_003,「知道唐门武功的厉害了吧？」
Story/O_2_4_7_2_2_004,「下次别再恃强凌弱欺负别人了。」
Story/O_2_4_7_2_2_005,「既然知错，便不可再犯，去洗把脸歇会吧。」
Story/D_2_4_7_2_2_016,知、知道了师兄。
Story/D_2_4_7_2_2_017,且慢。你余毒未尽，三日之内不可运气动武。\n此外每日辰时、午时服三杯热决明子茶，当无后患。\n听清楚了吗？
Story/D_2_4_7_2_2_018,是，听清楚了！
Story/D_2_4_7_2_2_019,滚吧。
Story/D_2_4_7_2_2_020,明明有更快的解法才对。
Story/D_2_4_7_2_2_021,不急，他既只知用蛮力，就教他多吃一点苦头。
Story/D_2_4_7_2_2_022,原来如此。
Story/D_2_4_7_2_2_023,多谢二师兄相助，真没想到二师兄会出手帮我。
Story/D_2_4_7_2_2_024,哼，有什么好意外的？
Story/D_2_4_7_2_2_025,此人性情乖张，性喜耀武扬威，兼而吃软怕硬。\n仗着曾在外学过粗浅拳脚，到处显摆，来不了几日已打伤多位门人。
Story/D_2_4_7_2_2_026,照他这德性，迟早会替唐门惹上麻烦，\n我不过是借此良机及早矫正他的个性罢了。
Story/D_2_4_7_2_2_027,况且，你虽然只是外姓弟子，毕竟在唐门待了多年。\n若被这外行人骑到头上，本门的面子也挂不住。
Story/D_2_4_7_2_2_028,这可不是为了你。
Story/D_2_4_7_2_2_029,总而言之还是多谢师兄。
Story/D_2_4_7_3_001,既然走了，又何必回来？\n如今唐门已没有你的位置。
Story/D_2_4_7_3_002,我想也是。\n我不告而别，被除名天经地义。
Story/D_2_4_7_3_003,把你轰出这道山门之前，姑且听听你去而复返的理由。
Story/D_2_4_7_3_004,啊！对了！\n我在镇上破庙之中撞见了一群坏人，意图对唐门不利！
Story/D_2_4_7_3_005,哦……有这种事？详细说来。
Story/N_2_4_7_3_001,你遂将破庙中所见所闻告诉二师兄。
Story/D_2_4_7_3_006,……你说，有一群乔装打扮成六派人士的宵小，打算夜袭本门？
Story/D_2_4_7_3_007,正是。
Story/D_2_4_7_3_008,……你说，有一群乔装打扮成六派人士的宵小，打算夜袭本门，\n又有一群泥教的人马追着你打？
Story/D_2_4_7_3_009,没错，我打赢了两个鬼卒，可惜他们人太多，要不我就捉回来了。
Story/D_2_4_7_3_010,你可有负伤？
Story/D_2_4_7_3_011,咦？二师兄，你这是关心我？
Story/D_2_4_7_3_012,我没事，小伤而已。
Story/D_2_4_7_3_013,恶心，谁关心你了？我是要看你伤势，辨识那人家数。
Story/D_2_4_7_3_014,喔。
Story/N_2_4_7_3_002,你只得披露方才决斗所负伤势。
Story/D_2_4_7_3_015,……与你相斗之人并非地狱道鬼卒，是假冒的。
Story/D_2_4_7_3_016,果然不是啊。
Story/D_2_4_7_3_017,看来你也心里有数。
Story/D_2_4_7_3_018,我方才就觉得不大对劲，他们使的是长柄，\n但是行招走位的距离都抓得太近，武功不差，却像是习惯使刀剑的。
Story/D_2_4_7_3_019,还不算彻底没长脑子。
Story/D_2_4_7_3_020,何以见得？
Story/D_2_4_7_3_021,地狱道使者所练的叉法，都是为了制服敌人。\n有拌、缠、缴、捺四字诀，招数旨在加压，令人丧失战意，从而屈服。
Story/D_2_4_7_3_022,我感觉……好像没有那种味儿。
Story/D_2_4_7_3_023,那就对了，因为他们是冒牌货。
Story/D_2_4_7_3_024,你伤势上的疑点，第一是直刺，这招摆明是要你性命。\n除非你穷凶极恶被抓现行，否则就算有罪，地狱道也一定会拿你回阴曹，\n交判官赵逵刑审。
Story/T_2_4_7_3_001,我说不定真的是穷凶极恶。
Story/D_2_4_7_3_025,第二，你说碰见两名鬼卒进破庙，这就很奇怪了。
Story/D_2_4_7_3_026,为何？
Story/D_2_4_7_3_027,地狱道怨苍天不仁，背弃神佛，立誓不进寺庙，死生不向泥塑叩首。
Story/D_2_4_7_3_028,原来如此！
Story/D_2_4_7_3_029,……你说，有一群乔装打扮成六派人士的宵小，打算夜袭本门，\n又有一群乔装成泥教的人马，要帮本门？
Story/D_2_4_7_3_030,正是。
Story/D_2_4_7_3_031,……我且来问你，姑且不论前面一拨乌合之众，\n乔装泥教的那伙人，你认为他们用意为何？
Story/O_2_4_7_3_001,好心
Story/D_2_4_7_3_032,也许他们好心想帮忙，做好事替泥教挽回名声……？
Story/D_2_4_7_3_033,啧。
Story/D_2_4_7_3_034,误以为你有长脑子，是我的过错。
Story/D_2_4_7_3_035,呃……。
Story/O_2_4_7_3_002,嫁祸
Story/D_2_4_7_3_036,也许是我小人之心度君子之腹也说不定。\n有没有可能那些人帮唐门，其实压根不怀好意呢？
Story/D_2_4_7_3_037,嫁祸。
Story/D_2_4_7_3_038,嗯，还不算无药可救。
Story/D_2_4_7_3_039,这些人若真存好心，何以不来示警？\n乔装成泥教中人，待本门受袭才出手相助，又对本门弟子秋毫无犯。\n届时消息流传到江湖上，本门必遭非议。
Story/D_2_4_7_3_040,用心真歹毒。\n他们明着来攻打，未必能动摇本门根基，却想凭世人攸攸之口毁掉唐门。
Story/D_2_4_7_3_041,是点苍派吗……不，点苍派不会用这种绕弯子的手段。\n除此之外，还有谁会与本门为难？
Story/D_2_4_7_3_042,多到数不完。
Story/D_2_4_7_3_043,哼……还真是这样，那索性不想了。\n将人擒住，拷问一番，自然水落石出。
Story/D_2_4_7_3_044,你随我去正心堂，将你方才的话原封不动禀报掌门。
Story/D_2_4_7_3_045,我去见掌门吗？
Story/D_2_4_7_3_046,……不，我就不去了。\n我不告而别，何来颜面再见掌门。\n既然二师兄已经知情，我便就此告辞了。
Story/D_2_4_7_3_047,……我就不去了吧。\n我报了讯便走，省得他老人家见了我，还道我图什么嘉许。\n既然用不着我了，趁着天还没黑，我自下山去得了。
Story/T_2_4_7_3_002,这回我是真走了，后会无期，云裳。\n愿你早日康复，一生平安无忧。
Story/T_2_4_7_3_003,这回我是真走了，后会无期，小师妹。\n恕我不能喝你喜酒，愿你和如意郎君白头偕老。
Story/T_2_4_7_3_004,这回我是真走了。
Story/D_2_4_7_3_048,告辞。
Story/D_2_4_7_3_049,唔呀呀呀呀呀！！二师兄你干嘛！
Story/D_2_4_7_3_050,你所言真伪尚未判明，哪有这么容易走得？\n给我老实待着，静候掌门定夺！
Story/D_2_4_8_1_001,贱人，给我起床，还想睡……等等，你拿根棍子是想干嘛？
Story/D_2_4_8_1_002,啊！谁打我！
Story/D_2_4_8_1_003,他！我亲眼看到他拿棍子打你！\n我见你被打好生心疼，想要阻止却无能为力！
Story/D_2_4_8_1_004,{size=50}喇逼鵰啦！！{/size}
Story/D_2_4_8_1_005,别窜的那么猛，等下你又流鼻血！
Story/T_2_4_8_1_001,叶姑娘对师弟真是特别的手辣，八成是因为脸吧。
Story/D_2_4_8_1_006,你醒了也好。
Story/D_2_4_8_1_007,贱人，给我起床，还想睡到什么时候！
Story/D_2_4_8_1_008,我在哪？现在几更天了？
Story/D_2_4_8_1_009,睡迷糊了是吧？你是唐门弟子，既然没去江陵，当然是在唐门。
Story/D_2_4_8_1_010,哦。
Story/D_2_4_8_1_011,本想着早点叫你一块儿吃饭，二师兄说让你睡。\n现在时候差不多了，你起来洗把脸把饭团吃了，准备上岗。
Story/D_2_4_8_1_012,上岗？
Story/D_2_4_8_1_013,不是你说的吗？\n那别人要来本门骚扰闹事，不得准备准备招待客人吗？
Story/D_2_4_8_1_014,本门大多男弟子都去江陵了，剩下的妇孺……
Story/D_2_4_8_1_015,也不能说是妇孺，我们女弟子都剽悍的很。
Story/D_2_4_8_1_016,总而言之就是人手不足，每处都要有人看守才行。\n现在三师兄把人力平均分配下去，就剩你在编制外。\n但你想啊，大家怎么可能让你一个人爽，啥事不干？
Story/D_2_4_8_1_017,可我都已经──
Story/D_2_4_8_1_018,以下是二师兄的原话。
Story/D_2_4_8_1_019,少给我废话！
Story/D_2_4_8_1_020,巴掌也是他原话之一？
Story/D_2_4_8_1_021,没有，巴掌是我的临场发挥。
Story/D_2_4_8_1_022,妈的！
Story/D_2_4_8_1_023,师弟，要我说二师兄差遣你，那是别有深意。\n你想改宗入室，就得把握机会建立功劳呀！
Story/D_2_4_8_1_024,……。
Story/D_2_4_8_1_025,别愣着，自己找个地方蹲去。\n看你爱守哪儿就守哪，反正就别闲着。
Story/D_2_4_8_1_026,我们也只能帮你到这了，你就自己看着办吧。
Story/D_2_4_8_10_001,三师兄……你们在忙什么？
Story/D_2_4_8_10_002,师弟！你……你……唉。
Story/D_2_4_8_10_003,我猜到你始终会回来，真不知该觉得感动，还是感叹。
Story/D_2_4_8_10_004,我又何尝不感叹呢。
Story/D_2_4_8_10_005,师弟！好一阵子没见着你，来得正好。
Story/T_2_4_8_10_001,谁也不觉得我会离开的样子。
Story/D_2_4_8_10_006,按你所言，这回来的贼子不为成名，只怕不是正派人士。\n为防宵小损伤典籍，需将楼中藏书谨慎保管，深锁在库房。
Story/D_2_4_8_10_007,原来是这样。
Story/D_2_4_8_10_008,亏得如此，才终于能把堆积成山的书卷清扫一空。\n咱们每回决心要清要点，都没能如愿，结果拖延至今。
Story/D_2_4_8_10_009,那有什么办法，事情就一直冒出来。\n不是你劳形于案牍之前、便是我奔忙于琐务之中。\n坐一块儿喝茶的工夫都算难得。
Story/D_2_4_8_10_010,很是。
Story/D_2_4_8_10_011,不是我害的喔。
Story/D_2_4_8_10_012,你有多忙，我都看在眼里，如何会怪罪于你。
Story/D_2_4_8_10_013,说起来，整理杂物的时候发现了这个。
Story/O_2_4_8_10_001,纸甲图纸
Story/D_2_4_8_10_014,纸造的衣甲，这个能管用吗？纸耶。
Story/D_2_4_8_10_015,我亦存疑，不过我看那图纸里的设计一点也不马虎。\n毕竟是本门前辈的发明，也不好乱扔，你拿去琢磨琢磨吧。
Story/D_2_4_8_10_016,都不用人家刀枪来砍，浸水就烂掉了。
Story/D_2_4_8_10_017,……这么一想，这纸甲还挺危险的。\n一不小心碰着大雨，还不如给人一刀杀死，好歹能够保全尊严。
Story/O_2_4_8_10_002,猛火油柜图纸
Story/D_2_4_8_10_018,这玩意好复杂，厚厚一本。\n似乎是个能喷火伤人的兵器。
Story/D_2_4_8_10_019,这件事物叫「猛火油柜」。\n乃是四师弟的授业师父「千机巧匠」唐菱所发明的暗器，你可还记得他？
Story/D_2_4_8_10_020,原来是唐菱师叔，我当然记得。\n他从前常到外堡给人修东西，都会招我过去帮手，分零钱给我当酬庸。
Story/D_2_4_8_10_021,师叔特别照顾小孩子嘛，四师弟也是他捡的。
Story/D_2_4_8_10_022,那时我想，要是唐门真有师长愿意破格收我入门，\n那一定就是唐菱师叔了，结果还是痴心妄想。
Story/D_2_4_8_10_023,师叔不收徒，四师弟那是破例。\n后来见他没心思学锻冶，一心挣钱，索性就推给掌门了。
Story/D_2_4_8_10_024,师叔过世，如今本门再也无人精擅锻冶之术。\n此书放着未免可惜，便交你琢磨吧。
Story/O_2_4_8_10_003,折纸集
Story/D_2_4_8_10_025,哦，哇！这……这可真是不得了！
Story/D_2_4_8_10_026,是啊，不知讲经楼中怎会藏有这样的书。\n小师妹见了一定欢喜得紧。
Story/D_2_4_8_10_027,万万不可，那书就是掌门下令封印起来，可不能交到小师妹手里。
Story/D_2_4_8_10_028,这是为何？
Story/D_2_4_8_10_029,事发当时，你们都凑巧不在唐门，有所不知，且听我娓娓道来。
Story/D_2_4_8_10_030,书是掌门托四师兄从山下带回的，当时小师妹读了，那叫一个欢天喜地。
Story/D_2_4_8_10_031,书中每一样她都要折，折到没色纸了，就把歪主意打到秘籍上，\n偷偷撕书，书皮扔床底藏起来，撕完了自己的秘籍，就撕旁人的。
Story/D_2_4_8_10_032,纸包不住火，后来东窗事发，小师妹被掌门家法伺候，书也被封印。
Story/D_2_4_8_10_033,事情的始末就是这样。
Story/D_2_4_8_10_034,想不到小师妹也会做坏事。
Story/D_2_4_8_10_035,撕、撕书是很要不得，不过她心思无邪，八成只是不知轻重。\n虽然说糟蹋书卷着实可恶，但谁没有年幼无知过呢？
Story/T_2_4_8_10_002,三师兄是读书人，最见不得人糟蹋书卷。\n现正天人交战，介于原谅与不原谅之间。
Story/D_2_4_8_10_036,呼……。
Story/D_2_4_8_10_037,这都陈年旧事了，又算不上什么大奸大恶。\n小师妹当时不懂事，现在想必学好了。
Story/T_2_4_8_10_003,这就不好说了，要是她不觉得撕书是坏事，怎会把书皮藏在床底？
Story/D_2_4_8_10_038,正是。
Story/D_2_4_8_10_039,总之别把书给小师妹，除非你们想惹火掌门。
Story/D_2_4_8_10_040,放火之前，怎么着也得摸点好处，去，找出他们唐门的武功秘籍。
Story/D_2_4_8_10_041,是！大当家说了，搜秘籍！
Story/D_2_4_8_10_042,你……你这家伙，背叛了吗！\n那你就跟这群唐门的畜生死一块儿得了！
Story/D_2_4_8_10_043,贼子，休得猖狂！
Story/D_2_4_8_10_1_001,妈的，他们人多，风紧，扯乎！
Story/D_2_4_8_10_1_002,想走？没门！
Story/D_2_4_8_10_1_003,外边有打斗声。
Story/D_2_4_8_10_1_004,师弟，请你们出去帮手。\n我留一半人守在这，别是调虎离山之计。
Story/D_2_4_8_10_1_005,我也想当留下来的那一半人──
Story/D_2_4_8_10_1_006,好！
Story/D_2_4_8_11_001,要不是月光稀薄，把灯火灭了再走更安全。\n不过我除非必要，否则一概不走大路，\n总不至于运气那么坏，还能碰到那群恶棍吧？
Story/O_2_4_8_11_001,没碰上
Story/N_2_4_8_11_001,你一路小心翼翼远离唐门，还不忘回去割山猪肉，抹赤炼砂盐腌防腐。\n到了山腰茶肆才稍微放心，将就着对付了一晚上，打算天明再起行。
Story/N_2_4_8_11_002,你一路小心翼翼远离唐门。\n到了山腰茶肆才稍微放心，将就着对付了一晚上，打算天明再起行。
Story/D_2_4_8_11_002,啊！你又戳我！
Story/D_2_4_8_11_003,太好了，地上这是个活哥哥，不是死哥哥。
Story/D_2_4_8_11_004,师兄，你怎么睡地上？
Story/D_2_4_8_11_005,你们怎么不在山上，跑到这儿来？
Story/D_2_4_8_11_006,我才要问你呢，还道你孤伶伶躺地上是死翘翘了。
Story/D_2_4_8_11_007,是我追坏人，迷路了。
Story/D_2_4_8_11_008,而我追默铃，迷路了。
Story/D_2_4_8_11_009,都不认得山路，忒也鲁莽。
Story/D_2_4_8_11_010,那有什么关系，我们认得你就行。
Story/D_2_4_8_11_011,嗯！
Story/D_2_4_8_11_012,唉。
Story/T_2_4_8_11_001,总不能抛下她们两人不管，说不得，还得上山一趟。
Story/D_2_4_8_11_013,哥哥，默铃害我在山里吃尽了苦头，整夜担惊受怕，心力交瘁的说！\n人家已经走不动啦～背……不，牵我手。
Story/D_2_4_8_11_014,别以为我不知你打什么歪主意，你是打算呈烂泥状，靠我拖曳吧。
Story/D_2_4_8_11_015,被发现了。
Story/D_2_4_8_11_016,然后默铃可以牵我另一只手。
Story/D_2_4_8_11_017,才不要。
Story/N_2_4_8_11_003,小师妹揪住了你的衣襬。
Story/D_2_4_8_11_018,师兄，师兄。
Story/D_2_4_8_11_019,小师妹……？
Story/D_2_4_8_11_020,师兄……见到你真好。
Story/D_2_4_8_11_021,是、是吗？真的吗？见到我，你会觉得欢喜？
Story/D_2_4_8_11_022,真的啊。
Story/D_2_4_8_11_023,你怎么会在这儿？
Story/D_2_4_8_11_024,呃，我追坏人，然后就迷路了。
Story/D_2_4_8_11_025,那你呢？
Story/D_2_4_8_11_026,我……我也是。
Story/D_2_4_8_11_027,只可惜我寡不敌众，给人家打倒在这。
Story/D_2_4_8_11_028,可怜。
Story/D_2_4_8_11_029,昨天才领你回家，今天又碰上。\n我是交了多大好运，天天捡到宝。
Story/D_2_4_8_11_030,今天不算……那是坏人害的。
Story/T_2_4_8_11_002,总不能抛下小师妹不管，说不得，还得上山一趟。
Story/D_2_4_8_11_031,再不回去，掌门会担心你，我们回吧。
Story/D_2_4_8_11_032,嗯。
Story/O_2_4_8_11_002,碰上了
Story/D_2_4_8_11_033,啊。
Story/D_2_4_8_11_034,啊。
Story/T_2_4_8_11_003,太衰啦！
Story/D_2_4_8_11_035,见着火光就过来看看，原来是你啊。
Story/D_2_4_8_11_036,哦！是赵当家的。\n喝酒喝一半就不见你人影，还道是临阵怯场了。\n结果居然独自跑来。
Story/D_2_4_8_11_037,这就是赵当家你的不是了。\n大家虽然各干各的，但一起喝过酒，你怎么能偷跑？
Story/D_2_4_8_11_038,我不，呃……。
Story/D_2_4_8_11_039,赵当家的，我们几路人马都就位了，就差你。\n你的人马呢？
Story/D_2_4_8_11_040,这个嘛……。
Story/O_2_4_8_11_003,哑口无言
Story/D_2_4_8_11_041,这个……这个这个这个……。
Story/D_2_4_8_11_042,这家伙有点儿古怪呀。
Story/D_2_4_8_11_043,说起来，赵当家你独行上山，是何贵干呀？
Story/D_2_4_8_11_044,呃……那当然是……秘密。
Story/D_2_4_8_11_045,总不能是去通风报信吧？
Story/D_2_4_8_11_046,哪哪哪有可能你你你可别凭空污污污我清白！
Story/D_2_4_8_11_047,赵当家，不是大伙疑心你，是你委实太可疑。\n这是要命的买卖，容不得一点闪失，得罪之处，还请多担待了！
Story/D_2_4_8_11_048,你们要干嘛！
Story/N_2_4_8_11_004,你经受不住严刑拷打，说出了实情。
Story/N_2_4_8_11_005,这伙山贼水盗也不是生来就坏，听说你在唐门多年不得转正入室，\n给人呼来喝去，不禁心有戚戚焉，只打断你骨头，没取你性命。
Story/N_2_4_8_11_006,你死里逃生，胆气尽失，唯恐唐门追究，顾不得伤势沉重，\n逃亡也似的雇车远远逃开，一生躲躲藏藏，终日惶惶。
Story/O_2_4_8_11_004,我一人足矣
Story/D_2_4_8_11_049,哼……哪用得着什么人马？
Story/D_2_4_8_11_050,我一人足矣。
Story/D_2_4_8_11_051,赵当家的，就算唐门倾巢去江陵，余下的也不容小觑。\n别怪兄弟没提醒你，太过托大，当心阴沟里翻船。
Story/D_2_4_8_11_052,各位不必再说，大不了就葬身在唐门，也是得偿所愿！
Story/T_2_4_8_11_004,我要真能当唐家人、葬在唐家坟就好了。
Story/D_2_4_8_11_053,俺早说你这人不简单，通缉令贴到满城都是，还敢冒充唐门弟子。\n如今竟还想一个人去闯那龙潭虎穴，他奶奶的，俺是真服了你。\n俺们几个卵蛋全加起来也没你一个人多！算什么男子汉了！
Story/D_2_4_8_11_054,赵当家豪气！这趟要是没死成，你这朋友我蔡某人交定了！
Story/N_2_4_8_11_007,众人见你视死如归，心下均自佩服，更不言语。
Story/O_2_4_8_11_005,信口开河
Story/D_2_4_8_11_055,哼……哼哼哼，嘿嘿嘿。
Story/D_2_4_8_11_056,妈的，你说话就说话，天那么黑，别笑得那么古怪行不行？怪渗人的。
Story/D_2_4_8_11_057,各位晓得乔装嫁祸给名门正派，怎么独独遗漏了唐门？\n那唐门不是来者不拒、广收门徒吗？那好得很啊。
Story/D_2_4_8_11_058,我索性就把手下的人派去拜师！光明正大学他们的武功、吃他们的饭！\n如今唐家大院，起码有一半是我同门的师兄弟！
Story/D_2_4_8_11_059,行动之日，便是倒戈之时！
Story/T_2_4_8_11_005,原来是这样！
Story/D_2_4_8_11_060,可你师兄弟们都被唐门记住了相貌姓名，\n就不怕将来唐门报复吗？众所周知，唐门最是心胸狭窄。
Story/D_2_4_8_11_061,死人不会说话。
Story/D_2_4_8_11_062,远在江陵外的唐大、唐四不说，\n那唐老魔千里追杀、辣手相公凶名赫赫，如今都在唐门，\n你可别找死还连累了俺们。
Story/D_2_4_8_11_063,我那些师兄弟都是精挑细选的大众脸，街上兜一圈，\n起码有十个八个长相相似的，拜师时用的还是假名。\n到时矢口否认装不认识，我就不信唐门会滥杀无辜。
Story/D_2_4_8_11_064,脸皮恁厚！
Story/T_2_4_8_11_006,破庙相见，我还想这人扮唐门弟子实属大胆。\n他一个人说不定还能蒙混过关，总不能他手下人个个都穿青衣。\n万万没想到，他竟脸皮厚到把人派去拜师……高招，受教了。
Story/T_2_4_8_11_007,难怪这人会被海捕文书通缉。\n这等心机胆识，在绿林黑道里也殊为罕见。
Story/N_2_4_8_11_008,你一席发言，震骇众人。\n就连这群聚啸山林的悍匪都对你心生畏惧之情。
Story/D_2_4_8_11_065,几位当家的，还在这磨咕什么？\n再不赶紧进攻，误了时辰，要我如何向公子交代！
Story/D_2_4_8_11_066,{size=50}好！走！{/size}
Story/T_2_4_8_11_008,这下不去不行了。
Story/D_2_4_8_11_067,嘿，这群人睡得老沉，竟无半分警戒之心，连个守夜的都没有。\n这下正好，大伙带着弟兄们各自行动吧！
Story/T_2_4_8_11_009,这、下该如何是好？
Story/D_2_4_8_11_068,{size=50}呃啊！你、你怎会……！{/size}
Story/D_2_4_8_11_069,{size=50}哇啊！怎会走漏风声的？{/size}
Story/D_2_4_8_11_070,{size=50}风紧！扯呼！{/size}
Story/D_2_4_8_11_071,赵当家，我们中计了！
Story/D_2_4_8_11_072,什么玩意爆了？这回真的要死！
Story/D_2_4_8_11_073,二二二二二二师兄～～！
Story/D_2_4_8_11_074,哼……赵氏蠢猪，这回事情干得不错。\n如你所料，带头闹事的都在这里了，正好一网打尽！
Story/D_2_4_8_11_075,我懂了……我懂了！这姓赵的龟孙子家伙是叛徒！他出卖我们！
Story/D_2_4_8_11_076,妈巴羔子的，洒家早就疑心他！
Story/D_2_4_8_11_077,众兄弟们，咱们跟这群蓝色混蛋拼了！好歹那闹一场再跑！
Story/D_2_4_8_11_078,优先杀掉这个丑的！
Story/D_2_4_8_11_079,我的天！二师兄你是存心想害我！
Story/D_2_4_8_11_080,就当是你漏夜潜逃的处罚吧。
Story/D_2_4_8_2_001,弟、弟子赵活恭请掌门晚安。
Story/D_2_4_8_2_002,嗯。
Story/D_2_4_8_2_003,铃儿，见了师兄怎不问好？礼貌呢？
Story/D_2_4_8_2_004,师兄好。
Story/T_2_4_8_2_001,难道掌门不知我已经离开唐门了吗？\n还让小师妹喊我作师兄。
Story/D_2_4_8_2_005,哥哥！
Story/D_2_4_8_2_006,{size=24}你还笑，方才那笔帐还没跟你算呢。{/size}
Story/D_2_4_8_2_007,哦，看在兄妹情份上打个对折，你再给我五百文钱，这帐就算两清了。
Story/D_2_4_8_2_008,有没有搞错，你打人，还反倒跟我要钱？
Story/D_2_4_8_2_009,可爱妹妹的温馨唤醒服务，一次要价一两银，再实惠不过。\n打你则是附赠奖励的说。
Story/D_2_4_8_2_010,{size=24}你……好，算你狠。{/size}\n{size=24}掌门在此，我暂时不跟你计较。{/size}
Story/D_2_4_8_2_011,掌门和小师妹在此，正心堂戒备森严，看来是用不着弟子。\n我去别处看看，有无可以效劳。
Story/D_2_4_8_2_012,不必，依你所言，不刻将有敌人来犯。\n来人既存殊死决心，我等当心存敬意，整肃以待。\n你莫再闲晃，就在正心堂守着。
Story/D_2_4_8_2_013,是，弟子领命。
Story/N_2_4_8_2_001,言罢，掌门入座闭目养神，更不言语。
Story/D_2_4_8_2_014,哥哥，我们分配一下等会儿各自的职司。\n等会儿坏人进来，默铃负责进攻，你要负责保护我。
Story/D_2_4_8_2_015,那你负责什么？
Story/D_2_4_8_2_016,背后拿刀捅你。
Story/D_2_4_8_2_017,你这小没良心的！
Story/D_2_4_8_2_018,……。
Story/T_2_4_8_2_002,要跟人打架了，小师妹怎么半点不慌，还笑？
Story/N_2_4_8_2_002,小师妹默然不语，她早有预感，你会现身。
Story/D_2_4_8_2_019,什么声音？！
Story/D_2_4_8_2_020,坏人踩中地鸣雷的声音。
Story/D_2_4_8_2_021,你们还放了陷阱！
Story/D_2_4_8_2_022,狼烟燃起，时机已至！\n哥哥、默铃，我们冲将出去，杀他们一个片甲不留！
Story/D_2_4_8_2_023,快别闹了，会要命的！
Story/D_2_4_8_2_024,你拦不住我！
Story/D_2_4_8_2_025,拍拍，云裳不要吵。
Story/D_2_4_8_2_026,你、你嫌我吵……太伤人了！
Story/D_2_4_8_2_027,啊！为什么是打我！
Story/D_2_4_8_2_028,裳儿，你去冲一壶茶来。
Story/D_2_4_8_2_029,哎～可是人家想打架报答唐门。
Story/D_2_4_8_2_030,除非……。
Story/D_2_4_8_2_031,可以放糖。
Story/D_2_4_8_2_032,裳儿马上去！
Story/D_2_4_8_2_033,你们出去迎击。
Story/D_2_4_8_2_034,是。
Story/D_2_4_8_2_035,是，弟子领命。
Story/D_2_4_8_2_036,师兄，我们出去。
Story/D_2_4_8_2_037,我们的使命不是守卫正心堂吗？\n你想，万一我们不在，敌人侵入正心堂袭击掌门，结果会怎样？
Story/D_2_4_8_2_038,死掉。
Story/D_2_4_8_2_039,呃……好像还真是这样，当我没说吧。
Story/D_2_4_8_3_001,我就守这里好了。
Story/D_2_4_8_3_002,守个屁，你大剌剌站这，谁不知道你有埋伏！用点脑子好吧！
Story/D_2_4_8_4_001,嚼嚼嚼嚼。
Story/D_2_4_8_4_002,嚼嚼嚼嚼嚼。
Story/D_2_4_8_4_003,师兄，师姊，这里还缺人手吗？
Story/D_2_4_8_4_004,你们怎么自己吃起来了？
Story/D_2_4_8_4_005,这……这……不是你想的那样。\n我们绝对不是想把好吃的吃掉，再嫁祸给闯进来捣乱的贼人。
Story/D_2_4_8_4_006,哦……是哦。
Story/D_2_4_8_4_007,师妹，冷静点！\n事到如今，唯有他也吃了，大家同一条船上，才不怕他去告状！
Story/O_2_4_8_4_001,我才不吃
Story/D_2_4_8_4_008,敬酒不吃吃罚酒，唐皓，架住他！
Story/D_2_4_8_4_009,你们想干什么？不过是撞见你们吃宵夜，就想杀人灭口？
Story/O_2_4_8_4_002,我吃就是了
Story/O_2_4_8_4_003,解锁条件：［道德］为［中庸］以下
Story/D_2_4_8_4_010,像这种好事，不用你们相逼我也乐意得很！
Story/D_2_4_8_4_011,冷静，冷静，我吃就是了。
Story/N_2_4_8_4_001,你与那二人同流合污，肆无忌惮吃了个饱。
Story/D_2_4_8_4_1_001,不行，吃太撑，好难活动……！
Story/D_2_4_8_4_1_002,我好像快吐了……呕～
Story/D_2_4_8_4_1_003,你、你真恶心，害我也想……呕～
Story/D_2_4_8_4_1_004,……这可不能怪我喔，是你们自己要打的。
Story/D_2_4_8_4_1_005,吃！吃了这个，你就是共犯了！
Story/D_2_4_8_4_1_006,不～
Story/D_2_4_8_4_1_007,求饶也没用！没有人会来救你！\n就算来了，见到你满嘴油，谁会信你说词！
Story/D_2_4_8_4_1_008,我是说我不要吃这个，来点别的。
Story/D_2_4_8_4_1_009,可恶……良心好痛，但是真好吃！
Story/D_2_4_8_4_2_001,老大，我们跑进唐门伙房做甚？下毒吗？
Story/D_2_4_8_4_2_002,笨，那些唐门的能把毒草当菜吃，你下毒能顶什么用？\n来伙房当然是放火的！
Story/D_2_4_8_4_2_003,说起来，他们伙房怎么有股味儿？\n像是……像是有人吐过似的。
Story/D_2_4_8_4_2_004,你也是？我还道是错觉，弄得我也有点儿犯恶心。
Story/D_2_4_8_4_2_005,想放火？问过我没有！
Story/D_2_4_8_4_2_006,是谁！现出形来！
Story/D_2_4_8_4_2_007,好！我就让你──啊！
Story/D_2_4_8_4_2_008,二哥～！二哥被这胖子压死了！
Story/D_2_4_8_4_2_009,三弟！哪来的肥公肥婆，长这么胖还躲屋梁上，都没自知之明吗？
Story/D_2_4_8_4_2_010,师兄、师姊，你们没事吧？
Story/D_2_4_8_4_2_011,不好，我可能骨折了。
Story/D_2_4_8_4_2_012,血！好多血……我、我要死了？啊，好像不是我的血。那没事了。
Story/D_2_4_8_4_2_013,是你这家伙背叛了吗！
Story/D_2_4_8_4_3_001,老大，你没事吧？
Story/D_2_4_8_4_3_002,好小子，爪子还挺硬！
Story/D_2_4_8_4_3_003,换我会一会这丑八怪！
Story/D_2_4_8_4_3_004,你走开，换我出风头了！
Story/D_2_4_8_4_3_005,方才我掉下来只是失误，这回才要显真本事！\n看我绝招──哈～～！
Story/D_2_4_8_4_3_006,这是什么武功？还没出招就山摇地动，好可怕呀！
Story/D_2_4_8_4_3_007,二哥等等我！
Story/D_2_4_8_4_3_008,什么东西爆了？吓我一大跳！师弟，你快出去看看！
Story/D_2_4_8_5_001,师兄，弟子房还缺人手吗？
Story/D_2_4_8_5_002,你想都别想，我知道你是盯上了床！
Story/D_2_4_8_5_003,讲不会听喔！
Story/D_2_4_8_5_004,你、你干什么？轻轻打你几下就吐这么多血，想吓唬我啊！\n喂！
Story/D_2_4_8_6_001,几位师兄，这里还缺人手吗？
Story/D_2_4_8_6_002,正好，你来替我站哨……。
Story/D_2_4_8_6_003,怎么是你啊。
Story/D_2_4_8_6_004,大鲸师弟，既然吃过苦头了，劝你别再招惹他。
Story/D_2_4_8_6_005,你就这么不长记性，好没两天便忘了二师兄的手段吗？
Story/D_2_4_8_6_006,没、没有那回事，别说了，一想起来老子的胃又开始疼……。
Story/T_2_4_8_6_001,看来是有阴霾了。
Story/D_2_4_8_6_007,你若还不服那小魔头的手段，不妨再去挑战。
Story/D_2_4_8_6_008,没、没有那回事，别说了，一想起来老子的胃又开始疼……。
Story/T_2_4_8_6_002,看来是有阴霾了。
Story/D_2_4_8_6_009,我哪敢，师弟……师兄，你请入内坐。\n这里有我大鲸看着就好。
Story/D_2_4_8_6_010,态度转变真大。
Story/D_2_4_8_6_011,谁拳头大谁有理，你比我强，我自然就听你的。
Story/D_2_4_8_6_012,来得正好，这里就我一人，正缺人手。
Story/D_2_4_8_6_013,只你一人？锻冶场中除了打好的暗器、兵刃以外，金铁矿也颇值钱。\n掌门如何不派多点人手看守？
Story/D_2_4_8_6_014,我也是这么想的。\n我站了几个时辰的哨，困得直打哈欠，你来正好与我换班。
Story/D_2_4_8_6_015,唐门的暗器享誉江湖，放火之前势必要搜刮一番──
Story/D_2_4_8_6_016,啊哒～！
Story/D_2_4_8_6_017,哇咤～！
Story/D_2_4_8_6_018,师弟，你们俩也太过鲁莽了！
Story/D_2_4_8_6_019,有什么关系？一口气解决了两个人，现在是我们占上风！
Story/D_2_4_8_6_020,师弟，你也太过鲁莽了！
Story/D_2_4_8_6_021,哇咤～！
Story/D_2_4_8_6_022,师弟，你也太过鲁莽了！
Story/D_2_4_8_6_023,唐门的机关、暗器享誉江湖，放火之前势必要搜刮一番。\n兄弟们，有图纸的拿图纸，没图纸就偷现成的！
Story/D_2_4_8_6_024,是。
Story/D_2_4_8_6_025,啊！谁暗算我！
Story/D_2_4_8_6_026,想要我唐门的暗器，何必偷？送你便是！
Story/D_2_4_8_6_027,你这两面三刀的王八蛋，暗算我兄弟？\n我跟你没完！
Story/D_2_4_8_6_1_001,兄弟们，我来断后，你们快走！
Story/D_2_4_8_6_1_002,大哥！你……！
Story/D_2_4_8_6_1_003,没用的，待我捅死了你，再追上去捅死你兄弟！
Story/D_2_4_8_6_1_004,然后打听你家人下落，把你全家通通给捅死！
Story/D_2_4_8_6_1_005,师弟，你这也太丧心病狂了一点。
Story/T_2_4_8_6_1_001,这绿林莽汉虽然跟唐门作对，对自己兄弟倒讲义气。
Story/D_2_4_8_6_1_006,你等尚未造成死伤，倘若老实投降，去向掌门谢罪，也许还能留住性命。
Story/D_2_4_8_6_1_007,呸！要你这叛徒来假好心！
Story/D_2_4_8_6_1_008,哇，怎么摇这么厉害！
Story/D_2_4_8_6_1_009,趁现在！
Story/D_2_4_8_6_1_010,啊！我的眼睛！
Story/D_2_4_8_6_1_011,他们跑了！
Story/D_2_4_8_6_1_012,师弟，你快去追！把这玩意扔回去，帮我的眼睛报仇！
Story/D_2_4_8_6_1_013,好。
Story/D_2_4_8_7_001,师兄、师姊，你们是打算埋伏在这里吗？
Story/D_2_4_8_7_002,是师弟你啊，怎么好像有阵子没见着你了？
Story/D_2_4_8_7_003,这个嘛……一言难尽。
Story/D_2_4_8_7_004,呼嘶……好了，搞定。
Story/D_2_4_8_7_005,师兄，你们这么晚拿锤子，是在敲什么事物？
Story/D_2_4_8_7_006,大院目前人少，也不知贼人几何。\n掌门说，敌人明知无幸还来送死，我们也要抱着敬意全力迎击。\n为了避免敌人从后山暗渡，所以给栈道装了地鸣雷。
Story/D_2_4_8_7_007,地鸣……
Story/D_2_4_8_7_008,你们方才敲的是地鸣雷！？
Story/D_2_4_8_7_009,不必吓成这样，这不是没爆吗。
Story/D_2_4_8_7_010,那群贼子摸黑走栈道，一定看不清楚脚下事物，\n一但踏中，霹哩趴啦砰～咔啦！就算没给当场炸死，也得通通摔死！
Story/D_2_4_8_7_011,炸毁了栈道，我们怎去后山？
Story/D_2_4_8_7_012,反正年久失修，趁此机会再盖新的不就好了。\n满山都是树，难道还缺木材吗？
Story/D_2_4_8_7_013,话是这样说没错。
Story/D_2_4_8_7_014,这还是二师兄出的主意，该说不愧是辣手相公吗。\n不止擅长用毒，心肠也歹毒得紧。
Story/D_2_4_8_7_015,好了，都回吧，这里用不着人。\n除非那群人长了翅膀，否则没有栈道，就这万仞深渊，连大师兄也没辙。
Story/O_2_4_8_8_001,先敲门
Story/D_2_4_8_8_001,是谁？
Story/D_2_4_8_8_002,师姊们，我是赵活。\n女弟子房可还需要人手守护吗？
Story/D_2_4_8_8_003,好啊！
Story/D_2_4_8_8_004,好什么好，你别自作主张。
Story/D_2_4_8_8_005,有心了，赵师弟。\n女弟子房人还算多，不必帮手。\n何况男女有别，夜深不适合让你进来，见谅。
Story/D_2_4_8_8_006,明白了，那我去别处。
Story/D_2_4_8_8_007,……这个赵师弟丑归丑，还算挺心细的。
Story/D_2_4_8_8_008,废话，那可是本娇娇看上的男人。
Story/D_2_4_8_8_009,行了，没人会跟你抢，你慢慢享用便是。
Story/D_2_4_8_8_010,不必你说，我也会好好料理他再吃。
Story/O_2_4_8_8_002,直接侵入
Story/D_2_4_8_8_011,师姊，你们──
Story/D_2_4_8_8_012,{size=50}出现啦！！{/size}
Story/D_2_4_8_8_1_001,什么呀，原来是你啊。
Story/D_2_4_8_8_1_002,大晚上的进女子房不必敲门吗？打死了都算你活该！滚！
Story/T_2_4_8_8_1_001,混蛋，多管什么闲事？\n再多补两拳他就晕了，到时还不是任我拿捏？\n这下煮熟的鸭子飞了。
Story/D_2_4_8_9_001,二师兄，你这里需要人手吗？不需要的话我就走了。
Story/D_2_4_8_9_002,站住，既然来了，就别想轻易走开。\n不指望你能帮得上忙，好歹紧要关头，能死在地上碍人退路。
Story/D_2_4_8_9_003,我的用处也太不妙了吧。
Story/D_2_4_8_9_004,二师兄说说而已，不会真的让你死掉啦。
Story/D_2_4_8_9_005,是吗？我们拭目以待。
Story/D_2_4_8_9_006,小点声，放火之前翻翻他们有什么灵丹妙药！\n这些瓶瓶罐罐、炉里的也别放过。
Story/D_2_4_8_9_007,咳，咳！有、有毒？有毒！
Story/D_2_4_8_9_008,唐门的事物，自然是有毒的，尔等焉能不知？
Story/D_2_4_8_9_009,否则你们东翻西找，找的还能是什么？找死不成？
Story/D_2_4_8_9_010,辣手相公！
Story/D_2_4_8_9_011,我们的行踪暴露了！
Story/D_2_4_8_9_012,──都别慌，他只有一个人，大家一起上！
Story/D_2_4_8_9_013,还不现身出来。
Story/D_2_4_8_9_014,好哇，我看明白了，姓赵的，原来你是叛徒！\n就是你通风报信！
Story/D_2_4_8_9_015,我……。
Story/D_2_4_8_9_016,无须理睬。
Story/D_2_4_8_9_017,你要站对面去也无所谓，杀多一个你，不必我费一次眨眼。
Story/D_2_4_8_9_018,我哪敢。
Story/D_2_4_8_9_019,我来了，我来了。
Story/D_2_4_8_9_020,你有帮手却又如何？我们人多！\n弟兄们，按计划行事，结阵拌住他们！我去放火！
Story/D_2_4_8_9_021,留一个活口就够了。
Story/D_2_4_8_9_022,啥？二师兄你不出手吗？
Story/D_2_4_8_9_023,师弟留神！
Story/D_2_4_8_9_1_001,风紧，扯乎！
Story/D_2_4_8_9_1_002,大当家，你瞑目吧，我们会帮你报仇的！
Story/D_2_4_8_9_1_003,想走？没门！
Story/D_2_4_8_9_1_004,师弟，你快出去帮手，这里交给我。
Story/D_2_4_8_9_1_005,废物，竟连一个人都没拿下。
Story/D_2_4_8_9_1_006,这如何怪得了我？那北斗七星阵有多难斗，你都不知道。
Story/D_2_4_8_9_1_007,北斗七星阵？难怪。
Story/D_2_4_8_9_1_008,话说二师兄，你不是追那土匪头子去了？
Story/D_2_4_8_9_1_009,我已将他拿住了，迟些严刑拷问。\n你出去助师弟妹们。
Story/D_2_4_8_9_1_010,好！
Story/D_2_4_9_1_001,我们的行踪被识破了！这是陷阱！
Story/D_2_4_9_1_002,妈的，是谁走漏了风声？要不是我机灵，不被炸死也得摔死！
Story/D_2_4_9_1_003,方才的爆炸声，是你搞出来的？\n居然没死，当真命大。
Story/D_2_4_9_1_004,大难临头各自飞，各位当家，小弟先走一步！
Story/D_2_4_9_1_005,有鬼！世上真的有鬼！
Story/D_2_4_9_1_006,冷静点，他不是鬼，这人是地狱道的鬼卒！
Story/D_2_4_9_1_007,岂有此理，缘何正道六大派的人会在唐家大院，坏我魔教大事！
Story/D_2_4_9_1_008,岂有此理，这些家伙定是看破了我们魔教的阴谋，上山来跟唐门示警！
Story/D_2_4_9_1_009,先料理六大派的走狗，再慢慢对付唐门！
Story/D_2_4_9_1_010,怎么回事，这群奇装异服的家伙，都是魔教弟子吧！\n怎么会在唐家大院，还帮我们？
Story/D_2_4_9_1_011,不管了，敌人的敌人就是朋友，先连手把敌人放倒，再对付魔教不迟！
Story/D_2_4_9_1_012,我起初还不信，泥教的人真来帮我们？天下之大，无奇不有啊。
Story/D_2_4_9_1_013,不管了，敌人的敌人就是朋友，先连手把敌人放倒，再对付魔教不迟！
Story/D_2_4_9_1_014,这些伪装成泥教的家伙也都不安好心，师兄弟们，都别留手！\n通通拿下了，交给二师兄审问！
Story/D_2_4_9_1_015,好！
Story/N_2_4_9_2_001,得你示警，唐门彻夜严阵以待，成功挫败了宵小阴谋。
Story/D_2_4_9_2_001,大势已去……唐门毕竟是唐门。
Story/D_2_4_9_2_002,原来我会死在这里。
Story/D_2_4_9_2_003,早知道就不接这宗生意。
Story/D_2_4_9_2_004,洒家新讨的婆娘，都还没抱过就要守寡。
Story/T_2_4_9_2_001,到底哪里出错了……这样我投奔段公子的事情，岂不是要泡汤了吗？
Story/T_2_4_9_2_002,不行，绝对不行！我已经受够给那无能二公子擦屁股了。\n以我的才干，怎能一生都在江陵虚度！不，绝不！
Story/T_2_4_9_2_003,我要飞黄腾达！我要去大理！就算这事搞砸了，\n好歹也要给公子带一份大礼！必须将那叶小娘子拿住，亡羊补牢！
Story/D_2_4_9_2_005,啊！赵活你敢踩我！
Story/D_2_4_9_2_006,师妹，你没事吧！
Story/D_2_4_9_2_007,快……快带人拦住他们！
Story/D_2_4_9_2_008,师妹，你没事吧！
Story/D_2_4_9_2_009,快……快带人拦住他们！
Story/D_2_4_9_2_010,当心！
Story/D_2_4_9_2_011,师兄你别挡路啊！
Story/D_2_4_9_2_012,……裳儿，你到老夫身侧来，现在。
Story/D_2_4_9_2_013,噢。
Story/D_2_4_9_2_014,哪一个是叶云裳！
Story/D_2_4_9_2_015,你、你是谁？
Story/D_2_4_9_2_016,就是你了，还想往哪儿跑！
Story/D_2_4_9_2_017,哥哥！
Story/D_2_4_9_2_018,别想……动我妹子……。
Story/D_2_4_9_2_019,已经像破布一样凄惨的家伙，还想碍事！
Story/D_2_4_9_2_020,我今个儿是豁出去了，不成功变成仁！\n枯荣神功第三重境界，灭・谛・掌！哈啊～～哈！！
Story/D_2_4_9_2_021,够了。
Story/D_2_4_9_2_022,突然间就倒下了，是不是太用力中风了啊？
Story/D_2_4_9_2_023,也有可能……是疝气……。
Story/D_2_4_9_2_024,话说哥哥，你怎么动也不动，一声不吭？
Story/D_2_4_9_2_025,哥哥！
Story/N_2_4_9_2_002,二师兄踏入正心堂，见敌人倒卧在地，而你生死未卜，不由得心惊。
Story/D_2_4_9_2_026,弟子失职，致令宵小惊扰掌门，请掌门责罚。
Story/D_2_4_9_2_027,那种事无关紧要，倒是赵活被南宫气功打伤，伤势颇沉。\n我已封住他膻中、巨阙、中府、天突几穴，防止经脉迸裂，内脏出血。\n你带他去炼丹房，细心医治。
Story/D_2_4_9_2_028,是。
Story/D_2_4_9_2_029,弟子失职，致令宵小惊扰掌门，请掌门责罚。
Story/D_2_4_9_2_030,无妨。赵活，你去令人取绳来，将这干人等绑缚起来。
Story/D_2_4_9_2_031,遵命。
Story/D_2_4_9_2_032,铮儿，我看此事尚有隐情，须得仔细追究，别轻易将人宰了。
Story/D_2_4_9_2_033,是，这干宵小一朝不肯吐实，弟子一定教他们求死不能。
Story/T_2_4_9_2_004,唐伯伯不是这个意思吧。
Story/D_2_4_9_2_034,我不甘心……以我的才干……干！
Story/N_2_4_9_2_003,今宵上山的，多属流氓山贼一类乌合之众，论武功远远不如唐门弟子。\n更有泥教相助，纵有趁乱逃奔者，亦不能幸免，通通一网打尽。
Story/N_2_4_9_2_004,今宵上山的，多属流氓山贼一类乌合之众，论武功远远不如唐门弟子。\n佯装泥教前来支援的也都一视同仁，照打不误。
Story/D_2_4_9_2_035,啊！
Story/D_2_4_9_2_036,带头的都在这里了？
Story/D_2_4_9_2_037,是，还有些喽啰四散而逃，已经派师弟妹们追击了。
Story/D_2_4_9_2_038,泥教的人马呢？
Story/D_2_4_9_2_039,那群人软硬不吃，好言请他们留下一叙，却突然出手伤人；\n咱们动武强留，有些见状不妙的，竟把兵刃架在自己脖子上，\n迫不得已，只得由他们去了。
Story/D_2_4_9_2_040,蠢材！他们与你非亲非故，想自刎就让他们去死得了。\n任他们来去自如，唐门颜面何存！
Story/D_2_4_9_2_041,二、二师兄说的对，是我们胡涂，我马上安排人手去追。
Story/D_2_4_9_2_042,不必了，人已跑远去，时不再来。
Story/D_2_4_9_2_043,你且记住了：下回莫再优柔寡断，抹了脖子的未必就死，\n便是刚断了气的，交在我手里，也未必不能救活。
Story/D_2_4_9_2_044,是。
Story/D_2_4_9_2_045,小师妹呢？
Story/O_2_4_9_2_001,追击敌人迷路了
Story/D_2_4_9_2_046,呃……。
Story/D_2_4_9_2_047,呃……。
Story/D_2_4_9_2_048,发信号箭，召回追击的人，让他们去找小师妹。\n但凡她少一根汗毛，抑或天亮之前找不到人，我便拿你们这群废物试药。
Story/D_2_4_9_2_049,我马上去！
Story/D_2_4_9_2_050,二师兄……能问一下是什么药吗？
Story/D_2_4_9_2_051,脱毛的药膏。抹在头顶，一生都不能再长头发。
Story/D_2_4_9_2_052,妈呀！那还不如杀了我！
Story/O_2_4_9_2_002,这！
Story/D_2_4_9_2_053,这。
Story/D_2_4_9_2_054,……看来是稳重了一点。\n我还道你又不经思索冲出门去，迷路在山里，哭哭啼啼。
Story/D_2_4_9_2_055,冲了，可是师兄拦住我，不让去。
Story/D_2_4_9_2_056,哪位师兄？
Story/D_2_4_9_2_057,就那个。
Story/N_2_4_9_2_005,说着小师妹向人群里的你一指，想起了方才撞你怀里，不禁嫩脸一红。
Story/D_2_4_9_2_058,哼……天生我才必有用。\n那赵氏蠢猪活到今日，总算派上用场，不算废物透顶。
Story/D_2_4_10_1_001,到家了，去吧。
Story/D_2_4_10_1_002,好。
Story/D_2_4_10_1_003,你怎么能边走边睡的。
Story/D_2_4_10_1_004,嗯，嗯，反正你们不会不管我。\n我一夜提心吊胆，困得很……好想睡的说。
Story/D_2_4_10_1_005,可是你还没洗澡。
Story/D_2_4_10_1_006,嗯～我想睡……你帮我洗吧。
Story/D_2_4_10_1_007,好。
Story/D_2_4_10_1_008,？！
Story/D_2_4_10_1_009,这就别过了，云裳，小师妹。
Story/D_2_4_10_1_010,好。
Story/D_2_4_10_1_011,这就别过了，小师妹。
Story/D_2_4_10_1_012,你要去哪里？
Story/D_2_4_10_1_013,我也要回我家了。
Story/D_2_4_10_1_014,……。
Story/D_2_4_10_1_015,？
Story/D_2_4_10_1_016,我们不是到家了吗？
Story/D_2_4_10_1_017,小师妹……不是的，这里不是我的家。
Story/D_2_4_10_1_018,你总算知道回来了。
Story/D_2_4_10_1_019,二师兄。
Story/D_2_4_10_1_020,我要你别追的时候，你没听见吗？
Story/D_2_4_10_1_021,听见了。
Story/D_2_4_10_1_022,那为何不听话？
Story/D_2_4_10_1_023,对不起。
Story/D_2_4_10_1_024,……去和掌门问安，之后到炼丹房找我领罚。
Story/D_2_4_10_1_025,好。
Story/D_2_4_10_1_026,二、二师兄好。
Story/D_2_4_10_1_027,唐二侠好。
Story/D_2_4_10_1_028,……功过相抵，饶你临阵脱逃之罪吧。
Story/D_2_4_10_1_029,师弟！整夜不见你踪影，还怕你有不测。\n你回来，可真是太好了。
Story/D_2_4_10_1_030,呃……昨夜打杀，本门师兄姊们可有损伤吗？
Story/D_2_4_10_1_031,放心，都没事，掌门正要招开家会，总结昨夜事情。\n还有什么话，一并到正心堂去说吧。
Story/D_2_4_10_1_032,我就不必了吧。
Story/D_2_4_10_1_033,怕什么，你把小师妹带回来了，他老人家必有嘉勉。
Story/D_2_4_10_1_034,你们先去，我到地窖再看一眼。
Story/D_2_4_10_1_035,好，那我和师弟先进正心堂向掌门问安。
Story/D_2_4_10_1_036,好心不绑你，一别开脸就不老实，这下不把你吊起来打一顿不行了。
Story/D_2_4_10_1_037,都收拾干净了吧？
Story/D_2_4_10_1_038,收拾干净了，点了穴又下麻毒，还把人捆上了，这些人插翅也难飞。\n不过他们人挺多的，该如何安置才好？
Story/D_2_4_10_1_039,你替他们忧心什么，扔练武场中央，管他风吹日晒雨淋。\n反正他们活该。
Story/T_2_4_10_1_001,没错，他们活该，谁叫他们犯贱讨打。\n所以我趁他们不能动弹，搜刮了他们身上铜钱，也是天经地义的事情。
Story/D_2_4_10_1_040,倒是你，我先前就想说了，你怎么身上这么臭？\n生得难看没办法，你好歹要勤洗澡吧？不洗澡好歹要刷牙吧？\n又脏又丑，中人欲呕。
Story/D_2_4_10_1_041,呃……抱歉。
Story/T_2_4_10_1_002,我有什么办法，穷到住破庙的人，还有什么闲情讲究干净。
Story/D_2_4_10_1_042,得了，我跟你交班，看着场中这些人，你去打水洗澡睡一觉吧。
Story/D_2_4_10_1_043,多谢师兄，那我走了喔。
Story/D_2_4_10_1_044,喂，接着。
Story/D_2_4_10_1_045,给你的，吃了再睡。
Story/D_2_4_10_1_046,……这是要拿我试毒的意思吗？
Story/D_2_4_10_1_047,你别小人之心度君子之腹，没下毒。
Story/D_2_4_10_1_048,哦，多谢师兄……？
Story/D_2_4_10_1_049,不必那么客气。
Story/D_2_4_10_1_050,这回多亏了你，要不然真给人放一把火，\n咱们人少，既要救火、又要捉贼，肯定手忙脚乱，保不定会有伤亡。\n谢啦。
Story/D_2_4_10_1_051,不客气。
Story/D_2_4_10_1_052,尽管感谢我吧！
Story/D_2_4_10_1_053,依我看你这回功劳当真不小，你改宗入室，也不无可能。
Story/D_2_4_10_1_054,师兄弟们能够说得上话的时候，一定帮你美言。\n但是结果怎样，就看掌门了。
Story/T_2_4_10_1_003,真是那样就好了，我还是不抱期望比较好，以免患得患失。
Story/N_2_4_10_2_001,你取水和皂角，舒舒服服洗了个澡，倒头便睡。
Story/D_2_4_10_2_001,师弟，快醒醒！大事不妙！
Story/D_2_4_10_2_002,怎、怎么了？又怎么了，还有敌人来袭？
Story/D_2_4_10_2_003,不是！
Story/D_2_4_10_2_004,那不然……？
Story/D_2_4_10_2_005,我突然之间极度想大便，必须即刻到茅房报到！\n你快帮我代一下班，去地窖看着那几个家伙。
Story/D_2_4_10_2_006,我说的是炼丹房底下的地窖，可不是讲经楼底下的。\n别走错了地方，那群假魔教的自有别人看守。
Story/D_2_4_10_2_007,我说的是炼丹房底下的地窖，可不是讲经楼底下的。\n别走错了地方。
Story/D_2_4_10_2_008,呃……。
Story/D_2_4_10_2_009,唔呃呃──快！别逼我发飙大在你床上！
Story/D_2_4_10_2_010,你这人真没品！
Story/D_2_4_10_2_011,好啦，好啦，我去就是了，你屁下留情！
Story/D_2_4_10_2_012,你怎么鬼混那么久还没去睡？
Story/D_2_4_10_2_013,睡了，又被人挖起来代班。
Story/D_2_4_10_2_014,那就没办法了，谁让现在大院人少，能者多劳，命贱的也多劳。\n当然你是后者。
Story/D_2_4_10_2_015,过份。
Story/D_2_4_10_2_016,姓赵的狗贼！吃里扒外的家伙，还敢来露脸！
Story/D_2_4_10_2_017,老兄这话说的不对，我本来就是唐门的人，怎么能算吃里扒外。
Story/D_2_4_10_2_018,有种把你爷爷放开，拿解药来，洒家跟你大战个三百回合！
Story/T_2_4_10_2_001,他们都给点了穴、下麻毒，使不上力气才对。\n应该不致于突然挣脱桎梏、脚镣，冲上来揍我吧？
Story/D_2_4_10_2_019,我才不管你咧。
Story/N_2_4_10_2_002,这伙人不是聚啸山林的山贼，便是横行于河道垄断水产的水盗，\n混迹黑道，武功不一定高，叫阵时骂人的词汇却一定要多。
Story/N_2_4_10_2_003,反正落到你手里，这条命已当作没了，索性豁出去骂，\n怎么肮脏怎么骂，从你祖宗到子孙上下十八代，个个问候个遍，\n诅咒你生儿子没腚眼。
Story/D_2_4_10_2_020,笑话，说得好像我能娶到老婆似的。
Story/O_2_4_10_2_001,揍他们
Story/D_2_4_10_2_021,这可是你们自找的，说话这般不客气，\n免不了要受一番皮肉之痛啦！
Story/N_2_4_10_2_005,你得势不饶人，欺他们手无寸铁，桎梏脚镣加身，不能反抗，\n动用私刑恣意殴打欺侮，尽情宣泄心中不快。
Story/D_2_4_10_2_022,这下老实点了吧？
Story/N_2_4_10_2_006,好汉不吃眼前亏，最是小人难招惹，四人终于消停，悻悻然闭了嘴。
Story/O_2_4_10_2_002,骂回去
Story/D_2_4_10_2_023,哈！你们死到临头，还那么嘴硬？\n说到底不是你们自己赶巴巴送上唐门找死吗？
Story/D_2_4_10_2_024,自己都不光彩，还怪别人卑鄙，\n大家半斤八两差不多德行，先检讨一下你们自己吧！
Story/O_2_4_10_2_003,寡不敌众
Story/N_2_4_10_2_007,人家四个人、四张嘴，你如何能是对手？\n每说一句就被四倍还击，没讨到好处，反而气得自己七窍生烟。
Story/O_2_4_10_2_004,胜利
Story/N_2_4_10_2_008,这群人来来去去也就那些绿林套路，说穿了不过是陈腔滥调。\n不似你嘴力高强、因材施教，一开口就踩人痛脚，骂人花样别出心裁，\n还不忘挑拨离间，气得对面一干人脸红脖子粗，恨不得生撕了你。
Story/O_2_4_10_2_005,彻底无视
Story/D_2_4_10_2_025,你们骂什么，我又听不懂～我听不懂狗叫。
Story/N_2_4_10_2_009,如斯谩骂，你早已司空见惯。\n无论他们说啥，你两手一摊，一概无视。
Story/D_2_4_10_2_2_001,看，我二师兄来了，你们惨了。\n辣手相公，听过没有？等会儿有你们好受的！
Story/D_2_4_10_2_2_002,二师兄，你来了……。
Story/T_2_4_10_2_2_001,二师兄心绪好像不太好。
Story/D_2_4_10_2_2_003,碍事。
Story/T_2_4_10_2_2_002,辣手相公名不虚传，对自己师弟下脚都这么狠！
Story/D_2_4_10_2_2_004,你让开，别靠我太近，烦。
Story/D_2_4_10_2_2_005,哦。
Story/D_2_4_10_2_2_006,……。
Story/N_2_4_10_2_2_001,二师兄目光到处，有如森冷寒剑指在咽喉。\n各人想起他江湖浑号，无不胆寒。
Story/D_2_4_10_2_2_007,哼……哼！\n干这没本钱买卖的，迟早都有这么一天，早将生死置之度外，\n你辣手相公便是活阎罗，也吓不倒我！
Story/D_2_4_10_2_2_008,没错，既然失风被你们擒住，那还有什么好说的？
Story/D_2_4_10_2_2_009,说的对，要杀要剐随你们便。
Story/D_2_4_10_2_2_010,大侠饶命！我全都招！只求您饶我一条狗命！
Story/D_2_4_10_2_2_011,干什么？事前就说好各不相谋，活命各凭本事！
Story/D_2_4_10_2_2_012,你这叛徒，我们走着瞧！
Story/D_2_4_10_2_2_013,瞧个雕，你们还不知道唐二侠那辣手相公的辣字何来？\n落在他手里，死都算解脱，你们能走出这唐家大院，我跟你姓！\n老子上有老下有小，命没你们贱！
Story/D_2_4_10_2_2_014,说的好像谁没老婆小孩似的！
Story/D_2_4_10_2_2_015,去你妈，洒家新娶的美娇娘怎能守寡！
Story/D_2_4_10_2_2_016,哈！狗咬狗，真有意思。\n怎不把他们脚镣手铐打开，让他们自相残杀？
Story/D_2_4_10_2_2_017,你们这些个办事不力的废物，还瞪我？能把我瞪死吗？\n买卖是做不成了，想打的不妨过来，赏你们一个痛快。
Story/D_2_4_10_2_2_018,……「白蛇」丁侃，籍贯嘉禾，祖上曾任盐户，\n为上官世家故，落草梅州长滩为盗。
Story/D_2_4_10_2_2_019,你……你知道我？
Story/D_2_4_10_2_2_020,「豺狼」赖裕廷，河中府的金国马贼头目，怎么跑到宋国来了？
Story/D_2_4_10_2_2_021,我……我……。
Story/D_2_4_10_2_2_022,虔州「虬髯猪」曹建军，盘据笔架山，恶名昭彰的采花盗。\n怎么，唐布衣那厮没去找过你麻烦？
Story/D_2_4_10_2_2_023,他怎么没找洒家麻烦，要不是他找我麻烦，\n河水不犯井水，洒家哪会大老远跑来与你唐门为难！
Story/D_2_4_10_2_2_024,「大鹦哥」全胜利，你是出身火炎山剑阁的叛徒吧？\n盗卖金铁给异族人，哼，亏心买卖没少做啊。
Story/D_2_4_10_2_2_025,我那是……讨生活。
Story/D_2_4_10_2_2_026,何况宋人也未必无辜。
Story/D_2_4_10_2_2_027,绝了，连我都不知这几人来历，你是如何知道的？
Story/D_2_4_10_2_2_028,哼……告诉你也无妨。
Story/D_2_4_10_2_2_029,听闻你们这些废物失风被捉，绿林牙子唯恐引火烧身，\n天没亮就跪在我唐家大院之外，叩手求饶，一五一十交代了个清楚。
Story/D_2_4_10_2_2_030,这下完了……全完了……我飞黄腾达的梦啊……。
Story/N_2_4_10_2_2_002,被二师兄道破来历，各人面如死灰，比死了还要难受。
Story/N_2_4_10_2_2_003,唐门心胸之狭窄，乃是众所周知，睚眦小怨，虽远必诛。\n他们姓甚住哪都被打探清楚，全家老小哪里还有活路？\n念及此，不禁悲从中来，绿林打滚几十年的豪杰，全都落下泪来。
Story/D_2_4_10_2_2_031,哭什么？犯贱的玩意。\n尔等受雇行凶，袭扰唐门，不只为财，更夹杂私怨。\n自己送死的，难道还怨旁人？
Story/D_2_4_10_2_2_032,敢以尔等污秽泥足，侵踏我唐门地界、犯我掌门威仪，\n罪不容诛，当以十二酷刑加身，削四肢、剜双目、灭三族，以儆效尤！
Story/D_2_4_10_2_2_033,……本该如此。
Story/D_2_4_10_2_2_034,「本该」如此，意思是说……？
Story/D_2_4_10_2_2_035,白蛇，你贩私盐通缉在榜，图利不假，但遇孤儿寡母赊账难偿者，\n亦曾有撕毁借据的义举，足见利民之心，名声不恶。
Story/T_2_4_10_2_2_003,想不到当年一笔收不回的心软烂账，今日会救我性命。
Story/D_2_4_10_2_2_036,豺狼，你是马贼，不去打家劫舍，却经常率众游击，袭扰金国边防。\n在金十恶不赦，于宋而言却有功无过。
Story/T_2_4_10_2_2_004,惭愧！我住哪儿便抢哪罢了，哪有安什么好心。
Story/D_2_4_10_2_2_037,大鹦哥，你在火炎山剑阁曾任要职，前途坦荡。\n所以被逐出师门，是因不忍业师欲效干将莫邪，以童子祭剑，\n私下放走孩童，以此触怒师门，反遭构陷。
Story/D_2_4_10_2_2_038,连这种事你都知道。
Story/D_2_4_10_2_2_039,不是我，是唐布衣。
Story/D_2_4_10_2_2_040,最后是你，虬髯猪。
Story/D_2_4_10_2_2_041,洒家跟这几位当家不同，可不记得自己做过什么好事。\n跟那飞贼唐布衣更是有仇，想来今个儿是死定了。
Story/D_2_4_10_2_2_042,不过家里那些给洒家强掳为妻的、强收作义子的，\n没一人心甘情愿，都是无辜。\n洒家三族早已死绝了，也不怕牵连。
Story/D_2_4_10_2_2_043,……你祖上三代是岳王爷部下，为抱不平，而受牵连。\n可叹杨存中老将军殚精竭虑，也保不住你家人。
Story/D_2_4_10_2_2_044,那也不然，杨将军起码保住了俺。
Story/D_2_4_10_2_2_045,我挺好奇，你身为强盗，竟拿家底开设私塾，脑子里究竟在想什么？
Story/D_2_4_10_2_2_046,这……洒家娶这么多老婆也生不出儿子，\n就想多收一些义子养老，又因自己没读书抬不起头，想给孩子铺路呗。
Story/D_2_4_10_2_2_047,……经查，尔等虽为盗贼，然良心未泯，素行颇有侠义风范。\n袭扰唐门不可赦，然因未遂，不见死伤，故此掌门网开一面，从宽处置。
Story/D_2_4_10_2_2_048,尔等即行下山，首级且寄项上，一年余命，供汝安家。\n明年今日再赴唐门受死，怙恶不悛者，以决杀令示告江湖。
Story/T_2_4_10_2_2_005,我道唐老魔几时那么心软，欺到头上了，还放我们平安下山。\n果然没这种好事啊。
Story/T_2_4_10_2_2_006,一年那么短，我岂不是回到金国待不上几日，又得启程回来？\n他们就不怕我远走高飞不回来？
Story/T_2_4_10_2_2_007,江湖各大派门之中，以唐门决杀令最为恐怖。\n因为防不胜防，无时不刻都得提心吊胆。\n可叫人心甘情愿走回来领死，却又如何能够！
Story/D_2_4_10_2_2_049,……你们……你们都听得懂？那个啥怙恶不悛，是啥玩意？\n谁来俺翻译翻译？
Story/D_2_4_10_2_2_050,意思是你作恶多端，不肯悔改。
Story/D_2_4_10_2_2_051,原来是这样，那好，好，好。
Story/D_2_4_10_2_2_052,洒家只道今天就要死，想不到还能再跟老婆孩子们见上一面。\n一年的光阴，钱都花不完，又不是吃不起饭，何必再干强盗！
Story/T_2_4_10_2_2_008,这老粗说的也是。
Story/T_2_4_10_2_2_009,……路虽然远了点，我就回去一趟吧。\n让兄弟们散了，把老婆接回中原住，一路还能游山玩水，不枉夫妻一场。
Story/T_2_4_10_2_2_010,我要回剑阁，参加神兵会。\n就算把血肉都镕铸在剑里，也要以我铸造的神兵利器，在史书留下痕迹！
Story/D_2_4_10_2_2_053,赵氏蠢猪，过来。
Story/D_2_4_10_2_2_054,我没心思同你胡闹，把血擦了，别再耍宝。
Story/D_2_4_10_2_2_055,我这是真伤啊……！
Story/N_2_4_10_2_2_004,话虽如此，你还是整肃打理了一番。
Story/D_2_4_10_2_2_056,你都听见了，替这几人松绑，送到门外。\n开恩仅此一回，若敢逗留，格杀勿论。
Story/D_2_4_10_2_2_057,闭嘴，我知道你想说什么。\n这是掌门的谕令，我等听命行事便了。
Story/D_2_4_10_2_2_058,是……。
Story/D_2_4_10_2_2_059,几位，这边请。
Story/D_2_4_10_2_2_060,现在才知道讲话客气？哼！
Story/D_2_4_10_2_2_061,你们最好都别轻举妄动，想跟我算账，也得离了蜀中地界。
Story/D_2_4_10_2_2_062,这可是你说的。
Story/D_2_4_10_2_2_063,{size=24}行了，别忘了我们此刻仍是阶下囚。{/size}
Story/D_2_4_10_2_2_064,桎梏已除，这边请。
Story/D_2_4_10_2_2_065,那我们那些兄弟呢？
Story/D_2_4_10_2_2_066,带不走的，本人可以代劳，剁碎了扔进山里喂狼。
Story/D_2_4_10_2_2_067,带得走，带得走，拖也拖走。
Story/D_2_4_10_2_2_068,……唐二侠，我赖某人并非不识好歹之人。\n今日唐掌门开恩，给我一年余命交代后事，赖某人很承他老人家的恩情。\n我与唐布衣那些烂账，从此一笔勾消了。
Story/D_2_4_10_2_2_069,那倒不必，你在这一年之中有办法杀了他，我也没意见。
Story/D_2_4_10_2_2_070,喔……告辞。
Story/D_2_4_10_2_2_071,唐二侠！洒家……俺……小人走了，告辞。
Story/D_2_4_10_2_2_072,少废话，滚。
Story/D_2_4_10_2_2_073,小人这就滚。
Story/D_2_4_10_2_2_074,搞什么……你搞什么？还真放走了他们？\n唐……唐二侠，你明明放走了这些绿林强盗，却不放我，这是什么意思？
Story/D_2_4_10_2_2_075,什么意思，你该心知肚明。\n这些人不过是杀人的刀，无足轻重。
Story/D_2_4_10_2_2_076,幕后主使的下落，还得从你身上打探出来。
Story/D_2_4_10_2_2_077,我……我可是南宫世家……的……的……。
Story/D_2_4_10_3_001,启禀掌门，那干人等已经全都打发下山去了。
Story/D_2_4_10_3_002,好。
Story/D_2_4_10_3_003,启禀掌门，昨夜那干盗匪，已经按您嘱咐打发下山去了。\n至于那作南宫家丁打扮的人，还在遭受二师兄的折磨。
Story/D_2_4_10_3_004,好。
Story/T_2_4_10_3_001,打发下山去了？这是为何？
Story/N_2_4_10_3_001,如斯宽仁处事，绝不似唐门作风，你惊疑不定，却不敢质疑掌门号令。
Story/D_2_4_10_3_005,自称泥教的那干人呢？
Story/D_2_4_10_3_006,那群人均是死士，眼看难逃法网，不是横刀自刎，便都服药自尽。\n幸好二师兄医术精湛，及时救回了几个，现在派人严密看管。\n审问的话，还得稍缓。
Story/D_2_4_10_3_007,那就姑且养着。
Story/D_2_4_10_3_008,掌门恕罪。\n弟子信不过这群绿林草莽，是以自作主张，暗中下了慢性毒药。\n一年未归领死之人，也难逃一死，势将毒发身亡。
Story/D_2_4_10_3_009,也好，省得他们背信，本门还要派出人手，多费力气。起来吧。
Story/D_2_4_10_3_010,多谢掌门。
Story/T_2_4_10_3_002,难怪二师兄放人放得那么干脆！\n那岂不是回来必须死，不回来也死？
Story/T_2_4_10_3_003,原来是这样，那就说得过去了。\n延寿一年，是让他们交代后事吧，回来得死，不回来也死。
Story/D_2_4_10_3_011,弟子欲使唐翊师弟先行告退，准备毒砂缸，用以拷问。
Story/T_2_4_10_3_004,不会是用来拷问我吧！
Story/D_2_4_10_3_012,可以，去吧。
Story/D_2_4_10_3_013,弟子领命告退。
Story/D_2_4_10_3_014,人无死伤，那么可有重要事物失落？
Story/D_2_4_10_3_015,幸亏早有堤防，并没遗失什么事物。
Story/T_2_4_10_3_005,话说本门也没剩什么值钱事物可以偷就是了。
Story/D_2_4_10_3_016,这两拨人马也不知什么来头，一边扮正派，一边扮魔教，\n专程来我唐门大打出手，简直莫名其妙。
Story/D_2_4_10_3_017,要不是碰巧让师弟撞破了密谈，我们不免要受诱导，\n误以为是魔教趁虚而入，而乔装六派的土匪则是正道援兵。
Story/D_2_4_10_3_018,这群人也不知什么来头，还跟魔教的打成一团\n要不是碰巧让师弟撞破了密谈，我们不免要受诱导，\n误以为是魔教趁虚而入，而乔装六派的土匪则是正道援兵。
Story/D_2_4_10_3_019,人落在我手里，慢慢拷问，迟早水落石出，不急在一时。
Story/D_2_4_10_3_020,嗯，此事属实蹊跷，谨慎行事为妥。\n待到厘清脉络，再致书往南宫世家与六大派相询不迟。\n铮儿，此事你不免要多费些工夫，切莫心急。
Story/D_2_4_10_3_021,弟子定当铭记掌门教诲。
Story/D_2_4_10_3_022,好了，昨夜一战打得漂亮，大家都表现得不错，\n没丢唐家祖先的脸面，本座很是欣慰，都去歇息吧。
Story/D_2_4_10_3_023,是，弟子告退。
Story/D_2_4_10_3_024,弟子告退。
Story/D_2_4_10_3_025,那么弟子也……
Story/D_2_4_10_3_026,赵活，你留下。
Story/D_2_4_10_3_027,呃，我？
Story/D_2_4_10_3_028,赵活，多得你奔走示警，没让贼人有可趁之机，功劳很大。
Story/D_2_4_10_3_029,赵活，多得你奔走示警，没让贼人有可趁之机。\n又将铃儿带回唐门，解我心头之忧，功劳很大。
Story/D_2_4_10_3_030,这、这没有什么。
Story/D_2_4_10_3_031,你在本门多年，既有功劳，也有苦劳，\n本座看在眼里，不能无动于衷。
Story/D_2_4_10_3_032,铃儿。
Story/D_2_4_10_3_033,爹，您叫我吗？
Story/D_2_4_10_3_034,你上楼去爹卧房，将架上木匣子拿来。
Story/D_2_4_10_3_035,是。
Story/T_2_4_10_3_006,莫非……莫非掌门终于要收我入室了吗！
Story/N_2_4_10_3_002,你怦然心跳，口干舌燥。
Story/D_2_4_10_3_036,来了。
Story/D_2_4_10_3_037,给你师兄。
Story/D_2_4_10_3_038,掌门……请问这是……？
Story/D_2_4_10_3_039,此物赠你，以示嘉勉。下去歇息吧。
Story/D_2_4_10_3_040,是……。
Story/T_2_4_10_3_007,……就这样吗？\n可我要的不是这些，我又不贪图赏赐。\n只想要容身之处，想要公平罢了。
Story/T_2_4_10_3_008,唉，掌门说不定都不知道我离家出走了。\n我看我还是死了这条心，收收东西走吧。
Story/N_2_4_10_3_003,你灰心至极，捧着木匣退出正心堂。
Story/D_2_4_10_3_041,咱们大家伙学武功，就愁没机会大展拳脚。\n这不，人在家里躺着，就有傻子把脸自个儿往拳头上凑，爽～
Story/D_2_4_10_3_042,照呀！抽签去不成江陵的时候，我还为之扼腕。\n这下子打了个痛快，看见大院里一个个被捆的人粽子，就神清气爽。
Story/D_2_4_10_3_043,赵师弟这回立了大功劳，我都不好意思使唤他去倒夜壶了。
Story/D_2_4_10_3_044,我还想这家伙最近放着一堆事情不做，人到哪去逍遥。\n没想到刚一回来，就立了这样的大功劳。
Story/D_2_4_10_3_045,是呀，虽不知前因后果，但他回来那时一身臭烘烘的，面黄肌瘦，\n就知他吃了不少苦头，原来是卧薪尝胆来着。
Story/D_2_4_10_3_046,这人也是真倒霉，算资历，合该我们喊他师兄才对。\n任劳任怨多年，好事没份，屎缺永远他来挡，至今仍是外姓弟子。\n三师兄说掌门把他留下问话，也不知这回有没有机会转正。
Story/D_2_4_10_3_047,说曹操，曹操到。
Story/D_2_4_10_3_048,怎么样，师弟？掌门同你说了啥？
Story/D_2_4_10_3_049,改宗入室了没有？以后该叫你唐活了？
Story/D_2_4_10_3_050,这……我……。
Story/D_2_4_10_3_051,这木匣子装什么？你的新名牌吗？
Story/N_2_4_10_3_004,众师兄弟不知你心有多寒，比你还要亢奋几分，强行抢去了木匣。
Story/D_2_4_10_3_052,我也不知是何物。
Story/D_2_4_10_3_053,快打开看看，是钱就让赵活请客喝酒，是新名牌也让他请客喝酒！
Story/N_2_4_10_3_005,方才还怒不可遏的师兄们一打开匣子，顿时呆若木鸡。
Story/D_2_4_10_3_054,怎么……不是钱？匣子里没钱？
Story/D_2_4_10_3_055,我有看错吗？是我想的那件东西吗？
Story/D_2_4_10_3_056,我也看到了，八成真是。
Story/D_2_4_10_3_057,{size=24}快还他，快还他，我可没碰喔，是你抢的喔。{/size}
Story/D_2_4_10_3_058,师、师弟，匣子还你。
Story/N_2_4_10_3_006,他恭恭敬敬双手捧着匣子还你。
Story/D_2_4_10_3_059,你们这是怎么了？不就一柄老旧的小剑。
Story/D_2_4_10_3_060,噫，噫～师弟，我要去晒菜干了！
Story/D_2_4_10_3_061,我要去刷地！
Story/D_2_4_10_3_062,我要去倒夜壶，顺边清洗茅厕！
Story/D_2_4_10_3_063,……大家这是中邪了吗？\n莫非这小剑有涂了什么乱人心智的毒物？
Story/O_2_4_10_3_001,端详一下
Story/D_2_4_10_3_064,好旧的兵器，打磨一下或许能用，倒似没什么特别的。
Story/D_2_4_10_3_065,嗯，和本门弟子所用的小剑不太一样，里边也有小球，是柄机关剑无疑。
Story/D_2_4_10_3_066,但是拿在手里怎会如此古怪，重心好似无时不刻都在变化。
Story/D_2_4_10_3_067,喂，你若闲着没事，就过——
Story/D_2_4_10_3_068,……你手里的兵器……！
Story/D_2_4_10_3_069,二师兄，你知道这小剑的来历吗？
Story/O_2_4_10_3_002,舔舔看
Story/D_2_4_10_3_070,没啥味道，我舔另一面试试。
Story/D_2_4_10_3_071,喂，你若闲着没事，就过——
Story/D_2_4_10_3_072,你个杂种立刻给我住手！
Story/D_2_4_10_3_073,二师兄，你何必发这么大火。
Story/D_2_4_10_3_074,你可知道这是什么事物吗？
Story/D_2_4_10_3_075,一柄小剑。
Story/D_2_4_10_3_076,……这是一柄『传承小剑』。\n掌门从先掌门手里继承而来，持之以横行江湖的兵器。\n铸法失传，无双无对，普天之下只此一柄。
Story/D_2_4_10_3_077,那、那掌门如何以此物赠我？莫不是小师妹拿错匣子了？
Story/D_2_4_10_3_078,你问我，我问谁？哼！
Story/D_2_4_10_3_079,……问这么多做甚？掌门自有深意。
Story/D_2_4_10_3_080,你给我正经听着。\n此物虽非掌门信物，却是向来都与掌门令牌、碧血玉一起传给新任掌门。\n已经历朝数代，比你一条贱命都贵重百倍！
Story/D_2_4_10_3_081,掌门既然恩赐于你，你便应心怀感激，慎重保管。\n倘若遗失，那可不是拿命来抵就能了事的。
Story/D_2_4_10_3_082,这……这……我……我定当小心翼翼的藏好，\n或者我干脆拿回去还给掌门吧。
Story/D_2_4_10_3_083,蠢材，掌门既然赐你，你就该妥善使用，捍卫师门！\n你若将此剑束之高阁，那算什么意思？
Story/D_2_4_10_3_084,是。
Story/D_2_4_10_3_085,看来掌门对你寄予厚望，你最好屁股夹紧，精神一点。\n别再窝窝囊囊自怨自艾，你若配不上这柄剑，便由我来接收。
Story/O_2_4_10_3_003,不要，这是我的
Story/D_2_4_10_3_086,那可不行，掌门给了我的，便是我的！\n就算是二师兄，我也不给！
Story/D_2_4_10_3_087,哼。
Story/O_2_4_10_3_004,可以啊，给你
Story/D_2_4_10_3_088,二师兄，你真想要，给你也行。
Story/D_2_4_10_3_089,剑在人在，见亡人亡。\n你肯给我？那我便收下了，连同你的小命一起。
Story/D_2_4_10_3_090,我说笑的！说笑的！
Story/D_2_4_10_3_091,话说二师兄，你本来找我做甚？
Story/D_2_4_10_3_092,没什么要紧的事，我去使唤旁人也是一样。\n反正像你这种废物，满街都是，泛滥成灾。
Story/D_2_4_10_3_093,过份！我是什么祸害吗！
Story/D_2_4_10_3_094,话说回来，掌门竟然将这等重宝赐我……原来不是没把我放眼里吗。
Story/N_2_4_10_3_007,在那之后，你拿着传承小剑到处显摆，越有资历的师兄姐越是惊骇。\n你得意忘形，离家出走的事也抛诸脑后，忘得一乾二净。
Story/D_PV_05_01_001,吓坏了吧？吃点甜的压压惊，一人一只通通有。
Story/D_PV_05_01_002,好吶！
Story/D_PV_05_01_003,谢谢萤姊姊。
Story/D_PV_05_01_004,我、我的份呢⋯⋯？
Story/D_3_3_1_1_001,离了眉山，下一站不知去哪。
Story/O_3_3_1_1_Break_01_001,投靠青城
Story/D_3_3_1_1_Break_01_001,你走吧，你我师徒，从此恩断义绝。
Story/D_3_3_1_1_Break_01_002,不！师父，您从前不是说我有学道的资质吗？
Story/D_3_3_1_1_Break_01_003,啊，你还记得啊。
Story/D_3_3_1_1_Break_01_004,其实老道我当时不过随口一说。\n因为你又丑又命贱，世间便有万般好，你也样样求不得。\n入我道门，恰好可以心无罣碍修真。
Story/D_3_3_1_1_Break_01_005,哪料得到你这么平庸呢？\n如今我新收了资质更好的弟子，你的床位就挪出来吧。
Story/D_3_3_1_1_Break_01_006,不～～
Story/O_3_3_1_1_Break_01_002,投靠嵩山
Story/D_3_3_1_1_Break_01_007,你走吧，你我师徒，从此恩断义绝。
Story/D_3_3_1_1_Break_01_008,不！师父，您不是常说我佛慈悲，怜悯世人吗？\n我离了嵩山派，还能去哪？
Story/D_3_3_1_1_Break_01_009,老衲问你，真心向佛吗？
Story/D_3_3_1_1_Break_01_010,这……。
Story/D_3_3_1_1_Break_01_011,不，你始终恋栈红尘，只是无处可去，才来的嵩山罢了。
Story/D_3_3_1_1_Break_01_012,嵩山弟子习武一为苦行修心，二为卫道护身，并非恃以沽名。\n你若学有所成，迟早要走，何不现在？
Story/D_3_3_1_1_Break_01_013,不～～
Story/O_3_3_1_1_Break_01_003,投靠全真
Story/D_3_3_1_1_Break_01_014,你走吧，你我师徒，从此恩断义绝。
Story/D_3_3_1_1_Break_01_015,不！师父，全真信众遍布天下，为何独独不能容我栖身？
Story/D_3_3_1_1_Break_01_016,你问我为什么……。
Story/D_3_3_1_1_Break_01_017,拜托你也为我考虑考虑，你一看面相就知道不是好东西。\n一想到你在附近，我每晚都睡不安稳。
Story/D_3_3_1_1_Break_01_018,你还不是一样！
Story/O_3_3_1_1_Break_01_004,投靠点苍
Story/D_3_3_1_1_Break_01_019,好徒儿，快起来，你弃暗投明正好。\n从今以后，你便是我大点苍派的弟子。
Story/D_3_3_1_1_Break_01_020,太、太好啦！
Story/D_3_3_1_1_Break_01_021,得给你取个响亮的名号……有了。
Story/D_3_3_1_1_Break_01_022,就叫「杂草剑客」好了。
Story/D_3_3_1_1_Break_01_023,这外号哪里响亮了。
Story/D_3_3_1_1_Break_01_024,赵活！
Story/D_3_3_1_1_Break_01_025,叶兄，你也回点苍了？
Story/D_3_3_1_1_Break_01_026,我如今是唐门弟子，唐门与点苍势不两立，\n你入了点苍，我便要杀你！
Story/D_3_3_1_1_Break_01_027,等等，有话好说！二位师父快救我啊！
Story/D_3_3_1_1_Break_01_028,受死！
Story/D_3_3_1_1_Break_01_029,你走吧，你我师徒，从此恩断义绝。
Story/D_3_3_1_1_Break_01_030,徒儿做错了什么，师父要赶我出师门？
Story/D_3_3_1_1_Break_01_031,点苍之中，以剑为妻，你看看你的剑！
Story/D_3_3_1_1_Break_01_032,我的剑怎么了？
Story/D_3_3_1_1_Break_01_033,太短了！可怜的短剑小子，那么短，跟残疾没两样！\n传出去我点苍派的脸面往哪儿搁！
Story/D_3_3_1_1_Break_01_034,哪有这样的！
Story/O_3_3_1_1_Break_01_005,投靠峨嵋
Story/D_3_3_1_1_Break_01_035,你走吧，你我师徒，从此恩断义绝。
Story/D_3_3_1_1_Break_01_036,为什么！我哪里做得不对，师父你要逐我出师门？
Story/D_3_3_1_1_Break_01_037,你没有做的不好，教你的猴拳，也耍得似模似样。
Story/D_3_3_1_1_Break_01_038,那究竟为何！
Story/D_3_3_1_1_Break_01_039,因为你耍的猴拳，比峨嵋拳谱更齐，非我峨嵋传承。\n说，你究竟是从哪里偷学的？
Story/D_3_3_1_1_Break_01_040,这……我、我也不知道。
Story/D_3_3_1_1_Break_01_041,好了好了，向老兄，说话别这么伤人嘛。\n猴拳嘛，当然是我教他的。
Story/D_3_3_1_1_Break_01_042,猴子会讲人话！
Story/O_3_3_1_1_Break_01_006,投靠崆峒
Story/D_3_3_1_1_Break_01_043,我家孩儿调皮，前些天去乱葬岗玩，回来便中了邪，\n忽冷忽热反复梦呓，大夫也看不好，求仙君施法，救我孩儿！
Story/D_3_3_1_1_Break_01_044,求仙君大显神通，救我孩儿！
Story/D_3_3_1_1_Break_01_045,嗯。
Story/D_3_3_1_1_Break_01_046,你们算是找对人了。本仙君乃是火龙转生下凡，\n手挽拂尘扫荡人世尘埃，口吐真火焚灭祸世妖邪。\n寻常魍魉妖魅，还不是手到擒来？
Story/D_3_3_1_1_Break_01_047,这下孩子有救了！
Story/D_3_3_1_1_Break_01_048,飞天弟子听令，取我金钱剑来，随我下山捉鬼！
Story/D_3_3_1_1_Break_01_049,是！
Story/D_3_3_1_1_Break_01_050,妈呀有鬼！
Story/O_3_3_1_1_Break_01_007,投靠南宫世家
Story/D_3_3_1_1_Break_01_051,听口令，向右看～齐！
Story/D_3_3_1_1_Break_01_052,向前～看！
Story/D_3_3_1_1_Break_01_053,中央伍为准，成、洒扫队形！散开！
Story/D_3_3_1_1_Break_01_054,……人也太多了吧，我都被挤街上了。\n我这样下去真能熬出头吗？
Story/D_3_3_1_1_Break_01_055,让开，前面的丑男快让开！
Story/D_3_3_1_1_Break_01_056,早就叫你让道了，跑街上跳体操，存心找死嘛！
Story/O_3_3_1_1_Break_01_008,投靠上官世家
Story/D_3_3_1_1_Break_01_057,赵活，你跟我这么多年，算得上是劳苦功高了。
Story/D_3_3_1_1_Break_01_058,是啊……那年我离了唐门，就来投靠大小姐，简直就像昨天的事。
Story/D_3_3_1_1_Break_01_059,我老了，你却还依旧年轻貌美。
Story/D_3_3_1_1_Break_01_060,哈，你只是想象不了我变老、变丑的模样。
Story/D_3_3_1_1_Break_01_061,这些银子你收着，找个好地方颐养天年吧。
Story/D_3_3_1_1_Break_01_062,大小姐，你这是……不要老奴伺候了吗？
Story/D_3_3_1_1_Break_01_063,怨我无情也无妨。\n你已经太老了，挺直脊背都费劲，更无别的长处。\n我用不上你了，这便去吧。
Story/D_3_3_1_1_Break_01_064,别、别丢下我！
Story/D_3_3_1_1_Break_01_065,别碰我，肮脏的老东西！
Story/D_3_3_1_2_001,……我这是在哪儿？\n这里不是唐门吧？
Story/O_3_3_1_2_001,出门去看看
Story/O_3_3_1_2_002,趁没人，先翻箱倒柜一番
Story/O_3_3_1_2_003,解锁条件：［道德］为［坏人］以下
Story/D_3_3_1_2_002,趁现在！在人家屋子里翻箱倒柜，一点也没有道德负担！\n偷东西就是爽啦！
Story/O_3_3_1_2_004,钱
Story/D_3_3_1_2_003,呸，整个房间翻遍了，也没找到几个子儿，浪费我时间。
Story/O_3_3_1_2_005,钱……？
Story/D_3_3_1_2_004,这个好，把线拆了，不就是铜钱？
Story/O_3_3_1_2_006,武功秘籍
Story/D_3_3_1_2_005,这是……道家的刀法，好像很深奥的样子，我就收下了！
Story/D_3_3_1_2_006,这……这是哪儿啊！
Story/D_3_3_1_2_007,这里是青城派，常风观。
Story/T_3_3_1_2_001,好一个仙风道骨的道人！
Story/D_3_3_1_2_008,小道申屠龙，见过赵居士。\n掌门邹师兄远赴江陵期间，授命贫道代掌青城。
Story/D_3_3_1_2_009,道长认得我？我又为何身在青城派？
Story/D_3_3_1_2_010,说来话长，可否借脉一观？
Story/O_3_3_1_2_007,我才不要把脉门给陌生人
Story/D_3_3_1_2_011,我又不认识你，谁会把脉门要害送到陌生人手里。\n你这样问不觉得冒昧吗？
Story/D_3_3_1_2_012,这……我与道长一面之缘，只怕不合适。
Story/D_3_3_1_2_013,赵居士莫要多想，贫道只是为你把脉。
Story/O_3_3_1_2_008,好啊
Story/D_3_3_1_2_014,那么贫道失礼了。
Story/T_3_3_1_2_002,此人心与相貌一般的粗，将脉门交到陌生人手里。\n若我有心相害，他立时便须横死当场。
Story/D_3_3_1_2_1_001,云裳！
Story/N_3_3_1_2_1_001,你毁天灭地的一击，将申屠龙击飞出去，正巧叶云裳凑近过来，\n申屠龙藉势消力，把余劲全导入叶云裳体内。
Story/N_3_3_1_2_1_002,叶云裳本就身娇体弱，如何经受得了这无情的打击，\n当场七窍流血，经脉吋裂，香消玉殒。
Story/D_3_3_1_2_1_002,叶兄，是我害死了云裳妹子！你取我性命吧！
Story/D_3_3_1_2_1_003,……。
Story/N_3_3_1_2_1_003,叶云舟手里的听云剑，执起又放下，最后回入鞘中。
Story/D_3_3_1_2_1_004,舍妹一生饱受病痛折磨，如此去了，也算解脱。\n你从前救过她的性命，如今还你，叶家兄妹从此不欠你什么。
Story/T_3_3_1_2_1_001,有机可趁！
Story/D_3_3_1_2_1_005,你……！卑鄙小人！
Story/D_3_3_1_2_1_006,你不死，我怎能安心？\n我镖上涂的是唐门见血封喉的毒药，你就下去跟云裳团聚吧！
Story/D_3_3_1_2_1_007,咦？
Story/D_3_3_1_2_1_008,她喊你作兄长，你也一起上路吧……。
Story/D_3_3_1_2_1_009,呜……呜哇──！
Story/N_3_3_1_2_1_004,叶云舟没有取你性命，任你被困云裳坟前，一生被内疚煎熬。
Story/N_3_3_1_2_1_005,你抵抗无果，还是被拿住了脉门。\n他若有意加害，稍一吐劲，你立时七窍流血而死。
Story/T_3_3_1_2_1_002,毫无破绽……就算是我也知道，他的武功绝计非我能敌。\n一出手，我就会死。
Story/T_3_3_1_2_1_003,打不动……完全看不到胜机。\n这人的武功高深莫测，好像……好像比大师兄还要厉害。
Story/T_3_3_1_2_1_004,真是一个庸俗的莽人。
Story/D_3_3_1_2_2_001,好了，赵居士已过了性命交关的险境，没有大碍。\n静心调养几日，当可痊愈如初。
Story/D_3_3_1_2_2_002,呜……！
Story/D_3_3_1_2_2_003,云裳，你怎么也在……
Story/D_3_3_1_2_2_004,哥哥～你可终于醒转来啦！
Story/T_3_3_1_2_2_001,我的天，好香，好软。
Story/T_3_3_1_2_2_002,不行，我怎么能用这种龌龊的念头这样想云裳！
Story/T_3_3_1_2_2_003,但是真的太香太软，我竟半点推拒不开，要死……\n那柳下惠到底是如何坐怀不乱的？定是坐他的女子不够美貌！
Story/T_3_3_1_2_2_004,叶姑娘粉妆玉琢的人儿，看也是及笄待嫁的花季少女，\n怎会如此放荡，和这丑怪的男子如斯亲密。
Story/D_3_3_1_2_2_005,啊，师弟你醒了！
Story/D_3_3_1_2_2_006,师姊也在。
Story/N_3_3_1_2_2_001,云裳见你果真无恙，吸了吸鼻子，终于破涕为笑。
Story/D_3_3_1_2_2_007,我早料到哥哥这种修练千年的老妖精，道行高深，决计不肯轻易伏诛，\n就算被人打烂了，至多也不过现出原形，迟早还会化成人身。
Story/D_3_3_1_2_2_008,恕我直言，在下打从出生以来就是个人。
Story/D_3_3_1_2_2_009,那么你是一头人妖精。
Story/D_3_3_1_2_2_010,才不是！
Story/T_3_3_1_2_2_005,惭愧！初见那一面，我道心震撼，差点信了世上真有妖孽。
Story/D_3_3_1_2_2_011,啊，我想起来了。\n说来我不是给人拍了一掌，怎么飞到青城来的？\n那南宫家丁原来武功这么高吗？
Story/D_3_3_1_2_2_012,师弟，你不是飞着过来的，但有一点没说错，\n那便是打你那人，武功特别高。
Story/D_3_3_1_2_2_013,别看他穿着家丁服饰，内功造诣着实不差，算得上是武林高手了。\n你只差一点便救不过来，二师兄千针齐施，勉强才吊住你的命。
Story/D_3_3_1_2_2_014,就是说啊，整整十日，你都像条死鱼一样，动也不动，\n我呵你痒痒、搧你巴掌、把泥鳅放你鼻孔里，你都没醒。
Story/D_3_3_1_2_2_015,真的假的？十日？我睡了整整十日？
Story/D_3_3_1_2_2_016,然后你这家伙，别趁人家没意识胡搞瞎搞啊！
Story/D_3_3_1_2_2_017,截至昨天，正好十日，不信你问申屠道长。
Story/D_3_3_1_2_2_018,女居士此言非虚。
Story/D_3_3_1_2_2_019,赵居士身中掌力，乃是大理段氏天龙诀，枯荣神功。\n这种掌力揉和阴阳两属，离时相生相引，合时相克相斥，有若双龙。
Story/D_3_3_1_2_2_020,据说双龙聚会之际，两仪交乘，威力倍增，掌风足以隔空伤人。\n但就叶姑娘说法，那人是中途变抓为掌，来不及聚气，显然学艺未精。\n是以拍实了，也只将赵居士击伤，没能害你性命。
Story/D_3_3_1_2_2_021,原来是这样。
Story/D_3_3_1_2_2_022,不过掌力透入脏腑，居士内伤依然不轻，因此才昏迷不醒。
Story/D_3_3_1_2_2_023,二师兄说，他固然能保你性命，但你没练本门内功，\n只靠药膳养成内力，极不稳固，倘若贸然施针散去了枯荣掌力，\n恐怕会连你的修为一起废掉。
Story/D_3_3_1_2_2_024,那可不行！别说得那么轻巧，也有我努力的成分好吗。
Story/D_3_3_1_2_2_025,也正因此，我们才求到青城派来。\n因为青城是玄门正宗，道家内功精微奥妙之极，最擅调和阴阳两气。\n多亏了青城道长，你才得救，还不赶紧道谢？
Story/D_3_3_1_2_2_026,多谢道长救命之恩。
Story/D_3_3_1_2_2_027,切莫多礼。\n为你运功施治之人，是我派师兄，并非贫道，不敢居功。
Story/D_3_3_1_2_2_028,何况我辈修真道人，有善信发心济世降魔之誓，焉能见死不救？
Story/T_3_3_1_2_2_006,世上还有这样的好人。
Story/T_3_3_1_2_2_007,这才像是个修真的道士呢，飞天门嘴皮子修仙，什么玩意儿。
Story/T_3_3_1_2_2_008,啊，好耀眼，我最受不了这种彷佛浑身冒着金光的完美之人了。\n他彷佛太阳光一样刺眼，存心要我自惭形秽似的，\n多待一会儿，我都能被晒成人干！
Story/T_3_3_1_2_2_009,还是飞天门那种臭屁修仙者好一点，好歹有点人味，比我高尚不到哪去。
Story/D_3_3_1_2_2_029,赵居士已经恢复清醒，仍需多日静养。\n即日起，贫道不便再为居士运功疗伤，此书赠你，可依法学习，\n调匀阴阳五行，以绝后患。
Story/D_3_3_1_2_2_030,多谢道长。
Story/D_3_3_1_2_2_031,道长，这不是青城派的内家功秘籍吗？\n给我师弟学，真的好吗？
Story/D_3_3_1_2_2_032,无妨，南宫老前辈不是提倡留学吗？\n唐掌门亲笔信推荐的人，青城岂能怠慢。\n女居士倘若好奇，也想一窥青城道学之秘，贫道无任欢迎。
Story/D_3_3_1_2_2_033,我哦……我……我还是先看看情况好了，哈哈。\n因为我有点懒，哈哈。
Story/D_3_3_1_2_2_034,赵居士，既来到西蜀第一山，便安心在青城养伤吧。\n期间起居一切自便，早晚课诵、修行，可随心参与。\n待到功成圆满，隐患尽除之日，贫道才好向唐掌门交代。
Story/D_3_3_1_2_2_035,那我呢？我也出入自由吗？
Story/D_3_3_1_2_2_036,……青城山一般不禁女香客上山参拜，但是叶姑娘的话……。\n还请高抬贵手，止步于上清宫，勿扰青城弟子修行为佳。
Story/D_3_3_1_2_2_037,呿～小气鬼。\n不过就是在你们蒲团里塞了一些尖锐的竹笋吗，至于那么爱记恨吗？
Story/D_3_3_1_2_2_038,别说啦，别说啦！
Story/D_3_3_1_2_2_039,道长请。
Story/D_3_3_1_2_2_040,几位请便。
Story/D_3_3_2_1_001,……屋里的陈设不一样了，有人动过。
Story/D_3_3_2_1_002,有、有吗～？
Story/D_3_3_2_1_003,有。\n我绑在柜子上的发丝崩断了，藏在地砖下的梅肉饼儿被压碎了。
Story/D_3_3_2_1_004,我虽然不知道凶手是谁，但有一件事可以肯定……
Story/D_3_3_2_1_005,凶手是一名男子，长得很丑，而且穿着青蓝色的衣服！
Story/D_3_3_2_1_006,你就差没指名道姓了吧！
Story/D_3_3_2_1_007,师弟，你将护腕摘掉，让我听听你的脉息。\n否则你哪儿也别想去，什么也别想做。
Story/D_3_3_2_1_008,愚蠢的哥哥唷，在你睡大觉的时候，\n我已经摸透了青城派的底细，想知道什么都可以问我的说。
Story/O_3_3_2_1_Break_01_001,把脉
Story/D_3_3_2_1_Break_01_001,如何？
Story/D_3_3_2_1_Break_01_002,青城不愧是玄门正宗，行医治病并非本行，\n但论气功，六大派中当属第一。
Story/D_3_3_2_1_Break_01_003,师弟，你脉象和缓，已经没有大碍。
Story/T_3_3_2_1_Break_01_001,太好啦！
Story/T_3_3_2_1_Break_01_002,赵哥哥不是我亲哥，不欠我们什么，又不是为了宝藏，\n可每回救我都是豁出身家性命。
Story/T_3_3_2_1_Break_01_003,倘若当真因为我的缘故丧生，再没良心的我，今后也难睡得安稳。
Story/T_3_3_2_1_Break_01_004,赵哥哥毕竟不是我亲哥，不欠我什么。\n倘若当真因为我的缘故丧生，再没良心的我，今后也难睡得安稳。
Story/D_3_3_2_1_Break_01_004,你虽然渡过了生死大关，但脉虚而细，是气血亏虚的症状。\n需要花些时间恢复。\n练武也不急于一时，至少先静养二日，观察情况再说。
Story/D_3_3_2_1_Break_01_005,我怎么还要静养？我感觉好了啊。
Story/D_3_3_2_1_Break_01_006,我才不在乎你感觉怎样咧。
Story/D_3_3_2_1_Break_01_007,好吧。
Story/D_3_3_2_1_Break_01_008,好。
Story/D_3_3_2_1_Break_01_009,那正好，哥哥不练功，可以陪我去玩！\n这方圆哪里风景优美、哪里好玩，我都打听过了。\n也就芳姐姐懒惰不陪我去，你可不许推托。
Story/D_3_3_2_1_Break_01_010,这样也好。\n既然云裳妹子自告奋勇，你不妨就出去走走，熟悉环境，\n还能活络气血，恢复得快。
Story/D_3_3_2_1_Break_01_011,好。
Story/D_3_3_2_1_Break_01_012,哥哥，你记得带上你所有的钱，我要一口气花光！
Story/D_3_3_2_1_Break_01_013,手下留情哇！
Story/O_3_3_2_1_Break_01_002,唐门的情况
Story/D_3_3_2_1_Break_01_014,唐门的情况如何？\n我记得当晚胜负已分，有人伤亡吗？
Story/D_3_3_2_1_Break_01_015,有，你，伤了但没死。
Story/D_3_3_2_1_Break_01_016,除了我之外。
Story/D_3_3_2_1_Break_01_017,你怎么对自己师门那么没有信心？
Story/D_3_3_2_1_Break_01_018,那群小贼不知天高地厚，只有胆子大，武功却差。\n最后当然是通通拿住了，交给二师兄审问啦。
Story/D_3_3_2_1_Break_01_019,说得也是，唐门再怎么人少，也不是寻常宵小可以随意欺侮的。
Story/D_3_3_2_1_Break_01_020,不过话说回来，倘若没有你提前示警，给他们先放了火，\n大伙又要救火，又要逮人，想必左支右绌，会不会出现伤亡就很难说了。
Story/D_3_3_2_1_Break_01_021,帮上忙就好，不枉我一路奔波。
Story/D_3_3_2_1_Break_01_022,其他师兄弟也都感念你的辛劳，自告奋勇护送，\n只不过现在都不在此间罢了。
Story/D_3_3_2_1_Break_01_023,也有其他师兄在青城吗？
Story/D_3_3_2_1_Break_01_024,不然你以为我们两个弱女子，能驮得动你这头人猪吗？\n驮得动我也不想碰你的说，臭的说。
Story/D_3_3_2_1_Break_01_025,我哪里得罪你了，说话突然这么犀利。
Story/D_3_3_2_1_Break_01_026,哼，谁让你睡那么久，害我担心。
Story/D_3_3_2_1_Break_01_027,对不住，对不住，您老消消气。
Story/D_3_3_2_1_Break_01_028,没有新玩具、好吃糕点是哄不好的！哥哥你自己看着办！
Story/D_3_3_2_1_Break_01_029,哈哈，那可真是对不住。
Story/D_3_3_2_1_Break_01_030,你还笑，半点良心也无，气煞我也。
Story/D_3_3_2_1_Break_01_031,那小师妹呢？
Story/D_3_3_2_1_Break_01_032,小师妹见你受伤，难得面露慌张神色，欲言又止半晌，无非就是想跟。\n掌门还没发话，可惜二师兄就是执意不允。
Story/T_3_3_2_1_Break_01_005,不允也有道理，是我也不放心让小师妹跟着你们两位。
Story/D_3_3_2_1_Break_01_033,她很好，毫发无伤，而且战功彪炳。
Story/D_3_3_2_1_Break_01_034,那就好。
Story/T_3_3_2_1_Break_01_006,臭哥哥都不问我好不好，就先打听默铃！哼！
Story/D_3_3_2_1_Break_01_035,小师妹见你受伤，难得面露慌张神色，欲言又止半晌，无非就是想跟。\n掌门还没发话，可惜二师兄就是执意不允。
Story/D_3_3_2_1_Break_01_036,原来如此。
Story/O_3_3_2_1_Break_01_003,云裳的病情
Story/D_3_3_2_1_Break_01_037,话说回来，师姊你来也就算了，\n怎么让云裳妹子跟来了？她应该留在唐门养病啊。
Story/D_3_3_2_1_Break_01_038,有人拦得住她吗？
Story/D_3_3_2_1_Break_01_039,没有！
Story/D_3_3_2_1_Break_01_040,这可不是胡闹。
Story/D_3_3_2_1_Break_01_041,偏要！偏要！嘿！
Story/D_3_3_2_1_Break_01_042,我新想出的拳法，取名为《灭兄拳》，厉害吗？服气吗？
Story/D_3_3_2_1_Break_01_043,你有本事用这个打叶兄，我就服气。
Story/D_3_3_2_1_Break_01_044,修正，取名为《屠杀丑男拳》。
Story/D_3_3_2_1_Break_01_045,过份了啊。
Story/D_3_3_2_1_Break_01_046,师弟你别紧张，我来和你说。
Story/D_3_3_2_1_Break_01_047,这可不是胡闹！
Story/D_3_3_2_1_Break_01_048,芳姐姐，他凶～我～
Story/D_3_3_2_1_Break_01_049,师弟你别这么狠霸霸的，云裳妹子这不也是关心你吗？
Story/D_3_3_2_1_Break_01_050,就是说！狗咬吕洞宾，不识好人心！
Story/D_3_3_2_1_Break_01_051,掌门和二师兄既然能让她来，自是因她病情已经大为稳定的缘故。\n与其让她吵闹不休，郁结在心有碍康复，倒不如出门散心。
Story/D_3_3_2_1_Break_01_052,是、是吗！
Story/D_3_3_2_1_Break_01_053,那可真是太好了！叶兄听说了，一定也十分欢喜！
Story/D_3_3_2_1_Break_01_054,现在就欢喜，未免太早。\n唐大夫说过，我有两次生死大关。\n稳定归稳定，那生死大关跨不跨得过去，还当另说。
Story/D_3_3_2_1_Break_01_055,一定可以的。
Story/D_3_3_2_1_Break_01_056,没错，他可是辣手相公，只有毒死人，从没医死人。
Story/D_3_3_2_1_Break_01_057,哦。
Story/D_3_3_2_1_Break_01_058,二师兄啥也不透露，我还真怕他没把握。
Story/D_3_3_2_1_Break_01_059,二师兄一直讳莫如深的样子，我还怕他没把握。
Story/D_3_3_2_1_Break_01_060,你又不是头一天认识二师兄，他不就那样子吗？\n没有十成把握的事不会轻易断言，向来谨慎得很。
Story/D_3_3_2_1_Break_01_061,放心吧，就我来看，云裳妹子的身子也是日渐康健。\n只要继续养着，保持身心愉快，痊愈指日可待。
Story/D_3_3_2_1_Break_01_062,混世魔王完全体即将现世！\n战栗吧，愚蠢的贱民～哇～哈哈哈哈～
Story/D_3_3_2_1_Break_01_063,不过江湖传闻，你身怀宝藏之秘。\n之前才引发轩然大波，就不怕离了唐门，又惹人垂涎吗？
Story/D_3_3_2_1_Break_01_064,唐伯伯那日当众发话保我兄妹，试问蜀地之内……不，中原之内，\n还有人敢动我一根毫毛吗？
Story/D_3_3_2_1_Break_01_065,何况青城派乃六大派之一，道门清修之地，比之唐门守备更为森严。\n出不了什么乱子的，把心放回肚里吧。
Story/D_3_3_2_1_Break_01_066,我就怕有坏道士不安好心……但愿是我小人之心度君子之腹吧。
Story/T_3_3_2_1_Break_01_007,话说，哥哥只关心我的病情，没问宝藏的事呢。\n是对青城派很放心，还是打从心里不信岳王宝藏的传闻，事过就忘了呢？
Story/O_3_3_2_1_Break_01_004,申屠龙
Story/D_3_3_2_1_Break_01_067,你问申屠道长哦……我觉得他很好啊。
Story/D_3_3_2_1_Break_01_068,面如冠玉，仙风道骨，内功深湛，位份还高，难得他一点也没架子，\n从不争名夺利，待人接物温柔和煦，\n外号取作逸尘道子，最是贴切不过了。
Story/D_3_3_2_1_Break_01_069,芳姐姐喜欢那种的？
Story/D_3_3_2_1_Break_01_070,还好啦～就……觉得他挺不错的。
Story/D_3_3_2_1_Break_01_071,又、又不止我作如是想！\n听说上青城进香的女香客，十有七八醉翁之意不在酒，\n都是慕申屠道长名声而来的。
Story/D_3_3_2_1_Break_01_072,我又没说什么。
Story/T_3_3_2_1_Break_01_008,受欢迎真好，真羡慕。
Story/T_3_3_2_1_Break_01_009,比起来，二师兄性情实在太过寡淡了。\n说话还刻薄，教人的时候一点耐心也没有，严厉的要命。\n要不是他老那么凶，我哪会躲着他，在外边游历那么久无家可归。
Story/D_3_3_2_1_Break_01_073,云裳妹子，你觉得呢？
Story/D_3_3_2_1_Break_01_074,嗯……容我仔细想想。
Story/T_3_3_2_1_Break_01_010,纵然不愿，也不得不承认，如同师姊说的一样。\n申屠道长面如冠玉，武功高强、谦和大度，在青城派地位也高，\n近乎完人……。
Story/T_3_3_2_1_Break_01_011,我记得青城派道士是可以成亲的……云裳该不会……。
Story/D_3_3_2_1_Break_01_075,申屠道长的相貌，算得上是顶好的。\n可他也是我自下点苍山以来，见过最无聊的人。
Story/D_3_3_2_1_Break_01_076,咦？
Story/D_3_3_2_1_Break_01_077,咦？怎么说？
Story/D_3_3_2_1_Break_01_078,自重且有教养的裳儿不会在背后说人坏话。\n下回碰到申屠道长，我再当面骂他。
Story/D_3_3_2_1_Break_01_079,拜托你不要，我们会被你连累，轰下山去。
Story/D_3_3_2_1_Break_01_080,不行，我越想越气，非要抗议不可。\n别人都可以，凭什么就不许我到上清宫去？
Story/D_3_3_2_1_Break_01_081,原来你是记恨这个，这怎么能怪得了申屠道长呢。\n别人可不会在蒲团里塞竹笋。
Story/D_3_3_2_1_Break_01_082,我看哥哥来青城后大有起色，心怀稍畅，才想着送竹笋聊表谢意。\n他们不领情，居然反倒怪上了我。
Story/D_3_3_2_1_Break_01_083,你表达谢意的方式可真别致。
Story/D_3_3_2_1_Break_01_084,哼，那厮请我高抬贵手，可没让我高抬贵脚。
Story/D_3_3_2_1_Break_01_085,我！混世魔王叶云裳，连点苍禁地．剑圣故居都曾闯过，\n拚着屁股给我哥哥打烂掉不要，试问天底还有何处我去不得！
Story/D_3_3_2_1_Break_01_086,人在屋檐下，别管人家道长叫「那厮」啊。
Story/D_3_3_2_1_Break_01_087,师弟，你快想想办法。\n这小妞儿亲哥不在，没人治得了她，谁的话也不听，真的是横行霸道。\n「混世魔王」四个字，真真没有半分是虚的。
Story/D_3_3_2_1_Break_01_088,我有什么办法，我也不过是被她玩弄于股掌的受害者罢了。\n谁叫你要带她来的。
Story/O_3_3_2_1_Break_01_005,休息
Story/T_3_3_2_1_Break_01_012,师弟醒来，竟没问起唐门的情况。\n看来他这回去意已决，就此留在青城深造也未尝不可。\n我稍晚修书一封，寄呈掌门详说吧。
Story/T_3_3_2_1_Break_01_013,我出现在这里，哥哥竟然一点都不觉得奇怪。\n亏我这么担心他，他怎么丝毫不关心我？没良心的坏家伙，又丑又坏！
Story/D_3_3_2_1_Break_01_089,干嘛打我？
Story/D_3_3_2_1_Break_01_090,啊，小道来送饭，不意二位女居士在此，唐突莫怪。
Story/D_3_3_2_1_Break_01_091,妖怪！
Story/O_3_3_2_1_Break_01_006,打翻
Story/D_3_3_2_1_Break_01_092,这……地上这该不会是我的晚饭吧？
Story/D_3_3_2_1_Break_01_093,你说呢？
Story/D_3_3_2_1_Break_01_094,刚掉地上的，还不算太脏，我可以趁热吃掉。
Story/D_3_3_2_1_Break_01_095,别吃！会吃坏肚子的。
Story/D_3_3_2_1_Break_01_096,没办法，盛起来用清水仔细洗一洗吧。
Story/D_3_3_2_1_Break_01_097,不要那么可怜啦，裳儿珍藏的点心给你吧。
Story/D_3_3_2_1_Break_01_098,要心怀感激的吃掉喔。
Story/D_3_3_2_1_Break_01_099,什……什么？
Story/D_3_3_2_1_Break_01_100,我以为你早就趁热吃掉了！\n亏我想你怕苦，费那么多功夫把药泥和甜豆馅儿捣在一块儿！
Story/D_3_3_2_1_Break_01_101,你以为我这么好唬弄，那可就大错特错了！\n我精明的很，吃一口察觉不对劲就吐掉的说！
Story/D_3_3_2_1_Break_01_102,这是云裳的药？
Story/D_3_3_2_1_Break_01_103,唉……是啊，煎水药她嫌苦，强灌她又会吐，\n吐完还一副幸灾乐祸的样子嘲讽人，你都不知道这小坏蛋多会气人。
Story/D_3_3_2_1_Break_01_104,算了，如今那包子都放凉了，药力已经大打折扣。\n师弟你便留着吃了吧，反正有益无害，回头我再煎一帖新的给她。
Story/D_3_3_2_1_Break_01_105,我、我反正是不会吃的。
Story/O_3_3_2_1_Break_01_007,接住
Story/D_3_3_2_1_Break_01_106,哦！
Story/N_3_3_2_1_Break_01_001,你于千钧一发之际接住食盒，顺应抛转的力道消势，保住了里边的饭菜。
Story/D_3_3_2_1_Break_01_107,好险我眼捷手快，救了自己的晚饭。
Story/D_3_3_2_1_Break_01_108,师弟，你这手妙得很啊，什么招数？\n捻花似的，巧妙至极，这手法拿来接暗器，似乎同样使得。
Story/D_3_3_2_1_Break_01_109,也不是什么招数，我就随手一接，运气好罢了。
Story/D_3_3_2_1_Break_01_110,哥哥真厉害，身手好俊！
Story/D_3_3_2_1_Break_01_111,也、也还好啦～
Story/D_3_3_2_1_Break_01_112,上天是公平的，都是因为你身手太俊，脸才会长这样的说。」
Story/D_3_3_2_1_Break_01_113,……。
Story/D_3_3_2_1_Break_01_114,云裳妹子，时候差不多了，我们下山去吧。
Story/D_3_3_2_1_Break_01_115,哎～可是天都还亮着呢。
Story/D_3_3_2_1_Break_01_116,师弟他方刚醒来，犹未痊可。\n我们今日就说到这儿，让他早点歇息吧。
Story/D_3_3_2_1_Break_01_117,给你弄弯的毫针，也得找间铁铺重新敲直。\n谁让你针灸的时候不老实，一直动来动去。
Story/D_3_3_2_1_Break_01_118,呃。
Story/D_3_3_2_1_Break_01_119,可是，可是人家还想跟哥哥多说一会儿话～\n裳儿不使坏的时候如此可人，想必能收疗愈之效。\n医者仁心，你不盼着自家师弟早日康复吗？
Story/D_3_3_2_1_Break_01_120,舍妹的病情，要劳女大夫多多费心，叶某先行谢过。\n这两只鸡是早市新买的，请您笑纳。
Story/D_3_3_2_1_Break_01_121,哎呀，叶少侠不必如此客气，医者仁心，就算没有二师兄吩咐，\n我也不忍心她这样一个可怜楚楚的小娘子饱受病痛摧残。
Story/D_3_3_2_1_Break_01_122,不过话说回来，我也没见过那么会闹腾的患者就是了。\n她力气虽然小，可她创的地躺拳又着实有那么点精妙，不大好对付。
Story/D_3_3_2_1_Break_01_123,……万一舍妹又胡搅蛮缠，而叶某不在左近，\n比起威逼，利诱更有效果，尤以甜食为最。\n还请女大夫多担待，此间一切花销，由叶某承担。
Story/D_3_3_2_1_Break_01_124,如何利诱法？
Story/D_3_3_2_1_Break_01_125,到时你便如此这般……。
Story/D_3_3_2_1_Break_01_126,……云裳妹子，我们早点下山，看看能否赶上冰糖葫芦贩子收摊。
Story/D_3_3_2_1_Break_01_127,赶得上又如何，难道你今天这么好心，肯给我买～？
Story/D_3_3_2_1_Break_01_128,就算你肯买，说不定冰糖葫芦都卖完了。
Story/D_3_3_2_1_Break_01_129,是有可能，不过你怎没想到另一种可能：\n冰糖葫芦没卖完，到时他赶着回家，赶着把冰糖葫芦折价贱卖、送人？
Story/D_3_3_2_1_Break_01_130,走，立刻走。\n那些冰糖葫芦上面有写我的名字，全都属于我！谁也甭想染指！
Story/D_3_3_2_1_Break_01_131,啊你不是要留下来陪你赵哥哥说话？
Story/D_3_3_2_1_Break_01_132,赵哥哥，你已经长大了，要懂得坚强，学会自立更生。\n裳儿的离开并非绝情，而是为了你好，人家也觉得痛心疾首……嗷！
Story/D_3_3_2_1_Break_01_133,贪吃就贪吃，这种话你也说得出来？
Story/D_3_3_2_1_Break_01_134,不对，我冷静想了想，我就只有一个哥哥。\n赵哥哥什么的，人家压根就不认识的说。\n走～快走！时不我待，冰糖葫芦不等人！
Story/D_3_3_2_1_Break_01_135,……。
Story/D_3_3_2_1_Break_01_136,师弟，你别真放心上，这小丫头口是心非呢。
Story/D_3_3_2_1_Break_01_137,你昏迷不醒这段日子里，云裳妹子自责得紧。\n饭吃不香了，也不去玩，镇日坐你床边读话本子给你听。\n还不住的说，你若醒转来，她要怎样怎样待你好……
Story/D_3_3_2_1_Break_01_138,哇～芳姊姊你干嘛啦～说好不能说的！
Story/D_3_3_2_1_Break_01_139,好啦好啦，我不说了，妹子别恼。
Story/T_3_3_2_1_Break_01_014,原来云裳多少还是在意我。
Story/D_3_3_2_1_Break_01_140,他……他到底是为了我受的伤嘛～我又不是忘恩负义，自然紧张他。\n不然你看他这德行，我不管他，谁来着紧？到时我哥又怪我薄情了。
Story/T_3_3_2_1_Break_01_015,啊，我的心，融了。
Story/D_3_3_2_1_Break_01_141,臭哥哥你别傻笑，还不赶紧下跪接旨：明日一早到镇子接我。
Story/D_3_3_2_1_Break_01_142,说完就跑，压根没打算等我答复。
Story/D_3_3_2_1_Break_01_143,那么我走啦，我们就住青城山镇的客栈，你到街上一问便知。
Story/D_3_3_2_1_Break_01_144,师弟，掌门亲笔信举荐你来留学，既然到了青城，你可要把握机会。
Story/D_3_3_2_1_Break_01_145,我负气下山的时候，已有退隐江湖的念头。\n没想到会重返唐家大院，更没想到掌门会亲笔举荐我到青城养伤、留学。
Story/D_3_3_2_1_Break_01_146,掌门写信举荐，会不会是嫌我麻烦，想把我推给青城。
Story/D_3_3_2_1_Break_01_147,不，据我所知，掌门不是那种人。\n他若嫌我碍眼，早就一脚踢出大门了，哪有这么多弯弯绕绕。
Story/D_3_3_2_1_Break_01_148,不想了，今日吃过饭就早点歇息吧。
Story/O_3_3_2_1_Break_02_001,休息
Story/O_3_3_2_1_Break_02_002,饮食
Story/N_3_3_2_2_001,翌日清晨
Story/D_3_3_2_2_001,天亮了哥哥！
Story/D_3_3_2_2_002,出来玩的说！
Story/D_3_3_2_2_003,{size=50}呃啊──！{/size}
Story/D_3_3_2_2_004,他、他奶奶的，你干什么！\n突然跳人身上，我肠子都差点给你踩出来！
Story/D_3_3_2_2_005,你……你想杀了我吗？\n突然就跳我身上，肠子都差点给你踩出来！
Story/D_3_3_2_2_006,你是习武之人，连我这么轻盈的小娘子都承受不住，哪里说得过去？
Story/D_3_3_2_2_007,比起你的肠子，昨天不是说好要出门玩吗？\n我不等你来接，主动送上门了，还有亲切的唤醒服务，是不是很体贴呀？
Story/O_3_3_2_2_001,欠揍！
Story/D_3_3_2_2_008,贴你的头，给我过来！\n我今日非要代替叶兄揍烂你屁股！
Story/D_3_3_2_2_009,哇～哥哥打人了～！
Story/N_3_3_2_2_002,你追了一阵把人揪住，她又露出小鹿般无辜的眼神，楚楚动人。\n你又好气又好笑，瞧她嫩脸跑得红扑扑的，气喘吁吁，终究没舍得下手，\n拎回房里给她倒了一杯茶，替她抚背顺气。
Story/D_3_3_2_2_010,缓过来了吗？
Story/D_3_3_2_2_011,嗯……都怪你追得急，长得又那么吓人。\n害我慌不择路，出了一身汗，连头发都乱了……我去那边照镜梳理一下。
Story/D_3_3_2_2_012,自己爱玩，还怪我。
Story/N_3_3_2_2_003,片刻之后
Story/D_3_3_2_2_013,好了！
Story/O_3_3_2_2_002,没辙
Story/D_3_3_2_2_014,是这样没错，但你进屋没敲门也就算了。\n好歹叫人起床的手段温柔一点吧，我才大病初愈呀。
Story/D_3_3_2_2_015,我下脚有分寸呀，又不是真的直接踩你身上，我有先脱鞋。
Story/D_3_3_2_2_016,那还不是差不多！
Story/D_3_3_2_2_017,好啦，不要生气了，大不了我亲哥代替我，给你踩回来。
Story/D_3_3_2_2_018,你果然是想害死我吧！
Story/T_3_3_2_2_001,赵哥哥的修养真不是一般的好，明明恼了，还能忍住不发脾气。
Story/D_3_3_2_2_019,哥哥，你可知道你住这间道房，原本是申屠道长起居的卧房，\n如今被你睡过，所以他眉头一皱，搬到邹掌门的房间去了。
Story/O_3_3_2_2_003,哇，那怎么好意思
Story/D_3_3_2_2_020,是吗，这……这多不好意思啊？真是难为申屠道长了。
Story/D_3_3_2_2_021,也很难为我啊，眼睁睁看着你住的比我好，\n又因着是别的男子寝房，不能鸠占鹊巢，我叫那个恨吶～
Story/D_3_3_2_2_022,臭哥哥！臭哥哥！只顾着自己享福，还矫情！
Story/D_3_3_2_2_023,又不是我安排的。
Story/O_3_3_2_2_004,岂有此理，竟敢嫌我
Story/D_3_3_2_2_024,真过份，难道我是什么毒蛇猛兽吗？\n他嫌我，我还不见得乐意住呢。
Story/D_3_3_2_2_025,你不是，你只是普通臭哥哥而已。\n虽然不是毒蛇猛兽，毕竟臭。
Story/D_3_3_2_2_026,有吗，我挺注重干净的，我臭吗？
Story/D_3_3_2_2_027,你闻起来不臭，你的臭是发自人品的那种恶臭。
Story/D_3_3_2_2_028,冤枉，我应该算得上是好人才对。
Story/D_3_3_2_2_029,哦，早说嘛，那没事了。
Story/D_3_3_2_2_030,没差啦，混江湖的人，哪来这么多讲究。
Story/D_3_3_2_2_031,我不喜亲近不爱干净的人，恶心的说。
Story/D_3_3_2_2_032,对了，由于我偶尔会侵入的缘故，就算一个人在屋里，也请不要打赤膊。\n只有上身也不行，想到就不寒而栗的说。
Story/D_3_3_2_2_033,哈哈哈，男儿赤身有什么打紧，又没人希罕。\n谁不是流大把汗便将衣服一脱，散热乘凉？
Story/T_3_3_2_2_002,就是这里不妥啊，谁想看你奶菇菇。
Story/D_3_3_2_2_034,其实你也可以选择先敲门再进来。
Story/D_3_3_2_2_035,敲了门那还叫侵入吗？不杀你个措手不及就没意思了！
Story/D_3_3_2_2_036,我来慎重跟你介绍一下，这里是青城派。
Story/D_3_3_2_2_037,我知道，昨天就知道了。
Story/D_3_3_2_2_038,在你霸占人家房间之前，青城弟子都会来向申屠道长请安，\n排开队伍练功，你之后也可以一块向申屠道长请教吧。
Story/D_3_3_2_2_039,你可曾见过申屠道长演示武功吗？
Story/D_3_3_2_2_040,见过，每日他都会演示武功给青城弟子看。\n但我不太懂青城武功，只觉得他招数使得好慢。
Story/D_3_3_2_2_041,说不定是为了演示给青城弟子看，才一招一式慢慢地使。
Story/D_3_3_2_2_042,是有这种可能，毕竟那些青城弟子都很笨嘛。\n一套八仙剑法才三十六式，我看一次便记住了，他们总是舞一半就忘招。
Story/D_3_3_2_2_043,约莫是你从前耳濡目染，已经习惯了。\n点苍派以剑为宗，单论剑法，别派的也许就不如点苍的精妙。
Story/T_3_3_2_2_003,天下人都赞点苍剑法精妙，我却不以为然。\n依我看，点苍派的师兄们都是学剑学到失心疯、丧心病狂才对。
Story/D_3_3_2_2_044,各派武学心法不同，比如点苍剑法追求迅疾，\n同样使剑，锦香宫就讲究优美灵动。\n青城剑法，想是以内力为主，剑法招式沉稳如渊。
Story/D_3_3_2_2_045,那么全真剑法呢？
Story/D_3_3_2_2_046,通俗易学。
Story/D_3_3_2_2_047,唐门剑法？
Story/D_3_3_2_2_048,唐门没有剑法，心诀我也没得师长真传。\n我自己的领悟，唐门武功所穷究者，是一个「奇」字。
Story/D_3_3_2_2_049,而你穷究得是贱，卑鄙下作的那个贱。
Story/D_3_3_2_2_050,屁啦！
Story/D_3_3_2_2_051,二位道长好，在下唐门赵活。
Story/D_3_3_2_2_052,赵少侠醒了，那可真是太好了。\n贫道是青城弟子，道号清虚子。
Story/D_3_3_2_2_053,呃，赵少侠，贫道道号碧波子。\n也就是昨日给你送饭那个，昨日失礼，在此向你赔罪了。
Story/N_3_3_2_2_004,言罢，向你拱手一揖。
Story/O_3_3_2_2_005,小事一桩，道长别放心上
Story/D_3_3_2_2_054,这等小事，何足挂齿。\n申屠道长为我疗伤，我谢都来不及，怎会计较这些？道长切莫介怀。
Story/D_3_3_2_2_055,你能这样说，足见大度，小道很承你的情。\n欢迎你来青城留学。
Story/D_3_3_2_2_056,在下不才，还望各位道长、道兄多多指教。
Story/D_3_3_2_2_057,赵少……赵老弟客气了。\n我俩还有事要办，你随意，回头再找你一块儿喝酒。
Story/D_3_3_2_2_058,好，二位请。
Story/D_3_3_2_2_059,{size=24}想不到唐门那群乖僻的怪人之中，也有通情达理的。{/size}\n{size=24}这赵老弟模样虽然丑恶，为人处世倒还过得去。{/size}
Story/D_3_3_2_2_060,{size=24}我越想越惭愧，回头给赵老弟加餐赔罪。{/size}
Story/O_3_3_2_2_006,道歉的诚意呢？
Story/D_3_3_2_2_061,你道歉的诚意呢？试问你拱手一揖，值几个钱？\n你身为道士，见人却骂妖怪，不知有多伤人吗？
Story/D_3_3_2_2_062,这……对不住。
Story/D_3_3_2_2_063,还有，你把食盒一扔就跑，害我没饭吃，这就是青城的待客之道吗？\n你要这样说，南宫老太爷想必很是灰心吧，大把银钱挥出去，\n想要弭平门户之见，到底还是太过天真了，青城派首先就不答应。
Story/D_3_3_2_2_064,赵居士这话是怎么说的，哪、哪有这种事呢。\n敝派对南宫老太爷向来恭敬，至于武林和平的愿景，也是向往的紧。
Story/D_3_3_2_2_065,那为什么我的晚饭会在地上？我为何会饿肚子？
Story/T_3_3_2_2_004,明明就接住了饭盒，哥哥真厚脸皮。
Story/T_3_3_2_2_005,明明就吃了我给的包子，哪有饿到你。
Story/N_3_3_2_2_005,话说到这份上，二人哪里还不明白，你这厮是借机敲竹杠来着。
Story/D_3_3_2_2_066,青城派生活清贫，香客所捐的香油钱主要用以维护道观。\n除了日常生活所需，无甚余钱。
Story/D_3_3_2_2_067,不如此物送赠居士，权作赔礼，还请恕罪则个。
Story/D_3_3_2_2_068,此香为上等降真香，本派常用于重要仪式。\n平时修行焚此香，也能避邪召唤好运，更收活血化瘀，平静心神之效。
Story/D_3_3_2_2_069,这就想打发我──
Story/D_3_3_2_2_070,{size=24}哥哥，这种玩笑我开可以，你可不行啊。{/size}\n{size=24}快见好就收，不然真要得罪人啦。{/size}
Story/D_3_3_2_2_071,哦。
Story/D_3_3_2_2_072,好东西？
Story/D_3_3_2_2_073,自然是好东西，不止沉水降真木名贵，还揉合了许多药材，\n诸如零陵香、木香、肉桂、甘松等等，乃是我派驰誉武林的灵药之一。
Story/D_3_3_2_2_074,那我就心怀感激收下了。
Story/D_3_3_2_2_075,那我就勉强笑纳了。
Story/D_3_3_2_2_076,{size=24}走吧，走吧，这人不好相处，以后少往来便是。{/size}
Story/D_3_3_2_2_077,{size=24}可不是吗？救他性命、请他吃饭，还请出罪过来了，倒变成我们欠他似的。{/size}\n{size=24}他八成都不觉得自己没品，咱们不管他，这种人没福报的。{/size}
Story/D_3_3_2_2_078,这里呢，是青城派的上清宫。\n每天都有早晚课，焚香敬神，打坐修真。
Story/D_3_3_2_2_079,之前有一位老道长叫我来，试图教我打坐，调伏我的心魔。
Story/D_3_3_2_2_080,你有心魔？
Story/D_3_3_2_2_081,没有。\n但我混世魔王叶云裳既然大驾光临，青城弟子就该有心魔了。
Story/O_3_3_2_2_007,拜托你收敛一点
Story/D_3_3_2_2_082,这里不是自己家里，你凡事收敛一点，可别害到我。
Story/D_3_3_2_2_083,方才在那边勒索人的家伙，还好意思说我。\n这话应该是我跟你说才对，被打别连累我～
Story/D_3_3_2_2_084,不对，你要被打的时候，我会立刻加入敌对阵营的说。
Story/D_3_3_2_2_085,你这个忘恩负义的家伙。
Story/D_3_3_2_2_086,识时务者为俊杰，人不为己，天诛地灭！
Story/D_3_3_2_2_087,什么话，妹妹犯了错你身为哥哥不想着包庇，还怕被连累？\n有你这样不称职的哥哥吗？我真是看错你了。
Story/O_3_3_2_2_008,纵容她
Story/D_3_3_2_2_088,你是什么小旋风，走到哪儿祸害到哪。
Story/D_3_3_2_2_089,不行吗？你不让我闹，我心里不舒坦，\n我一不舒坦，胸口就闷得慌，对我病情也不好，你忍心吗？
Story/D_3_3_2_2_090,你别杀人放火、胡闹过头把自己搭进去就行。\n反正给你善后替人道歉，赔钱挨打的事我早习惯了，\n尊严啥的早就不值钱了。
Story/D_3_3_2_2_091,哥哥真疼我，那我一定不会辜负你的期待，使劲闹腾。
Story/D_3_3_2_2_092,你来真的？
Story/D_3_3_2_2_093,你……又是你！\n我申屠师弟不是明令禁止你这小魔头再踏足上清宫吗？
Story/D_3_3_2_2_094,糟糕，哥哥，我们快跑～
Story/D_3_3_2_2_095,我若说青城山风景比眉山好，哥哥你会生气吗？
Story/O_3_3_2_2_009,自家风景最美
Story/D_3_3_2_2_096,不见得吧，各有各的好，何必强分轩轾？
Story/D_3_3_2_2_097,那倒也是，青城再美，也没有默铃好看。
Story/T_3_3_2_2_006,但这儿还有你啊。
Story/D_3_3_2_2_098,但这儿还有你呀。
Story/D_3_3_2_2_099,有、有我顶什么用？
Story/D_3_3_2_2_100,站你旁边，我再好看也给中和掉了。
Story/D_3_3_2_2_101,呃啊！
Story/D_3_3_2_2_102,树种哪儿还不都长一样？
Story/D_3_3_2_2_103,你是最不能一起游山玩水的那种扫兴鬼，跟我亲哥一个样。\n对牛弹琴似的，我不同你说了。
Story/O_3_3_2_2_010,你说的对
Story/D_3_3_2_2_104,青城天下幽，与剑门之险、峨嵋之秀、夔门之雄俱为四川名山。\n那自然是极好的。
Story/D_3_3_2_2_105,这样好的风景，还有另外三个？我想看！
Story/D_3_3_2_2_106,剑门关有官兵驻守，想去旅游颇为棘手；\n峨嵋的话，客客气气向峨嵋派递请帖，说要上山礼佛，想来不致被拒；\n至于夔门嘛……。
Story/D_3_3_2_2_107,只要你将身子养好，倒是可以去白帝城遗迹走走，瞻仰前人伟业。
Story/D_3_3_2_2_108,哥哥，你亲身去过吗？知道的真多。
Story/D_3_3_2_2_109,我没去过，只是听人说、看书学罢了，我也挺想去开开眼见。
Story/D_3_3_2_2_110,那我们约好，到时一起去玩。\n要是谁违背了誓言，哥哥肠穿肚烂而死。
Story/D_3_3_2_2_111,好……。
Story/D_3_3_2_2_112,等等，不对吧，你不会刻意爽约害我吧？
Story/D_3_3_2_2_113,我会。你要是对我不好、哪儿伺候的不周到，我就不跟你去了。
Story/D_3_3_2_2_114,不要啊！跟我去啦！
Story/D_3_3_2_2_115,我也这样觉得。\n风景不仅好看，路也修过，造了石级，比眉山好走的多。
Story/D_3_3_2_2_116,你们要是肯花心思打理山路，好歹埋一些木头到土里当楼梯，\n默铃也不至于一出门就迷路。
Story/D_3_3_2_2_117,那怎么能一样呢？青城派是道观，有香客络绎不绝，\n他们有香火钱好赚，当然肯费力气。
Story/D_3_3_2_2_118,青城山以西有奉符镇，以东则是青城山镇。
Story/D_3_3_2_2_119,这里是后者，青城山镇，是我和芳姐姐盘桓之地，\n也是哥哥你即将掏钱买糕点，对我进行爱心投喂的地方。
Story/D_3_3_2_2_120,我就知道你不安好心。
Story/O_3_3_2_2_011,贫民点心
Story/O_3_3_2_2_012,平民点心
Story/O_3_3_2_2_013,濒冥点心
Story/D_3_3_2_2_1_001,臭哥哥，人家对你那么好，你竟那么吝啬，\n就拿烤竹笋敷衍我，嚼嚼。
Story/D_3_3_2_2_1_002,没办法，我身上也没几个子儿。\n这烤竹笋名叫「傍林鲜」，难道不好吃吗？
Story/D_3_3_2_2_1_003,好吃是好吃啦。
Story/D_3_3_2_2_2_001,青城的酥黄独，和我从前吃过的不大一样。\n用竹叶包着，特别清爽，滋味儿硬是要得。
Story/D_3_3_2_2_2_002,你喜欢就好。
Story/D_3_3_2_2_2_003,那你喜欢吗？
Story/D_3_3_2_2_2_004,当然喜欢。
Story/D_3_3_2_2_3_001,啊……啊……！
Story/D_3_3_2_2_3_002,你怎么了？不好吃吗？
Story/D_3_3_2_2_3_003,不是，很好吃，但是太冰了。\n我的鼻梁好像被人打断了一样，我要死了～～！
Story/T_3_3_2_2_3_001,就算真的被人打断鼻梁，也不至于死掉吧。
Story/D_3_3_2_2_3_004,呼，好了。吃冰酪的时候常常鼻梁会疼，真是不可思议。
Story/D_3_3_2_2_3_005,啊呣啊呣～这青提子碧玉酥山真是人间美味！
Story/D_3_3_2_2_3_006,你悠着来，又没人跟你抢，等下又疼。
Story/D_3_3_2_2_3_007,拜托你悠着点吃，这甜品可不便宜。\n这样狼吞虎咽糟蹋不说，等下又鼻疼。
Story/D_3_3_2_2_3_008,啊！又来了，我的鼻～子～
Story/D_3_3_2_2_4_001,不知不觉太阳就要下山了。
Story/D_3_3_2_2_4_002,是啊……美好的时光总是过得特别快。
Story/D_3_3_2_2_4_003,好，接着下一站，我们去喝晚茶听曲儿。\n等到华灯初上、夜市开张，你我兄妹二人再冲入敌阵大吃四方！
Story/D_3_3_2_2_4_004,原来你方才那话不是要罢休的意思？
Story/D_3_3_2_2_4_005,想得美，我会那么容易放过你吗？\n你想走倒也不是不行，但你的荷包必须留下。
Story/D_3_3_2_2_4_006,哪儿来的小土匪，罢了罢了，我奉陪到底就是。
Story/D_3_3_2_2_4_007,我们倒是无所谓，但是青城派有门禁喔。\n晚点名后便紧锁山门，你若赶不上明日早点名，\n届时会有什么后果，我就不得而知了。
Story/D_3_3_2_2_4_008,蛤……？
Story/D_3_3_2_2_4_009,没差啦，最坏就被除名而已吧，呵呵。
Story/D_3_3_2_2_4_010,{size=50}那可不行！{/size}
Story/D_3_3_2_2_4_011,行啦，行啦，是青城派重要还是我重要？
Story/D_3_3_2_2_4_012,嗷呜！
Story/D_3_3_2_2_4_013,云裳妹子我替你抓住了，不必担心。
Story/D_3_3_2_2_4_014,哦。
Story/D_3_3_2_2_4_015,师弟，夜市改日还有，今天你还是赶紧回去吧。\n初来乍到，不老实一点，万一让人家给赶走了，到时恐怕不大体面。
Story/D_3_3_2_2_4_016,说的也是……那我走了。
Story/D_3_3_2_2_4_017,哥哥，得空还是要来找我玩喔！
Story/D_3_3_2_2_4_018,好。
Story/D_3_3_2_2_4_019,芳姐姐，青城派真的有门禁吗？
Story/D_3_3_2_2_4_020,真的有，但据我所知，青城派规矩不像唐门、点苍那么严谨，\n师父领进门，修行全看各人，是以早晚点名不到其实也没差别。
Story/D_3_3_2_2_4_021,难怪其他唐门师兄全不当一回事。
Story/T_3_3_2_2_4_001,差别在于唐门的师兄们即使回唐门去，也有武功能学，\n哥哥却得把握机会，他既然心怀畅快了，我也不能太缠人。
Story/T_3_3_2_2_4_002,我就勉为其难忍耐一下，一天只纠缠两次吧。
Story/D_3_3_2_2_4_022,呼……呼……。
Story/D_3_3_2_2_4_023,赵居士，何以行色匆匆？
Story/D_3_3_2_2_4_024,赵兄弟，你何以行色匆匆？
Story/D_3_3_2_2_4_025,晚……晚点名……。
Story/D_3_3_2_2_4_026,晚点名？还没呢。
Story/D_3_3_2_2_4_027,那就好。
Story/D_3_3_2_2_4_028,不过你错过了晚饭。
Story/D_3_3_2_2_4_029,哦……。
Story/D_3_3_2_2_4_030,伙房已经收拾干净，厨余也都喂了家畜。\n居士今晚挨过饿，下回请早。
Story/D_3_3_2_2_4_031,早知道在山下吃了再回来，唉。
Story/D_3_3_2_2_4_032,料到你人生地不熟，八成是迷路。\n放心吧，我们特意给你留了饭菜。
Story/D_3_3_2_2_4_033,当真吗！那真是太感激了，谢过二位道兄！
Story/D_3_3_2_2_4_034,教你一个青城口诀：饭钟一响，提筷便抢。\n明日起你可得警觉一点，咱们师兄弟俩可不是每回都能顾得上你。
Story/D_3_3_2_2_4_035,一定，一定。
Story/D_3_3_2_2_4_036,青城派的道兄人还真好。
Story/O_Section_02_Free_Start_02_001,窝居
Story/O_Section_02_Free_Start_02_002,饮食
Story/O_Section_02_Free_Start_02_003,常风观
Story/O_Section_02_Free_Start_02_004,上清宫
Story/O_Section_02_Free_Start_02_005,青城山镇
Story/D_Section_02_01_001,二位道长好。
Story/D_Section_02_01_002,是赵少侠。\n在师长面前，小道可不敢自居道长，称我一声道友则可。
Story/D_Section_02_01_003,我来给你引介，这位是我师父，青城高功怀素先生，主斋醮科仪。\n除了邹掌门外，本派第十代长老，属他老人家为尊。
Story/D_Section_02_01_004,晚辈唐门赵活，拜见怀素真人尊范。
Story/D_Section_02_01_005,……赵小友面目狰……面目清奇，有鬼神之相，实在难得、难得。
Story/D_Section_02_01_006,道长说笑了。
Story/D_Section_02_01_007,怀素道长好，久仰大名，幸会幸会。
Story/T_Section_02_01_001,我师父是前辈高人，这姓赵的小子怎么能这样说话，忒也失礼。
Story/D_Section_02_01_008,……赵小友面目狰……面目清奇，有鬼神之相，实在难得、难得。
Story/D_Section_02_01_009,道长谬赞了。
Story/T_Section_02_01_002,不不不，我师父话底真意是说你长得丑吧。
Story/D_Section_02_01_010,小友相貌清奇，可愿受正一之箓，行天心正法。\n随老道修习青城道术，祭天地，学画符念咒？
Story/D_Section_02_01_011,这……从前也有位青城道长说过类似的话，莫非我真有修真的资质吗？
Story/D_Section_02_01_012,从前同你说这话的就是老道本人。
Story/D_Section_02_01_013,咦，是吗！
Story/D_Section_02_01_014,那年你年纪尚小，不记得老道也情有可原。\n难得南宫老侠义举促成留学，你不必急于答应，回去三思再议不迟。
Story/D_Section_02_01_015,是，是，兹事体大，还请容我再考虑考虑，告辞。
Story/D_Section_02_01_016,师父，你如此看重，莫非赵居士真有修真的资质吗？
Story/D_Section_02_01_017,修真的资质是什么？
Story/D_Section_02_01_018,这……勇猛精进之心。
Story/D_Section_02_01_019,非也，是远离尘世的决心。\n那赵小友面目丑陋，出身寒微。便他恋栈俗世，红尘亦不能相容。\n既然求不得，不如死心，入我道门修行。
Story/D_Section_02_01_020,原来是这样，我还道他当真不同凡响。
Story/D_Section_02_01_021,啊，弟子松了一口气，这才惊觉，自己竟起了攀比心。
Story/T_Section_02_01_003,唉，攀比心，为师又何尝没有？\n我修道数十载，也仅能「自知」、「诚实」而已，清心寡欲，谈何容易？
Story/D_Section_02_01_022,清虚，今后祝祭、醮典，可为赵小友安排入列参与。
Story/D_Section_02_01_023,那么降妖、驱邪的请托呢？
Story/D_Section_02_01_024,同理，青城弟子做什么，你也带他一同，当他半个青城弟子看待便了。\n当然，他若志不在此，也不可强人所难。
Story/D_Section_02_01_025,是，弟子晓得了，我这便去同他说明。
Story/D_Section_02_01_026,我青城派香火鼎盛，求符的香客络绎不绝。\n有时还会请我们下山驱邪，此皆青城弟子日常所务。
Story/D_Section_02_01_027,所得钱财会分与门人以资嘉勉，但并非鼓励人恋栈俗欲，\n所以分也分的不多，你老兄若为求财而来，只怕要失望。
Story/D_Section_02_01_028,道兄说笑了。
Story/D_Section_02_01_029,明日起，你可到上清宫来，要修习道法亦可，要随我们下山驱邪也行。\n驱邪也就做做样子，让人心安罢了，毕竟谁也没见过鬼、妖怪。\n如此这般，你都听明白了吗？
Story/D_Section_02_01_030,明白是明白了，不过你怎么说话突然……。
Story/D_Section_02_01_031,突然变得随便起来？
Story/D_Section_02_01_032,实不相瞒吧，师父说让我把你当半个青城弟子看待。\n既然是同门，私下我就不跟你客气了。\n你勒索我的事情，我还记在心上，你最好皮给我绷紧。
Story/N_Section_02_01_001,你被恐吓了。
Story/D_Section_02_01_033,实不相瞒吧，师父说让我把你当半个青城弟子看待。\n既然是同门，私下我就不那么生份客气了。\n将来你留或不留都另说，不是同门，也可以交个朋友吧！
Story/D_Section_02_01_034,多、多谢师兄。
Story/T_Section_02_02_001,这又是什么道教仪式吗？\n今日来打坐静修的人这么多，都没我位子了。
Story/T_Section_02_02_002,没办法，今日找点别的事做吧。
Story/D_Section_02_02_001,赵小友。
Story/D_Section_02_02_002,邹掌门好。
Story/D_Section_02_02_003,老道有一言，不若外边说。
Story/T_Section_02_02_003,不会是打算赶我走吧？
Story/T_Section_02_02_004,看来我被劝离的时候到了，反正我本来就没抱太大期望。
Story/N_Section_02_02_001,你想起从前唐门师叔伯都还在的时候，无数次被关切，\n听他们语重心长的劝你离开，心不禁一沉。
Story/D_Section_02_02_004,小友来我青城派已有一段时日，可还习惯？
Story/O_Section_02_02_001,在下适应良好
Story/D_Section_02_02_005,承蒙道长关心，我一切都挺好的。
Story/D_Section_02_02_006,那很好。
Story/O_Section_02_02_002,青城什么都好，但太清闲了一点
Story/D_Section_02_02_007,青城派处处都好，但就是太无聊，我有时都不知干嘛好。
Story/D_Section_02_02_008,青城山青水秀，鸟语花香，哪处都好，只是我这人忙惯了，\n一时闲不下来，多少有点儿无所适从罢了。
Story/D_Section_02_02_009,无聊也是一种福气，转个念头想，这叫清闲。\n人生最美好的事情之一，就是无聊。
Story/D_Section_02_02_010,……道长找我，莫非是晚辈干了什么错事吗？
Story/D_Section_02_02_011,你怎么会这样想呢？
Story/D_Section_02_02_012,经验谈。我没断条腿却遭师长关切，往往就是风雨欲来。
Story/D_Section_02_02_013,你想太多了。
Story/D_Section_02_02_014,道长可是有事吩咐我吗？
Story/D_Section_02_02_015,吩咐不至于，闲聊罢了。
Story/D_Section_02_02_016,你在青城短短时日，表现颇佳，老道亦时有耳闻。\n今日没别的用心，旨在良言嘉勉于你。
Story/D_Section_02_02_017,是、是这样吗？我还以为要倒霉了。
Story/D_Section_02_02_018,多谢道长嘉勉！
Story/D_Section_02_02_019,从你行事，可见心性，你在唐门想来也是勤勉之人。
Story/D_Section_02_02_020,没办法，事情总要有人做，其他师兄懒，我不得勤劳一点吗。
Story/D_Section_02_02_021,倒也不是我勤奋，只是努力想求表现，争取师长青眼。
Story/D_Section_02_02_022,嗯，赵居士这样的性情啊，老道就很是欣赏。
Story/T_Section_02_02_005,哦……哦？难道我拜师有望了吗？
Story/T_Section_02_02_006,但我还是先别报太大期望，这种事该有多少遍了？\n期盼越深，伤害越沉。
Story/D_Section_02_02_023,上回我师弟的提议，你考虑得如何了？
Story/D_Section_02_02_024,哪件提议？是关于晚饭加餐的事吗？
Story/D_Section_02_02_025,他跟你商量过这种事？愿闻其详……不对。
Story/D_Section_02_02_026,加餐的事老道很感兴趣，但那事容后再议。\n老道说的，是入信青城的事情。
Story/D_Section_02_02_027,哦。
Story/D_Section_02_02_028,咳嗯，你若愿意入信本派，老道可以破例收你为徒。
Story/D_Section_02_02_029,当、当真吗！我这可不是听错了吧！\n我、我来当青城掌门的亲传弟子？
Story/D_Section_02_02_030,没错，千真万确。
Story/D_Section_02_02_031,师父在──
Story/D_Section_02_02_032,莫急，老道先教你三字心诀，你有所领悟，再决定不迟。
Story/D_Section_02_02_033,晚辈洗耳恭听。
Story/D_Section_02_02_034,「忍，闲，恒」
Story/D_Section_02_02_035,忍、闲、恒。
Story/D_Section_02_02_036,正是。你在唐门一忍多年，可见你有动心忍性的功夫。\n忍的真谛，不消老道多言，你已知个中三昧。
Story/D_Section_02_02_037,至于闲，便是要你放宽心，接受生活，不被光阴追赶，活好现在。
Story/D_Section_02_02_038,这一部《清峰三十六路》轻功步法，今日赠你。
Story/D_Section_02_02_039,多谢道长。
Story/D_Section_02_02_040,这部秘籍，是我派前辈散步于青城阴阳三十六峰，于山水之间领悟。\n天地为逆旅，你我均为过客，来得此间，你要听得见鸟鸣、潺潺水声。\n这便是「闲」的奥义。
Story/D_Section_02_02_041,好深奥。
Story/N_Section_02_02_002,你闻言若有所悟，只是一时之间说不明白。
Story/D_Section_02_02_042,都说不急，你得慢慢来，慢慢来～\n慢，而后而重，重而后能稳，稳而后则似山岳。\n你牢牢记住，这便是青城武功的真髓。
Story/D_Section_02_02_043,慢而后而重，重而后能稳，稳而后则似山岳……我记住了。
Story/D_Section_02_02_044,不过，有一话兴许不大中听，但老道身为掌门，必须言明在先。
Story/D_Section_02_02_045,夫道为万气之主，道者，气也。故我青城派首重道学、气功。\n凡我青城弟子，皆是自幼习练无为丹法，深研内功。\n一切招数若无内功支持，仅得其形，用心皆为枉然。
Story/O_Section_02_02_003,你觉得有道理
Story/T_Section_02_02_007,有理，内功修为深厚者，随手一挥，也胜旁人花招百出。
Story/O_Section_02_02_004,你存疑
Story/T_Section_02_02_008,真的是这样吗？邹掌门所言与我所见的唐门，似乎背道而驰。
Story/T_Section_02_02_009,但追究到最后，似乎也是殊途同归。\n内功修为深厚者，随手一挥，也胜旁人花招百出，这不也是一种忘形？
Story/D_Section_02_02_046,你资质不好不坏，有恒心未必不能成器，只是可惜先天之气溢散，\n以你如今的岁数，再练不免落于人后，恐怕终你一生，也难有大的成就。
Story/D_Section_02_02_047,先天之气散了，我说不定可以炼丹滋补，由脾胃化生水谷精微，\n以此后天之精替补？
Story/D_Section_02_02_048,怎么，你小子还懂炼丹？
Story/D_Section_02_02_049,在我二师兄熏陶之下耳濡目染，略懂略懂。
Story/D_Section_02_02_050,同为道教，青城不讲炼丹，那是全真派的长处。
Story/D_Section_02_02_051,不过前几年跟全真郝道友切磋过，老道也对此道略有研究，\n更可以说是兴味浓厚，改日你我得闲，大可以交流一下心得。
Story/T_Section_02_02_010,这位老道长说到自己热衷的事物，就没掌门威严了。
Story/D_Section_02_02_052,不过尚无把握的事，勿要妄下决断。\n你将来是否真能炼得出后天之丹，犹未可知，仅就此刻而言，\n老道只能说你真不是那块材料。
Story/D_Section_02_02_053,勤能补拙，我肯努力。
Story/D_Section_02_02_054,适当的努力是好事，过于执着，则与「闲」字诀背道而驰，只会不进反退。
Story/D_Section_02_02_055,噢……。
Story/D_Section_02_02_056,不过你用不着太沮丧，应当放开眼界。\n习武这条路走不通，学道却不同，除了积累道法，也重顿悟。
Story/D_Section_02_02_057,这……道长这是要我放弃习武吗？
Story/D_Section_02_02_058,这只是老道的提议罢了。\n人贵有自知之明，否则我又何尝不能发梦作皇帝？
Story/D_Section_02_02_059,不过嘛，小友也不必妄自菲薄。\n你便注定当不成武林高手，未始不能有所成就。\n老道我来亲自指点，假以时日，你必大有可为，能作道门高功！
Story/O_Section_02_02_005,好，我要拜入青城习道
Story/D_Section_02_02_060,师父在上！请受徒儿一拜！\n赵活愿意入信青城，受正一法箓，行上清天心正法！
Story/D_Section_02_02_061,好，好，好。\n今日起，你便是我邹博的亲传弟子！\n道号……就叫做弃尘，不是凡尘弃你，是你忘弃红尘！
Story/N_Section_02_02_003,你放弃了不切实际的梦想，遁入青城，千朝习道，忘弃红尘。
Story/N_Section_02_02_004,二十载后出山入世，行脚四方，世道已经大不同。\n更十数载，名传四方，彼时青城、嵩山俱毁于战火。
Story/N_Section_02_02_005,你受元帝忽必列策封，回蜀中重建青城，着有一书《活经》，\n后世尊你「弃尘祖师」，与福韫法师并为青城、嵩山两派中兴之祖。
Story/O_Section_02_02_006,但是我就是想当大侠
Story/D_Section_02_02_062,但是，我就是想当大侠啊。
Story/D_Section_02_02_063,……善泳者溺，江湖中最容易死的不是杂鱼，而是二、三流人物。\n你明知此道是穷途，依然执迷不悟，末路已然可以预见。
Story/D_Section_02_02_064,你，会死。
Story/D_Section_02_02_065,……。
Story/D_Section_02_02_066,谁不会死呢？
Story/D_Section_02_02_067,曾经有一位高人告诉我，只要心不屈服，我能成为任何人，而我相信他。
Story/D_Section_02_02_068,多谢道长的美意，晚辈感激不尽，无福拜入青城，还请收回成命。
Story/D_Section_02_02_069,道长的美意，在下心领了，拜入青城还是免了。\n我才不要像你一样当道士，自找清规戒律束缚自己。
Story/D_Section_02_02_070,别太早下定论，你且去吧，好好想想。\n老道的成命不改，直到留学之期结束，你都有机会反悔。
Story/D_Section_02_02_071,晚辈告辞了。
Story/D_Section_02_02_072,……。
Story/D_Section_02_02_073,呵呵呵，呵呵呵呵，哎呀。\n不必我教，你不是会了吗？这便是「恒」啊。
Story/D_Section_02_02_074,可惜呀～这么一块大好材料，当年走歪了路，不是入我青城。\n怎么就跑到唐门去，给唐老哥捡了个大便宜呢？
Story/N_Section_02_Free_00_001_001,你无所事事地在房间里斜躺，渡过了悠闲的一天。\n心情变得轻松了一点，偶尔悠哉一下，这才叫人生。
Story/N_Section_02_Free_00_002_001,你独自在房里的时候，有青城弟子推门进来。\n与你对视一怔，这才想起申屠龙将房间借你，连忙告罪离开。
Story/N_Section_02_Free_00_501_001,叶云裳推门而入，给自己泡了茶，在榻上铺软垫，摊开携来的糕点，\n挨着你坐下，谈天说地，真当自个儿家里一样舒心自在。
Story/N_Section_02_Free_00_502_001,叶云裳趁你睡得正酣，把搜集来的兽毛用浆糊黏在你脸上、胸上，\n手工为你移植了胡子与胸毛。
Story/N_Section_02_Free_00_503_001,叶云裳趁你睡得正酣，提笔在你脸上乱涂乱画，大功告成心满意足，\n也觉得倦了，迷迷糊糊枕你臂弯上睡了一忽儿，你醒了，一动也不敢动。
Story/N_Section_02_Free_01_01_001_001,你跟着青城弟子习剑练拳，青城长老传功不对你设防，却也不加点拨。
Story/N_Section_02_Free_01_01_501_001,申屠龙与你对练切磋，从不出言指导，总是暗中引导你察觉自身不足。
Story/N_Section_02_Free_01_02_001_001,青城的鱼没有特别肥美，但依旧好吃。\n钓鱼使你变得专注且耐心。
Story/N_Section_02_Free_01_02_002_001,青城的鱼没有特别肥美，但依旧好吃。\n叶云裳没有特别爱吃鱼，但依旧想吃。
Story/N_Section_02_Free_01_02_301_001,你漫步于青城阴阳三十六峰，胸怀大畅，吟啸且徐行，何等快哉！\n青城弟子没抱怨，其实心底都嫌你鬼叫很吵。
Story/N_Section_02_Free_01_02_302_001,你漫步于青城阴阳三十六峰，碰巧遇见叶云裳和唐芳，于是三人相偕散步。\n碍于二女在侧，你不大好意思鬼吼鬼叫。
Story/N_Section_02_Free_01_02_303_001,你漫步于青城阴阳三十六峰，碰见申屠龙在林中与鸟禽嬉戏。\n他见你到来，微微一笑，你二人闲聊散步，直到他回入清闲居中，紧锁房门。
Story/N_Section_02_Free_01_02_401_001,青城三十六峰连绵，遍山翠绿，古木森然。\n你放慢脚步徐行，且听林间树叶簌簌而响，飞鸟啾啾而鸣，恍如天籁，\n你人到此，冥冥似有所悟，心境清澈了一些。
Story/N_Section_02_Free_01_02_501_001,你在山中散步之时，一头野猪从丛中窜出。\n你吓了一跳，牠也惊恐莫名，旋即向你袭击过来！
Story/N_Section_02_Free_01_02_501_01_001,山猪的下场
Story/O_Section_02_Free_01_02_501_01_001,卖掉！
Story/N_Section_02_Free_01_02_501_01_002,你将山猪宰了，到市集跟猎户讨价还价，卖了个好价钱。
Story/O_Section_02_Free_01_02_501_01_002,招呼大家一起吃
Story/N_Section_02_Free_01_02_501_01_003,正一道士不忌荤腥，于是你大方作东，喊人拖回去将猪支解。\n见者有份，请大伙饱餐了一顿。
Story/N_Section_02_Free_01_02_502_001,不认识的江湖人，误以为你是地狱道鬼卒，大喊一声「妖孽受死」袭击过来！
Story/N_Section_02_Free_01_02_502_01_001,你被打晕了带去青城派交给申屠龙，经过一番解释才知你身份。\n唯恐你醒来追究，那人姓名都没留下就跑了。
Story/O_Section_02_Free_01_02_502_01_001,别再找唐门的麻烦了！（纵放）
Story/N_Section_02_Free_01_02_502_01_002,你有意化干戈为玉帛，可是并非所有人都知感恩。\n他死里逃生，恼羞成怒，倍劲造谣，抹黑唐门名声，呼吁唐门滚出中原。
Story/O_Section_02_Free_01_02_502_01_002,你去死啦（杀害）
Story/N_Section_02_Free_01_02_502_01_003,对方自己找上门来的，口口声声要与唐门为难，你岂能纵虎归山？\n当即手起刀落，把人给了结，将小剑血迹抹他尸身上，再踢下山谷。
Story/N_Section_02_Free_02_01_101_001,你心浮气躁，无论如何都无法静下来，有股沛莫能御的干劲在胸中骚动。
Story/N_Section_02_Free_02_01_102_001,你随青城道士学习符箓，为香客祈福驱邪。\n你诵经忘词胡诌被虔诚信士听了出来，当众纠正，好没面子。\n但你至少逗笑了叶云裳，她觉得很好笑。
Story/N_Section_02_Free_02_01_201_001,你随青城道士学习符箓，为香客祈福驱邪。\n你失手让风卷走了燃烧中的符纸，差点酿成大祸。\n但你至少逗笑了叶云裳，她笑得差点儿就喘不上气来。
Story/N_Section_02_Free_02_01_301_001,你眼观鼻，鼻观心，意守丹田身似空，心绪沉淀之际，内功修为似乎也有一点长进。
Story/N_Section_02_Free_02_01_302_001,你随青城道士学习符箓，为香客祈福、驱邪、收惊。\n灵不灵验姑且不说，反正是依样画葫芦。
Story/N_Section_02_Free_02_01_401_001,你清心静坐，存想天外。\n混浊的思虑逐渐沉淀，颇有感悟道门之玄。
Story/N_Section_02_Free_02_01_402_001,你随青城道士学习符箓，为香客祈福驱邪。\n香客口耳相传，都说青城来了一位新道长，有鬼神之相，驱邪极端灵验。
Story/N_Section_02_Free_02_02_101_001,你随高功下山开坛祭鬼神，叶云裳躲在祭坛下，偷吃祭品。\n眼看祭品一个个离奇消失，不仅民众惊慌，连高功道士都差点吓到腿软。
Story/N_Section_02_Free_02_02_301_001,你随青城弟子下山，开祭坛为邻近乡镇祈福、消灾、驱邪。\n你只消高功号令，别做多余的事情就行，还有钱拿，何乐而不为？
Story/N_Section_02_Free_02_02_501_001,你随青城弟子下山，开祭坛为邻近乡镇祈福、消灾、驱邪。\n没想到当真撞邪，地狱道鬼卒找上门来了！
Story/N_Section_02_Free_02_02_501_01_001,邪不胜正，尤其是正派人多势众的时候。\n结合青城之力，打跑了地狱道鬼卒。
Story/N_Section_02_Free_02_02_502_001,你随青城弟子下山，开祭坛为邻近乡镇祈福、消灾、驱邪。\n解手落单的时候，被面生的青城弟子误认为地狱道鬼卒！
Story/O_Section_02_Free_02_02_502_01_001,追究
Story/N_Section_02_Free_02_02_502_01_001,你把人打倒，拖到青城师长面前。\n得到了一点补偿。
Story/O_Section_02_Free_02_02_502_01_002,不追究
Story/N_Section_02_Free_02_02_502_01_002,有些人非要赏一耳光，才能好好听人说话。\n你不予追究，免他被师长究责，他心下好生感激。
Story/D_Section_02_Free_02_02_502_01_001,可恶……。
Story/D_Section_02_Free_02_02_502_01_002,师兄、师父，你们快来呀！这儿有魔教妖人！
Story/D_Section_02_Free_02_02_502_01_003,不妙，敌众我寡，兄弟，咱们快走！
Story/D_Section_02_Free_02_02_502_01_004,不，可我不是──
Story/D_Section_02_Free_02_02_502_01_005,你不走，我可要走了！回头阴曹见！
Story/D_Section_02_Free_02_02_502_01_006,什么阴曹见，真不吉利！
Story/D_Section_02_Free_02_02_502_01_007,有话好说，是我！我是唐门来留学的！
Story/N_Section_02_Free_02_02_502_01_003,事后经你一番唇舌，才把事情经过交代明白。
Story/N_Section_02_Free_02_02_502_01_004,虽说是青城弟子误会在先，但你也打了人家，两下抵销，此事就此作罢。
Story/N_Section_02_Free_03_01_001_001,你四处走走逛逛，虽然阮囊羞涩，花不起钱，可是下山走走看看，也是舒心。
Story/N_Section_02_Free_03_01_101_001,看街头卖艺看出了神，回过神来的时候才发现包袱被人割破了一个洞，\n虽然里面没钱，却有唐门毒药，希望不要被人滥用才好。
Story/N_Section_02_Free_03_01_102_001,逛街时遭遇了混世魔王叶云裳，你要不留下钱财，要不留下命来！
Story/N_Section_02_Free_03_01_301_001,你四处走走逛逛，不免花了一些钱，填饱你的胃，丰实你的心。
Story/N_Section_02_Free_03_01_302_001,你在茶肆吃面听说书，正听得津津有味，回过头来发现叶云裳坐在身边，\n不单擅自替你点了一桌子的菜，还替你吃光了，冲你露出得意的笑。\n当然是你买单。
Story/N_Section_02_Free_03_01_401_001,无知乡人谣传你是妖怪，真身是只鱼，为青城仙长所收服使役，改邪归正。\n于是纷纷拿新鲜水果蔬菜对你进行投喂。
Story/N_Section_02_Free_03_02_001_001,你到镇上花钱借铁锤，照着唐门暗器总纲所载图谱敲敲打打，\n忍耐高温环境锻造铁器，做出了令人满意的成果。
Story/N_Section_02_Free_03_02_101_001,你到镇上花钱借铁锤，因为铁匠意图偷师不断偷窥，令你分心，\n打造出来的器物差强人意，只得贱价卖给铁铺。
Story/N_Section_02_Free_03_02_201_001,你到镇上花钱借铁锤，打铁时心有杂念，一槌子敲到自己手上。\n连未开化的猴子都能干得比你好。
Story/N_Section_02_Free_03_02_301_001,你到镇上花钱借铁锤，\n按着唐门暗器总纲所载图谱，融会自身经验，打造出质量良好的铁器。\n在炎热的环境待惯了，似乎也沾染了些许火气，稍微变得暴躁了一点。
Story/N_Section_02_Free_03_02_401_001,机关锻冶之术也是唐门一绝，青城长老慕名已久，向你下单，铸得一口新剑，\n逢人就炫耀，惹派中弟子尽垂涎。
Story/N_Section_02_Free_03_03_001_001,受你岐黄之术所惠的患者，带了自家水果来报恩。\n然后水果就被叶云裳吃掉了。
Story/N_Section_02_Free_03_03_002_001,你医好了一个难症病患，虽没因此赚大钱，却得了大夫们一致认同。
Story/N_Section_02_Free_03_03_101_001,你无偿为一位被毁容的贫穷妓女医治，一边施治，她一边嫌弃你丑。\n她走时，突然赏了你一巴掌，怪你轻薄。你的遭遇颇受同情。
Story/N_Section_02_Free_03_03_301_001,你无偿为一位没钱看病的老人医治。
Story/N_Section_02_Free_03_03_302_001,你无偿为一位找不到路回家的瞎子医治。
Story/N_Section_02_Free_03_03_303_001,你无偿为一位双腿齐断的瘸子医治。
Story/N_Section_02_Free_03_03_501_001,世有四百四病，生得肉身，修道之人也难免五劳七伤，也得看大夫。\n你感念青城施治之恩，推辞不收诊金。
Story/N_Section_02_Free_03_03_502_001,来求诊的地狱道鬼卒发誓他们以后不与唐门为难。
Story/O_Section_02_Free_03_03_502_001,管你去死
Story/N_Section_02_Free_03_03_502_002,正邪不两立，你决定见死不救。
Story/O_Section_02_Free_03_03_502_002,一言为定
Story/N_Section_02_Free_03_03_502_003,上天有好生之德，管他什么正邪，你就是不愿见死不救。
Story/N_Section_02_Free_03_03_901_001,叶云裳来医馆找你，被糕点所引诱，将皓皓素腕交你把脉。\n她脉象表征一如二师兄所述，离奇不能辩证，至于如何着手医治，更是一筹莫展。
Story/N_Section_02_Free_03_03_902_001,叶云裳来医馆找你，被糕点所引诱，将皓皓素腕交你把脉。\n她脉象表征一如二师兄所述，可是情势远较先前为好，已日渐可控。\n你于医道钻研日深，益发感佩二师兄的医术深湛若神。
Story/D_Ch_3_1_1_001,这个时辰鸣钟？
Story/D_Ch_3_1_1_002,还击鼓，是有请神仪式吗？怎么……怎么都没叫上我？\n我又被排挤了吗？
Story/D_Ch_3_1_1_003,赵兄弟，知客弟子上山通传，本派掌门归山来啦！\n你速速整装入列，一起迎接吧！
Story/D_Ch_3_1_1_004,原来是邹掌门回来了。\n好，好，我这就去。
Story/T_Ch_3_1_1_001,是有什么祭祀吗？出去看看。
Story/D_Ch_3_1_1_005,师弟等率十一代弟子，恭迎青城掌门邹真人──
Story/D_Ch_3_1_1_006,{size=50}凯旋返驾－归－山──{/size}
Story/D_Ch_3_1_1_007,行了，行了，又不是迎三清，何必先钟后鼓，打住。\n我不过血肉凡胎，岂敢自居真人，快都停下。
Story/D_Ch_3_1_1_008,师弟恭还掌门印信。
Story/D_Ch_3_1_1_009,好，辛苦师弟你了。
Story/D_Ch_3_1_1_010,我在江陵，听闻魔教趁虚而入袭扰青城，确有此事？
Story/D_Ch_3_1_1_011,回禀掌门真人，确有此事。\n尚幸本门弟子内功深厚，一有风吹草动，即行醒觉，\n又有南宫族人率正派同道支援，才没酿成大祸。
Story/D_Ch_3_1_1_012,有这种事？南宫族人怎么能比我等更快？
Story/T_Ch_3_1_1_002,是我太胖拖累了马儿吗？
Story/D_Ch_3_1_1_013,想来是有密告。\n那群侠士来去如风不留名，婉拒我等谢意，又快马加鞭赶去别派了。
Story/D_Ch_3_1_1_014,嗯，南宫世家开支散叶，分家遍布中原，就近得知消息，急公好义，\n不等禀报家主，便邀三五好友赴汤蹈火，想来也是有的。
Story/T_Ch_3_1_1_003,什么？原来青城也受袭击了。\n恐怕实情并非如此，我得赶紧告诉邹掌门。
Story/D_Ch_3_1_1_015,邹──
Story/D_Ch_3_1_1_016,{size=24}嘘，你这是想做甚？青城可不比你唐门，{/size}\n{size=24}扰乱礼仪、冲撞掌门，无一不是大过，后果不堪设想啊。{/size}
Story/D_Ch_3_1_1_017,但是……。
Story/D_Ch_3_1_1_018,{size=24}听我一句劝，不会害你，无论什么要紧事都等会儿再说。{/size}\n{size=24}何况真的事关重大，更不宜专断独行，若当场宣之于众，岂非喧宾夺主吗？{/size}\n{size=24}那也未免太过鲁莽！应该先禀报掌门才是。{/size}
Story/D_Ch_3_1_1_019,有道理。
Story/T_Ch_3_1_1_004,事关重大，我且不忙便贸然出声。\n稍后找机会告诉申屠道长或者邹掌门吧。
Story/D_Ch_3_1_1_020,请问掌门，江陵围城之战后续如何？
Story/D_Ch_3_1_1_021,……唉，惭愧，惭愧。
Story/N_Ch_3_1_1_001,邹博遂命随行弟子，将此行经过娓娓道来。
Story/N_Ch_3_1_1_002,江陵大战，集中原正派之力合斗畜生道，并以正派武林大捷告终。
Story/N_Ch_3_1_1_003,丐帮李富贵大义灭亲，畜牲道法王王二壮终于伏诛。\n丐帮旧派奋起，驱逐泥教脓血，回归武林正道行列。
Story/N_Ch_3_1_1_004,怎奈一夕风云突变，情势急转直下。\n南宫老太爷疑似忧思过重，竟然心竭而逝。
Story/D_Ch_3_1_1_022,如斯祸事，自得归咎于泥教。\n正邪之分自不必说，势如水火，我恐怕经此一遭，六派更难齐心共处。
Story/D_Ch_3_1_1_023,我莽莽神州，地灵人杰，偏有这些害群之马，以私害公，唯恐天下不乱！\n枉费了老太爷一腔热血、胸怀，岂有此理，当真是气煞我也！
Story/T_Ch_3_1_1_005,{size=24}师兄，修养，道心。{/size}
Story/T_Ch_3_1_1_006,{size=24}对，多得师弟你提醒，还用上了传音入密的内功。{/size}
Story/D_Ch_3_1_1_024,咳嗯。
Story/D_Ch_3_1_1_025,除了这些事，别来还有什么特别的，我应当知晓？
Story/D_Ch_3_1_1_026,确有一事，详情还请师弟容后行禀报。
Story/D_Ch_3_1_1_027,好，既然不急，那我们师兄弟稍晚再聊，我先沐浴更衣。\n大家都散了吧，该做什么就做什么去。
Story/D_Ch_3_1_1_028,师弟，你怎一个人卡在青城中间，我们大家都站那边跟你招手。
Story/D_Ch_3_1_1_029,是吗？我没看见。
Story/D_Ch_3_1_1_030,瞎。
Story/D_Ch_3_1_1_031,不说这个了，原来青城也受袭击，怎么没人同我说？
Story/D_Ch_3_1_1_032,你又没问？这事人尽皆知，搞半天你居然不晓得。
Story/D_Ch_3_1_1_033,得去跟邹掌门说明经过。
Story/D_Ch_3_1_1_034,不必你在这儿后知后觉瞎操心，等你会意过来，都该改朝换代了。
Story/D_Ch_3_1_1_035,哎，这话可不能乱说。
Story/D_Ch_3_1_1_036,失言，失言。
Story/D_Ch_3_1_1_037,事情经过我们老早就跟申屠道长、几位青城长老说明清楚了。\n待申屠道长跟邹掌门禀报，青城作何感想，就不是我们能过问的事了。
Story/D_Ch_3_1_1_038,毕竟兹事体大，仅凭我们片面之词，而无实证。\n人家听了不当回事、嗤之以鼻事小，万一没弄清楚状况就妄下定论，\n结果冤枉了好人，那就不好了。
Story/D_Ch_3_1_1_039,二位师兄说的是。\n江陵先受围攻，而后老太爷以嵩寿高龄仙去，无疑都是打击。\n南宫世家与本门向为世交，越是这种时候，我们越该谨慎行事。
Story/D_Ch_3_1_1_040,说得也是。
Story/D_Ch_3_1_1_041,耐心等吧，便真有事，也轮不到你我这样的小人物操心。\n我就不信世上有那么嘴硬的人，能挺受得住二师兄的拷问。
Story/D_Ch_3_1_1_042,等着等着，自然会水落石出。
Story/D_Ch_3_1_1_043,好。
Story/D_Ch_3_1_1_044,听说邹掌门要回来了？
Story/D_Ch_3_1_1_045,太好了，我这回没有迟到吧。
Story/D_Ch_3_1_1_046,没有……吧？
Story/D_Section_02_03_001,南宫老太爷所定的留学之期未满，便出了这档子事，\n留学的人大多走了，山中门人也为数不多，一下子就变得冷清了。
Story/D_Section_02_03_002,你就是贪图热闹，青城山不清静，还怎么修行呢。
Story/D_Section_02_03_003,说得也是。\n不过掌门带了大匹人马去江陵，今年该不会要推迟吧？
Story/D_Section_02_03_004,应该不会，你莫忘了，那可是咱们祖师爷的寿诞！\n怎么样也不会推迟的。
Story/D_Section_02_03_005,只怨天有不测风云，咱们不平师叔先前没少费心血在留学的外派人身上，\n只盼他们加入阵营，在段考大显身手，没想到江陵事发，人一下跑光了。
Story/D_Section_02_03_006,人一跑，就苦了我们。\n你说不平师叔一个修道之人，争胜心那么强做甚。
Story/D_Section_02_03_007,修真、习道是一回事，行走江湖全无血性那也不成。\n你看申屠师叔那样清心寡欲，跟了没前途，谁也不会寄希望于他。
Story/D_Section_02_03_008,你们俩不去练功，又在这儿偷奸耍滑。\n来来来，师叔考较考较你们的武功进境。
Story/T_Section_02_03_001,说曹操，曹操到！
Story/D_Section_02_03_009,师、师叔，我们不是偷懒，还有事儿呢。
Story/D_Section_02_03_010,少来，真不晓得你们这些后生晚辈在想什么。\n上乘武功摆在你眼前，还不学无术，尽知道找借口。
Story/D_Section_02_03_011,天底那么多读书人，书就摆那儿，也不见得各个都学有所成啊。
Story/D_Section_02_03_012,唷呵～懒散你还振振有词，讨打是吧。\n叫你练功不练功，整天闷被窝里读书写字求学问，别以为我不知道！\n看看我从你床底翻出了什么东西！
Story/D_Section_02_03_013,是、是我私藏的陆大诗人词集！
Story/D_Section_02_03_014,师叔，你怎么能偷翻我东西！还我！
Story/D_Section_02_03_015,沉迷于这种东西只会误了你终生，你知道不知道！
Story/D_Section_02_03_016,练功那么苦，又不是人人都受得了，我就不是那块料，\n连我师父都没说什么，您就别逼我啦！
Story/D_Section_02_03_017,你师父羽化之前曾嘱咐过我，要师叔我盯着你上进。\n你是大器晚成，迟早能够出人头地，可不能自暴自弃，放弃习武！
Story/D_Section_02_03_018,我不是自暴自弃，我本来就不想习武，都是你逼我的！\n你全都是为了你自己！
Story/D_Section_02_03_019,眼看你这样的可造之材堕落至此，真令人痛心疾首！师叔我怎能不心寒？\n你自己好好想想，读书哪有什么前途！\n难不成你还能去考功名吗？玩物丧志罢了，不许再读！
Story/D_Section_02_03_020,我就是喜欢念书，不考功名也能格物致知，又不是做坏事！\n我才不要你管！
Story/D_Section_02_03_021,师弟、师弟！
Story/D_Section_02_03_022,师叔，我知道您是为了他好，这才苦口婆心。\n放心，我会好好劝他的。
Story/D_Section_02_03_023,唉，他要是有你一半懂事，那就好了。去吧。
Story/D_Section_02_03_024,哦……出了什么事，那位小道长为何掩面哭泣。
Story/D_Section_02_03_025,你！你是唐门来留学的？你没走？叫什么名字？
Story/D_Section_02_03_026,我……晚辈是唐门赵活，道长，你捉着我做甚？
Story/D_Section_02_03_027,你想不想学武功？我青城「不平道人」亲自点拨！\n你甚至不必拜我为师，不要有压力！
Story/O_Section_02_03_001,当然想
Story/D_Section_02_03_028,想、当然想。
Story/D_Section_02_03_029,好的很，就是这种志气！
Story/T_Section_02_03_002,我在唐门这么多年，未得师长垂青，\n想不到一来青城，便有前辈高人要教我武功！
Story/O_Section_02_03_002,呃……
Story/D_Section_02_03_030,呃……。
Story/D_Section_02_03_031,好的很，就是这种志气！
Story/D_Section_02_03_032,我明明什么都没说，只是呃了一声啊。
Story/N_Section_02_03_001,在道长的指点下，你开始习练青城入门武功。
Story/D_Section_02_03_033,如、如何？道长，我使得对吗？
Story/D_Section_02_03_034,对。
Story/T_Section_02_03_003,道长怎么一脸失望神色。
Story/N_Section_02_03_002,话虽这么说，他却难掩失望之情。
Story/T_Section_02_03_004,知道唐门不讲究内功，但没想过底子会这么差。\n一招一式打出来全无劲道可言，如何体现出青城招数的深意？
Story/T_Section_02_03_005,此子资质平庸，岁数又这么大了，\n他先天之气散逸、筋骨生硬，再教也没多大成就，而且长得还丑。\n罢了。
Story/D_Section_02_03_035,此书给你，你不要妄自菲薄。
Story/D_Section_02_03_036,多谢道……长……。
Story/D_Section_02_03_037,咦？这不是武功秘籍吧？
Story/D_Section_02_03_038,道长，您还教我武功吗？\n明日同一时间，还在这儿教，对吗？
Story/N_Section_02_03_003,青城道长摆了摆手，不置可否，径自走远去了。
Story/D_S3001_01_001,你们方才使的那招「松下风」，势头都太快太急，内力犹未达到剑尖。\n若与敌人兵器交斫，届时拼的就是谁家兵器更利，有违青城武功的真谛……
Story/D_S3001_01_002,……。
Story/D_S3001_01_003,怎、怎么突然不说了？
Story/D_S3001_01_004,小友收招太迟，晚来一步，老道该说、能说的全说完了。\n不妨去对面，我师兄也正阐述他的武学道理。
Story/D_S3001_01_005,是，我这就去。
Story/D_S3001_01_006,心当如何静？气当如何运？正与道行相契。\n是以比起繁复剑招，尔等更应讲究心境……。
Story/D_S3001_01_007,……。
Story/D_S3001_01_008,……我不会又来迟一步，道长刚好讲完吗？
Story/D_S3001_01_009,并非如此。
Story/D_S3001_01_010,那太好啦。
Story/D_S3001_01_011,赵小友，你莫心急，老道语重心长与你说。
Story/D_S3001_01_012,青城弟子多年修行，如今小有火候，老道才得点拨提醒。\n而你初学青城基本功，根基未稳，唐门武功与青城心法更是南辕北辙。\n你若一味强记、硬学，于你进境只怕有害无益。
Story/D_S3001_01_013,假以时日，你习练青城内功有成，根基稳固之时，再授你不迟。\n耐心、恒心，如松如风，便是青城的心法，你且牢牢记住了。
Story/D_S3001_01_014,……。
Story/O_S3001_01_001,生气了
Story/D_S3001_01_015,老道长，赵某谁也不是，得罪不了。\n您若不想教，不妨痛快直说，哪还需要编出一堆借口！
Story/D_S3001_01_016,唉，朽木不可雕也。
Story/O_S3001_01_002,没生气
Story/D_S3001_01_017,是，多谢前辈指点。\n我、我再回去自个儿练练。
Story/T_S3001_01_001,此子能够动心忍性，很是难得。
Story/D_S3001_01_018,你们怎么在我房里？
Story/T_S3001_01_002,严格来说，这是贫道的房间，不过借你暂住罢了。
Story/D_S3001_01_019,咦，二位怎么都在这里？
Story/D_S3001_01_020,这个说来话长。
Story/D_S3001_01_021,不，并不长。
Story/D_S3001_01_022,贫道散步行经左近，碰巧听见动静，进来阻止叶姑娘上吊自害。
Story/D_S3001_01_023,{size=50}上吊？！{/size}
Story/D_S3001_01_024,我才没有！
Story/D_S3001_01_025,这是误会，这花花世界如此美好，我如何舍得便走。
Story/D_S3001_01_026,那究竟是怎么一回事？
Story/D_S3001_01_027,这个嘛……。
Story/D_S3001_01_028,就只是想跟你闹着玩，所以拿了一根绳子，想把自己垂吊在梁上。\n等你睡着，再垂降下来吓你一大跳。
Story/D_S3001_01_029,……。
Story/D_S3001_01_030,不料我对自己太宽容，绳子绑得太松，\n绑不住腰，身子往下滑，便勒到自己动弹不得。
Story/D_S3001_01_031,吓死人了！胡闹也要有个限度！
Story/D_S3001_01_032,咯咯，你别挠我～
Story/D_S3001_01_033,哥哥，你别穷紧张，把我翻来翻去的看，我又没事。\n我一被勒到，「嗷」了一声，就被道长救了下来。
Story/D_S3001_01_034,那就好，还不多谢道长。
Story/D_S3001_01_035,噢。
Story/D_S3001_01_036,云裳给道长添了麻烦，两番救命之恩，感激不尽。
Story/D_S3001_01_037,不必谢，为你运功施治之人是我师兄，并非贫道。\n何况叶姑娘当时情况，一时也无性命之忧，贫道还怕是自己多管闲事。
Story/D_S3001_01_038,都勒到了脖子，怎么没有性命之忧。
Story/T_S3001_01_003,因为勒到的不是脖子……虽然同样是喘不过气来。
Story/D_S3001_01_039,原来是你吓人不成，差点勒死自己。
Story/D_S3001_01_040,话说哥哥，你怎么愁眉苦脸的？
Story/D_S3001_01_041,你看得出来？
Story/D_S3001_01_042,本人善于察言观色嘛。
Story/D_S3001_01_043,唉，说来不怕申屠道长笑话。\n我在唐门是外姓弟子，说穿了便是打杂的。\n混了多年，本以为到了青城便有转机，想不到依旧如故。
Story/T_S3001_01_004,也许我多年所受的委屈，并非唐门的问题，\n自始至终，都是我自己的问题。
Story/D_S3001_01_044,哥哥，不要难过，天生我材必有用，行行出状元。\n假若你命中注定不是当大侠的料，改行不也挺好的吗？\n我看你就颇有当徭役的天赋。
Story/D_S3001_01_045,呜呜……。
Story/T_S3001_01_005,居然哭了。
Story/D_S3001_01_115,好啦，好啦，裳儿跟你开玩笑的，不哭不哭。
Story/D_S3001_01_116,不然等我哥哥回来，我怂恿他开山立派，收你入门怎么样？
Story/D_S3001_01_046,你要拿点苍派的武功教我吗？
Story/D_S3001_01_047,非也，非也。\n点苍心法都疯疯颠颠的，不学也罢。\n你倘若再疯了，那便当真一无是处了。
Story/D_S3001_01_048,我这本秘籍送赠予你，哥哥你且拿去好好钻研。
Story/D_S3001_01_049,……这算是秘籍吗？里边全是打雪仗时的阴损招数。\n这当儿你还消遣我。
Story/D_S3001_01_050,就是消遣没错，等你学有所成，我们就去打雪仗，消愁遣闷。
Story/D_S3001_01_051,我就知道。
Story/D_S3001_01_052,……赵居士，贫道此话并不是要为敝派开脱，但你有所不知。
Story/D_S3001_01_053,昔日旧魔教为祸中原，武林正派为了与其周旋，各派折损惨重。\n如今青城位分最长者，以掌门邹博为尊，下数至贫道，俱为十代弟子。
Story/D_S3001_01_054,先掌门殉派之前，留信将衣钵传授邹师兄，此事无庸置疑。\n然而，其余十代弟子该谁掌祝祭、谁掌传功，又该谁来执法，\n却是悬而未决的问题。
Story/D_S3001_01_055,难怪，这下我明白了。
Story/D_S3001_01_056,这下我也明白了。
Story/D_S3001_01_057,你明白了啥？
Story/D_S3001_01_058,申屠道长说到这份上，你还没会意过来？
Story/D_S3001_01_059,掌祝祭的人，多半有权支配香火钱，说白了是利；\n执法者不必多说，便是权。
Story/D_S3001_01_060,那么依你之见，传功长老呢？
Story/D_S3001_01_061,推测是俗称的「屎缺」，吃力不讨好那种。
Story/D_S3001_01_062,应该有更委婉的说法吧……。
Story/D_S3001_01_063,精辟，精辟。
Story/D_S3001_01_064,咳，叶姑娘这话说得虽然直白……倒也不算错。
Story/T_S3001_01_008,谁都想过得好，修真的道士亦未能免俗啊。
Story/D_S3001_01_065,明着吵架可由邹掌门调停，互别苗头却在所难免呢。
Story/D_S3001_01_066,职司人选，决于段考试。\n既考十一代弟子进境，也考长老人和、用心。\n第十一代弟子愿意追随哪一位长老，由他们自行决断。
Story/D_S3001_01_067,所以一见我哥哥资质差劲，都不想让他入队，免得比试的时候变成累赘。
Story/D_S3001_01_068,胡说，我资质也不算很差吧？
Story/D_S3001_01_069,你翻开《雪球教战守则》，十息内学会前三页的招数，办得到吗？
Story/D_S3001_01_070,办不到。
Story/D_S3001_01_071,那你就是资质很差，不要在那边吵。
Story/N_S3001_01_001,你的自信心被叶云裳打击到了。
Story/D_S3001_01_072,申屠道长，你呢？\n你能代掌青城，职司想必也很重要吧？
Story/D_S3001_01_073,这回叶姑娘料错了，恰好相反。
Story/D_S3001_01_074,贫道辈份虽高，资历却浅，若非得遇恩师「谷山羽士」收作关门弟子，\n万不能与各位师兄并论，因此没有司任要职，只是闲云野鹤。\n便因没有牵涉厉害，掌门师兄才将重任委派于我。
Story/D_S3001_01_075,原来是这样。
Story/D_S3001_01_076,那正好呀！反正你不能争、不想争，输了、赢了不也一样吗？\n那我哥哥来当你的朋党，他给你撑面子，你负责教他武功！
Story/D_S3001_01_077,这……。
Story/O_S3001_01_003,申屠龙的抵抗
Story/D_S3001_01_078,叶姑娘莫说笑了，贫道在青城有名无实，在江湖更是名不见经传。\n赵居士乃为唐门高徒，贫道何德何能以师长自居？\n没的教人笑话。不成，不成。
Story/D_S3001_01_079,啊，跑掉了。
Story/D_S3001_01_080,我就知道会这样，唉。\n说到底是有点强人所难了。
Story/D_S3001_01_081,不出所料，在我面前，强如申屠道长也得夹着尾巴跑。
Story/D_S3001_01_082,……。
Story/D_S3001_01_083,哥哥你别灰心，我这里还有一本秘籍，给你学。
Story/D_S3001_01_084,世上真有点苍棒法？
Story/D_S3001_01_085,当然有，我将点苍剑法中去芜存菁改良的。
Story/D_S3001_01_086,不会练出问题吧。
Story/D_S3001_01_087,又没有气功、心法，连我都使得了，试问你能练出什么问题？
Story/D_S3001_01_088,说得也是。
Story/O_S3001_01_004,叶云裳的恐吓
Story/D_S3001_01_089,申屠道长，我看你像聪明人，劝你识时务，别不识好歹。\n要若不然，我便侵入上清宫，闹个鸡犬不宁，你不怕邹掌门回头怪罪？
Story/D_S3001_01_090,……。
Story/D_S3001_01_091,妹子别闹了，你看道长当真了。
Story/D_S3001_01_092,赵居士是唐门高徒，由贫道传授武功，恐怕不大妥当。\n但既是门派交流，青城、唐门两派交换武学心得，想来无伤大雅。
Story/T_S3001_01_009,但是唐门暗器之所以是暗器，便是不以秘辛示人。\n他大方坦荡，我总不敢轻易交出唐门暗器总纲……这是掌门给我的。
Story/D_S3001_01_093,好极，那这部秘籍，便交道长拿去钻研吧。
Story/D_S3001_01_094,承蒙惠赐，那贫道这一部《斩妖剑》便借予赵居士参详吧。
Story/D_S3001_01_095,太好了哥哥，人人有功练！谁也不吃亏。
Story/D_S3001_01_096,不，明明是你同时强买强卖，占尽人家便宜还卖乖。
Story/D_S3001_01_097,{size=24}人家帮着你，你不知感恩还拆我台～{/size}
Story/D_S3001_01_098,是、是啊。
Story/D_S3001_01_099,赵居士但有所悟，或遇疑难，可以寻贫道切磋。\n时候不早了，贫道先行告辞，请。
Story/D_S3001_01_100,哥哥你看，我也不是只会捣乱吧？\n我有没有帮上忙？我有没有功劳很大？
Story/O_S3001_01_005,有，你功劳最大
Story/D_S3001_01_101,有有有，你有天大的功劳。
Story/D_S3001_01_102,赶紧儿摸摸我的头，然后给我零花钱！
Story/D_S3001_01_103,别乱摸，别乱扯，那是我的裤带子！
Story/D_S3001_01_104,放开我的钱包，我要叫了喔！
Story/O_S3001_01_006,只是受害者不同的差异
Story/D_S3001_01_105,纯粹只是今日受害者不同吧？
Story/D_S3001_01_106,那好啊，下回我还是瞄准你伤害，这下你满意了吧？哼！
Story/D_S3001_01_107,我错了！我错了！
Story/D_S3001_01_108,……呵呵。
Story/D_S3001_01_109,哈哈哈哈！吾这回这可真是交上大运、捡到宝了啊！
Story/T_S3001_01_010,何事如斯狂喜？\n这本秘籍当真非凡吗？还是说，那姓赵的小子真是璞玉，值得打磨？
Story/D_S3001_01_110,不，这本秘籍只是儿戏。
Story/D_S3001_01_111,那姓赵的更是一个笑话，相貌丑陋不堪，资质平庸。\n全身上下无一可取之处。
Story/T_S3001_01_011,那你笑什么？
Story/D_S3001_01_112,姓叶的小女娃，身上宿有九转轮回的真气。\n吾欲东山再起、吾之神功欲想大成，欠的便是这一味药，\n想不到得来全不费功夫！
Story/D_S3001_01_113,吾要将她炼制成丹，生吞活剥！哈哈哈哈！
Story/T_S3001_01_012,……我是不会让你如愿以偿的，邪魔歪道。
Story/D_S3001_01_114,闭嘴……你这冤魂，吾要你永世不得超生，消失吧！
Story/D_S3002_01_001,时候不早了，赵居士，不如今日就练到这儿吧。
Story/D_S3002_01_002,可以啊，先走的算认输。
Story/D_S3002_01_003,行吧，那就算小道我输了，却又何妨。
Story/D_S3002_01_004,好，承蒙小道长不吝赐教。
Story/D_S3002_01_005,哪里、哪里，与你过招，我亦受益匪浅。
Story/D_S3002_01_006,呼……我也去擦把汗。
Story/D_S3002_01_007,哥哥～
Story/D_S3002_01_008,恶，你好臭。
Story/D_S3002_01_009,我刚练完功，还能好闻到哪儿去。
Story/D_S3002_01_010,不啊，默铃打完拳还是香香的。\n你臭不臭跟练功没有关系，你乃是天生臭。
Story/D_S3002_01_011,好吧，你说服我了，我着实有被伤害到，这下你满意了吧。
Story/D_S3002_01_012,还行！
Story/D_S3002_01_013,我刚准备了新的秘籍。
Story/D_S3002_01_014,给你抽，左手还右手？
Story/N_S3002_01_001,说着叶云裳把手笼在披风底下。
Story/O_S3002_01_001,我左手一柄盘古斧
Story/D_S3002_01_015,这武功的名字听着好霸道。
Story/D_S3002_01_016,这是静江九县小盟主方少侠的成名武功。\n谁叫他爱现，每次都爱在我面前来来去去的使，被记住也是活该。
Story/O_S3002_01_002,我右手两根黑龙剑
Story/D_S3002_01_017,这武功的名字听着好霸道。
Story/D_S3002_01_018,这是一个爱穿黑衣的少侠的成名武功，那人奇怪的很。\n初次见我面，突然就说什么──
Story/D_S3002_01_019,「你挑起来的火，你自己来灭。」
Story/D_S3002_01_020,然后他就被我点苍的师兄双剑合璧给打了，打完我还记住了他的武功。
Story/D_S3002_01_021,这回的秘籍，是江湖侠士赖以成名的绝技，你练起来应该安心一点。\n省得你不小心把自个儿手脚砍了还冤枉我。
Story/T_S3002_01_001,云裳坏的时候着实坏，但这回着实为我费了不少心。
Story/D_S3003_01_001,申屠道长真是高深莫测，佩服佩服。
Story/T_S3003_01_001,看走了眼，此子面目虽然难登大雅之堂，但是资质还是勉强可以的。\n使的青城招数虽不正宗，但以巧变弥补了内力不足的短处，颇妙。
Story/D_S3003_01_002,上回赠与居士的秘籍，想来已经了悟于心。\n你招数精妙有余，内功还需精进，届时当能善用此技。
Story/D_S3003_01_003,多谢道长！
Story/D_S3003_01_004,不谢，只是礼尚往来，你该回以贫道一些什么才对吧？
Story/D_S3003_01_005,我来也！新的秘籍刚写好，墨迹都还没干，正热腾着呢！
Story/O_S3003_01_001,雪球教战守则二
Story/D_S3003_01_006,咦？
Story/D_S3003_01_007,不必惊奇，我自己创的招数，自己还不清楚吗？\n重写一本再容易不过了。
Story/O_S3003_01_002,盘古开天破
Story/D_S3003_01_008,这武功的名字听着好霸道。
Story/D_S3003_01_009,这是静江九县小盟主方少侠的成名武功。\n谁叫他爱现，每次都爱在我面前来来去去的使，被记住也是活该。
Story/O_S3003_01_003,斩天黑翼双龙剑
Story/D_S3003_01_010,这武功的名字听着好霸道。
Story/D_S3003_01_011,这是一个爱穿黑衣的少侠的成名武功，那人奇怪的很。\n初次见我面，突然就说什么──
Story/D_S3003_01_012,「你挑起来的火，你自己来灭。」
Story/D_S3003_01_013,然后他就被我点苍的师兄双剑合璧给打了，打完我还记住了他的武功。
Story/D_S3003_01_014,承蒙惠赐，贫道收下了。
Story/T_S3003_01_002,蛤？申屠道长真的要练吗？
