Story/D_8_1_1_1_001,众位师弟、徒儿，今日即是武林盟到临之日，\n弟子回报，正道武林已聚于山脚之下，有数千之众。
Story/D_8_1_1_1_002,纵使我们倚仗地利，亦难回天。\n不讳言，恐怕今日便是我唐门覆灭之时。
Story/D_8_1_1_1_003,如今掌门卧病在床，归隐静养，\n我唐升忝为代理掌门，未能力挽狂澜，愧对列祖列宗。\n今日唐门亡于我手，我自将亲下九泉，负荆向祖宗请罪。
Story/D_8_1_1_1_004,还有归处的人，无须死忠，活下去也是一种胜利，这便下山去吧。\n若不肯走的，便随我们死在今日，我们哪里也不去，因为我们是唐家人。
Story/D_8_1_1_1_005,代掌门是说真的，我就有打算开溜哦？\n想走的人就跟在我后面，千秋骂名肯定先记我一笔，别担心。
Story/N_8_1_1_1_001,眼见四师兄毫不迟疑迈开步伐，弟子们也随之骚动。
Story/O_8_1_1_1_001,一个人也没走
Story/D_8_1_1_1_006,……！我唐升今日与诸位共死，与有荣焉。
Story/N_8_1_1_1_002,谁也没有挪开脚步，人人视死如归，胸中豪情万丈，慷慨激昂。
Story/O_8_1_1_1_002,走了小部分人
Story/D_8_1_1_1_007,好，本门有这么多重情重义之人，实属万幸。
Story/O_8_1_1_1_003,走了大部分人
Story/T_8_1_1_1_001,很好，大家都回家去吧。
Story/O_8_1_1_1_004,几乎走个精光
Story/N_8_1_1_1_003,众弟子一哄而散，最终只剩三两个无家可归的彷徨之人。\n他们也不是不愿离开，只是想不到可以去哪里。
Story/D_8_1_1_1_008,呃，不管怎么说，还真是超乎我的意料。
Story/D_8_1_1_1_009,真是有够现实的。
Story/D_8_1_1_1_010,师弟，你呢？
Story/D_8_1_1_1_011,我？\n我没别的好说了，放开手脚，痛痛快快大干一场吧。
Story/D_8_1_1_1_012,好气概，好儿郎既生于世，便当有此气魄。
Story/D_8_1_1_1_013,三师兄，说起来很少跟你喝酒呢。\n要不要干一杯再上路？
Story/D_8_1_1_1_014,自当奉陪，干！
Story/N_8_1_1_1_004,你和三师兄仰头饮干葫芦里的酒水，砸破在地。\n慷慨赴义，醉看生杀。
Story/D_8_1_1_1_015,师弟，你呢？
Story/D_8_1_1_1_016,说来可笑，我现在光是想要镇住不发抖，就已运上了内力。\n武功变高了，可我骨子里还是胆小。
Story/D_8_1_1_1_017,没那回事，知死必勇，非死者难也，处死者难。
Story/D_8_1_1_1_018,司马迁有云：『人固一死，或重于泰山，或轻于鸿毛，用之所趋异也。』\n我生来下贱，人微言轻，不过是想死得体面罢了。
Story/D_8_1_1_1_019,师弟，你腹有经纶，怎能说是人微言轻？\n与你煮茶讲经论天下的岁月，足以告慰生平了。
Story/D_8_1_1_1_020,这时候还在吊书包，听不懂啦。
Story/D_8_1_1_1_021,这句话的意思就是说－－算了，事到如今还说教，就太多余了。
Story/D_8_1_1_1_022,就是说啊，并肩子上便是。
Story/D_8_1_1_1_023,好，你我师兄弟今日生死与共。
Story/D_8_1_1_1_024,拍拍，不怕。
Story/D_8_1_1_1_025,拍拍，不怕。
Story/D_8_1_1_1_026,小师妹，你不气我了吗？
Story/D_8_1_1_1_027,还有一点气，但是没关系。
Story/D_8_1_1_1_028,原谅你了。
Story/D_8_1_1_1_029,那我可以安心赴死了。
Story/D_8_1_1_1_030,师兄，谢谢你，一直陪伴着我。
Story/D_8_1_1_1_031,不客气，谁让我对你情根深种，无法自拔呢？
Story/D_8_1_1_1_032,……我也一样哦，真的。
Story/D_8_1_1_1_033,……你别离开我身边，就算走散了，我也会找到你。\n即便我们共赴黄泉，我来生也会找到你。
Story/D_8_1_1_1_034,你们俩！男女授受不亲，给我分──
Story/D_8_1_1_1_035,分……。
Story/T_8_1_1_1_002,死别在即，他们真心相印，至死不渝，岂是礼教所能局限。
Story/T_8_1_1_1_003,掌门，小师妹遇了良人。品貌不好，甚至说不上好人。\n但他为小师妹献心，我们有目共睹，看啊，小师妹从来没像这样笑着。
Story/T_8_1_1_1_004,掌门，小师妹遇了良人。\n品貌不好，但是丑陋皮相之下，是忠肝义胆与一腔热血──\n他是真正的大侠，便与小师妹相配，也不会令家门蒙羞。
Story/D_8_1_1_1_036,不客气，这也是我的家。
Story/D_8_1_1_1_037,嗯！
Story/D_8_1_1_1_038,哥哥……。
Story/T_8_1_1_1_005,没有办法，她是我最好的朋友啊……。\n我就安静懂事的退下吧。
Story/D_8_1_1_1_039,爷爷，连您也要亲自出阵吗？
Story/D_8_1_1_1_040,兴亡在此一役，匹夫有责，谁必须活，谁死不得？\n我忝为唐门代掌门，当为师弟妹表率，焉能独善其身。
Story/D_8_1_1_1_041,可是大难临头，您能当啥表率？如何去死比较优雅吗？\n倒不如听我的，大家一起逃跑。
Story/D_8_1_1_1_042,裳儿说对了，就是要去的坦率。
Story/D_8_1_1_1_043,那也太傻了。
Story/D_8_1_1_1_044,乖，别管爷爷了，把泪擦擦，去同你哥哥道别吧。
Story/D_8_1_1_1_045,……哥哥，你弯下腰来。
Story/D_8_1_1_1_046,你想说什么吗？
Story/D_8_1_1_1_047,嗯嘛。
Story/D_8_1_1_1_048,？！
Story/D_8_1_1_1_284,你不怕人瞧？
Story/D_8_1_1_1_285,我混世魔王，向来天不怕地不怕。
Story/D_8_1_1_1_049,不能死喔，不要忘记我。\n我有大好人生，煮酒等你归来。
Story/D_8_1_1_1_050,……一言为定。
Story/T_8_1_1_1_006,哥哥大骗子。
Story/D_8_1_1_1_051,呃啊！你干嘛？
Story/D_8_1_1_1_052,罚你。你骗了我的心，都还没过门，又去勾搭其他娘子！\n我给你耽误了终生，再不报仇就没机会了！您说是吗，爷爷？
Story/D_8_1_1_1_053,这……确实是师弟你的不是。\n即便男子有三妻四妾事属寻常，你也不能没把人安好就左顾右盼。
Story/D_8_1_1_1_054,……我是情场风流浪子，心追赶着日月，不会长久停留。\n要怪，就怪造化弄人吧。
Story/D_8_1_1_1_055,怪你！都怪你！
Story/D_8_1_1_1_056,会痛，会痛！别打了！
Story/D_8_1_1_1_057,……你不喜欢我也可以，求你了，不要死去。\n我还有好多怨言要说，你有义务要听。
Story/D_8_1_1_1_058,……。
Story/D_8_1_1_1_059,是我不好，管不住自己的心，愧对了你。
Story/D_8_1_1_1_060,……。
Story/D_8_1_1_1_061,……。
Story/D_8_1_1_1_062,我才不原谅你，我要躲起来，让你找不到我。\n你要每天端着好吃好喝的来求我，求足了一百天，我才会释怀。
Story/D_8_1_1_1_063,你一定要来找我。
Story/D_8_1_1_1_064,唉。
Story/D_8_1_1_1_065,……！
Story/D_8_1_1_1_066,呀啊啊啊啊！你干嘛！我的胳膊！我的胳膊快骨折了！
Story/D_8_1_1_1_067,三师兄，你看啦！阿活打老婆！
Story/D_8_1_1_1_068,小梅！你……你终于回来了！
Story/D_8_1_1_1_069,我一回来，你就打我，死没良心的。
Story/D_8_1_1_1_070,小梅师妹，崆峒派如何了？
Story/D_8_1_1_1_071,啊……这个啊。说来话长，出了一件大事，他们怕是来不了啦。
Story/D_8_1_1_1_072,我这假掌派人，终究不得人心。
Story/D_8_1_1_1_073,不是的，哎唷……虽然说来话长，但我尽量长话短说。
Story/D_8_1_1_1_074,崆峒出发来蜀中的路上发现古怪的人，打探了一下发现是西夏的士兵。\n你们猜怎么着？原来西夏要向金国借道攻打宋国～武林盟一灭唐门，\n极乐教就趁机崛起，跟西夏兵马里应外合攻占西蜀。
Story/D_8_1_1_1_075,魏掌门和丹霞子师兄立刻就带人下山和当地厢军会合，一起抗战。\n可那极乐教蓄谋至今非同小可，早就把控住各地官道官驿，\n我们发的求救信一封也没送出去，恐怕官家反应过来，蜀地已经易主了。
Story/D_8_1_1_1_076,……。
Story/D_8_1_1_1_077,……。
Story/D_8_1_1_1_078,是我说的不够清楚吗？
Story/D_8_1_1_1_079,{size=50}你说啥？！{/size}
Story/D_8_1_1_1_080,啊哈哈，我就知道你们会是这反应。
Story/D_8_1_1_1_081,其实，大宋会怎样都无所谓吧，我们今天就要死了。\n还是说，你们觉得告诉武林盟主，他会相信然后打消围攻唐门的念头？
Story/D_8_1_1_1_082,没有用喔，你猜本梅怎么来的？\n是一路施展轻功游走于宋金交界，九死一生避开敌人眼线，才到的中原。\n可武林盟只当本梅送去的战报不过是缓兵之计。
Story/D_8_1_1_1_083,愚不可及！武林盟口口声声为了天下百姓，\n要灭泥教、灭唐门，定乱扶衰。\n可是我大宋江山危殆，却又充耳不闻，实教人心寒不已！
Story/D_8_1_1_1_084,唐门要完了，你怎么挑在这时候回来呢？
Story/D_8_1_1_1_085,有道是患难见真情，本梅专程来向掌派人表心迹的。
Story/D_8_1_1_1_086,就为了这个？
Story/D_8_1_1_1_087,什么叫就为了这个？这不比活着还重要吗。
Story/D_8_1_1_1_088,总之呢，来都来了，我就不走了。
Story/D_8_1_1_1_089,这……。
Story/D_8_1_1_1_090,谁让你突然偷袭的。
Story/D_8_1_1_1_091,我不是偷袭你，是阿鹤侠想脱你裤子。
Story/D_8_1_1_1_092,脱我裤子干嘛！
Story/D_8_1_1_1_093,你双手一抓裤头，本梅就一记飞天脚倒挂金钩把你踹晕。\n让你光屁股倒下，丑态毕露。
Story/D_8_1_1_1_094,我哪儿得罪你了！
Story/D_8_1_1_1_095,你问问你自己啊，负心汉。\n长那么丑还花心，没有一点自知之明！
Story/D_8_1_1_1_096,……清官难断家务事，我就不予置评了。
Story/D_8_1_1_1_097,你问我干嘛？问阿鹤侠啊。\n谁知道牠这么好色的，禽兽坏手手。
Story/D_8_1_1_1_098,小梅，你不一定要陪我的，你知道吗？
Story/D_8_1_1_1_099,反正你今天就死了，那我也不用再装什么正人君子了。
Story/D_8_1_1_1_100,你装过正人君子吗？
Story/D_8_1_1_1_101,本梅生不能将你的肉体据为己有，你死了残骸总该归我。\n到时本梅将你火化了，骨灰冲成茶喝掉。\n这样我们就永远在一起，再也不必分离了，哇哈哈哈～
Story/D_8_1_1_1_102,赵活……。
Story/D_8_1_1_1_103,小竹，我送你下山可好？
Story/D_8_1_1_1_104,送我下山，然后呢？\n你打算找个借口骗我等，然后独自回到山上，对吗？
Story/D_8_1_1_1_105,……。
Story/D_8_1_1_1_106,别以为我好骗，这种伎俩我爹早就使过了。
Story/D_8_1_1_1_107,哇……你变聪明了，不好打发。
Story/D_8_1_1_1_108,……会死喔，这次真的会死。
Story/D_8_1_1_1_109,应该是这样吧。
Story/D_8_1_1_1_110,掌门、师兄，有人上山来了！
Story/D_8_1_1_1_111,这么快就来了？
Story/D_8_1_1_1_112,不是，来的人是崆峒几位护法，抬着一顶轿子！
Story/D_8_1_1_1_280,话说师弟你不是下山去了？
Story/D_8_1_1_1_281,……不缺这一时半刻，我这就走了。
Story/D_8_1_1_1_113,崆峒飞天门护法「山火」颜疆，拜见掌派人、唐家掌门！
Story/D_8_1_1_1_114,颜师兄。
Story/D_8_1_1_1_115,恭迎崆峒第一掌派夫人仙驾光临！
Story/D_8_1_1_1_116,我都说不要用轿子了，我自己会走。
Story/T_8_1_1_1_007,啧，被这姓颜的抢先一步向掌派人请安。
Story/D_8_1_1_1_117,崆峒夺魄门护法余麟，参见掌派人，拜见唐家掌门。
Story/D_8_1_1_1_118,崆峒夺魄门护法余麟，参见掌派人，拜见唐家掌门。
Story/D_8_1_1_1_119,余师兄。
Story/D_8_1_1_1_120,恭迎崆峒第一掌派夫人仙驾光临！
Story/D_8_1_1_1_121,我都说不要用轿子了，我自己会走。
Story/D_8_1_1_1_122,参见掌派人！您老康健，比什么都好。
Story/D_8_1_1_1_123,玄功弟子鞠冬音，参见掌派人。
Story/D_8_1_1_1_124,铁、铁拳弟子郁竹，参见──
Story/D_8_1_1_1_125,小竹！我以为你不回来了！
Story/D_8_1_1_1_126,掌派人……大家都在看……不要……。
Story/N_8_1_1_1_005,小竹嘴上说不要，却没把你推开，手软软的使不上力，只能轻轻揪着你衣角。
Story/T_8_1_1_1_008,非礼勿视，非礼勿视。
Story/D_8_1_1_1_127,你怎不见那么久？
Story/D_8_1_1_1_128,这、这是有苦衷的。
Story/D_8_1_1_1_129,启禀掌派人：我派将欲南下之时，忽然撞破西夏阴谋。\n原来夏贼向金借道，欲和极乐教里应外合谋夺蜀地，瓜分宋土。\n魏掌门与道法将军当机立断，亲率崆峒弟子与当地厢军会合抗击夏兵。
Story/D_8_1_1_1_130,{size=50}什么？！{/size}
Story/D_8_1_1_1_131,我军多次经官驿、飞雁传书求援，然而战报十有八九石沉大海。\n可见极乐教在宋为策应，为侵宋做足了准备。\n恐怕临安官家得到音讯，已是数月以后，蜀地早已陷落。
Story/D_8_1_1_1_132,我们亦非不曾犯险，为了避开极乐教掌控，以轻功行于宋金交界，\n绕道而行，费尽千辛万苦才把消息传到中原。\n但是武林盟嗤之以鼻，以为不过是缓兵之计。
Story/D_8_1_1_1_133,愚不可及！武林盟口口声声为了天下百姓，\n要灭泥教、灭唐门，定乱扶衰。\n可是我大宋江山危殆，却又充耳不闻，实教人心寒不已！
Story/D_8_1_1_1_134,来还有这种事，难怪。
Story/D_8_1_1_1_135,忝为护法，办事不力，枉受崆峒恩德！\n我等自请为掌派人保驾，粉身碎骨，在所不惜！
Story/D_8_1_1_1_136,愿为掌派人肝脑涂地，死而后已！
Story/T_8_1_1_1_009,马屁精！
Story/T_8_1_1_1_010,有我颜疆在的一天，你别想专美于前！
Story/D_8_1_1_1_137,承蒙各位好意，实在担待不起。\n我已决意与唐门共存亡，掌派人宝座，只能奉还。
Story/D_8_1_1_1_138,各位好意，赵某心领了。\n可赵某誓与唐门共存亡，哪里也不去。
Story/D_8_1_1_1_139,那容易之至。我们全都留下，痛痛快快打一场得了。\n你若不坚决不当掌派人，那就管不了我们；\n当了掌派人，我们舍命相护也是顺理成章。
Story/D_8_1_1_1_140,还能这样？
Story/D_8_1_1_1_141,怎么不能？你真不当掌派人，我们也和你讲义气。\n欠的终归要还，不然心里怎能痛快。
Story/D_8_1_1_1_142,好了，大家都让开点，别碍着竹夫人和掌派人说话。
Story/D_8_1_1_1_143,我本想打一柄宝剑给你，让你大杀四方，威风凛凛。\n结果急着赶回来，实在来不及，所以前功尽弃。
Story/D_8_1_1_1_144,没关系。
Story/D_8_1_1_1_145,没关系，什么神兵利器，都不及你傍我身侧。\n你平安无事，比什么都要紧。
Story/D_8_1_1_1_146,是吗。
Story/D_8_1_1_1_147,但你大可不必陪我，我们空有夫妻之名……。
Story/D_8_1_1_1_148,……你这是想休妻？
Story/D_8_1_1_1_149,也说不上，都还没拜堂呢。
Story/D_8_1_1_1_150,门都没有！
Story/D_8_1_1_1_151,我这一生是跟定你了，你去哪，我就去哪！
Story/D_8_1_1_1_152,别想丢下我……你这坏人。
Story/D_8_1_1_1_153,死也不怕，可是这种话，听了会让人很寂寞的……。
Story/D_8_1_1_1_154,那你可要跟紧我，别离开我身边。\n在此向你起誓吧，就算走散了，我也会翻山越岭找到你。
Story/T_8_1_1_1_011,咕哇！我的肋骨！
Story/T_8_1_1_1_012,那是什么声音？
Story/D_8_1_1_1_155,{size=24}你千万别食言，一定要来找我。{/size}
Story/D_8_1_1_1_156,知道了。
Story/D_8_1_1_1_157,那就好。
Story/D_8_1_1_1_158,啊～好热，我的铁锤已经沸腾了。\n迫不及待要打扁武林盟的家伙！
Story/D_8_1_1_1_159,掌门、师兄，有人上山来了！
Story/D_8_1_1_1_160,这么快就来了？
Story/D_8_1_1_1_161,不是，来的人是崆峒几位护法，抬着一顶轿子！
Story/D_8_1_1_1_282,话说师弟你不是下山去了？
Story/D_8_1_1_1_283,……不缺这一时半刻，我这就走了。
Story/D_8_1_1_1_162,崆峒飞天门护法「山火」颜疆，拜见掌派人、唐家掌门！
Story/D_8_1_1_1_163,颜师兄。
Story/T_8_1_1_1_013,啧，被这姓颜的抢先一步向掌派人请安。
Story/D_8_1_1_1_164,崆峒夺魄门护法余麟，参见掌派人，拜见唐家掌门。
Story/D_8_1_1_1_165,恭迎崆峒第一掌派夫人仙驾光临！
Story/D_8_1_1_1_166,崆峒夺魄门护法余麟，参见掌派人，拜见唐家掌门。
Story/D_8_1_1_1_167,余师兄。
Story/D_8_1_1_1_168,参见掌派人！您老康健，比什么都好。
Story/D_8_1_1_1_169,玄功弟子鞠冬音，参见掌派人。
Story/D_8_1_1_1_170,恭迎崆峒第一掌派夫人仙驾光临！
Story/D_8_1_1_1_171,妾身玄功魏菊，即请掌派──
Story/D_8_1_1_1_172,小菊！我以为你──啊。
Story/D_8_1_1_1_173,抱歉，一时忘形，失礼了。
Story/D_8_1_1_1_174,赵郎，你是妾身的天，离了你，小菊还能去哪儿呢？\n你对我，也不需那么生份客气。
Story/D_8_1_1_1_175,我以为梦醒了，原来没醒。
Story/D_8_1_1_1_176,你们可以退下了，按我安排，戒护四方。
Story/D_8_1_1_1_177,是！
Story/D_8_1_1_1_178,掌派人、唐三爷，容妾身造次，寒暄问候，容后再提。\n事出紧急，必须即刻奏明。
Story/D_8_1_1_1_179,是武林盟的事吗？
Story/D_8_1_1_1_180,不是，也是。
Story/D_8_1_1_1_181,如君所悉，秦州是宋、金、夏三国之交，不禁商旅往来。\n近日通牒频发，平凉车马不绝，辎重、货品一车车运往城中，\n却不做生理，日旦徘徊，形迹可疑。
Story/T_8_1_1_1_014,你怎么连人家做不做生意都管。
Story/D_8_1_1_1_182,经查确凿，那些商贾家丁皆是西夏刺侯，专程来与极乐教余孽串谋。\n极乐教接应于内，而西夏走险，向金借道穿越河套地区，强攻于外，\n里应外合，强取蜀地。
Story/D_8_1_1_1_183,此话当真？
Story/D_8_1_1_1_184,妾身与丹霞子师兄心知事关重大，欲将贼人拿下盘问，不想却打草惊蛇。\n本来不应专擅，但关乎大宋江山，更不敢怠慢。\n于是通报在地主官，率门人与厢军会师，围剿西夏伏兵。
Story/D_8_1_1_1_185,极乐教潜伏多年，蓄谋已久，各处官道、官驿皆有暗桩。\n战情每到中途便杳然无踪，不得已，只得请飞天门精锐施展轻功，\n涉险行于宋金之交，才将军情送入中原。
Story/D_8_1_1_1_186,然而武林盟以此信为缓兵之计，官府更嗤之以鼻。
Story/D_8_1_1_1_187,岂有此理，武林盟口口声声为了天下百姓，\n要灭泥教、灭唐门，定乱扶衰。\n可是我大宋江山危殆，却又充耳不闻，实教人心寒不已！
Story/D_8_1_1_1_188,那官府中人更是愚不可及，以我江湖中人为鄙，\n延误军机，如陷苍生于不义！
Story/D_8_1_1_1_189,原来如此……难怪崆峒一直没有消息。
Story/D_8_1_1_1_190,总为浮云能蔽日，妾身闻知消息，同样切齿腐心。
Story/D_8_1_1_1_191,你们觉得此事上达天听，官家就能尽信？
Story/D_8_1_1_1_192,……不觉得，说一句大不敬的话，我朝官家，是昏君。
Story/D_8_1_1_1_193,唉。
Story/D_8_1_1_1_194,我挑灯苦思一夜，思索圣贤道理，总是心意难平。\n凭何我辈忧国忧民，满朝文武却只想排除异己，害我夫君？
Story/D_8_1_1_1_195,欺人也该有限度，何况不在其位不谋其政。\n这个国，小女子便能救也不救了，留待朝中大丈夫烦恼去吧！
Story/D_8_1_1_1_196,那你也不必专程来唐门送死呀。
Story/D_8_1_1_1_197,是不必，但我就是来了。\n就似赵郎，可不死而死，心辉映日月，名当留汗青。
Story/D_8_1_1_1_198,……小菊，赵某负你实多，处处让你迁就我。
Story/D_8_1_1_1_199,知子之好之，杂佩以报之。
Story/D_8_1_1_1_200,苟能有幸，我们就归隐山林，养些鸡鸭，过上晴耕雨读的日子。
Story/D_8_1_1_1_201,那确实是妾身梦寐以求的好岁月，余生如此，复有何求？\n弋言加之，与子宜之。宜言饮酒，与子偕老。琴瑟在御，莫不静好。
Story/D_8_1_1_1_202,我信你，我等你。
Story/D_8_1_1_1_203,弟，你有什么想要的吗？
Story/D_8_1_1_1_204,没有啊，你怎么问得像是要下山逛街，顺道帮我捎什么似的。
Story/D_8_1_1_1_205,这么说，像也差不多。\n既然唐门没有什么策略要我配合，那我就要自己行动了。
Story/D_8_1_1_1_206,坐以待毙很难，我实在静不下来。打算反守为攻，打下山去。
Story/D_8_1_1_1_207,你当真？
Story/D_8_1_1_1_208,当真。
Story/D_8_1_1_1_209,要是办得到，就把上官家主给杀了，替我师父报仇。\n要是我办不到，那就死在路上吧。
Story/D_8_1_1_1_210,姊去了，黄泉路上等你。不来的话，我就先走了。
Story/D_8_1_1_1_211,弟，接下来该怎么办呢？你说吧，我听你的。
Story/D_8_1_1_1_212,湘姊打算怎么办？
Story/D_8_1_1_1_213,嗯～我想想。
Story/O_8_1_1_1_005,我们溜掉，找个地方隐居生娃
Story/D_8_1_1_1_214,不如我们现在急流勇退，找个地方隐居生娃。
Story/D_8_1_1_1_215,说啥呢你，这是在调戏我吗？
Story/D_8_1_1_1_216,我说笑的，湘姊别恼。
Story/D_8_1_1_1_217,……隐居、生娃可以奉陪，但是不能逃。
Story/D_8_1_1_1_218,这样吧，要是我们尽了力，最后也没死成。\n就、就按你说的办，可以吧？
Story/T_8_1_1_1_015,我是不是不应该在这里听这些？
Story/D_8_1_1_1_219,你这岂不是害我留恋人间，患得患失起来。
Story/D_8_1_1_1_220,我也一样啊，还不是你害的，谁让你瞎说。
Story/D_8_1_1_1_221,心怀期许不是坏事，二位陪到今日已经仁至义尽了。\n比起一股脑儿通通陪死，三师兄我更愿你们夫妻偕老。\n至少活到我这个岁数，方能含笑九泉。
Story/O_8_1_1_1_006,等龙湘想
Story/D_8_1_1_1_222,反守为攻，突击下山，干掉武林盟主……如何？
Story/D_8_1_1_1_223,想法是很好，要是办得到，大家就不那么灰心了。
Story/D_8_1_1_1_224,事在人为，难行能行，还没试过，怎见得就办不到？\n何况守在这里也是死，不如拼一把痛快。
Story/D_8_1_1_1_225,好，我们会慎重参考你的意见。\n此计挺好，想必消耗你不少脑力，你先别想了，歇会儿。
Story/D_8_1_1_1_226,你自己要问我的！又笑话我！臭弟！
Story/D_8_1_1_1_227,师弟，你和龙女侠缘分难得，陪到今日已仁至义尽了。\n要是有机会的话，就劝她逃吧。
Story/D_8_1_1_1_228,怎么还说这种话。
Story/D_8_1_1_1_229,比起一股脑儿通通陪死，三师兄我更愿你们夫妻偕老。\n至少活到我这个岁数，方能含笑九泉。
Story/D_8_1_1_1_230,……好，我会看着办。
Story/D_8_1_1_1_231,弟子。
Story/D_8_1_1_1_232,师父，你也上山来了。
Story/D_8_1_1_1_233,你打算今天就死？
Story/D_8_1_1_1_234,这……。
Story/D_8_1_1_1_235,你留在唐门，就会死。\n当时为师有意绝于雪山旧址，你横加阻拦，今日这又算什么呢？
Story/D_8_1_1_1_236,师父，这不一样。
Story/T_8_1_1_1_016,雪山派已灭了十几二十年，师父就算殉派，也追不上先人。\n我却幸运得多，能与家人同生共死。
Story/D_8_1_1_1_237,你一定要对唐门尽忠，为师也不拦你。\n但你若是愿意忍气吞声，为师……我一定会尽我所能弥补你。
Story/D_8_1_1_1_238,我们会有孩子，重振雪山派……不，退隐江湖也可以。\n你想做的事，兰姊都会陪你完成，想报仇也可以。\n但是起码今天……我希望你不要选择死路。
Story/O_8_1_1_1_007,对不住，师父。我意已绝。
Story/D_8_1_1_1_239,对不住，师父。\n我辜负了你的栽培。
Story/D_8_1_1_1_240,师弟，你想清楚了吗？\n你可不只是唐门弟子。
Story/D_8_1_1_1_241,……有什么好对不住的？
Story/D_8_1_1_1_242,这才是为师的好弟子，有骨气，忠义双全。\n收你为徒，是我一生的骄傲。
Story/D_8_1_1_1_243,不过为师放心不下咲嫣，不能陪你去。\n我们师徒一场，就此别过了。
Story/D_8_1_1_1_244,多谢师父……。
Story/D_8_1_1_1_245,那就这样吧，反正为师早活腻了，不可惜。\n临走拖几个不想死的可怜虫上路，不然平白受人欺侮，怎能瞑目。
Story/D_8_1_1_1_246,你不必陪我的。
Story/D_8_1_1_1_247,我的故事早已完结了，是你擅自续写的。\n延到今日，有这么多朋友一起上路，倒也不坏，好过一个人孤伶伶的死去。
Story/D_8_1_1_1_248,师父，我对不住你。
Story/D_8_1_1_1_249,没关系，作师父的就该宽宏大量，为师原谅你。
Story/O_8_1_1_1_008,我……听你的。
Story/D_8_1_1_1_250,是吗，好，好，好。
Story/D_8_1_1_1_251,唐三爷，我雪山派仁至义尽，再也不奉陪了。\n请你海涵，切莫怪罪吧。
Story/D_8_1_1_1_252,夏侯女侠，贵派师徒能够陪到今日，足见仁义。\n于我唐门只有恩情，哪有亏欠？又何来怪罪一说。
Story/D_8_1_1_1_253,三师兄，我这回是真要走了。
Story/D_8_1_1_1_254,师弟，这些年来辛苦你了。\n三师兄我俗务缠身，不能恭送你们下山，还请见谅。
Story/D_8_1_1_1_255,……师父，我到正心堂前，给掌门和唐门祖先叩头再走。
Story/D_8_1_1_1_256,去吧。
Story/N_8_1_1_1_006,你和夏侯兰下山以后，辗转听闻后话。\n唐门覆灭，困守山中的无一幸还。
Story/N_8_1_1_1_007,那夜你痛哭痛饮，夏侯兰在侧相陪，给你斟酒、替你抚背顺气。\n温顺得没有一点脾气。
Story/N_8_1_1_1_008,你和夏侯兰回到雪山定居，虽有美人相伴，你却不常笑。
Story/N_8_1_1_1_009,灭门之仇一日不敢或忘，你日夜勤练武功，不敢懈怠，只是心被仇恨浸染，\n已不能忘形，进境慢了下来。
Story/N_8_1_1_1_010,此去经年，夏侯兰诞下一子一女，万幸子女都像她不像你。\n你老是敦促两个孩子练功，将来随爹报仇雪恨，\n夏侯兰虽有微词，却还是让着你居多。
Story/N_8_1_1_1_011,三十年后，你神功大成，身兼雪山、夺魄、唐门三家之所长，\n自信比之当年叱咤风云的任何一位高手都不会逊色。\n于是带着子女下山，准备报仇雪恨。
Story/N_8_1_1_1_012,可是那时已经没有武林盟了，当然也没有泥教。\n你所知晓的所有故人都不复得见，\n长江后浪推前浪，偌大江湖，皆是意气风发的新人。
Story/N_8_1_1_1_013,你怅然若失，借酒消愁，总是不信那些仇人都如此命短，\n锲而不舍的追查，找到了退隐江湖的仇家。\n见他们都能全身而退，含饴弄孙，静享天伦之乐，你便恨的咬牙切齿。
Story/N_8_1_1_1_014,你杀了很多人，很多人。他们全都该死，犯的错必须血偿。\n无辜的也要活活扼死，罪名何患无词？因为你怀疑他们是魔教党羽。
Story/N_8_1_1_1_015,这些人退隐了，从此就是百姓，你对百姓出手，为朝廷所通缉。\n海捕文书悬赏千金，你被官兵围捕，寡不敌众，身受重伤。\n一双儿女为了护你脱身，双双殒命。
Story/N_8_1_1_1_016,你落魄回到雪山，告知妻子儿女死讯。\n夏侯兰默默落下泪来，举掌想搧你耳光，始终不舍。
Story/N_8_1_1_1_017,你喝了酒睡着，那夜夏侯兰悬梁自尽了。\n她的影子在火光下晃荡，脚不沾地，就像女鬼一样。
Story/N_8_1_1_1_018,你站在墙外，听着人家的笑声，扭头见到一对儿女怅然眼光。\n他们望你项背成长，如你曾渴求爹娘关爱一般，你也随了你爹娘，\n从没对他们笑过。
Story/N_8_1_1_1_019,最终你长叹一声，轻抚儿女头顶，一手一个，牵回家中。\n儿女受宠若惊，夏侯兰见你放下心头仇恨，也不胜之喜。\n那晚下厨，做了很多饭菜，替你斟酒，有一搭没一搭说着从前旧事。
Story/N_8_1_1_1_020,你迷迷糊糊睡着了，清醒的时候你才想起来，\n距离妻子为你斟酒那日，也已经是很久以前的事，转眼又过了三十年。\n儿女都已下山各自成家，夏侯兰就葬在雪山。
Story/N_8_1_1_1_021,你独居雪山，下山沽酒，听说连大宋也没了，现在国号叫大元。\n你恍如隔世，忍不住放声大笑，笑着笑着又哭了起来，\n旁人只当你是老醉汉、老疯子。
Story/D_8_1_1_1_257,赵活、三哥，武林盟要来了，是吗？
Story/D_8_1_1_1_258,是，你要下山避难吗？\n你是上官世家的千金，严格来说也不是武林中人，\n想来武林盟不会为难你。
Story/D_8_1_1_1_259,好啊，我走了。
Story/D_8_1_1_1_260,啊……。
Story/D_8_1_1_1_261,哈，看你一脸受伤的样子，活该。让你拈花惹草。
Story/D_8_1_1_1_262,花心烂人，我真走了你信不信？你一点也不紧张？
Story/D_8_1_1_1_263,气煞我也！
Story/D_8_1_1_1_264,呃啊，你怎么打人？
Story/D_8_1_1_1_265,我那么坏，你该走得心安理得才是。
Story/D_8_1_1_1_266,……。
Story/D_8_1_1_1_267,唉，算了。你虽然花心，对我也是真好的，比大公子待我要好。\n我虽不能与你结连理，但是做好朋友、好兄弟也是可以的。\n我们今日就死了，犯不着再板着脸和你置气。
Story/T_8_1_1_1_017,我是不是不应该在这里听这些？
Story/D_8_1_1_1_268,你还想留吗？
Story/D_8_1_1_1_269,我又不像你那么命贱，我可是上官萤。试问谁敢动我？\n反正我的下场十有八九是被捉回上官世家，待价而沽。\n那我不趁机揍几个人怎么划算？
Story/D_8_1_1_1_270,我不难为他们就算客气了，他们敢难为我？
Story/D_8_1_1_1_271,刀剑无眼，可不能开玩笑啊。
Story/D_8_1_1_1_272,赵活，你这蠢材。\n打从我跟你来唐门，就料到迟早会有这么一天。\n虽然舍不得年纪轻轻就死，更怕独自老死在陌生的异乡。
Story/D_8_1_1_1_273,追根究底，对你还是感激之情比较多。\n投我以木瓜，报之以琼琚。匪报也，永以为好也。
Story/D_8_1_1_1_274,木瓜就可以收买你，这买卖真划算，发财了发财了。
Story/D_8_1_1_1_275,呆哦你！这是比喻，你几时给过我木瓜了？
Story/T_8_1_1_1_018,我是不是不应该在这里听这些？
Story/D_8_1_1_1_276,……你说的那几个字怎么写？\n你说我投你以木瓜，我可没有拿木瓜丢你啊，冤枉。
Story/D_8_1_1_1_277,是我不好，不该跟你这个不学无术的家伙讲诗经，根本对牛弹琴。
Story/D_8_1_1_1_278,总而言之呢，来到唐门那一日，会迎来什么样的结果，我早就想过了。
Story/D_8_1_1_1_279,你不负我，我也决不相负。
Story/D_8_1_1_2_001,启禀掌门，武林盟来了。
Story/D_8_1_1_2_002,掌门师兄，武林盟来了。
Story/D_8_1_1_2_003,禀、禀报代掌门，有人来了。
Story/D_8_1_1_2_155,禀、禀报代掌门，有人来了。\n弟子报完了信，这回真的要走了！你们……自己保重！
Story/D_8_1_1_2_004,这么快就来了？第一波有多少人？
Story/O_8_1_1_2_001,足有一百个人
Story/D_8_1_1_2_005,想用人海战术波次攻坚，令我等精疲力竭啊，很好。
Story/D_8_1_1_2_006,喂喂喂～当我们死人吗？
Story/D_8_1_1_2_007,区区一百个，塞牙缝都不够呀！
Story/D_8_1_1_2_008,让他们有来无回！
Story/D_8_1_1_2_009,啊，我们女子不上前线，只在后边放暗器下毒喔。\n你们男子汉可得硬气点，帮忙挡刀子。
Story/D_8_1_1_2_010,师弟，师妹……你们……。
Story/D_8_1_1_2_011,还有我哦。
Story/D_8_1_1_2_012,你又冒出来做甚？
Story/D_8_1_1_2_013,肥肥，琴来！
Story/D_8_1_1_2_014,琴来也，云裳尊者。
Story/D_8_1_1_2_015,你又是什么云裳尊者了？\n别胡闹，快回去，你压根没有内力，使不了音波功的。
Story/D_8_1_1_2_016,裳儿，别胡闹。\n你不会武功，只要不出手，武林盟不会赶尽杀绝。
Story/D_8_1_1_2_017,我偏要闹。\n我虽然没有内力，但是师姊妹们有。\n大家串连一气，把内功借我一用！
Story/D_8_1_1_2_018,好！
Story/D_8_1_1_2_019,还能这样？
Story/D_8_1_1_2_020,我也不知行不行，死马当活马医。
Story/D_8_1_1_2_021,好，好，是刀山、是火海，我们也一起闯！\n唐门出阵！
Story/D_8_1_1_2_022,{size=50}噢！！{/size}
Story/D_8_1_1_2_023,才来了一百人，未免太小看唐门了。
Story/D_8_1_1_2_024,强龙不斗地头蛇，好歹要拉一坨陪葬。
Story/D_8_1_1_2_025,我们女弟子后方支持，师兄师弟们尽可高枕无忧！
Story/D_8_1_1_2_026,还有我哦。
Story/D_8_1_1_2_027,你又冒出来做甚？
Story/D_8_1_1_2_028,肥肥，琴来！
Story/D_8_1_1_2_029,琴来也，云裳尊者。
Story/D_8_1_1_2_030,你又是什么云裳尊者了？\n别胡闹，快回去，你压根没有内力，使不了音波功的。
Story/D_8_1_1_2_031,裳儿，别胡闹。\n你不会武功，只要不出手，武林盟不会赶尽杀绝。
Story/D_8_1_1_2_032,我偏要闹。\n我虽然没有内力，但是师姊妹们有。\n大家串连一气，把内功借我一用！
Story/D_8_1_1_2_033,好！
Story/D_8_1_1_2_034,还能这样？
Story/D_8_1_1_2_035,我也不知行不行，死马当活马医。
Story/D_8_1_1_2_036,好，是刀山、是火海，我们也一起闯！\n唐门出阵！
Story/D_8_1_1_2_037,{size=50}噢！！{/size}
Story/D_8_1_1_2_038,我们来比一比，谁能挨比较久。\n要是侥幸没死的，要负责给大家烧香，如何？
Story/D_8_1_1_2_039,老娘我今天要打十个！
Story/D_8_1_1_2_040,还有我哦。
Story/D_8_1_1_2_041,你又冒出来做甚？
Story/D_8_1_1_2_042,肥肥，琴来！
Story/D_8_1_1_2_043,琴来也，云裳尊者。
Story/D_8_1_1_2_044,你又是什么云裳尊者了？\n别胡闹，快回去，你压根没有内力，使不了音波功的。
Story/D_8_1_1_2_045,裳儿，别胡闹。\n你不会武功，只要不出手，武林盟不会赶尽杀绝。
Story/D_8_1_1_2_046,我偏要闹。\n我虽然没有内力，但是师姊妹们有。\n大家串连一气，把内功借我一用！
Story/D_8_1_1_2_047,还能这样？
Story/D_8_1_1_2_048,我也不知行不行，死马当活马医。
Story/D_8_1_1_2_049,倒也不是不能一试，反正爷爷我年老力衰，招数确实不灵活。
Story/D_8_1_1_2_050,好，让武林群侠见识一下。\n即便人再少，唐门也从不可欺。
Story/D_8_1_1_2_051,师弟，你我各分二十人，如何？
Story/D_8_1_1_2_052,分是可以分，我没说我打得赢哦？
Story/D_8_1_1_2_053,我也没说我会赢啊。
Story/D_8_1_1_2_054,那剩下六十人怎办？
Story/D_8_1_1_2_055,我。
Story/D_8_1_1_2_056,交给我。
Story/D_8_1_1_2_057,还有我在呢。
Story/D_8_1_1_2_058,真拿你没办法。
Story/D_8_1_1_2_059,我来打？我连一个都不一定打得过啊！
Story/D_8_1_1_2_060,嗯～本梅可以帮忙料理一些，不保证多少就是了。
Story/D_8_1_1_2_061,人那么多，应该不容易打歪，我来帮忙。
Story/D_8_1_1_2_062,让俺来！俺要活活打死他们！妈巴羔子！
Story/D_8_1_1_2_063,小僧也愿为唐门效以绵薄之力。\n人多，得借你们扫把一用。
Story/D_8_1_1_2_064,能打多少算多少，管饱。
Story/D_8_1_1_2_065,好，我们上！
Story/O_8_1_1_2_002,三个高手
Story/D_8_1_1_2_066,这是欺我们无人，先派高手进来震慑当场，想吓退门人，减少抵抗来着。
Story/D_8_1_1_2_067,{size=50}谭某三人，仰慕唐门三大高手威名，特此登门讨教！{/size}
Story/D_8_1_1_2_068,吾乃夔州谭霸刀。
Story/D_8_1_1_2_069,我们过节可大了，别说你们不认识我。
Story/D_8_1_1_2_070,小生「花城四少」余自咏。
Story/D_8_1_1_2_157,又见面了，还记得我木仙姑吧？\n那谁……忘记名字了。
Story/D_8_1_1_2_158,没把别人放心上，忘记姓名，还期待别人记得你！
Story/D_8_1_1_2_071,……非报姓名不可的话，就叫我木仙姑吧。
Story/D_8_1_1_2_072,我等三人慕名而来，为的便是挑战唐门三大高手：\n飞侠唐布衣、辣手相公唐铮、儒侠唐升，还请不吝赐教！\n否则过了今日贵门就要没了，岂不可惜？
Story/D_8_1_1_2_073,我等按江湖规矩上门挑战，\n唐门若是高风亮节，当不会恃众凌寡吧？
Story/D_8_1_1_2_074,要都是些不入流杂鱼臭虾，非要插手。\n我等三人也不介意一股脑儿打发。
Story/D_8_1_1_2_075,哈哈，仙姑好英气，谭某佩服。
Story/D_8_1_1_2_076,岂有此理，师父，他这是料我们二位师伯不在，\n才扬言挑战的！真是无耻！
Story/D_8_1_1_2_077,你们武林盟都围到山下了，还说什么江湖规矩，好不要脸！
Story/D_8_1_1_2_078,务必小心，那谭霸刀着实不好应付。\n就算没了他的宝刀破山斩，实力也不容小觑。
Story/D_8_1_1_2_159,那木仙姑曾在我们回返青城途中拦路。\n为人一言难尽，但武功却不好斗。
Story/D_8_1_1_2_079,……而那余公子，与我也算打过交道。\n只不知实力如何。
Story/D_8_1_1_2_080,师弟，他们若按江湖规矩来挑战，我们不妨遂其心愿。\n只可惜四师弟也走了，否则我们师兄弟三人，斗他一斗又有何妨？
Story/D_8_1_1_2_081,可唐门有我、有你，兵来将挡，水来土掩便是。
Story/D_8_1_1_2_082,我虽比不得大师兄、二师兄，愿为师门死战。
Story/D_8_1_1_2_083,师弟……想不到。
Story/D_8_1_1_2_084,这是好机会，我得更像个唐门弟子。
Story/D_8_1_1_2_085,我来！妈的，什么阿猫阿狗都敢欺上门来，气死！
Story/D_8_1_1_2_086,师弟，这三人都是高手。
Story/D_8_1_1_2_087,我知道，但你们两个也是。\n我死命拖着一个，你们收拾了各自对手再来救我便是。
Story/D_8_1_1_2_089,你怎么不想着自己打死一个，再来帮忙？恁没志气。
Story/D_8_1_1_2_156,师兄教训得是！
Story/D_8_1_1_2_090,你也对我们太有信心，我和三师兄都自身难保了呀。
Story/D_8_1_1_2_091,那反正打输了我也是死，迟死晚死而已。
Story/D_8_1_1_2_092,没办法了，我来吧。
Story/D_8_1_1_2_093,师妹，这三人都是高手。
Story/D_8_1_1_2_094,……把那个俊的交给我，不然我先打死你们俩。
Story/D_8_1_1_2_095,我来，我好歹也是唐门老弟子。\n平日懒惰不用功，但是江湖阅历还算深厚，不太容易死。
Story/D_8_1_1_2_096,好，师弟，我还想着请你出马呢，你就主动请缨了。
Story/D_8_1_1_2_097,弟，我和你打头阵吧。
Story/D_8_1_1_2_098,剩下的一员空缺，叶某可以奉陪。
Story/D_8_1_1_2_099,余公子也来了……他和宝花……。
Story/D_8_1_1_2_100,让我上吧，我有话问他。
Story/D_8_1_1_2_101,阿活～你先和三师兄假装以二敌三，本梅觑准时机再下毒手。
Story/D_8_1_1_2_102,这年头，怎么自称高手的满街都是？太泛滥了。\n弟子，你随为师一同，减少所谓高手的数量吧。
Story/D_8_1_1_2_103,虽然我武功不怎样……。
Story/D_8_1_1_2_104,但我擅长毒打公子哥。\n我看那花城四少早不顺眼，让我来对付正好！
Story/D_8_1_1_2_105,俺！俺要打！让俺来！
Story/D_8_1_1_2_106,小僧愿为唐门效以绵薄之力。\n无论是嘴力，抑或付诸武力。
Story/D_8_1_1_2_107,我跟师兄、三师兄一起。
Story/T_8_1_1_2_001,我们这里也不是没有帮手。
Story/O_8_1_1_2_003,一位绝顶高手
Story/D_8_1_1_2_108,一个人？是何方神圣？
Story/D_8_1_1_2_109,当世称得上绝顶高手的人……。
Story/D_8_1_1_2_110,是老夫来着。
Story/D_8_1_1_2_111,是万里前辈！
Story/D_8_1_1_2_112,正是老夫，小子别来无恙啊？
Story/D_8_1_1_2_113,你是……！
Story/D_8_1_1_2_114,师、师叔祖！您怎会来此？
Story/D_8_1_1_2_115,师侄孙，你又怎会在此？
Story/D_8_1_1_2_116,那当然是方丈他老人家所授意。
Story/D_8_1_1_2_117,……是吗。\n一念之间，千难万难，果真是一个好题目。
Story/D_8_1_1_2_118,敢问师叔祖，此话何意？
Story/D_8_1_1_2_119,与你无关，退开。
Story/D_8_1_1_2_120,是昔日达摩院首座，人称鹰侠的万里前辈？
Story/D_8_1_1_2_121,嗯－－！你看起来不像武林人，年纪又不轻，却唤我前辈，真古怪。
Story/D_8_1_1_2_122,这……我确是年过而立才拜师，比同辈都老了一截，但论位份，合该称您一声前辈。
Story/D_8_1_1_2_123,好，有礼貌，我也欣赏你。\n不过今日我不是来找你的，退一边去。\n武林盟还派了一群虾兵蟹将来，你且领弟子去山门堵着，别让他们碍事。
Story/D_8_1_1_2_124,这……不知前辈因何与我唐门为难，\n难道像您这样出世的前辈高人，也听奉武林盟主的号令？
Story/D_8_1_1_2_125,你要这么想也无所谓。
Story/D_8_1_1_2_126,无妨，三师兄，让我来吧。
Story/D_8_1_1_2_127,好吧。
Story/D_8_1_1_2_128,我今日来意，想必你也清楚。\n咱俩先前有一架没打完，再不分个高低，你就没机会啦。
Story/D_8_1_1_2_129,我以为可以和前辈化敌为友呢。
Story/D_8_1_1_2_130,是敌是友都无所谓，这一次我可不留手了，接招！
Story/D_8_1_1_2_131,好，有礼貌，我也欣赏你。\n不过今日我来，是赎十年之约，不能没有交代。
Story/D_8_1_1_2_132,这……不知前辈因何与我唐门为难，\n难道像您这样出世的前辈高人，也听奉武林盟主的号令？
Story/D_8_1_1_2_133,你要这么想也无所谓。
Story/D_8_1_1_2_134,你这老小子是唐门的代掌门，一垮唐门就算完了。\n老夫不若行个方便，你推派出一个人来，与我过招。\n十五招一过，无论生死，就算恩怨了结。
Story/D_8_1_1_2_135,先说清楚，老夫找的是唐门弟子。\n此处要有别派的过来瞎搅蛮缠，老夫出的便不止十五招。
Story/D_8_1_1_2_136,叶某得掌门师兄恩允，收入门墙，也算唐门弟子。\n愿代师门来领教前辈高招。
Story/D_8_1_1_2_137,你不行。
Story/D_8_1_1_2_138,为何？
Story/D_8_1_1_2_139,你点苍派的点破云关胜在快，令人防不胜防。\n老夫有一老友，是点苍剑客，与我切磋不下百回，\n这招早已看烂了，两根指头就能掐住，赢你胜之不武，无聊的很。
Story/D_8_1_1_2_140,叶某的剑，未必一样。
Story/N_8_1_1_2_001,万里鹏程施展金刚指力，屈指弹出一粒松果，正中听云剑首，\n迫使他将出未出的剑又还入鞘中，虎口阵阵发麻。
Story/D_8_1_1_2_141,你明白了吧？你来与老夫过招，不出五招，必死于我手。\n如此还要上来挑战，老夫就成全你。
Story/D_8_1_1_2_142,……掌门，对不住，看来此战我派不上用场。
Story/D_8_1_1_2_143,叶师弟不必自责。
Story/D_8_1_1_2_144,师兄，我去吗？
Story/D_8_1_1_2_145,当然不行。
Story/T_8_1_1_2_002,虽说十五招，但本门能在绝世高手手底走过五招的，已经屈指可数。
Story/T_8_1_1_2_003,没办法了，老天爷开开眼，务必保佑我啊。
Story/D_8_1_1_2_146,三师兄，不如我来吧。
Story/D_8_1_1_2_147,那不就只剩我了吗？
Story/D_8_1_1_2_148,这……。
Story/D_8_1_1_2_149,你？
Story/T_8_1_1_2_004,我的战斗力只有六千，他起码有一千以下。\n别说打实了，掌缘扫到就能拍死，竟还想向我挑战？
Story/D_8_1_1_2_150,还望前辈莫要嫌弃小子鄙俗，不吝赐教。
Story/D_8_1_1_2_151,正是我。
Story/D_8_1_1_2_152,好，你小子丑怪归丑怪，还挺有胆识，就你了。\n武林盟还派了一群虾兵蟹将来，其他人不妨去山门堵着，别让他们碍事。
Story/D_8_1_1_2_153,三师兄，这里就接受万里前辈的美意吧。\n请你带领其他人，去迎战武林盟人马。
Story/D_8_1_1_2_154,好吧。
Story/D_8_1_1_2_1_001,……。
Story/D_8_1_1_2_1_002,……赢了？我们赢了？
Story/D_8_1_1_2_1_003,是，我们打退了敌人！
Story/O_8_1_1_2_2_001,谭霸刀
Story/O_8_1_1_2_2_002,余公子
Story/O_8_1_1_2_2_003,木仙姑
Story/D_8_1_1_2_2_1_001,赢了！三师兄！我们……我们赢了……。
Story/D_8_1_1_2_2_1_002,是啊，我们赢了。
Story/D_8_1_1_2_2_1_003,三师兄？
Story/D_8_1_1_2_2_1_004,对了……你走先了啊。
Story/D_8_1_1_2_2_1_005,……。
Story/D_8_1_1_2_2_1_006,……赢了？我们赢了？
Story/D_8_1_1_2_2_1_007,是，我们打退了敌人！
Story/D_8_1_1_2_3_041,嗯，不错，说是进境神速也不为过。\n想必别来时光，你另有奇遇吧？
Story/D_8_1_1_2_3_042,嗯，不错，你小子贼呀。\n貌不惊人，爪子这么硬，倒教老夫小觑了你。
Story/D_8_1_1_2_3_001,不过也仅此如此了，不得不说，老夫稍微有点失望啊。
Story/D_8_1_1_2_3_002,是老夫杞人忧天了，你和瑞笙小友还差得远去了。
Story/D_8_1_1_2_3_003,哈……拿我和他比，太不公平。
Story/D_8_1_1_2_3_004,哈……但我小师妹属意我，我打不赢他，仍算赢家。
Story/T_8_1_1_2_3_001,瑞笙，是小师妹的夫君吧。
Story/D_8_1_1_2_3_005,不过如此一来也算了却了一桩心愿，\n与小子你这便是最后一面了，老夫去也。
Story/D_8_1_1_2_3_006,承让了，前辈。
Story/D_8_1_1_2_3_007,哈哈，不得不服老啊。\n平心而论，你体魄、内功都不过二、三流水平，\n却深谙攻守进退之道──你小子的确是武功高强。
Story/T_8_1_1_2_3_002,完了！
Story/D_8_1_1_2_3_008,……你丢暗器也算一招，抢攻也算一招，那就是第十六回合。
Story/D_8_1_1_2_3_009,不坏，不坏。
Story/D_8_1_1_2_3_010,前辈……。
Story/D_8_1_1_2_3_011,倘若让你活久一点，进境再深厚几层，说不定还能与瑞笙小友分庭抗礼。
Story/D_8_1_1_2_3_012,……那当然，我们生活双侠，注定要有一战。
Story/D_8_1_1_2_3_013,前辈竟把我和武林盟主并论。
Story/T_8_1_1_2_3_003,瑞笙，是小师妹的夫君吧。
Story/D_8_1_1_2_3_014,你要我别去威胁人家，我却偏要去。
Story/D_8_1_1_2_3_015,可惜，你没那机会了。
Story/D_8_1_1_2_3_016,怪就怪老夫偏心吧，你虽险胜一筹，却已耗尽元气。\n无论如何是无法生离此处了，天下再也无人可以威胁瑞笙小友。\n抱歉啦，小子，你今日便死在这里吧。
Story/D_8_1_1_2_3_017,……你们真的很偏心呢，所有人都是这样。
Story/D_8_1_1_2_3_018,怎么怨恨都可以，去阎王御前告状也行，老夫去也。
Story/D_8_1_1_2_3_019,师叔祖！且慢！
Story/D_8_1_1_2_3_020,呼……呼……。
Story/N_8_1_1_2_3_001,大敌一退，你便压不住伤势，用力绷住的伤口迸裂开来。\n给鹰爪功剜去了血肉，正汩汩流血。
Story/D_8_1_1_2_3_021,……与你一战，老夫已尽故人之情。\n剩下的事就看你们年轻人如何取舍，老夫去也。
Story/D_8_1_1_2_3_022,师叔祖！且慢！
Story/D_8_1_1_2_3_023,欢呼声……从山道传来的。\n对了，我得快点去给三师兄助阵。
Story/D_8_1_1_2_3_024,师兄你歇着，别忙。
Story/D_8_1_1_2_3_025,怎么回事？
Story/D_8_1_1_2_3_026,师弟你不是走了吗？
Story/D_8_1_1_2_3_027,是走了，越走越不甘心，又给武林盟那群家伙刻意刁难嘲讽，\n嵩山秃驴说他们一个师叔祖就能灭了唐门。\n大家一个怒上心头，于是又折返回来了。
Story/D_8_1_1_2_3_028,幸好我回来了，要不然赶不上这场精彩好戏。
Story/D_8_1_1_2_3_029,能是怎么回事？就赢了呗。
Story/D_8_1_1_2_3_030,你不知道武林盟那群畜生啊，压根没把咱们当回事儿，\n想着保存实力，收拾了唐门再对付泥教。
Story/D_8_1_1_2_3_031,只道请万里前辈出马，唐门无一人可以抗衡，\n扑灭了我们的心气、敲碎了我们傲骨，\n剩下的喽啰跟着上山，收拾我们那还不是易如反掌的事。
Story/D_8_1_1_2_3_032,然后呢？
Story/D_8_1_1_2_3_033,他们本就不团结，越打越觉得状况不妙，等不到捷报，\n你还把万里前辈打跑了，瞬间就散了。
Story/D_8_1_1_2_3_034,武林盟来自各门各派，谁想自己吃亏呢？\n毕竟是乌合之众，大难临头，当然各鸟兽散。
Story/D_8_1_1_2_3_035,武林盟废物啦，什么大义都是口号罢了。\n到底不过是乌合之众，有福大家抢，有难别人当，不像我们。
Story/D_8_1_1_2_3_036,师弟！干得好啊！
Story/D_8_1_1_2_3_037,恭迎掌门凯旋而归！
Story/D_8_1_1_2_3_038,你还造作什么，哈哈！
Story/D_8_1_1_2_3_039,你们也是。
Story/D_8_1_1_2_3_040,哈哈，对，对，今日一起的，全是功臣！
Story/D_8_1_1_2_4_001,……。
Story/D_8_1_1_2_4_002,……赢了？我们赢了？
Story/D_8_1_1_2_4_003,是，我们打退了敌人！
Story/O_8_1_1_2_Break_1_010,自己出阵
Story/O_8_1_1_2_Break_1_001,请小师妹出阵
Story/D_8_1_1_2_Break_1_001,嗯！
Story/O_8_1_1_2_Break_1_002,请叶云舟出阵
Story/D_8_1_1_2_Break_1_002,交给我吧。
Story/O_8_1_1_2_Break_1_003,请龙湘出阵
Story/D_8_1_1_2_Break_1_003,我要打最强的那个喔。
Story/O_8_1_1_2_Break_1_004,请夏侯兰出阵
Story/D_8_1_1_2_Break_1_004,很好。
Story/O_8_1_1_2_Break_1_005,请上官萤出阵
Story/D_8_1_1_2_Break_1_005,那什么花城四少，全是仗恃家财与皮相，炫富玩弄良家女子的斯文败类。\n我从前碍于南宫深的脸面，不能明目张胆的对付，\n托你的福，我要揍个痛快。
Story/O_8_1_1_2_Break_1_006,请小梅出阵
Story/D_8_1_1_2_Break_1_006,遵命！
Story/O_8_1_1_2_Break_1_007,请小竹出阵
Story/D_8_1_1_2_Break_1_007,余公子交给我，我有话问他。
Story/O_8_1_1_2_Break_1_008,请福韫出阵
Story/D_8_1_1_2_Break_1_008,阿弥陀佛，小僧这回不止动口，还得动手。\n要以慈悲心超渡坏人，重回六道，这次别再走岔了路，误入人道。\n该是畜生的灵魂，就该投胎为畜生。
Story/O_8_1_1_2_Break_1_009,请樊啸天出阵
Story/D_8_1_1_2_Break_1_009,交给俺！一拳打到他们屎喷破裤子！
Story/D_8_1_1_4_001,师兄，师兄，师兄！
Story/D_8_1_1_4_002,哦、哦，怎么？
Story/D_8_1_1_4_003,你怎会那么厉害？
Story/D_8_1_1_4_004,是吗？崇拜我了？
Story/D_8_1_1_4_005,嗯，崇拜你！
Story/D_8_1_1_4_006,我就说说而已……。
Story/D_8_1_1_4_007,哈哈哈，尽管崇拜我吧！
Story/D_8_1_1_4_008,默铃～
Story/D_8_1_1_4_009,张嘴。
Story/D_8_1_1_4_010,……好吃。
Story/D_8_1_1_4_011,赢了？太好啦！
Story/D_8_1_1_4_012,云裳，你怎么出来了？事情还没完呢。
Story/D_8_1_1_4_013,我来给大家派送点心。
Story/D_8_1_1_4_014,哥～哥～
Story/D_8_1_1_4_015,云裳，你怎么出来了？事情还没完呢。
Story/D_8_1_1_4_016,我来发放你的阶段性奖励。
Story/D_8_1_1_4_017,吃。
Story/D_8_1_1_4_018,爷爷吃。
Story/D_8_1_1_4_019,好。
Story/D_8_1_1_4_020,哥哥吃。
Story/D_8_1_1_4_021,哦。
Story/D_8_1_1_4_022,师兄师姊们都辛苦啦，我给大家准备了糕点～
Story/D_8_1_1_4_023,云裳长大了……懂事了，会为他人着想了。
Story/D_8_1_1_4_024,只有我觉得不安吗？
Story/D_8_1_1_4_025,还好不是只有叶某疑心她。
Story/D_8_1_1_4_026,这是我弟。
Story/D_8_1_1_4_027,各位，这是我弟！
Story/D_8_1_1_4_028,湘姊，你这是做甚？
Story/D_8_1_1_4_029,我可太得意有你了，让我炫耀一下成不？
Story/D_8_1_1_4_030,是吗？那成吧。
Story/D_8_1_1_4_031,那我可以把你举起来吗？
Story/D_8_1_1_4_032,不行！
Story/D_8_1_1_4_033,赵活～
Story/D_8_1_1_4_034,哎唷，我又是哪里对不起你，干嘛打我？
Story/D_8_1_1_4_035,男子汉大丈夫少嚷嚷，那样的高手都伤不了你，\n我这个弱女子的花拳绣腿，哪里打得痛你。
Story/D_8_1_1_4_036,大小姐，我和人过招挨的打，没有一下是不闪不避的。\n便是我内功差抵抗不了的，也要想方设法卸去劲力，不然老早没命了。\n你打我却是实打实的，如何打不伤我。
Story/D_8_1_1_4_037,是吗？那你这么有办法，为何还故意受着。
Story/D_8_1_1_4_038,我要运劲抵抗，你打我手疼怎办？\n我要闪躲了去，你重心不稳跌倒怎办？\n还有啊，卸了劲你打起来手感不好，没消气怎办？
Story/T_8_1_1_4_001,原来挨打还有这么多讲究。
Story/D_8_1_1_4_039,知道你待我好～可也不能这么傻气。\n好吧好吧，从今以后我会修身养性，能用说话解决的，绝不动手。
Story/D_8_1_1_4_040,谢天谢地，你总算像个正常人。
Story/D_8_1_1_4_041,你说我本来不正常是吧？
Story/D_8_1_1_4_042,啊！你发豪言到反悔只花了一句话的工夫！
Story/D_8_1_1_4_043,谁让你讲话这么气人！
Story/D_8_1_1_4_044,阿活～
Story/D_8_1_1_4_045,哇！
Story/D_8_1_1_4_046,光天化日，你别乱摸！
Story/D_8_1_1_4_047,唷唷，区区的阿活，贱命贱屁股，能值几个钱？\n本梅摸你是给你面子，你可别到处嚷嚷，听到了没有？\n否则～别人听了，只会觉得你用屁股非礼本梅的手！
Story/T_8_1_1_4_002,我赵活横行无忌，居然沦落到被人调戏。\n怎么……我心底这种委屈感是怎么回事？
Story/D_8_1_1_4_048,掌派人威武！
Story/D_8_1_1_4_049,这又不是我一个人的功劳，仰仗了大家，和你对我的期许。
Story/T_8_1_1_4_003,我只要心怀期待，你永远不会让我失望的，是吗？
Story/D_8_1_1_4_050,好说，好说。
Story/D_8_1_1_4_051,弟子表现不坏。
Story/D_8_1_1_4_052,有道是名师出高徒，我这个雪山派大弟子，怎么也太丢师父脸面。
Story/D_8_1_1_4_053,那当然，也不看看我是谁的弟子！
Story/D_8_1_1_4_054,很好，很好。
Story/D_8_1_1_4_055,师父，也夸夸我。
Story/D_8_1_1_4_056,咲嫣也不错，保护了师兄。
Story/D_8_1_1_4_057,咲嫣也不错，忍耐得很好。
Story/D_8_1_1_4_058,嘿嘿。
Story/D_8_1_1_4_059,赵郎辛苦了。
Story/D_8_1_1_4_060,小菊，你怎么出来了？
Story/D_8_1_1_4_061,郎君大胜，妾身不禁欢颜祝庆。
Story/N_8_1_1_4_001,她轻执你手，暗运铁琵琶功心法，助你回气疗伤。
Story/D_8_1_1_4_062,师弟，接下来你说怎办？
Story/D_8_1_1_4_063,你是代掌门，你心中没有定见吗？
Story/D_8_1_1_4_064,有是有。
Story/O_8_1_1_4_001,三师兄：「冲下山去战他娘亲。」
Story/O_8_1_1_4_002,你：「冲下山去战他娘亲。」
Story/D_8_1_1_4_065,{size=50}冲下山去，战他娘亲！{/size}
Story/D_8_1_1_4_066,{size=50}冲下山去，战他娘亲！{/size}
Story/D_8_1_1_4_067,四师兄。
Story/D_8_1_1_4_068,四师兄，你不是走了？
Story/D_8_1_1_4_069,怎样，走了就不能回来？\n没见过人家见风使舵吗，大惊小怪什么，呿～
Story/D_8_1_1_4_070,可我们虽击退了第一波次的袭击，情势依旧不利呀。
Story/D_8_1_1_4_071,我又不是傻子，一定会死的情况，我当然会跑。\n可就算十赌九输，只要有一成……不，至少两成吧。\n有两成胜算，我就会情不自禁想要押注在唐门身上。
Story/D_8_1_1_4_072,四师弟……！
Story/D_8_1_1_4_073,拍拍，欢迎回家。
Story/D_8_1_1_4_074,小师妹……我从前跟你说过拍拍对我无效吧。
Story/D_8_1_1_4_075,嗯。
Story/D_8_1_1_4_076,我那是骗你的，有效的很。
Story/D_8_1_1_4_077,我就知道。
Story/D_8_1_1_4_078,不过你们别高兴得太早，只有我回来喔。\n其他师弟妹，那是真的走远了去，不会回头的。
Story/D_8_1_1_4_079,够多了。
Story/D_8_1_1_4_080,老说我狗皮膏药赖着不走，你不也是？
Story/D_8_1_1_4_081,不不，不同，我是有理智的，你则无。
Story/D_8_1_1_4_082,我不必有理智，有情有义就够了。
Story/D_8_1_1_4_083,{size=50}冲下山去，战他娘亲！{/size}
Story/D_8_1_1_4_084,{size=50}冲下山去，战他娘亲！{/size}
Story/D_8_1_1_4_085,看来没有异议了。
Story/D_8_1_1_4_086,他们派人上山，取我唐门弟子的性命，没取成。\n我们自己给他们送去，能捎上几个算几个。
Story/D_8_1_1_4_087,武林盟恃众凌寡的做派我们领教过了。\n现在该让世人见识见识唐门心胸有多狭窄！
Story/D_8_1_2_001,唐掌门、赵兄弟，我我我按约定来了。\n李某集结了新派弟子，在唐门外堡布布布阵，我是说布阵。\n自请为第一防线，武林盟要是打来，我们先先先丢他大粪！
Story/D_8_1_2_002,哈哈哈！爽！这也是先礼后兵，先请他们吃顿饱的！
Story/D_8_1_2_003,一上来就这么心狠手辣吗？
Story/D_8_1_2_004,这也未免太……
Story/D_8_1_2_005,算了，也不是能挑剔手段的时候。
Story/D_8_1_2_006,说得也是。
Story/T_8_1_2_001,算了，人家万里迢迢来助阵，已足见义气。\n又非大奸大恶，我也不便指手画脚。
Story/D_8_1_2_007,掌门，大义分舵弟兄们……我是说从前大义分舵的师兄弟们。\n我们都已经各就各位了，只待你一声令下，\n石灰粉、大粪、蛇、狗，全都准备好往武林盟那群王八脸上砸。
Story/D_8_1_2_008,什么？你们这是准备干什么？
Story/D_8_1_2_009,你们想把狗往人脸上砸？
Story/D_8_1_2_010,是的呀，狗子会张开血盆大口，咬死坏人。
Story/D_8_1_2_011,不行！不行！狗会死！给俺把狗撤掉！
Story/D_8_1_2_012,粪也不许泼！我说真的！
Story/D_8_1_2_013,万万不可！
Story/D_8_1_2_014,掌门你就放心吧，这我们有的是经验。\n你听过人剑合一吧，那你见过人狗合一没有？\n把狗抓着当兵器使，在我们这儿是家常便饭！
Story/D_8_1_2_015,这……大事不妙！
Story/D_8_1_2_016,还没开打就一团乱。
Story/D_8_1_2_017,唐掌门见谅，今日武林大会，我派来人不多，并非不肯献力。\n皆因主力留守峨嵋，由我师弟解无尘率队于官道拦截点苍派人马。
Story/D_8_1_2_018,其他客套话不多说，今日或将记载于史册之上，\n向某能与侠士为伍，也与有荣焉。
Story/D_8_1_2_019,向掌门何出此言，你高瞻远瞩，敝门上下无不敬服。
Story/D_8_1_2_020,唐掌门！今日可得吐一口恶气。\n连我申屠师弟都看不下去，出山入世来相助。
Story/D_8_1_2_021,修道归修道，到底是凡人，还有一腔血性，怎能袖手旁观？
Story/D_8_1_2_022,师弟说得对，除魔卫道，原是道门修士的天职。
Story/D_8_1_2_023,多谢青城诸位道长鼎力相助！
Story/D_8_1_2_024,昔日与唐老掌门并肩共抗旧魔教，今日还能携手共进退，这也是缘。
Story/D_8_1_2_025,青城弟子都听着。\n除魔卫道，原是道门修士的天职，便是不作道士，\n我等仍有一腔血性、满腹牢骚，好教我等盼到今天，可得吐一口恶气。
Story/D_8_1_2_026,{size=50}道士下山，降妖除魔！{/size}
Story/D_8_1_2_027,今日就看老弟你了，老道给你唐门撑腰，别泄气了。
Story/D_8_1_2_028,邹掌门所言甚是，这也是缘。
Story/D_8_1_2_029,其实吧，邹掌门这样热血的人，还真不适合当道士。
Story/D_8_1_2_030,作不作道士，都无所谓。
Story/T_8_1_2_002,那申屠龙没有来吗？\n也罢，待此间大事一了，再去请教邹掌门。
Story/D_8_1_2_031,启禀掌门，有位青城徐道长求见。
Story/D_8_1_2_032,唐掌门好，久仰大名。
Story/D_8_1_2_033,道长好，不知道长道号为何，如何称呼？
Story/D_8_1_2_034,老道怀素，淡出江湖，清修二十载，掌门不识，也是情有可原。
Story/D_8_1_2_157,原来是青城三老之一，怀素长老！\n真个久仰大名，今始得见庐山真容，幸如何之。
Story/D_8_1_2_158,掌门客气了，您儒侠的名声，又何尝不是如雷贯耳。\n有缘识荆该是老道感到庆幸。
Story/T_8_1_2_012,这二位说话都谦抑有礼，该算投缘。
Story/T_8_1_2_013,这两人说话可真像，这般矫情。
Story/D_8_1_2_035,说来汗颜，青城派中主张听奉武林盟号令者居多，\n专欲难成，掌门两顾难全，不得不置身事外，保留态度，\n令派中弟子审时度势，自行论断。
Story/D_8_1_2_036,为此不少青城弟子加入了武林盟，全凭他们自身意向而为，\n并非青城要与唐门作对，还望唐掌门见谅。
Story/D_8_1_2_037,道长言重了，人各有志，哪有不来就此记恨上的道理呢？
Story/D_8_1_2_038,但那随武林盟欺来的青城弟子，我们可是一个也不会放过。\n今日见着了，就会直接送他们兵解登仙。
Story/D_8_1_2_039,师弟！休得胡言！
Story/D_8_1_2_040,住口吧你！
Story/D_8_1_2_041,……那样贫道也无话可说，既是自行决断的事，后果也该自己承担。\n没有道理还要唐门大侠冒着风险容情。
Story/D_8_1_2_042,哦……老道士还挺通情达理。
Story/D_8_1_2_043,话虽如此，但是非不分，欺上门来助纣为虐的青城道兄们，\n我们可就不能保证他们性命安全。
Story/D_8_1_2_044,唉，原该如此，既是自行决断的事，后果也该自己承担。\n没有道理还要唐门大侠冒着风险容情。
Story/D_8_1_2_045,道长能这么说，足见胸怀。
Story/D_8_1_2_046,而此番我来，带了十几青城弟子与会，都是坚信唐门清白的。\n我们要是给武林盟的人打死了，也是我们自己决定的事。
Story/D_8_1_2_047,这……你们……。
Story/D_8_1_2_048,你们八成不知道，我没拜入青城修道以前，是唐门外姓弟子。\n要是这辈份还管用，你们都得叫我一声师叔。
Story/D_8_1_2_049,与我齐来的，都曾受过唐门恩惠。\n此时不报恩，更待何时？放手去干吧，大不了跟他们玩命。
Story/D_8_1_2_050,启禀掌门，飞石帮主夫妇与帮众到了。
Story/D_8_1_2_051,唐掌门、赵兄弟，什么客套话都不用说，我老石挺你们到底。
Story/D_8_1_2_052,石公远！
Story/D_8_1_2_053,抱歉，这个大老粗一点礼数都没有。
Story/D_8_1_2_054,石夫人言重了，石帮主那是真性情、好汉子，值得敬佩。
Story/D_8_1_2_055,……多谢，实不相瞒，我也欣赏他这样。\n该说的话，我家帮主已全部说完了，某亦不多言，请。
Story/D_8_1_2_056,这样快人快语，倒也爽快。
Story/D_8_1_2_057,我也欣赏这样的人。
Story/D_8_1_2_058,特别容易受骗上当，什么烂东西都卖得掉。
Story/D_8_1_2_059,大师兄的仇，等武林大会之后再算。
Story/D_8_1_2_060,……哼。
Story/D_8_1_2_061,大师兄之死，虽与石帮主脱不了干系，但他并非主谋。\n也诚心忏悔，到大师兄坟前叩头。\n先不说江湖斗殴，生死有命，何况大师兄倾力相帮，多半不愿你再记仇。
Story/D_8_1_2_062,正是需要群策群力的时候，又不是元凶不共戴天，\n师弟，你还是耐着性子吧。
Story/D_8_1_2_063,……唉，知道了。
Story/D_8_1_2_064,阿弥陀佛，敢问施主，唐门有金漆吗？急用。
Story/D_8_1_2_065,有是有，炼丹房中便有。请问法师要来何用？
Story/D_8_1_2_066,给我们十八个嵩山师兄弟涂在身上壮胆、充面子用的。
Story/D_8_1_2_067,恶名昭彰的嵩山十八铜人！
Story/D_8_1_2_068,莫非嵩山十八铜人要重出江湖了？
Story/D_8_1_2_069,正是十八铜人罗汉阵。\n人手一棍，结阵在前，和尚走不出木人巷，俗人进不得罗汉堂。
Story/D_8_1_2_070,原来各位嵩山高僧都是真人不露相，\n有十八铜人助阵，太可靠了！
Story/D_8_1_2_071,阿弥陀佛，那小僧便去借漆一用。\n同你们借了金漆不还，却对恶人还以颜色，这叫借花献佛。\n等我们把人打呕了红，溅在唐门土地上，这就叫因果循环。
Story/D_8_1_2_072,不要一本正经胡说好吗。
Story/D_8_1_2_073,罪过罪过，和尚今日把心一横，势要大开口戒。
Story/D_8_1_2_074,我去探查了一番，武林盟的人马都在磨拳擦掌。\n蠢蠢欲动要打上山来的样子。
Story/D_8_1_2_075,想打上来也没那么容易，唐门还有外堡。
Story/D_8_1_2_076,他们也是武林中人，想来参与西武林大会的话，那便是客人。\n要是存心找碴，便拒于门外。
Story/D_8_1_2_077,唐三侠你胡说什么？哪有闲心分这么细。
Story/D_8_1_2_078,解大侠所言甚是，先礼后兵是好，可是来者非善，不速而至，\n万万不能掉以轻心。
Story/D_8_1_2_079,他们要是能安好心，就不会在武林大会上逼死锦香宫主，\n又听信恶僧所言，为难本门。要再客气，平白灭了自己威风罢了。
Story/D_8_1_2_080,管他人多人少，来了就别想全身而退。\n我今日非要大开杀戒！
Story/D_8_1_2_081,别说得你好像戒过，你不是杀人不眨眼吗。
Story/D_8_1_2_082,四师兄你不要乱说，杀人归杀人，眨眼归眨眼，不可混为一谈。\n我要杀人的时候，眨不眨眼都不会留情。
Story/D_8_1_2_083,我料定他们是不会讲理的，我先爬高点盯着动向。
Story/D_8_1_2_214,师兄、师弟！你、你们猜是谁来了？
Story/D_8_1_2_215,谁来了？教你这么惊奇。\n倒是师妹你，都窝在炼丹房里，好长一段时间没有露面。
Story/D_8_1_2_216,我已经没有武功了，还留在这里惹人嫌吗？
Story/D_8_1_2_217,那倒也是，开战的时候你记得躲好。\n或者干脆换身衣服，下山避难，料武林盟不至于为难你。
Story/D_8_1_2_218,好主意，我这就遵照办理。
Story/D_8_1_2_219,想啥呢？你不行。喂！
Story/D_8_1_2_220,你是在瞧不起我的决心吗？区区的外姓弟子！
Story/D_8_1_2_221,我错了，师姐恕罪……哦。
Story/D_8_1_2_222,他回来了，我将地方让给你们。
Story/D_8_1_2_223,久疏问候，唐掌门与赵大侠别来无恙乎？
Story/D_8_1_2_224,叶兄！
Story/D_8_1_2_225,叶大侠！
Story/D_8_1_2_226,恩公唤我作云舟则可，大侠二字该属于唐门。
Story/D_8_1_2_227,叶少侠，你……你一去杳无音讯，大家都很关心。
Story/D_8_1_2_228,为防叶某莽撞暴行连累唐门，这段时日以来，\n叶某隐于偏乡，一直低调过活，以至闻讯迟了，这才回来报恩。
Story/D_8_1_2_229,快，快来人，去将裳儿喊过来。
Story/D_8_1_2_230,掌门且慢，现在还不是话家常的时机。
Story/D_8_1_2_231,得益于唐芳女侠所赠之药，叶某兄妹跋涉千里赴金求医，\n几番辛苦，总算见到小神医梁女大夫，求得她施术救治舍妹。
Story/D_8_1_2_232,哦……哦！那就是说～
Story/D_8_1_2_233,云裳有救了？！
Story/D_8_1_2_234,是，一时无法根治，但小神医另有良方可以压制，\n得亏唐二侠妙手仁心，以药膳调养多时，才埋下了云裳得救的伏笔。\n只要不死，一定还有希望，再有几年，必能康复如初。
Story/D_8_1_2_235,那现如今，裳儿人何在？
Story/D_8_1_2_236,她与小神医同乘马车，不宜颠簸。\n但东西武林大战在即，是以叶某先行过来。
Story/D_8_1_2_237,苍松剑客叶云舟，特向唐掌门请命。\n叶某与点苍已然义绝，若唐门各位大侠信得过叶某，望得蒙允，\n愿往外堡充当门卫，不令宵小滋扰。
Story/D_8_1_2_238,说什么信不信得过，那么久的交情！
Story/D_8_1_2_239,……谢过唐掌门。\n事不宜迟，叶某这便动身去了，告辞。
Story/D_8_1_2_240,兄弟，我们回头见。
Story/D_8_1_2_241,好，我们回头见。
Story/D_8_1_2_242,好了，我回来了。
Story/D_8_1_2_243,不是宣称要换衣跑路吗？
Story/D_8_1_2_244,太胖了，一时没有合身的衣服，索性就算了。
Story/D_8_1_2_159,{size=30}女侠止步！你再不停下，我、我可要动手了！{/size}
Story/D_8_1_2_160,掌门，我们实在拦不住她，要来了。
Story/D_8_1_2_161,谁要来了？
Story/D_8_1_2_162,湘姊？
Story/D_8_1_2_163,师兄，这女子是武林盟主的相好之一！
Story/D_8_1_2_164,你俩退下。
Story/D_8_1_2_165,南女侠不速而至，有何贵干？
Story/D_8_1_2_166,加入西武林盟。
Story/D_8_1_2_167,三师兄留心，一定有诈！
Story/D_8_1_2_168,并没有。
Story/D_8_1_2_169,……你没开玩笑？
Story/D_8_1_2_170,赵少侠不是说，好的岭南弟子太沉默了吗？\n所以我来了。
Story/D_8_1_2_171,毕竟岭南派，还欠着你的人情。
Story/D_8_1_2_172,你……。
Story/D_8_1_2_173,南女侠与西武林为伍，尊夫那里如何交代？
Story/D_8_1_2_174,不交代，随便他怎么想。
Story/D_8_1_2_175,也太我行我素了。
Story/D_8_1_2_176,天底最我行我素的唐门弟子，好意思说我。
Story/D_8_1_2_177,……师弟，借一步说话。
Story/D_8_1_2_178,不，我怕麻烦，简单利落地把话说清楚吧。\n唐掌门若信得过在下，我去协防外堡。
Story/D_8_1_2_179,如若怀疑在下居心不良，那亦合情合理，当我没来过，就这么简单。
Story/D_8_1_2_180,这……师弟，你和南女侠有旧，依你看如何？
Story/D_8_1_2_181,也就一面之缘。
Story/D_8_1_2_182,不止，你还帮我毁尸灭迹，我们是共犯关系。
Story/D_8_1_2_183,你别说那些让人误会的事！
Story/T_8_1_2_014,防人之心不可无，岭南派没出过一个正常人。\n我如何信她不是一丘之貉，只是藏得更深？
Story/T_8_1_2_015,她是武林盟主的妻子，那该跟武林盟沆瀣一气。\n却教我如何信得过她。
Story/T_8_1_2_016,她跟武林盟主都睡在一起，却教我如何信得过她。
Story/D_8_1_2_184,怎么样？想好了吗？快人快语一句话，别婆妈。
Story/O_8_1_2_005,相信南溪
Story/D_8_1_2_185,我信你。
Story/D_8_1_2_186,师弟，你信？
Story/D_8_1_2_187,我信。
Story/D_8_1_2_188,师弟既能信你，那我唐老三也没话可说。
Story/D_8_1_2_189,三师兄，连你也……。
Story/D_8_1_2_190,好啦，人多欺负人少，我也信你便是。\n不然我是还能怎样？
Story/D_8_1_2_191,师弟既能信你，那我唐老三也没话可说。
Story/T_8_1_2_017,……风雨山上，武林群侠能因谣言见疑于尔等，\n唐门群侠的胸襟却不一样，好个痛快儿郎。
Story/D_8_1_2_192,七星剑主直系传人南溪，以七星剑起誓，不会令你们失望。
Story/D_8_1_2_193,你、你是七星剑主的传人？正宗的岭南派传承！
Story/D_8_1_2_194,正是，请诸位见证，我南溪今日要为岭南洗刷污名。
Story/D_8_1_2_195,那可难了，向来只听说过一粒老鼠屎坏了一锅粥，\n没听过一粒米好了一锅屎的。
Story/D_8_1_2_196,师弟！你怎么能这样说话！你的涵养呢！
Story/D_8_1_2_197,无妨，赵少侠说的也是实话，要有那么容易，我也不会被逼北上游历。
Story/D_8_1_2_198,所以先卖你们一个人情，将来我要杀回岭南，肃清败类，\n还请贵门助我一臂之力。
Story/D_8_1_2_199,那会是我们的荣幸。
Story/T_8_1_2_018,……武林盟之中，也有人致力为唐门澄清。\n不过他们都是废物，瞎忙罢了。\n这话我还是不说了吧，省得到时打起来，有人心软。
Story/D_8_1_2_200,就这样，上山来是为了特意跟你们说一声，\n武林盟的正使马上就到，我得动身了。
Story/D_8_1_2_201,且慢，不商量一件信物，万一盟友将你当作敌人如何是好。
Story/D_8_1_2_213,不必那么麻烦，解释不通的人，给了信物一样不信。
Story/D_8_1_2_205,这话倒是真的，信者恒信。
Story/O_8_1_2_006,不相信南溪
Story/D_8_1_2_206,南女侠的好意，我们心领了。\n但我们信你尚且不足，西武林盟各位未必都能安心。
Story/D_8_1_2_207,南女侠的好意，我们心领了。\n不必你这般，请回吧。
Story/D_8_1_2_208,既是如此，就此别过了。
Story/D_8_1_2_209,真就二话不说便走了。
Story/D_8_1_2_210,三师兄，要趁现在把她拿下，让武林盟主投鼠忌器吗？
Story/D_8_1_2_211,万万不可！那样一来，必失人心，西武林盟不攻自破。
Story/D_8_1_2_212,说说而已，别激动。
Story/D_8_1_2_084,……。
Story/T_8_1_2_003,小梅究竟上哪儿去了？再不来，说不定连最后一面都见不上了。
Story/D_8_1_2_085,……。
Story/T_8_1_2_004,小竹究竟忙什么呢？至今也不回家。
Story/T_8_1_2_005,和师姊妹们去和崆峒会合，早该回来了，\n至今却杳无音信，害我心急如焚。
Story/D_8_1_2_086,崆峒派的人马，至今没有半点消息吗。\n往北接引的师弟妹，没放信号，也没传书，这可怪了。
Story/D_8_1_2_087,我看你们老神在在的，原来不是只有我在担心。\n按说他们应该提早上路，早几日就该到了，至今却不见踪影，\n莫不是临时改变主意了吧。
Story/D_8_1_2_088,二位师弟稍安勿躁，我何尝不是心急如焚，但越是如此，越该冷静。\n秦州路遥，路上有事耽搁亦未可知，时辰还未到，人还陆续有来，\n咱们再耐心等等。
Story/D_8_1_2_089,我何尝不是心急如焚，但越是如此，越该冷静。\n秦州路遥，路上有事耽搁亦未可知，时辰还未到，人还陆续有来，\n咱们再耐心等等。
Story/D_8_1_2_090,也只好如此。
Story/D_8_1_2_091,启禀掌门，来了……武林盟的人真的来了。\n团团包围眉山镇，服色各异的各派人马都有，黑压压全是人，\n连官兵都以保护百姓的名义摆开阵形，阵仗比之江陵大战都不惶多让！
Story/D_8_1_2_092,来了吗？那我差不多该下去准备了。
Story/D_8_1_2_093,当然，说的不是逃跑。
Story/D_8_1_2_094,好，去吧，咱们师兄弟几个回头再见。
Story/D_8_1_2_095,回头见，四师兄。
Story/D_8_1_2_096,回头见。
Story/D_8_1_2_097,掌门，现在该怎么办？
Story/D_8_1_2_098,镇里家家户户都闭门不出，街上一片死寂，肃杀之气弥漫。\n反是那群人无不磨拳擦掌，蠢蠢欲动的样子，口口声声说要惩奸除恶。\n只待那盟主一声令下，就会攻进外堡、杀上大院。
Story/D_8_1_2_099,别慌，我们行得正，坐得端，问心无愧，在此聚会，没必要忐忑不安。\n他们便是想要恃强蛮攻，在场诸侠也不是贪生怕死之辈。
Story/D_8_1_2_100,好笑，很会嘛，来输赢啊，敢不敢！
Story/D_8_1_2_101,别把人说得这么野蛮，武林盟是正道联盟，便是对邪魔歪道，也讲先礼后兵。
Story/D_8_1_2_102,南宫家主，请留步！尔等不速而来，再往前走，可就不妥了吧？
Story/D_8_1_2_103,哼，有何不妥？你们已经半只脚踏进棺材里了，还嘴硬什么。\n我怕你喔？我就是要往前，怎样，怎样？
Story/D_8_1_2_104,你敢打我！南宫家主、宋大人，你们都看到了，他打我！
Story/D_8_1_2_105,我没看到。
Story/D_8_1_2_106,本官看到了，还看到你自己挑衅讨打。
Story/D_8_1_2_107,但我无门无派没练武功，手无缚鸡之力，只是老百姓，\n他们对我出手，难道没犯唐门禁忌？
Story/D_8_1_2_108,你当本官是何样迂腐无能之辈，能让你挑唆？\n你若自认是百姓，就该闭上嘴，远此是非之地。\n官兵保护百姓，可不是由你狐假虎威！再敢试探本官，小心你的舌头！
Story/D_8_1_2_109,哦，我以为……好啦，没事。
Story/T_8_1_2_006,狗娘养的狗官，混蛋。
Story/D_8_1_2_110,咕。
Story/D_8_1_2_111,……你不是在盟主面前夸下海口，说你铜唇铁舌，能言善道，\n请缨要上唐家大院当说客吗？这会儿怎么不说了？
Story/D_8_1_2_112,我被打了，有点紧张，肚子痛想大便，不然还是你来？
Story/D_8_1_2_113,哼！
Story/D_8_1_2_114,师弟，让我来。
Story/D_8_1_2_115,是。
Story/D_8_1_2_116,南宫大侠好、宋大人好。
Story/D_8_1_2_117,二位来此是作说客吗？
Story/D_8_1_2_118,赵兄弟，别来无恙？
Story/D_8_1_2_119,呃。
Story/D_8_1_2_120,怎么一脸诧异？你不姓赵吗？还是说，你不认我作兄弟了？\n风雨山上，我可是独排众议站你那边的。
Story/D_8_1_2_121,怎么一脸诧异？你不姓赵吗？还是说，你不认我作兄弟了？\n因为风雨山上，我为情势所逼，没能替唐门发声吗。
Story/D_8_1_2_122,不，不是。赵某岂敢高攀。
Story/D_8_1_2_123,哪来这么多废话，瞎客套。
Story/D_8_1_2_124,等等南宫家主，你怎么和这人称兄道弟？\n咱们今日还打不打唐门了？
Story/D_8_1_2_125,我身负劝降重任，可不是来打架的。\n你这浑人派不上用场就滚一边去，别来啰唆。
Story/T_8_1_2_007,我一定要回去告状，等我一回去，我就立刻跟盟主告状！\n你走着瞧吧南宫深，我要你死！
Story/D_8_1_2_126,本官此来只为见证，以正公道。\n只要你们武林人严守分际，与民秋毫无犯，本官便只作旁观，\n不会出一言加一指干涉。
Story/D_8_1_2_127,本官此来只为见证，以防宵小煽动群情，混淆视听。\n只要你们严守分际，与民秋毫无犯，本官便只作旁观，不加一指干涉。\n反之若有不公正的事，本官也不会默不作声。
Story/D_8_1_2_128,……赵活，我职责在身，必须不偏不倚，至多保证公平。\n你好自为之吧。
Story/D_8_1_2_129,多谢宋大人。
Story/D_8_1_2_130,赵兄弟，我向盟主请命，登门做说客，少不得要说些不中听的话，\n请你耐心听我一言。
Story/D_8_1_2_131,唐掌门，唐门、南宫本为世交，奈何今日为敌。\n南宫某人向盟主请命，登门作说客，惟盼能说之以理，化干戈为玉帛，\n免一场杀伐，还请诸位耐心听我一言。
Story/D_8_1_2_132,……今日唐门于此兴办武林大会，各位英雄云集在此，共襄盛举。\n南宫某人恭逢其盛，也是与有荣焉──像这样的场面话，\n翻来覆去讲都差不多，今日且请容我下略三百字。
Story/D_8_1_2_133,我只问尔等：武林正道团聚风雨山，是感于大宋内忧外患交煎，\n所以歃血为盟，共御妖邪，系江山气数于一身，大义名分在握。
Story/D_8_1_2_134,反观各位聚在唐家大院，号称西武林盟，却是意欲为何？\n尔等不惜拂逆圣人纶音，想争的事，当真值得赌上性命吗？
Story/D_8_1_2_135,这些人怕是搞不清楚状况，死到临头还不自知。\n等你们这群乌合之众见到我武林盟的威势，通通都要尿裤子！\n到时一个也别想逃，通通去死～
Story/D_8_1_2_136,为国捐躯的先烈英魂未远，武林正道却不能戮力齐心，\n反受奸人挑唆，以致东西武林内讧相争，实在令人不胜唏嘘。
Story/D_8_1_2_137,今日一场恶战，必将背离我南宫大同宏愿。\n伤在不必争，死于不该绝，而又姑息魔教，陷我大宋于颠倒之危。\n如是惨剧，试问诸君枉自称侠，胡为卒睹！
Story/D_8_1_2_138,在场皆是仁侠，当晓大义，趁着干戈未起，就此罢手吧！
Story/D_8_1_2_139,以盟主之英明宽仁，必能明辨是非。
Story/D_8_1_2_140,唐门的弟兄们，现在悬崖勒马，为时未晚。\n两家是世交，应该并肩作战，而非针锋相对，一定有别的方法才对。\n放下兵器，一起商议出公平公正的解决之道吧。
Story/D_8_1_2_141,若尔等还有侠心，当晓大义，速速弃暗投明！
Story/D_8_1_2_142,趁这西武林盟之乱干戈未起，就此收场为善。\n我南宫深在此保证，以盟主之宽仁，除却主谋不容轻赦，必不深究从犯！
Story/D_8_1_2_143,唐三爷！明眼人一看便知两边实力悬殊，顽抗平白枉死而已！\n你等若即刻弃械投降，免去无谓厮杀，来日将功赎罪，\n我南宫世家一力担保便是！
Story/D_8_1_2_144,没、没错！这就是我本来要说的！
Story/T_8_1_2_008,大公子一席话说得倒也没错。\n国仇家恨未雪，若念天下苍生，当以和为贵，共抗外侮。\n我们轻启战端，当真合适吗？
Story/D_8_1_2_145,这人怎么偏这么能说，这可怎么办呀。
Story/D_8_1_2_146,招弟，你辩论从没输过他，只能靠你了，快怼他呀！
Story/D_8_1_2_147,小妹确实有词能辩，驳倒大公子并非难事。\n但是此刻不该由小妹越俎代庖。
Story/D_8_1_2_148,何况我心中亦有迷惑，与大公子同问，想听听唐门侠士如何置答。
Story/D_8_1_2_149,怎么能这样……。
Story/T_8_1_2_009,赵活，你可别被那人压下去了。
Story/D_8_1_2_150,赵兄弟，你来告诉我吧，无论你信不信，我是真的好奇。\n你们到底为何如此偏执。
Story/D_8_1_2_151,赵活，你们到底为何如此偏执，宁可罔顾大局。\n你答得上来吗？如若不能，趁早散了吧。
Story/D_8_1_2_152,就是！趁现在跪下磕头道歉，我和盟主也不是不能法外开恩。
Story/D_8_1_2_153,干！
Story/D_8_1_2_154,嗯？你是在骂我？
Story/D_8_1_2_155,不，我是说……南宫家主，你退得太急，肩甲戳到我了。
Story/D_8_1_2_156,是吗？对不住。
Story/T_8_1_2_010,他分明是故意的。
Story/T_8_1_2_011,他这一番话说得人心惶惶。\n万一大家听进心坎里去，西武林盟就怕还未结成，便胎死腹中。
Story/O_8_1_2_001,福韫：「出嘴的时候到了。」
Story/O_8_1_2_002,道貌岸然的狡辩
Story/O_8_1_2_003,没什么好说的
Story/O_8_1_2_004,反论
Story/D_8_1_2_1_001,南宫施主此言差矣，小僧福韫，斗胆在天下英雄之前，略抒浅见。
Story/D_8_1_2_1_002,福韫法──师……？
Story/D_8_1_2_1_003,阿弥陀佛，赵施主，这里交给我，你让开。\n小僧变金了，并非寻常状态。就怕等会儿嘴动山河，误伤友军。
Story/D_8_1_2_1_004,嵩山十八铜人？
Story/D_8_1_2_1_005,正是嵩山十八铜人。\n十八铜人各擅不同兵器，刀枪棍剑铲，小僧使的是嘴。\n小僧先向南宫施主讨教，若我败下阵来，自有小僧一干师兄弟轮番讨教！
Story/T_8_1_2_1_001,这无非就是说讲不赢人家就动手吗！
Story/D_8_1_2_1_006,适才南宫施主所言，小僧不敢苟同。\n《六度集经》中有萨波达王发大宏愿，为了救鸽子割肉喂鹰的故事。\n萨波达王舍身拔济苍生，种种磨难甘之如饴，是心怀慈悲故。
Story/D_8_1_2_1_007,南宫大德悲愿亦复如是，虽非出家人，却有大慈悲心肠。\n被誉为江湖和事佬、武林之心，知交满天下，无人不敬服。\n寺中师叔伯论及南宫都推崇备至，小僧也向来十分钦佩。
Story/D_8_1_2_1_008,法师过奖了，南宫某人不过是──
Story/D_8_1_2_1_009,你答什么腔？\n小僧佩服的是南宫大德，是南宫老太爷、南宫先家主远大侠。\n可不是施主你。
Story/D_8_1_2_1_010,阁下袭任家主之位，却没继承南宫之心。\n看着是个大侠，披着披风好不威风，可惜金玉其外，\n肩甲再长亦难担重任，只是南宫缺德。
Story/T_8_1_2_1_002,哦，哇……这么不留情面的吗。
Story/D_8_1_2_1_011,法师何出此言？\n我劝各位放下屠刀，免伤天和，难道还错了？
Story/D_8_1_2_1_012,萨波达王身为一国之主，万金之躯，举国兴衰皆指望在他，\n难得心怀慈悲能活万民，他若死了，试问百姓将何所依归？\n然而国王竟为了救一只鸽子自残身体，这难道不奇怪吗！
Story/D_8_1_2_1_013,嘿，南宫世家信道，你佛家的故事，却来问我？
Story/T_8_1_2_1_003,佛经里的故事，旨在寓言，那能这么较真呢。\n福韫法师这不是搬石头砸自己脚吗。
Story/D_8_1_2_1_014,萨波达王属下臣民千万，便是非救那鸽子不可，\n要我说，随便唤一个卫士过来替他送死不就得了？\n如此一来鸽子救了，老鹰喂饱了，国王还活着，岂不是皆大欢喜吗。
Story/D_8_1_2_1_015,蛤？
Story/D_8_1_2_1_016,呃。
Story/D_8_1_2_1_017,你说死了的卫士？谁管他呢，死十个卫士也抵不过一个国王重要。\n反正割的不是自己的肉，就不疼了，这可是为了大义！
Story/D_8_1_2_1_018,那卫士食君之禄，牺牲自己活了国王，可谓死得其所。\n百姓福祉都有他一份功劳，那是他的造化啊！
Story/D_8_1_2_1_019,……。
Story/D_8_1_2_1_020,……。
Story/D_8_1_2_1_021,那么小僧请教施主，萨波达王为何不这么做呢？\n真是他笨、连小僧都想得到的事，他身怀大智慧却居然想不到吗？\n还是说佛经中的故事真的经不起推敲呢？──都不是。
Story/D_8_1_2_1_022,因为众生平等，卫士也是众生之一，是萨波达王恩泽所眷顾的一人。\n有活路他一定不舍得就死，死时心生恐怖怨怼，别说功德，\n甚至造了杀业，这还算得上大义吗？
Story/D_8_1_2_1_023,南宫施主，今你欲为大义牺牲自己，自得天下敬仰。\n可你自身分毫无损，却想说服别人自毙成全所谓大义，就属实可议了。
Story/D_8_1_2_1_024,这……。
Story/D_8_1_2_1_025,和尚请问各位英雄，卫士家中上有老、下有小，就算孤家寡人也怕痛，\n怎么也不甘就死，被逼急了只好造反，这究竟是卫士的错，\n还是国王无德所致？
Story/D_8_1_2_1_026,自然是那国王的错了！
Story/D_8_1_2_1_027,萨波达王所以割肉喂鹰，是睹众生没于盲冥。不睹三尊不闻佛教。\n恣心于凶祸之行。投身于无择之狱。睹斯愚惑。为之恻怆。誓愿求佛。\n拔济众生之困厄令得泥洹。
Story/D_8_1_2_1_028,鸽子有此一劫是因果循环，牠命中的难。\n法师所言那位国王一诺干涉因果，却将业力转嫁他人，自己坐享其成，\n不智且不德，所以那国王才成不了萨波达王，只是个无德暴君！伪君子！
Story/D_8_1_2_1_029,萤娘子所言极是，善哉！
Story/D_8_1_2_1_030,上官姑娘说的好啊！
Story/D_8_1_2_1_031,听法师一席话，使我茅塞顿开，我就觉得奇怪咧。\n鸽子本来就会被老鹰吃，那国王偏要瞎管！\n今日杀一个卫士，明天老鹰又来问国王讨肉吃，是不是又要杀一个卫士？
Story/T_8_1_2_1_004,要作从前，萤儿一定不会任我在人前受此羞辱。
Story/T_8_1_2_1_005,萤儿，连你也和这和尚一个鼻孔出气。
Story/D_8_1_2_1_032,善哉，善哉，女施主有慧根。\n小僧所说那位国王只是尘世痴愚之人，自然比不得萨波达王智慧通达。
Story/D_8_1_2_1_033,当然是那国王的错！凭啥要杀就给他杀！
Story/D_8_1_2_1_034,照呀，那国王吃饱没事去救鸽子干嘛？\n鸽子本来就会被老鹰吃，偏要瞎管！
Story/D_8_1_2_1_035,今日杀一个卫士，明天老鹰又掐着鸽子来问国王要肉吃，\n是不是又要杀一个卫士？国王到底欠那老鹰多少钱，欠牠吃的喔。
Story/D_8_1_2_1_036,去他妈的，好险。\n好险我人在大宋，没生在那种昏君治下的国家！
Story/D_8_1_2_1_037,更何况我们还没领朝廷俸禄呢，这就想割我们的肉？\n造你个春秋大梦啊！
Story/D_8_1_2_1_038,小僧所说那位国王只是尘世痴愚之人，自然比不得萨波达王智慧通达。
Story/D_8_1_2_1_039,各位施主说的，与和尚所想大差不差，乃是英雄所见略同。\n大家都是英雄，都有志一同，可见反对我们的，就不是英雄。\n南宫施主，你算不算是英雄？
Story/T_8_1_2_1_006,厉害，这招恃众凌寡，还是跟释明和尚学的。\n以彼之道还施彼身，好教你们也尝尝受挤兑的滋味。
Story/D_8_1_2_1_040,这个嘛……。
Story/T_8_1_2_1_007,我总不能说他们全都不是英雄。
Story/T_8_1_2_1_008,南宫家主怎么还不回嘴？
Story/T_8_1_2_1_009,随便，反正被羞辱的不是我，嘻。\n我就站一边不作声就好，没我的事。
Story/D_8_1_2_1_041,东边的武林盟得朝廷认可，自是美事一桩。\n而西武林同道齐聚在此，也是有感于正道倾颓，邪魔横行。\n所以见贤思齐，效仿你们歃血为盟，共御妖邪，匡扶正义。
Story/D_8_1_2_1_042,还待东西武林连手，为万民谋福祉。\n可是小僧愚昧，却不知犯了贵盟什么忌讳，\n武林盟一上门便是兴师问罪，要打要杀？
Story/D_8_1_2_1_043,试问我们之间差在哪里？差在朝廷有无授意？\n所以是官家下了圣旨，命武林盟攻打我们？
Story/D_8_1_2_1_044,官家受命于天，自得遵循，那么又是哪位大人颁布的圣旨？\n诏令文书今何在？宋大人，是您吗？
Story/D_8_1_2_1_045,并没有。他老人家日理万机，哪里得闲过问江湖恩怨。
Story/D_8_1_2_1_046,据本官所知，官家命上官大人在风雨山促办武林大会，\n圣意是令满朝文武与民间豪侠游勇修睦，共同为国效命，\n却没明言说过帮扶的是哪个武林盟。
Story/D_8_1_2_1_047,官家只是事前没想过唐门会整这出幺蛾子。\n官家支持的，自然是我们真正的武林盟！
Story/D_8_1_2_1_048,大胆刁民，官家何时说过这话！你胆敢揣夺圣心？
Story/D_8_1_2_1_049,哦，我、我没有啦。
Story/D_8_1_2_1_050,宋大人这么说，南宫施主复有何言？
Story/D_8_1_2_1_051,……法师这席话，确实发人省思。\n南宫某人受教了。
Story/D_8_1_2_1_052,孺子可教，点化世人、普渡众生是我宏愿，不必谢我。
Story/D_8_1_2_1_053,好个牙尖嘴利的和尚，学佛学成你这样贫嘴，真是不敢恭维。
Story/D_8_1_2_1_054,阿弥陀佛，某人行侠行成走狗，小僧也同样目瞪口呆。
Story/D_8_1_2_1_059,我讲什么你都有话可应是吧！
Story/D_8_1_2_1_055,小僧有话可应，好过施主明明无言以对，还乱吠。
Story/D_8_1_2_1_056,你！
Story/D_8_1_2_1_057,南宫家主既然无话可说，就请下山去吧！\n这里可不欢迎你！
Story/D_8_1_2_1_058,哼。
Story/D_8_1_2_2_001,……。
Story/D_8_1_2_2_002,南宫施主此言差矣，小僧福韫，斗胆在天下英雄之前，略疏浅见。
Story/D_8_1_2_2_003,福韫法──师……？
Story/D_8_1_2_2_004,阿弥陀佛，赵施主，这里交给我，你让开。\n小僧变金了，并非寻常状态。就怕等会儿嘴动山河，误伤友军。
Story/D_8_1_2_2_005,法师出口，所向披靡。\n但是在下也有一席话语如鲠在喉，不如还是由赵某来说吧。
Story/D_8_1_2_2_006,……可以，这是你唐门的主场，小僧把机会让你。
Story/T_8_1_2_2_001,不得已，又要把说过的话拿出来，在大庭广众之下重说一次。
Story/T_8_1_2_2_002,没法子，这就是真心话，问一百次，还是同样说法。\n但这一次说意义却大不相同，不只是我们自己人知晓，还要呼引共鸣。
Story/T_8_1_2_2_003,这可是你逼我的，说不得，只好充一回伪君子！
Story/T_8_1_2_2_004,三师兄。
Story/T_8_1_2_2_005,交给你了，师弟。
Story/T_8_1_2_2_006,交给我吧。
Story/D_8_1_2_2_007,南宫家主，赵某代表唐门来答你的话。\n在那之前，且问一句：你所言大义当作何解？
Story/D_8_1_2_2_008,哼，连大义二字都不懂吗？\n粗鄙不文，苟且小人。
Story/D_8_1_2_2_009,甭说别的，答我便是。
Story/D_8_1_2_2_010,那本人就教你何谓大义。
Story/D_8_1_2_2_011,大义即是正道、正理，使民有所本，法有所据，以之导正风气。
Story/D_8_1_2_2_012,好，那么赵某可以断言，大义不在武林盟。
Story/D_8_1_2_2_013,哦？大义若不在武林盟，却在何处？
Story/D_8_1_2_2_014,大义不在武林盟，难道在你？休想强词夺理。
Story/D_8_1_2_2_015,大义是正气，赋于流形，不在人云亦云，而是沛然充盈天地之间。
Story/D_8_1_2_2_016,大义在天，在地，在人心，天生就有，不是人多说了就算。
Story/D_8_1_2_2_017,我唐门确实为局势所逼，但今日各位英雄豪杰聚集在此，\n却不是全凭唐门的脸面，而是为了捍卫公平而来。
Story/D_8_1_2_2_018,武林盟想针对唐门，不必口口声声仁义道德，作茧自缚。\n要是捕风捉影就能定罪，公理何存？又还要王法作甚！
Story/D_8_1_2_2_019,武林盟想找碴，大可放马过来，不必口口声声仁义道德，\n当了婊子还想立贞节牌坊，我呸。\n要是凭人多几张嘴说说就能定人的罪，公理何存？又还要王法作甚！
Story/D_8_1_2_2_020,你没说错吧？你唐门最是江湖狂放客，却拿王法说事？
Story/D_8_1_2_2_021,笑话，你唐门目无王法，还搁这和我讲王法？
Story/D_8_1_2_2_022,我亦不妨说句明白话，武林盟集结，乃上官大人奉官家圣旨。\n受命于朝廷，一言一行均是为国为民。尔等不来响应，反而聚众结伙，\n说是违抗朝廷敕令都不为过！
Story/D_8_1_2_2_023,我唐门也不是疯子，不屑的只有贪官污吏和不公恶法。
Story/D_8_1_2_2_024,假若大宋律法足以维系人间正义，如果四海升平、国泰民安，\n万民皆服王化，矜寡孤独废疾者皆有所养。谋闭而不兴，\n盗窃乱贼而不作、夜不闭户、路不拾遗──那么压根不需要武侠。
Story/D_8_1_2_2_025,如果朝廷恩威可以不分远近普惠天下，对人人都公平，\n没有仗势欺人之辈，没有沉冤难雪之憾，\n如果大宋律法足以维系人间正义──那么压根不需要武侠。
Story/D_8_1_2_2_026,{size=24}赵兄，你……你这话也说得？快别说了。{/size}\n{size=24}教宋大人听去，说你蔑视朝廷、有不臣之心，那还得了？{/size}\n{size=24}难道你就不怕治罪杀头吗？{/size}
Story/D_8_1_2_2_027,大公子，我非说不可，也请你听着。
Story/D_8_1_2_2_028,说得好听，你这话可以说是挑衅朝廷，难道不怕杀头吗？
Story/D_8_1_2_2_029,……我辈习武、称侠，应不是为争旦夕长短，以力服人而已。
Story/D_8_1_2_2_030,这话却不算错，江湖还有人情世故。
Story/D_8_1_2_2_031,不只人情世故。
Story/D_8_1_2_2_032,哦？除此之外，还有什么？
Story/D_8_1_2_2_033,侠客立身天与地中间，当有一身傲骨，不畏强权。\n含一腔热血，为天地立心，为生民立命，惩恶扬善，打抱不平。\n武功无非是手段，即使武学失传，侠义精神也能长存在心。
Story/D_8_1_2_2_034,只消后人仍能明是非、论公道、鸣不平，武侠就不会消失。\n杀得了身亦杀不了心。所流碧血会浇灌这片土地，\n使侠名远扬、苍生怀幸，八百年后，人间犹有正气。
Story/D_8_1_2_2_035,师弟真知灼见，可谓贤者昭昭。\n便是我这个作代掌门的，都不能比你更敞亮！
Story/D_8_1_2_2_036,真的，说的，真的太好了，我们的执着并非没有意义。
Story/D_8_1_2_2_037,拍拍，不哭。
Story/D_8_1_2_2_038,好，好，倒让小师妹见笑了。
Story/D_8_1_2_2_039,三师兄，师兄很了不起，对吗？
Story/D_8_1_2_2_040,是，确实了不起。你听这掌声，全是夸他的。
Story/N_8_1_2_2_001,你扬眉吐气，小师妹比自己被夸都要欢喜。\n内心一万个庆幸，今生有你。
Story/D_8_1_2_2_041,哥哥真傻……都为了这些摸不着看不到的事物拼命。
Story/D_8_1_2_2_042,你叶家人不也一样吗？
Story/T_8_1_2_2_014,……难怪我情不自禁被你吸引。
Story/T_8_1_2_2_015,我们所执着的那些，你一直都在身践。
Story/D_8_1_2_2_043,不觉得很了不起吗？我不知怎的，今日见他就一直想哭。
Story/D_8_1_2_2_044,是，哥哥向来是极了不起的。
Story/D_8_1_2_2_046,那个是我弟，那个是我弟喔！
Story/D_8_1_2_2_047,知道了，知道了。
Story/D_8_1_2_2_048,爹，你看他，弟弟顶天立地、一身正气。\n不逊天下任何儿郎，跟你一模一样。
Story/D_8_1_2_2_049,赵活这家伙，竟有这般见地。
Story/D_8_1_2_2_050,上官娘子，你得遇良人，小妹好生替你欢喜。
Story/D_8_1_2_2_051,你别夸他，他也没什……不。
Story/D_8_1_2_2_052,还是夸他吧，这个人，是真的很努力了，值得被夸。\n我也得加把劲，与他并肩而行。
Story/D_8_1_2_2_053,都为利人，不求好处未免笨了点，但是我很喜欢。\n我也得加把劲，才能与你并肩而行。
Story/D_8_1_2_2_054,说得好，说得太好了！\n小的们，都给我使劲拍手！
Story/D_8_1_2_2_055,敢为弱者挺身而出，打抱不平！
Story/D_8_1_2_2_056,{size=50}敢为弱者挺身而出，打抱不平！！{/size}
Story/D_8_1_2_2_057,是了，就是这样。\n锄强扶弱，打抱不平，这才是吾辈学武强身当为之事。
Story/D_8_1_2_2_058,说得好，这才叫侠。\n才不是人多聚在一起打打杀杀自称正道，你就真的是正派。
Story/T_8_1_2_2_007,这话说的很好，可惜是由这种丑陋之人宣之于口，未免糟蹋。
Story/T_8_1_2_2_008,阿弥陀佛，善哉善哉。\n赵施主是有大根器之人，面目可憎，身受万千劫难，都是砥砺其心。
Story/T_8_1_2_2_009,怎么样？看我精湛的演技。\n道貌岸然可不是释明的专有技能，我也会！
Story/T_8_1_2_2_010,难怪爹当年败给龙大侠，痛失盟主之位却丝毫不恨。
Story/T_8_1_2_2_011,好个苍生怀幸，我虽不能开口夸你，不过你说得是真好。\n便是东西武林盟并立，江湖也有未来。\n赵兄弟，你是真正的大侠，南宫某人服了你。
Story/T_8_1_2_2_012,萤儿跟你，并不委屈，在下心服口服，输得彻底。
Story/T_8_1_2_2_013,不怪魏掌门谁也不放眼里，唯独对你青眼有加，在下心服口服，输得彻底。
Story/D_8_1_2_2_059,……还真会说啊。你的话，我会如实转告盟主。
Story/D_8_1_2_2_060,等等，南宫家主，你怎么不回嘴？就这么任他说？
Story/D_8_1_2_2_061,反正我反驳不了。
Story/D_8_1_2_2_062,我无话可说，却不代表我认同。
Story/D_8_1_2_3_001,……。
Story/D_8_1_2_3_002,怎么了，无话可说吗？
Story/D_8_1_2_3_003,也不是无话可说，但是懒费唇舌。\n我就奇了，哪有这么多大道理？\n在此结盟是我们自己的事，又与贵盟何干？
Story/D_8_1_2_3_004,看不惯大可打道回府，在座无人强留。\n万一两边打将起来，那也是你们欺上门来挑的事。
Story/D_8_1_2_3_005,反正你们自命为正派，仗着人多，就能不分青红皂白。\n既然不听人讲话，江湖可不就剩下打打杀杀吗？胜者为王，败者为寇。
Story/D_8_1_2_3_006,我纵有道理可讲，但是武林盟愿听吗？听了愿信吗？\n我们本来不必是敌人，但是事已至此，还有什么好说的。
Story/T_8_1_2_3_001,赵活，你唐门真就脾气那么臭，被冤枉了便鱼死网破，连申辩都不肯吗？
Story/D_8_1_2_3_007,赵兄弟，宋大人公正无私，又无宵小在侧扰乱视听，你真不置辩吗？
Story/D_8_1_2_3_018,没有宵小在侧扰乱视听，吗？
Story/D_8_1_2_3_019,看我干什么？你什么态度！
Story/D_8_1_2_3_020,……是我思虑不周失言了，兄弟恕罪。
Story/D_8_1_2_3_008,南宫兄，若我们不号召西武林盟，武林盟还会这样客气吗？\n恐怕正因我等势众不可侮，令你们心存忌惮，才有公平可讲，\n那这种道理，我看不说也罢。
Story/D_8_1_2_3_009,武林盟大军压境，要求我等自清，我若答了，就像怕了你们似的，\n不得声名扫地？
Story/D_8_1_2_3_010,真有公平可言的话，你们也不必呼朋引伴大老远杀到蜀中来了。
Story/D_8_1_2_3_011,{size=24}我凭着家父、祖父的余荫，才能勉强稳住武林盟的人马。{/size}\n{size=24}你当真不领情吗。{/size}
Story/D_8_1_2_3_012,大公子，你的好意赵某心领了。\n但是能说的话，在风雨山就说完了。\n你们当时不信，现在也不会再讲别的，总有人要为此付出代价。
Story/D_8_1_2_3_013,唉。
Story/D_8_1_2_3_014,南宫家主，若我们不号召西武林盟，武林盟还会这样客气吗？\n正因我等势众不可侮，才有公平可讲，那我看这种道理，不说也罢。
Story/D_8_1_2_3_015,你们既然当唐门是恶徒，我就恶给你们看！
Story/D_8_1_2_3_016,真想谈，就把释明老贼分尸血祭了，头颅摘来作酒碗，大家把酒言欢。\n否则我们平白受冤枉，咽不下这口气！
Story/D_8_1_2_3_021,这个晁和也要一并处置！
Story/D_8_1_2_3_022,你、你敢动我？我认识黑道，几百万个兄弟你知不知道！\n信不信我叫人砍死你！
Story/D_8_1_2_3_017,你的要求，恕难从命！
Story/D_8_1_2_4_001,我身为武林盟劝降说客，已经善尽使命，再也无话可说。
Story/D_8_1_2_4_002,既然如此，南宫家主请吧。
Story/D_8_1_2_4_003,身为唐门世交、身为赵大侠的酒肉朋友，却有一席肺腑之言未尽。
Story/D_8_1_2_4_004,身为唐门世交，却有不得不浇你们一头冷水。
Story/D_8_1_2_4_005,上官家主手持宝刀重出江湖，誓要了断因果再封刀。\n他已重回全盛状态，绝非易与。
Story/D_8_1_2_4_006,而他麾下沧帮弟子水路乘船而来，辎重无数，\n你唐门若想死守，武林盟也耗得起。
Story/D_8_1_2_4_007,武林大会上，人间道法王死了。\n但是真正的宫主依然活着，锦香宫如今弃暗投明，在武林盟义军之列。
Story/D_8_1_2_4_008,南宫某人接掌世家，论武功不能与前两位并论，\n但借着父辈、祖辈的余晖，在江湖还算说得上话。\n本次前来，更上祷南宫祖宗，请出祖传烈火战衣。
Story/D_8_1_2_4_009,全真尹道长为人宽厚而谈吐诙谐，鲜少有人见他动手过招，但──\n他可是天下第一人，长春子丘真人的弟子！
Story/D_8_1_2_4_010,嵩山派达摩院首座，万里大师也重出江湖。\n尔等要面对的，可是曾经力拼旧魔教教主百余招不分胜负的传奇人物。
Story/D_8_1_2_4_011,嵩山派福建分院前住持释明大师，佛法高深，武学造诣也同样精湛。
Story/D_8_1_2_4_012,事不过三，佛也发火。\n王八蛋，你们等着领教佛门正宗神功！
Story/D_8_1_2_4_013,滚。
Story/D_8_1_2_4_014,点苍掌门观云客，
Story/D_8_1_2_4_015,还有他师弟听海生，并称点苍双尊。\n双剑合璧，天下无敌，连当年点苍剑圣都尝过败绩。
Story/D_8_1_2_4_016,崆峒金乌大圣，乃是崆峒掌派人。\n如今神功大成，重来与唐门作对，且看你们如何招架。
Story/D_8_1_2_4_017,那也要唐门杂种活得到跟金乌掌派对阵。\n你们就尽管挣扎吧，到时男的杀光，女的通通捉去崆峒作婊子。\n到时我也不妨念一念旧情，去光顾一下你们生意，嘿嘿。
Story/D_8_1_2_4_018,暂停一下。
Story/D_8_1_2_4_019,你、你……！
Story/D_8_1_2_4_020,你打我！
Story/D_8_1_2_4_021,救命！快、快救我！来人！快……！啊！我的牙齿！\n啊！我的鼻子！啊！我的脚！我的脚断了！呜呜呜呜呜～
Story/D_8_1_2_4_022,久等了，我们接着说。
Story/D_8_1_2_4_023,好。
Story/D_8_1_2_4_024,连那世外仙人，飞天门火龙仙君也为降妖除魔而来。\n你们西武林盟面子可大了去了。
Story/D_8_1_2_4_025,青城邹掌门疾恶如仇，也率领派中弟子，与你唐门为难。
Story/D_8_1_2_4_026,青城邹掌门不来，他师弟逸尘道人申屠龙却出山了。
Story/D_8_1_2_4_027,风雨山上技惊四座的峨嵋掌门向无忧也来了。\n向掌门武功究竟有多高，不必南宫某人赘述。各位应该很清楚。
Story/D_8_1_2_4_028,丐帮李帮主手下万千帮众，已将眉山围的水泄不通。
Story/D_8_1_2_4_029,而方今武林盟主瑞少侠，更是佼佼不群的当世俊杰。\n出山以来所向无敌，单枪匹马力抗魔教二大法王不落下风，\n这是何等武功、何等胆识气魄？
Story/D_8_1_2_4_030,若真有天命，盟主便是天命拥护之人，与你不同。
Story/D_8_1_2_4_031,撇去孰是孰非不谈，试问如斯阵仗，你等可有把握相抗？
Story/D_8_1_2_4_032,这……。
Story/D_8_1_2_4_033,赵大侠，你的豪情令我心折，假以时日必有大作为，却不是今日。\n须保存有用之躯，千万不可意气用事。\n这里就听兄弟一言，暂时忍忍，让步吧。
Story/D_8_1_2_4_034,怕屁，大不了是死，老子死也要把你们咬下一块肉来！
Story/D_8_1_2_4_035,冷静，冷静！
Story/D_8_1_2_4_036,盟主怎么说也是唐门女婿，不至赶尽杀绝。\n你们何苦如此傲性，非要两败俱伤？
Story/D_8_1_2_4_037,盟主是正派侠客，若有误会，放下兵刃说明白就好。\n你们何苦如此傲性，非要两败俱伤？
Story/D_8_1_2_4_038,哈，这话──
Story/D_8_1_2_4_039,三师兄。
Story/D_8_1_2_4_040,南宫家主的好意，我等心领。\n然而事已至此，多言无益，既然无益何须多言？请吧。
Story/D_8_1_2_4_041,……唐三爷，你也是耳濡目染，变得铁石心肠了。\n南宫某人已尽道义，这便下山去。
Story/D_8_1_2_4_042,唐掌门，赵大侠，各派掌门、帮主、门主请了。\n凭我南宫某人的薄面，尚能在群情汹涌之间周旋一时，\n未时以前，各位倘若下山投诚，以盟主之宽仁，绝不追究。
Story/D_8_1_2_4_043,赵大侠，我稍后再来，便是兵戎相见，别怪兄弟无情。
Story/D_8_1_2_4_044,唐掌门，各派掌门、帮主、门主请了。\n凭我南宫某人的薄面，尚能在群情汹涌之间周旋一时，\n未时以前，各位倘若下山投诚，以盟主之宽仁，绝不追究。
Story/D_8_1_2_4_045,未时以后再上山来，便不是说话，而是厮杀。
Story/D_8_1_2_4_046,……南宫家主请了。
Story/D_8_1_2_4_047,南宫家主等我～
Story/D_8_1_2_4_048,南宫家主等我～
Story/D_8_1_2_4_049,师兄，南宫家主、宋大人都下山去了。
Story/O_8_1_2_4_001,来时容易去时难！
Story/D_8_1_2_4_050,来时容易去时难！将他们拿下，要挟武林盟！
Story/D_8_1_2_4_118,放跑了南女侠，南宫男侠却得给我留下！
Story/D_8_1_2_4_051,胡说什么你！
Story/D_8_1_2_4_052,哈哈哈！我说笑而已！
Story/D_8_1_2_4_053,万一有人当真怎办？
Story/D_8_1_2_4_054,各位朋友莫要当真，我这师弟就是这样爱说胡话。
Story/D_8_1_2_4_055,胡说什么你！万万不可。
Story/D_8_1_2_4_056,我又不是强留他们，先放了再捉回来也不行吗？
Story/D_8_1_2_4_057,那还不是一样，当然不行！干出这种事，还有谁要和我们同一阵线？
Story/D_8_1_2_4_058,各位朋友莫要当真，我这师弟就是这样爱说胡话。
Story/D_8_1_2_4_059,讲一堆大道理都没哥哥这句话合我心意！\n走，敲他们闷棍去！
Story/D_8_1_2_4_060,裳儿，快别闹了，去，去，来个人把她带走。
Story/D_8_1_2_4_061,抱歉，教妹无方，叶某一定深自检讨。
Story/D_8_1_2_4_062,你别，别拉我的髻！头发会乱！
Story/D_8_1_2_4_063,云裳妹子，大人说正经事呢，你别闹了，来来，给你糖糕吃。
Story/D_8_1_2_4_064,我也是大人！
Story/D_8_1_2_4_065,不过有糖糕吃，可不能错过，吃完再去打人～
Story/D_8_1_2_4_066,你看你，尽说胡话，她耳濡目染怎办？
Story/T_8_1_2_4_001,你还真当她是自家孙女了。
Story/O_8_1_2_4_002,让他们去吧。
Story/D_8_1_2_4_067,让他们去吧，两盟交战，不斩来使，总不能宰了他们，否则便失人心了。
Story/D_8_1_2_4_068,嗯，此去再来，我们便不必容情了，做好准备。
Story/D_8_1_2_4_069,哈，武林盟有高手，西武林盟又何尝没有？
Story/D_8_1_2_4_070,方才说话的，是哪位高人？不妨出来一见。
Story/D_8_1_2_4_071,大公子，你真要见我？我怕你吓尿啊。
Story/D_8_1_2_4_072,藏头露尾，算是什么好汉！
Story/D_8_1_2_4_073,那好，我来也！
Story/D_8_1_2_4_074,大、大大大师兄！你怎么！
Story/D_8_1_2_4_075,{size=50}大师兄！{/size}
Story/N_8_1_2_4_001,三师兄惊骇过头，发出了尖锐的惊呼声。
Story/D_8_1_2_4_076,？！
Story/D_8_1_2_4_077,大师兄！
Story/D_8_1_2_4_078,唐布衣！
Story/D_8_1_2_4_079,这下怎办？赵师兄要戴绿帽了。\n有大师兄，谁要选他啊。
Story/D_8_1_2_4_080,大师兄！你还活着！
Story/D_8_1_2_4_081,哎唷，我的小师妹又香又软。快别哭啦，哭得我心疼。
Story/D_8_1_2_4_082,……？
Story/D_8_1_2_4_083,怎么了？
Story/D_8_1_2_4_084,很好，你现在不香了，等我弄你。
Story/D_8_1_2_4_085,哈哈哈！大师兄！真是你！
Story/D_8_1_2_4_086,你、你、你……！
Story/D_8_1_2_4_087,龙姑娘，好久不见，想我没有？
Story/D_8_1_2_4_088,嗯，我想你。时常想。
Story/T_8_1_2_4_002,啊……造孽，不该开这种玩笑的。
Story/D_8_1_2_4_089,你没死，真是太好了！
Story/D_8_1_2_4_090,你……离他远一点！
Story/T_8_1_2_4_003,大师兄这是嫉妒我吗？
Story/T_8_1_2_4_004,居然轮得到大师兄嫉妒我。
Story/D_8_1_2_4_091,唐布衣！你是在装死？
Story/D_8_1_2_4_092,别想抱过来喔，我只接受小娘子的拥抱。
Story/D_8_1_2_4_093,哈哈哈！
Story/D_8_1_2_4_094,恩公！你还活着！亏我还到你坟前磕头，这不白磕了吗？
Story/D_8_1_2_4_095,你磕错地方不算，回头磕还我本人。
Story/D_8_1_2_4_096,哈哈哈，可以！我还怕你不受！
Story/D_8_1_2_4_097,大师兄，你怎么活转来的？
Story/D_8_1_2_4_098,那还用说，当然是诈死啦！\n不过大师兄，你至今都去哪里了？
Story/D_8_1_2_4_099,就是，再爱乱跑，也不能抛下师门不管啊！
Story/D_8_1_2_4_100,我这不就回来了吗？\n先别管我去哪，你们只要知道我回来了就好！\n等打爆了武林盟，再跟大家叙旧。
Story/D_8_1_2_4_101,大公子～生龙活虎的唐布衣在此，你惊不惊喜、意不意外？
Story/D_8_1_2_4_102,不、不可能，我亲手下的毒，亲眼看你吞落肚，\n你应该散功而死，怎么可能还活着！
Story/D_8_1_2_4_103,你说什么？你下毒是怎么回事？
Story/D_8_1_2_4_104,我、我没有下毒啦，我刚只是……只是故意装笨的！
Story/D_8_1_2_4_105,唐门飞侠，原来是诈死？
Story/D_8_1_2_4_106,大公子，我们打小就认识，你应该知道唐某人的路子。\n没有必胜把握绝不出手，等到如今才现身，你猜我有几成胜算？
Story/D_8_1_2_4_107,你……。
Story/D_8_1_2_4_108,唐门不愧是唐门，还真爱出阴招。
Story/D_8_1_2_4_109,别误会，我这是在夸赞你们。
Story/D_8_1_2_4_110,唐门不愧是唐门，还真爱出阴招。
Story/D_8_1_2_4_111,不论你们谁来，武林盟决意仍旧不变。\n未时一到，便决雌雄。
Story/D_8_1_2_4_112,众生平等，何必强分雌雄？\n人却有该死不该死的分别，阿弥陀佛，施主快下山交代遗言吧。
Story/D_8_1_2_4_113,你这贫嘴和尚，嘴还真是狠辣。
Story/T_8_1_2_4_005,这和尚口齿灵便，不修口德，说什么都是我吃亏，罢了。
Story/D_8_1_2_4_114,哼！
Story/D_8_1_2_4_115,不必比，也知道你雌我雄。
Story/D_8_1_2_4_116,走着瞧吧，我带了秘密武器来，可不会还像小时候，给你耍着玩。
Story/D_8_1_2_4_117,哼！
Story/N_8_1_2_4_002,飞侠归来，同盟大受鼓舞，师弟妹们更是手舞足蹈。\n别说武林盟，便是天兵天将下凡，都有信心战他一战。
Story/D_8_2_1_001,外堡的居民疏散了吗？
Story/D_8_2_1_002,老早疏散了，都在骂娘呢。
Story/D_8_2_1_003,老早疏散了，都在骂娘呢，说我们扰民。\n要我说，那儿如今也不归我们管，他们不肯走，死活自理便了，\n何必苦口婆心。
Story/D_8_2_1_004,保护乡人，是我们的义务。
Story/D_8_2_1_005,何况要对抗武林盟，必须有外堡作前线。
Story/D_8_2_1_006,没办法，就征用一下他们家中财物。\n要有不肯走的人，嘿嘿，也归唐门所有。\n男的推上前线，女的……嘿嘿。
Story/D_8_2_1_007,别瞎说，我们分文不取。
Story/D_8_2_1_008,女的就怎样？有胆子说完吗？
Story/D_8_2_1_009,没有，我不说了。
Story/D_8_2_1_010,还有，你难得有伴，应当惜福。\n说话做事谨慎点，不可再这般阴阳怪气，出口不三不四。\n否则人家终于跑了，别怪我没提醒你。
Story/D_8_2_1_011,少不得必须委屈乡人，借下地方抵御敌袭。
Story/D_8_2_1_012,还是四师兄有办法，弄了个旅行团把外堡住客都拐出门去郊游。\n而且他们还得自费，回头我们说不定还赚。
Story/D_8_2_1_013,这人鬼主意真多。
Story/D_8_2_1_014,不愧是四师兄，呼吸走路都在设法讹钱。
Story/D_8_2_1_015,大师兄，接下来我们怎么办？
Story/D_8_2_1_016,你问错人啦，这话该问三师兄才对，他才是掌门。
Story/D_8_2_1_017,……。
Story/D_8_2_1_018,接下来我们怎么办？
Story/D_8_2_1_019,什么怎么办？不就是打下山去，把他们通通赶走吗？
Story/D_8_2_1_020,还能怎么办，人家都欺上门了，当然是要还以颜色。
Story/D_8_2_1_021,没有办法，只好以力服人了。
Story/D_8_2_1_022,当当当然是打了，躲不了的。
Story/D_8_2_1_023,……夸下海口容易，可是今日与会的全都是小帮小派。\n崆峒人马也无影无踪，说不得，我们还是得完蛋。
Story/D_8_2_1_024,他们可真会挑时间，逼得我们连誓师歃血都来不及。
Story/D_8_2_1_025,那不过就是个仪式，没心的人结了盟照样会跑。\n有心有热血的，却会舍命奉陪。
Story/D_8_2_1_026,向某反正是没有退路了。\n来到唐家大院的时候，我师弟八成已经和点苍派人马碰上。\n本来无冤无仇，现在有了。
Story/D_8_2_1_027,都是一条船上的伙伴了，唐唐唐唐，唐三爷也太见外。\n我们边打边歃血，歃他们的血。
Story/D_8_2_1_028,哪用得着那么麻烦，就打下去，大家都成共犯。
Story/D_8_2_1_029,何况赵小弟那一番话，说得老道满腔热血好似在沸腾！
Story/D_8_2_1_030,向某所追求的公平不只在南宫大侠身上，也寄宿在唐门后生的身上。\n我有年纪了，却要为后生后世开辟康庄大道。
Story/D_8_2_1_031,赵大侠所说的，恰是我丐帮最最最求不得的。\n当好人必须强，难道不强就不当好人了吗，什么狗屁。
Story/D_8_2_1_032,挺行的嘛，师弟。
Story/D_8_2_1_033,呃，还、还行～
Story/D_8_2_1_034,实在过奖了，当务之急，还是说回正事要紧。
Story/D_8_2_1_035,三师兄，此刻无暇计较细节，我们现在就得应对。
Story/D_8_2_1_036,对，兵贵神速，速战速决，干净利落的搞定吧。
Story/D_8_2_1_037,大师兄，你不是说你一旦现身，必有胜算吗？
Story/D_8_2_1_038,啊～那个啊，当然是唬他的。\n你想，我当时要不那么说，不知有多少人要临阵脱逃。
Story/D_8_2_1_039,还真像你的作风。
Story/D_8_2_1_040,简直像极了我。
Story/D_8_2_1_041,那现现现在怎么办？
Story/D_8_2_1_042,就按计划进行。
Story/D_8_2_1_043,你们有计划？好极。\n计划是啥？说来老道听听。
Story/D_8_2_1_044,我还以为就冲下山乱打一气，怎么，不是？
Story/D_8_2_1_045,{size=24}快少说几句吧你，是多怕别人不知道你这大老粗没见识！{/size}
Story/D_8_2_1_046,各位无须担心，丹霞子道长已经授我军机。\n并且先行前往布阵，准备迎击。
Story/D_8_2_1_047,哦～不愧是丹霞子道长，就是可靠。
Story/D_8_2_1_048,各位无须担心，魏才女已经授我军机。
Story/D_8_2_1_049,哦～不愧是魏掌门，什么都会。\n崆峒四姝里，最管用的就是她。
Story/D_8_2_1_050,各位无须担心，我这位师弟深谙兵法，\n已经与我推敲多时，万无一失。
Story/D_8_2_1_051,你连兵法也会？
Story/D_8_2_1_052,略懂、略懂。
Story/D_8_2_1_053,于我等而言，与武林盟一战即是最大挑战。\n但对武林盟来说却并非如此，泥教尚存，虎视眈眈，若有祸心，\n势必会趁虚侵攻中原各派，唯有保存实力，才能抵御。
Story/D_8_2_1_054,这便是武林盟派出使者劝降的原因。\n西武林盟不得不除，但他们必定倾向智取。
Story/D_8_2_1_055,杜甫《前出塞九首》其六诗云：「射人先射马，擒贼先擒王。」\n唐门虽然不敢妄居称王，却有招办西武林盟之实，\n我唐升首脑之嫌，是难以撇清了，除去了我，起码便赢一半。
Story/D_8_2_1_056,是以武林盟除了正攻，也必有暗着。\n或有高手会施展轻功，越众强袭唐某，一击没能得手，也不见得就平安。\n随着战线越是推往大院，袭击的频率、力度就会加剧。
Story/D_8_2_1_057,反之而言也是同理。\n我等得了各派鼎力相助，除了死守山头，还能主动出击。\n可于外堡设关卡迎敌，阻截武林盟。
Story/D_8_2_1_058,万一人家用飞用跳的怎办？
Story/D_8_2_1_059,我看很难喔。
Story/D_8_2_1_060,眉山山势不算陡峭，即便设立关卡，也拦不住轻功卓绝之士。
Story/D_8_2_1_061,诚然凭着关卡、地利只能阻截轻功不到家的武人。\n但只要坚持够久，削弱对手，就能让武林盟群侠知难而退。
Story/D_8_2_1_062,《前出塞九首》还有后续：\n「杀人亦有限，列国自有疆。苟能制侵陵，岂在多杀伤。」\n最终武林盟主为了抑制死伤，必会现身出手，与我西武林盟王见王对决！
Story/D_8_2_1_063,好！和我想的也大差不差。\n我要将帮众打散，藏匿于外堡方方方方，方方，方～
Story/D_8_2_1_064,妈的。
Story/D_8_2_1_065,藏匿于外堡方圆，准备施以突袭？
Story/D_8_2_1_066,正是！
Story/D_8_2_1_067,有劳李帮主及丐帮各位英雄，固守外堡。
Story/D_8_2_1_068,好！
Story/D_8_2_1_069,我也不怕各位大侠笑话，飞石帮都是地痞无赖。\n管是管不好的，我就放他们爱去哪帮去哪帮，\n我脑筋不好，也随他们去胡打一气，战个痛快！
Story/D_8_2_1_070,我把青城派弟子派去你们外堡协防吧。\n至于老道我，就在这陪唐老三喝茶聊天。
Story/D_8_2_1_071,峨嵋派拦阻在道上，也怕不能将点苍群侠全数留下。\n那点苍双尊双剑合璧，更非我解师弟一人能敌。
Story/D_8_2_1_072,唐掌门，我将携来的门人交你差遣。\n向某轻功还过得去，越众去会一会武林盟主。
Story/D_8_2_1_073,老子早就看不惯那群武林盟的搞歧视了！\n既然西武林盟还没有盟主，我就自己听自己的，冲下去砍人！
Story/D_8_2_1_074,我也是钻小巷子长大的，我去街上跟他们拼！
Story/D_8_2_1_075,那我去守唐门外堡！
Story/D_8_2_1_076,我埋伏在山道上，用地躺刀砍他们脚！
Story/D_8_2_1_077,那么本大爷就留在大院，当你唐门的一日门卫吧！
Story/D_8_2_1_078,好，好，好！今日东西武林盟之战，无论成败，\n唐门都庆幸与各位大侠并肩作战！
Story/D_8_2_1_079,说啥呢你，三师兄。
Story/D_8_2_1_080,我们会赢！
Story/D_8_2_1_081,师弟，我会以代掌门的身份坐镇正心堂，以显正心明志。\n只留少量人马在大院驻守，其他都派下山去，与西武林盟侠士并肩作战，\n你的话，就看你自己了。
Story/D_8_2_1_082,你可千万不能有闪失啊。
Story/D_8_2_1_083,便我以十倍之数护身，外堡一旦沦陷，同样无力回天。\n生死有命，谁也不能独善其身。
Story/D_8_2_1_084,别担心那些，只要你们守得够严实，我便高枕无忧。\n何况还有大师兄在，谁动得了我？
Story/D_8_2_1_085,别担心那些，只要你们守得够严实，我便高枕无忧。
Story/D_8_2_1_086,说得……也是。
Story/D_8_2_1_087,去吧，让他们都见识唐门的做派，以牙还牙，以眼还眼，战他娘亲。
Story/D_8_2_1_088,是。
Story/D_8_2_1_089,师兄！我们怎么办？
Story/D_8_2_1_090,师妹，你会怕吗？怕的话可以留在大院，和师姊妹们一起。
Story/D_8_2_1_091,俺……啊不，人家不怕。
Story/D_8_2_1_092,那你自己决定吧。
Story/D_8_2_1_093,好！俺……人家要打下山去，人家要把人活活打死！\n特别是老的坏乞丐，肠子要掏出来喂狗吃！
Story/D_8_2_1_094,好得很，上！让狗子掏他们腚眼！
Story/D_8_2_1_095,没问题！
Story/D_8_2_1_096,这么凶残吗。
Story/D_8_2_1_097,他们活该！
Story/D_8_2_1_098,大哥！俺跟狗要出动了，来跟你说一声！
Story/D_8_2_1_099,樊兄弟，你可别太莽。
Story/D_8_2_1_100,俺有笔陈年旧帐要跟丐帮老不死算，错过了今天，\n就怕他们又散了一个躲东一个躲西。
Story/D_8_2_1_101,好，那我真不管着你了，你便随心所欲吧。\n要是今日没死，明天我们一起大口喝酒、大口吃肉！
Story/D_8_2_1_102,你要请客！
Story/D_8_2_1_103,唐布衣。
Story/D_8_2_1_104,做甚？
Story/D_8_2_1_105,来比。
Story/D_8_2_1_106,这当儿你想比什么？
Story/D_8_2_1_107,还能比什么，当然是比谁撂倒的对手多。
Story/D_8_2_1_108,哦～这个啊。不成，不成。
Story/D_8_2_1_109,为何不成？
Story/D_8_2_1_110,我身负重任，要在唐家大院镇守，保卫掌门。\n不能轻易以身犯险，你不妨自己去打。
Story/D_8_2_1_111,那我也在大院保卫唐三侠。
Story/D_8_2_1_112,你傻了呀，这样怎决得出胜负？
Story/D_8_2_1_113,这样也不行，那样也不行，你怎么如此婆妈。
Story/D_8_2_1_114,谁说我婆妈的？我这么有男子气概的人。\n好，你下山去，可以一人打倒一百人，我就算你赢。
Story/D_8_2_1_115,一百人？你耍我呢，你都不一定打得了五十个。
Story/D_8_2_1_116,我打得了，我最近新练了一门神功，可以一次打死一百个人，不多不少。
Story/D_8_2_1_117,真的假的啊，什么神功，这么霸道？
Story/D_8_2_1_118,想知道吗？你打完回来，我就告诉你。
Story/D_8_2_1_119,好，我信你，别的事情不好说，你是不会吹嘘自己本领的。
Story/D_8_2_1_120,……。
Story/D_8_2_1_121,看什么看，你那什么眼神？
Story/D_8_2_1_122,师弟。
Story/D_8_2_1_123,都说了我不是你师弟……。
Story/D_8_2_1_124,师弟。
Story/D_8_2_1_125,……干嘛啦，师兄。
Story/D_8_2_1_126,师兄我不参与混战，要径直去找武林盟主瑞少侠对决。\n我直觉一向挺准的，这回的直觉是我回不来。
Story/D_8_2_1_127,那你可以不要去。
Story/D_8_2_1_128,少说这种废话，你又不是不会死。
Story/D_8_2_1_129,说得也是。
Story/D_8_2_1_130,恭送师兄。
Story/D_8_2_1_131,……。
Story/D_8_2_1_132,……。
Story/D_8_2_1_133,我刚的台词是不是很有英雄气概？
Story/D_8_2_1_134,滚！
Story/D_8_2_1_135,唐施主、赵施主。\n小僧与十七位师兄看上了一处上山的狭道。\n勉强可以当作木人巷拒敌，这就出发去埋伏布置。
Story/D_8_2_1_136,和尚埋伏人这么希罕的事都有，人间可真够荒唐的。
Story/D_8_2_1_137,可不是吗？习惯就好。
Story/D_8_2_1_138,赵施主，小僧与十七位师兄看上了一处上山的狭道。\n勉强可以当作木人巷拒敌，这就出发去埋伏布置。
Story/D_8_2_1_139,嵩山派南北院分立，不能保证没有嵩山弟子加入敌营。\n不过你放心，有我们十八铜人在，一个秃驴也别想上到大院。\n我们会用武力说服他们打消上山的念头。
Story/D_8_2_1_140,当你们动用武力那一刻起就不是说服了吧？
Story/D_8_2_1_141,噗呵呵，哈哈哈。
Story/D_8_2_1_142,没事，没事，别管我，你们继续。
Story/D_8_2_1_143,阿弥陀佛，江湖人说：拳头会说话，比武能交心。\n小僧怀疑反过来也行得通，我说话让他内伤吐血，不也一样吗？
Story/D_8_2_1_144,小师妹，你找我？
Story/D_8_2_1_145,……要跟你一起吗？
Story/D_8_2_1_146,师兄，我和你一起，可以吗？
Story/D_8_2_1_147,不可以。
Story/D_8_2_1_148,又不是跟你说。
Story/D_8_2_1_149,总之不可以。你就留在大院。
Story/D_8_2_1_150,师兄。
Story/D_8_2_1_151,……大师兄说的有道理，三师兄的安危至关重大，\n能否请你担任三师兄的护卫？
Story/D_8_2_1_152,可是，可是……。
Story/T_8_2_1_001,我也想保护你啊。
Story/D_8_2_1_153,小师妹，你上正心堂远眺，眼观四路，慎防敌人拿钩索啥的绕道偷袭。
Story/D_8_2_1_154,好……。
Story/D_8_2_1_155,小师妹一脸黯然。
Story/D_8_2_1_156,干什么？你一脸心疼干什么？\n那可是大家的小师妹，你别想占为己有。
Story/D_8_2_1_157,大师兄，你怎么不大对劲。
Story/D_8_2_1_158,我没有。
Story/D_8_2_1_159,小师妹，我要去的地方很危险哦？你还是留在大院吧。
Story/D_8_2_1_160,不要。
Story/O_8_2_1_001,请小师妹护卫三师兄
Story/D_8_2_1_161,小师妹，三师兄的安危至关重大，能否请你担任三师兄的护卫？
Story/D_8_2_1_162,哦。
Story/D_8_2_1_163,可是，可是……。
Story/T_8_2_1_002,我也想保护你。
Story/D_8_2_1_164,我不放心旁人，只能拜托你了。
Story/D_8_2_1_165,……好，交给我。
Story/D_8_2_1_166,那我们晚点见。
Story/D_8_2_1_167,嗯。
Story/O_8_2_1_002,好，我们一起
Story/D_8_2_1_168,好，我们一起。
Story/D_8_2_1_169,嗯。
Story/D_8_2_1_170,无论哪里，我都陪你去。
Story/D_8_2_1_171,哥哥，我去陪爷爷，你不必担心我。
Story/D_8_2_1_172,哼……哼。
Story/D_8_2_1_173,云裳，你还在生气啊。
Story/D_8_2_1_174,哥哥希望我不生气？那裳儿就不生气了。
Story/D_8_2_1_175,你能有这么大肚量吗？
Story/D_8_2_1_176,反正我没打算跟你好了，便多几个大嫂又有什么关系呢？
Story/D_8_2_1_177,这不是分明还在怨我吗？
Story/D_8_2_1_178,没有，半点也没有。你就像我亲哥，我还是紧张你的。
Story/D_8_2_1_179,那你不如还是生我的气好了。
Story/D_8_2_1_180,我偏不，我是如此的珍贵，以至于一旦错过就再也没有了，\n你就用余生慢慢懊悔吧～
Story/D_8_2_1_181,我已经开始后悔了。
Story/D_8_2_1_182,……是吗？那样的话，好心的裳儿也不是不能大发慈悲，\n跟你商量一下补偿方案。
Story/D_8_2_1_183,真的吗？什么我都答应！
Story/D_8_2_1_184,你先别太早放心，详细未定，但没有金银珠宝蜀锦点心是很难哄好。\n你最好要有破产的觉悟～\n我要进去陪爷爷了，有什么话之后再说吧。
Story/D_8_2_1_185,只要琴声不绝，你就不用担心我。
Story/D_8_2_1_186,那真是太可靠了。
Story/D_8_2_1_187,我来负责被爷爷保护。
Story/D_8_2_1_188,你还打算去给人家添乱喔。
Story/D_8_2_1_189,啧啧，此言差矣，人有了必须保护的事物，才会变得勇敢。\n我这不是为了爷爷好吗？
Story/D_8_2_1_190,你也一样，要保护好我才行。
Story/D_8_2_1_191,遵命。
Story/D_8_2_1_192,还有，我哥哥让我给哥哥你传话。\n他说他会在外堡。
Story/D_8_2_1_193,好，我知道了。
Story/D_8_2_1_194,那我走啰～
Story/T_8_2_1_003,呀～从云裳小妹子话里听出了好多意思。\n原来你除了本梅、云裳妹子之外，还有别人啊？
Story/T_8_2_1_004,……唐门也是我师门，我此刻不同你计较，你欠我一命。
Story/T_8_2_1_005,留着这丫头太危险了，我迟早得设法弄走她。
Story/D_8_2_1_195,完全无视我……。
Story/D_8_2_1_196,真是被讨厌透了，唉。
Story/D_8_2_1_197,大哥，你好。
Story/D_8_2_1_198,别乱叫，谁是你大哥。
Story/D_8_2_1_199,大师兄，萤姑娘已经是唐门中人了。\n她喊你作大哥，不是合情合理吗？
Story/D_8_2_1_200,赵活，别说了，我从前做那么多不利唐门的坏事，\n大……唐大侠埋怨我，也是理所当然的。
Story/D_8_2_1_201,别担心，今日一战，我一定建功洗刷污名！
Story/D_8_2_1_202,别冲动啊，你凑什么热闹！
Story/D_8_2_1_203,你管她做甚？
Story/D_8_2_1_204,她是我未过门的妻子啊，我不管她管谁？
Story/D_8_2_1_205,混蛋！
Story/D_8_2_1_206,……我们要是输了，谁都得死，到了地府再去相见得了。\n那能为了儿女私情由着你胡来？
Story/D_8_2_1_207,放心吧，上官家主在对面，便是放话说要断绝父女关系，\n谁又敢当真对她不利？
Story/D_8_2_1_208,说的也是……。
Story/D_8_2_1_209,赵活，接下来你作何打算？
Story/D_8_2_1_210,那当然是──
Story/D_8_2_1_211,冲入乱阵之中，打个痛快！
Story/D_8_2_1_212,你情绪这么高昂对劲吗？你吃了什么东西，快吐出来。
Story/D_8_2_1_213,欠打喔。
Story/D_8_2_1_214,你想啊，人生能有多少机会可以靠打人赚功德的？\n我要把这些年来肚里的怨气，连带未来一甲子的怒火全都发泄出来。
Story/D_8_2_1_215,还有预借的喔。
Story/D_8_2_1_216,我不管你，要自己上阵了，你自己看着办。
Story/D_8_2_1_217,唐布衣。
Story/D_8_2_1_218,呃，龙、龙姑娘。
Story/D_8_2_1_219,……等到事情告一段落，我有事想对你说，给我一点时间。
Story/D_8_2_1_220,可、可以是可以，你想做甚？能否预告一下，我好有个心理准备。
Story/D_8_2_1_274,我想和你决斗。\n透过战胜你，超越昔日软弱的自己。
Story/T_8_2_1_010,我会死！
Story/D_8_2_1_275,好得很呀，不过，那也得等武林盟都滚蛋。
Story/D_8_2_1_221,嗯，我去赶走他们。
Story/D_8_2_1_222,弟，我要上阵杀敌了，你呢？
Story/D_8_2_1_223,我还得和师弟妹们交代事情。
Story/D_8_2_1_224,好，那我不等你了，回头见。
Story/D_8_2_1_225,弟，我们夫妻……
Story/D_8_2_1_226,刚刚的不算，重来。
Story/D_8_2_1_227,弟，我们姊弟冲杀下山，去跟武林盟主讨教武功！
Story/D_8_2_1_228,……。
Story/D_8_2_1_229,……。
Story/D_8_2_1_230,干嘛啦……你很讨厌哎。\n快点啦，我去门口等你，你太慢，我就自己去了喔！\n我、我干脆直接去好了！
Story/D_8_2_1_231,你这是怎么了？
Story/D_8_2_1_232,朋友妻不可戏，你竟然对她出手！\n好得很啊，等武林盟滚蛋，我就跟你拚了。
Story/D_8_2_1_233,湘姊几时变你妻子了，你从前不是不怎么在意的吗？
Story/D_8_2_1_234,哼！
Story/D_8_2_1_235,弟子，你听着。
Story/D_8_2_1_236,师父。
Story/D_8_2_1_237,又是传音入密吗。
Story/D_8_2_1_238,为师虽然不屑与人厮斗混战，但曾经承诺唐老掌门，\n要是碰巧路过附近，就顺手替唐门打发麻烦，这回得要兑现了。
Story/D_8_2_1_239,武林盟可不是随手就能打发的啊。
Story/D_8_2_1_240,你呢，就自己看着办吧。\n不用响应我了，反正隔着老远，我也听不见。
Story/D_8_2_1_241,是。
Story/D_8_2_1_242,……好了，我这个做师父的，也不能太过事不关己。\n去找瑞公子叙叙旧吧。
Story/D_8_2_1_243,{size=50}师父！！{/size}
Story/D_8_2_1_244,这是……声波功吗？
Story/O_8_2_1_003,「我们雪山派也要加盟西武林盟！」
Story/D_8_2_1_245,{size=50}我大雪山派在此宣言，加盟西武林盟！{/size}
Story/D_8_2_1_246,……噗。
Story/D_8_2_1_247,哈哈哈哈哈，好，我们加盟西武林盟。
Story/D_8_2_1_248,我心爱的弟子啊，别死了。
Story/O_8_2_1_004,「夏侯兰是我的妻子！」
Story/D_8_2_1_249,{size=50}江湖第一美人夏侯兰是我赵活的妻子！{/size}
Story/D_8_2_1_250,你、你、你这……你这疯子……！快住口！\n这么多人在听，你是想让我脸面往哪里搁去。
Story/D_8_2_1_251,真是的！真是的！
Story/D_8_2_1_252,现在没空，晚上为师再罚你。
Story/D_8_2_1_253,好了，现在暂时没有旁人了。
Story/O_8_2_1_005,你到底是谁？
Story/D_8_2_1_254,你认定我不是唐布衣，却看不出是谁，对吗？
Story/D_8_2_1_255,我要是看得出来，还需要问吗？\n总之你不是大师兄。
Story/D_8_2_1_256,呵呵呵，这可真是太好玩了。
Story/D_8_2_1_257,阁下是要坦白从宽，还是要跟我过招？
Story/D_8_2_1_258,哎唷，你可不能打我，打了你会后悔。
Story/D_8_2_1_259,师门存亡在此一战，我明知你身份成谜是隐患，\n却还放任不管，那才会后悔。
Story/O_8_2_1_006,你这阵子跑到哪里去了？
Story/D_8_2_1_260,我不是都说了，等到事情告一段落再解释吗。
Story/D_8_2_1_261,我人还在这儿，没缺胳膊少腿，不就好了。
Story/D_8_2_1_262,……说的也是。
Story/D_8_2_1_263,分别以来，我总是忧心忡忡，夜不能寐。\n你看，我瘦了不少吧？
Story/D_8_2_1_264,嗯，怎么回事啊，憔悴这么多。
Story/D_8_2_1_265,我担心你只身一人，压不住崆峒派那群家伙啊。\n那火龙仙君、夺魄掌门万一对你不利，我又不在身边，你可怎办？
Story/D_8_2_1_266,他们算哪根葱，如今本……本……。
Story/D_8_2_1_267,你看出来了？
Story/D_8_2_1_268,你觉得我会认不得你吗？
Story/D_8_2_1_269,我以为自己学的挺像的，失策。\n大师兄不是就这个调调吗？
Story/D_8_2_1_270,呼。
Story/D_8_2_1_271,你破绽多着呢，瞒得过别人，须瞒不过我。
Story/D_8_2_1_272,啊哈哈，不愧是阿活，本梅压根逃不出你手掌心。
Story/D_8_2_1_273,我先戴回面具，怕人看见。
Story/T_8_2_1_006,我若不主动出击，恐怕影响士气。\n幸好小师妹担任护卫，凭她和三师兄二人的武功，\n偷鸡摸狗窜上唐门的刺客绝非敌手。
Story/T_8_2_1_007,至于他们斗不过的，就由我和师弟妹们连手拒于门外！
Story/T_8_2_1_008,我若不主动出击，恐怕影响士气。\n幸好有邹掌门担任护卫，凭他和三师兄的武功，\n放眼江湖，对手只怕也不多了。
Story/T_8_2_1_009,我若不主动出击，恐怕影响士气。\n但若连我都不在大院，仅凭剩余人力，当真足以护三师兄和掌门周全吗？
Story/D_8_2_1_1_001,你……你这个傻子……真打啊……。
Story/D_8_2_1_1_002,你竟真的丝毫不加防备。
Story/D_8_2_1_1_003,……咳。
Story/D_8_2_1_1_004,想不到我是这样死的，一点……一点也不好笑……哇哈哈……。
Story/D_8_2_1_1_005,别装死了，起来说话，喂。
Story/D_8_2_1_1_006,……小梅？
Story/N_8_2_1_1_001,你心念一动，忽然想起了一种可能性。
Story/D_8_2_1_1_007,不是我……你认错人了……。
Story/D_8_2_1_1_008,小梅！
Story/N_8_2_1_1_002,你揭下他的面具，赫然便是你心心念念许久不见的人儿。\n她料不到你心那么狠，猝然受你不遗余力的猛击，身负致命伤，\n出气多进气少，眼看不活了。
Story/N_8_2_1_1_003,你失手打死了心爱的人。\n她临终还想遮掩自己的面目，怕自己死了，你会伤心自责。\n可是无济于事，她没力气了。
Story/D_8_2_1_1_009,阿活……看你干的好事，笨蛋吶。\n做事那么莽撞干嘛……这下你要没老婆了。
Story/D_8_2_1_1_010,不过呢，本梅作恶多端，这条命早就当作没了。\n算是罪有应得吧。
Story/D_8_2_1_1_011,与你一起的日子，十分开心！已经知足了。
Story/D_8_2_1_1_012,下辈子别让我落入坏人手里，早一点来找我。\n到时我们再一起玩，你来教我学好、教我学坏。
Story/D_8_2_1_1_013,就这样了噢，我先走一步了，来生见。
Story/D_8_2_1_1_014,对了，差点忘了说。
Story/D_8_2_1_1_015,……阿活，小梅喜欢你，非常、非常喜欢。
Story/D_8_2_1_1_016,啊啊啊啊啊──！！\n小梅，小梅！我错了，你别走啊！\n都是你，为什么要开这种玩笑！我恨你！不，不，我错了，你别走！
Story/N_8_2_1_1_004,你的哭声被淹没在震天杀声之中，彻底丧失斗志的你，\n浑然不觉刺客掩至，一剑了结了你，又入正心堂中，刺杀了三师兄。\n唐门覆灭，西武林盟溃不成军，容易的像个玩笑。
Story/D_8_2_1_1_017,啊！你打我！你知道我是谁吗！
Story/D_8_2_1_1_018,不知道。
Story/D_8_2_1_1_019,你会后悔，我跟你说，你一定会后悔！\n我可是～我可是～
Story/D_8_2_1_1_020,小梅唷。
Story/N_8_2_1_1_005,说着啪的一下揭下脸上的人皮面具，露出少女娇俏容颜，\n不是你心心念念的人儿却又是谁？
Story/D_8_2_1_1_021,{size=50}小梅！{/size}
Story/D_8_2_1_1_022,小声点，要死啦你臭阿活。
Story/D_8_2_1_1_023,我料到有人易容，却没想到是你。
Story/D_8_2_1_1_024,装得狠霸霸的，怎么不打过来？
Story/D_8_2_1_1_025,……我总觉得，你像我一个熟人。\n我怕你是她，装作大师兄的样子回来见我一面。\n我要是揭穿，也许你就走了。
Story/D_8_2_1_1_026,……什么啊，你这不是已经猜到了吗？还逗我。
Story/D_8_2_1_1_027,呼。
Story/D_8_2_1_1_028,果然是你！
Story/D_8_2_1_1_029,小声点，要死啦你臭阿活。
Story/D_8_2_1_1_030,哦，抱歉。
Story/D_8_2_1_1_031,不过你认得出本梅，不错不错，有心了。\n告诉你一件好事吧，本梅既然回到你身边，从此就不走了。\n我想你，就像你想念我那么多。
Story/D_8_2_1_2_001,你这些日子以来，究竟跑哪里去了？\n我还道你不会回来了……。
Story/D_8_2_1_2_002,你怕本梅不要你了？
Story/D_8_2_1_2_003,我看你不怕啊，这么多红颜知己，真的是胆大包天。\n本梅没有警告过你吗？你敢玩火，我一定把你烧成灰，冲茶里喝掉。
Story/D_8_2_1_2_004,饶了我吧。
Story/D_8_2_1_2_005,姑且不跟你追究。
Story/D_8_2_1_2_006,当然怕啊，我宁可你一刀捅死我再走。
Story/D_8_2_1_2_007,哎唷，别哭，小梅心疼。
Story/D_8_2_1_2_008,还好，也就比死还可怕一点、难受一点。
Story/D_8_2_1_2_009,难怪你一副想寻死的样子，好大胆子，你的命是本梅的。\n想死都没问过我一声？岂有此理！岂有此理！
Story/D_8_2_2_001,闲话先不说了，阿活。\n崆峒那边确实有意外，但不是你想的那样。\n暂且不说，以免你心有旁鹜，当务之急是眼前的难题。
Story/D_8_2_2_002,好，听你的。
Story/D_8_2_2_003,我这个假大师兄可不能上阵，就怕三两下露馅。\n至多就是装装样子，恫吓敌人。
Story/D_8_2_2_004,你乔装大师兄虽是权宜之计，但师兄弟们迟早会知道真相，\n到时你就惨了。
Story/D_8_2_2_005,你当然要包庇本梅，要不然你就没老婆了。
Story/D_8_2_2_006,妙计！若非有你，只怕方才人心动摇，通通都向武林盟投降了。\n不愧是第四代千面人魔，手段高明之至。
Story/D_8_2_2_007,还用你说？不过话说回来，这事迟早要曝光。\n到时三师兄要打要杀，你阿活可得保护好自己老婆。
Story/D_8_2_2_008,正心堂这里有我看着，窜上来的对手若不是太厉害，\n我都应付得了，你且放心去战个痛快吧。
Story/D_8_2_2_009,好。
Story/D_8_2_2_010,别死了喔，你方才居然打了我，我是一定要报复的。
Story/D_8_2_2_011,我又不知道是你……不知者不罪，娘子务必轻拿轻放。
Story/D_8_2_2_012,{size=24}不行，本梅心胸狭窄，吃了亏，就一定要报复回来。{/size}\n{size=24}在你害臊的地方狠狠咬上一口，真咬会留疤的那种，你做好觉悟吧。{/size}
Story/D_8_2_2_013,好吧。
Story/D_8_2_2_014,趁现在没人。
Story/D_8_2_2_015,要干嘛？
Story/D_8_2_2_016,亲你一下。
Story/D_8_2_2_017,别死了喔，剩下的就当你凯旋而归的奖励吧。
Story/D_8_2_2_018,好！
Story/D_8_2_2_019,我爬高一点，视野较好，分头行动，快快快。
Story/D_8_2_2_020,小梅回家固然好，不过大师兄……是真的不会回来了啊……唉。
Story/D_8_2_2_021,你听见了没有，看见了没有？
Story/D_8_2_2_022,听见了一点点，看见了不少。
Story/D_8_2_2_023,大师兄和师兄，他们、他们有龙阳之癖呀！
Story/D_8_2_2_024,我的天，真恶心，想吐，呕～
Story/T_8_2_2_001,虽然是有点惊世骇俗，但是嘛，见他们俩好上，\n我竟然有点儿心头小鹿乱撞，好男风固然可以，就可惜大师兄眼光太差，\n挑的对手恁丑！要是选个俊俏郎君就完美了。
Story/N_8_2_2_001,被善于隐匿气息的师弟妹们撞见了你和小梅亲昵的样子。\n从此被误认成断袖之癖。
Story/D_8_2_3_001,师兄，我出阵了。
Story/D_8_2_3_002,……保重，师弟。
Story/D_8_2_3_003,是！
Story/D_8_2_3_004,师兄，我要下山对付那些狗屁正道侠士。
Story/D_8_2_3_005,好，你保重。
Story/D_8_2_3_006,我们就此别过了。\n以前欺负过你，对不住啊。
Story/D_8_2_3_007,这是道一句歉就能了事的吗？你得请我吃肉喝酒！
Story/D_8_2_3_008,没关系。
Story/D_8_2_3_009,师兄，我们「新唐门十杰」跟你请命，护卫代掌门。
Story/D_8_2_3_010,什么唐门十杰，你们自封的？
Story/D_8_2_3_011,有什么关系，咱们混江湖总是跌跌撞撞灰头土脸，\n没一天风光过，今日就让我们臭屁一下又不会怎样。
Story/D_8_2_3_012,哈哈哈哈哈！
Story/D_8_2_3_013,哈哈哈哈哈！
Story/D_8_2_3_014,今日一战，唐门十杰的名声一定响彻武林。
Story/D_8_2_3_015,那保卫三师兄的重任，就交给你们唐门十杰了。
Story/D_8_2_3_016,{size=50}是！{/size}
Story/D_8_2_3_017,山下的动静，真的开始了啊……说不定我今天就会死。
Story/T_8_2_3_001,手发凉，背冒汗，腿直哆嗦，心也不听使唤怦怦直跳，静不下来。\n我练就一身武功，依然怕死，真没用啊。
Story/T_8_2_3_002,但是胆小如我，也已经下定了决心。
Story/D_8_2_3_018,开始了啊……我也该下定决心了。
Story/O_8_2_4_Break_01_001,决斗：护卫三师兄
Story/O_8_2_4_Break_01_002,战役：唐门出击
Story/D_8_2_5_1_001,你不是扬言要下山打人吗？怎么回来了？
Story/D_8_2_5_1_002,本娘子想了想，下山打人是打，在这打你也是打。\n我何必大老远跑一趟。
Story/D_8_2_5_1_003,你没有要打我吗？
Story/D_8_2_5_1_004,……打啊，你今天活下来的话，我再打死你。
Story/D_8_2_5_1_005,那不还是一样要死。
Story/D_8_2_5_1_006,不一样，你为唐门牺牲，那是慷慨就义。\n命丧于我手，你叫死有余辜。
Story/D_8_2_5_1_007,好了，别盯着我看，专心应敌。
Story/D_8_2_5_1_008,我想了想，下山打人是打，在这打也是打。\n我何必大老远跑一趟。
Story/D_8_2_5_1_009,赵活，我武功不行，薄面却有几分。\n入乱战帮不上大忙，在这却说不定能让对手心存惮忌。
Story/D_8_2_5_1_010,我再怎么说也是官宦之家的千金。\n为上官世家劳碌十几年，该让我狐假虎威一回。
Story/D_8_2_5_1_011,那便让我们仰仗一下上官千金的威光吧。
Story/D_8_2_5_1_032,{size=50}唐门赵活在此！{/size}\n{size=50}一夫当关，万夫莫开！看谁敢犯我唐家大院！{/size}
Story/T_8_2_5_1_001,不妙，阿活好有男子气概，害我好喜欢。
Story/D_8_2_5_1_036,我就站这儿吧，谁来都过不去。
Story/D_8_2_5_1_037,还有我。
Story/D_8_2_5_1_038,还有我。
Story/D_8_2_5_1_039,三师兄和唐门和云裳妹子，全都由我来保护。
Story/D_8_2_5_1_040,好大的口气，我来会一会你！
Story/D_8_2_5_1_041,真来了刺客？这么快？
Story/O_8_2_5_1_001,想戴罪立功的罪犯
Story/O_8_2_5_1_002,想扬名立万的少侠
Story/O_8_2_5_1_003,想一雪前耻的叛徒
Story/O_8_2_5_10_Break_01_001,打坐调息
Story/O_8_2_5_10_Break_01_002,心神不宁，收效甚微
Story/N_8_2_5_10_Break_01_001,你心烦意乱，不敢松懈，运功调息收效甚微。
Story/O_8_2_5_10_Break_01_003,聊胜于无
Story/N_8_2_5_10_Break_01_002,你运气疗伤，虽还不敢彻底松懈，但是聊胜于无。
Story/O_8_2_5_10_Break_01_004,心如止水
Story/N_8_2_5_10_Break_01_003,你一盘坐便入定，心如止水，内息川流不息，活血修复伤躯。
Story/O_8_2_5_10_Break_01_005,严阵以待
Story/T_8_2_5_10_Break_01_001,大敌当前，我还是洗把脸提振一下精神就好。\n我身流之血放诸西武林全体，不过是微不足道的一两滴。
Story/T_8_2_5_10_Break_01_002,大敌当前，我还是洗把脸提振一下精神就好。\n这点小伤就盘膝调息的话，太过松懈了。
Story/T_8_2_5_10_Break_01_003,大敌当前，我可不能掉以轻心。
Story/N_8_2_5_1_1_001,你败后，敌人进入正心堂中，欲将三师兄擒于爪下。
Story/N_8_2_5_1_1_002,师弟妹们奋力相抗，无奈外堡阵线溃败，来人越来越多。\n唐家大院惨遭祝融，三师兄力战而死
Story/D_8_2_5_2_001,唐布衣！都是你害我沦落到如今要作南宫走狗的局面，\n赔我破山斩来！
Story/D_8_2_5_2_002,师弟，你来打发这人。\n我且不出手干预，来一场堂堂正正的对决吧。
Story/D_8_2_5_2_003,臭小子，风水轮流转啊！\n你那两个师兄都没了，我看谁来护你！赔我破山斩来！
Story/D_8_2_5_2_004,妈的，玩女人玩出火来，名声臭了，宝刀也给人扣下。\n借你的鲜血来洗一洗名声！
Story/D_8_2_5_2_005,这就是唐门千金吗？好个美人胚子。\n放心，大侠我最是怜香惜玉，不舍得伤你分毫，你旁边这丑人却得剁成肉酱。
Story/D_8_2_5_2_006,你敢！
Story/D_8_2_5_2_007,这不是上官家的千金吗？听说你跟了这厮。\n难得生得这般姣好，可惜眼睛是瞎的，硬是把鲜花插在牛粪上。\n还不如跟了我。
Story/D_8_2_5_2_008,你去死！
Story/D_8_2_5_2_1_001,怎……连还手都没办法，唐门当代最强者，原来不是唐布衣吗……。
Story/D_8_2_5_2_1_002,哼。
Story/D_8_2_5_2_1_003,……。
Story/D_8_2_5_2_1_004,师兄，我打死这个坏人了。
Story/D_8_2_5_2_1_005,哦、噢，不愧是我小师妹，多谢你了。
Story/D_8_2_5_2_1_006,不客气。
Story/D_8_2_5_2_1_007,怎……你这小贼，武功几时变得这么厉害……。
Story/D_8_2_5_2_1_008,怎……你这小贼，居然扮猪吃老虎……。
Story/D_8_2_5_2_1_009,我没扮过猪，你也不是老虎。
Story/D_8_2_5_2_1_010,你就含着恨去死吧。
Story/D_8_2_5_2_1_011,就你这种货色，也来打我主意！
Story/D_8_2_5_2_1_012,没错，这只天鹅是本癞虾蟆先看上的！
Story/D_8_2_5_2_1_013,噗哧哈哈哈！你干嘛骂你自己。
Story/N_8_2_5_2_1_001,仅存一口气的谭霸刀，被你们活活踢死了。
Story/D_8_2_5_2_1_014,萤姑娘，别弄脏了你的鞋，扔一边去吧。
Story/D_8_2_5_2_1_015,哼。
Story/D_8_2_5_3_001,飞侠唐布衣！够资格当小爷对手。\n方大侠就是我，我就是方震天！
Story/D_8_2_5_3_002,可惜你不够资格作我对手。
Story/D_8_2_5_3_003,你说什么？
Story/D_8_2_5_3_004,你想与我过招也非不行，先过我师弟这关。\n来一场堂堂正正的对决吧。
Story/D_8_2_5_3_005,好的很！
Story/D_8_2_5_3_006,像你这种不起眼的喽啰，凭什么赢我？小爷方震天可是天之骄子！\n按说我不用练武功，生下来两个月就有天生神力可以打死你才对！\n你凭什么靠努力赢我！你就该被我踩脚底下，烂在泥里！
Story/D_8_2_5_3_007,哼，像你这种不起眼的喽啰，一看就知道是凑数的。\n杀唐家掌门之前，你就成为我方震天辉煌战绩下的其中一个笔画吧！
Story/D_8_2_5_3_1_001,怎么可能……我方震天，不应该输给你这种人才对……。\n对了，这是……常有的挫折、考验，下次我会变得更强……。
Story/D_8_2_5_3_1_002,你没有下次了，江湖少侠。
Story/D_8_2_5_3_1_003,你会输我的原因只有一个：你人生太容易。
Story/D_8_2_5_4_001,我又回到这儿啦，赵师兄、小师妹。
Story/D_8_2_5_4_002,你这家伙，竟然还敢来。
Story/D_8_2_5_4_003,谁？你怎么穿唐门的衣服。
Story/D_8_2_5_4_004,因为我就是唐门弟子──广州正宗唐门大弟子唐衫。
Story/D_8_2_5_4_005,唐门只此一家，哪来的广州唐门。
Story/D_8_2_5_4_006,那我灭了你蜀中唐门，原地袭名重建如何？
Story/D_8_2_5_4_007,师兄，可以打他吗？
Story/D_8_2_5_4_008,别来时光，我连番奇遇，功力大进，便是你们一起上，又何足惧哉？
Story/D_8_2_5_4_009,我又回到这儿啦，赵师兄。
Story/D_8_2_5_4_010,你便是唐门大弟子飞侠唐布衣吧？\n哼，以我看来，也不过尔尔。
Story/D_8_2_5_4_011,上官娘子也在，枉我还曾仰慕过你。\n竟然不知自爱，沦落到委身这样人品的恶贼。
Story/D_8_2_5_4_012,人品？你的人品又好得到哪里去。
Story/D_8_2_5_4_013,你这家伙，竟然还敢来。
Story/D_8_2_5_4_014,上次我先和小师妹相斗，消耗了气力，才没能收拾你。\n别来时光，我连番奇遇，更是功力大进，这次实力更是悬殊了。
Story/D_8_2_5_4_015,我也不是玩岁愒日，鹿死谁手，犹未可知。
Story/D_8_2_5_4_016,废话少说，过来受死。
Story/D_8_2_5_4_017,唐门既然不能容我，我也不要唐门了。毁灭吧！
Story/D_8_2_5_4_1_001,咕哇……我、我好恨。\n为什么连你都可以……当唐门弟子……我也只不过是……憧憬唐门……。
Story/D_8_2_5_4_1_002,羡慕了吧？这就是命啊～
Story/D_8_2_5_4_1_003,你真有心就从外姓弟子当起，唐门从来不拒打杂工。
Story/D_8_2_5_4_1_004,去你的……。
Story/D_8_2_5_4_1_005,……傻子，真不明白你在执着什么。\n在广州唐门不也很好吗？唐世伯又没勒令你们解散。
Story/D_8_2_5_5_001,师兄，你受伤了。
Story/D_8_2_5_5_002,没事，轻伤罢了。\n这种程度，就跟你平时不想理我时「喔」了一声打发我，威力差不多。
Story/D_8_2_5_5_003,我、我……不知道你这么在意……对不──
Story/D_8_2_5_5_004,跟你说笑的，别道歉。
Story/D_8_2_5_5_005,你……坏！
Story/D_8_2_5_5_006,哈哈哈。
Story/D_8_2_5_5_007,阿活，你受伤了，要本梅帮你舔舔伤口吗？
Story/D_8_2_5_5_008,住手，起码别用大师兄的脸做这种事。
Story/T_8_2_5_5_001,受了一点轻伤，不碍事，还能再战。
Story/D_8_2_5_5_009,……这是云裳的琴声。
Story/O_8_2_5_5_001,道貌岸然的谢顶客
Story/O_8_2_5_5_002,深藏不露的路人甲
Story/O_8_2_5_5_003,居心叵测的阴谋家
Story/D_8_2_5_6_001,小美人儿，跑得可真快，恨不得从我身边溜掉似的。
Story/D_8_2_5_6_002,小梅。
Story/D_8_2_5_6_003,……别胡乱叫我，跟你又不熟。
Story/D_8_2_5_6_004,姓赵的，你都姓赵，还偏管唐家的事，这回你死定了。\n我已练成崆峒铁琵琶神通，弹个手指就能在你身上打洞！
Story/D_8_2_5_6_005,那可未必吧，金乌掌派。
Story/D_8_2_5_6_006,邹、邹掌门，你怎会在此。
Story/D_8_2_5_6_007,赵小弟，这人与你唐门有大仇，只管揍他，老道来助你。
Story/D_8_2_5_6_008,本仙君乘云大驾来临，汝妖魔小丑，见本仙君还不速速跪下，伏首乞饶！
Story/D_8_2_5_6_009,火龙掌门，您也来为难本门。
Story/D_8_2_5_6_010,住口！本仙君一念之仁，收你在飞天门下留学，不意你竟误入歧途，\n专与妖邪为伍，连累我崆峒飞天门名声，既是本仙君门下，\n便由本仙君亲自出手降服！
Story/D_8_2_5_6_011,你若是真仙，应该管管这纷乱的俗世，泽被苍生才是。\n在这搅什么浑水？
Story/D_8_2_5_6_012,贤侄女，你才在瞎胡闹，真个淘气。\n本先君是火龙，你爹则是东海龙王投胎，同为龙种，合该一家亲近。
Story/D_8_2_5_6_013,呸，妖言惑众！
Story/D_8_2_5_6_014,装神弄鬼的假道士，在这大放厥词！
Story/D_8_2_5_6_015,邹、邹博！你怎会在此。
Story/D_8_2_5_6_016,你以邪说害我师弟，莫非忘了凭谁的面子，老道才忍你至今。\n你好的很哇，不在崆峒缩着脖子，自己冒出来撞在老道手里。
Story/D_8_2_5_6_017,赵小弟，这人使的全是骗人伎俩，甭怕，只管揍他，老道来助你。
Story/D_8_2_5_6_1_001,哇！我神功大成，竟也斗不过你区区贱胚……。
Story/D_8_2_5_6_1_002,……崆峒掌派人既然死了，我再斗也没意思。\n就投降吧，要杀要剐随你便。
Story/D_8_2_5_6_1_003,老道可不管这事，姑且避让。
Story/O_8_2_5_6_1_001,你走吧
Story/D_8_2_5_6_1_004,你掌派人死了，你怎么云淡风清？
Story/D_8_2_5_6_1_005,那当然是因为，我也盼着他死啊。
Story/D_8_2_5_6_1_006,……你走吧，别回崆峒去了。
Story/D_8_2_5_6_1_007,你要放我走？还真是天真。
Story/D_8_2_5_6_1_008,我说不定会记恨，回来杀你的。
Story/D_8_2_5_6_1_009,你杀不到，我要不是就死在今天，要不就会活下来，比今日还要更强。
Story/D_8_2_5_6_1_010,哎唷，这话说得好帅气，本梅有一点儿心动了。\n公子成亲未？奴家嫁过人，给你作二房嫌不嫌弃？
Story/D_8_2_5_6_1_011,不行！
Story/D_8_2_5_6_1_012,唔哇恶心，我不过是嘲笑他，你居然是真爱。\n这丑八怪觊觎你不奇怪，你这一脸对他崇拜爱慕的表情是怎么回事？\n你才是不对劲的那个！
Story/D_8_2_5_6_1_013,{size=24}你管。{/size}
Story/D_8_2_5_6_1_014,啊哈哈，你看着清清淡淡一个人，这么重口。
Story/D_8_2_5_6_1_015,不行，不行！住手！臭哥哥放开那个女孩儿！
Story/D_8_2_5_6_1_016,我才没有碰她。
Story/D_8_2_5_6_1_017,唔哇恶心，我不过是嘲笑他，你居然是真爱。\n这丑八怪觊觎你小娘子不奇怪，你这打翻醋坛子的反应又是怎么回事？\n你不对劲！
Story/D_8_2_5_6_1_018,你搞错了，我是在救你。\n这人表里如一，面恶心恶，不单多情花心到处招惹情债，而且还长得丑！
Story/D_8_2_5_6_1_019,他招惹得了情债？！
Story/D_8_2_5_6_1_020,不好说。
Story/D_8_2_5_6_1_021,恶心。
Story/D_8_2_5_6_1_106,就是，恶心的说。
Story/D_8_2_5_6_1_022,呃啊！
Story/D_8_2_5_6_1_023,不劳阁下费心，总之你找别人，这个是我先找到的！\n不许任何人染指！
Story/D_8_2_5_6_1_107,云裳。
Story/D_8_2_5_6_1_108,他肯为我而死！他爱我爱得要命！\n就算你得到他的肉体也得不到他的心！
Story/D_8_2_5_6_1_109,而他的肉体一文不名，你要去也没用的说。
Story/D_8_2_5_6_1_024,啊哈哈，说笑罢了，小妹子喜欢，便自己留着用吧。\n我还是喜欢俊俏一点的。
Story/D_8_2_5_6_1_025,……。
Story/D_8_2_5_6_1_026,你推我做甚，我啥都没说。
Story/D_8_2_5_6_1_027,你不说话就是心动了吧。\n这种事情应该要明确响应，别学那些风流公子暧昧模糊。
Story/D_8_2_5_6_1_028,啊哈哈，上官娘子何必那么较真，我说笑罢了。\n我虞小梅投胎八辈子也不可能看上这人，你大可放心。
Story/D_8_2_5_6_1_029,其实吧～比起这人，上官娘子更合我眼缘。\n要不要考虑一下我呀？
Story/D_8_2_5_6_1_030,蛤？
Story/D_8_2_5_6_1_031,我们都是女子啊！你这是什么惊世骇俗的疯话！
Story/D_8_2_5_6_1_032,两情若是真挚，又岂会被区区肉身所限。
Story/D_8_2_5_6_1_033,我……我……我……。
Story/O_8_2_5_6_1_002,别闹了
Story/D_8_2_5_6_1_034,别闹了。
Story/D_8_2_5_6_1_035,好好好，不闹就不闹。
Story/O_8_2_5_6_1_003,嘴攻上官萤
Story/D_8_2_5_6_1_036,你不说就是心动了！\n这种事情应该要明确响应，别学那些风流娘子暧昧模糊。
Story/D_8_2_5_6_1_037,你这……我会给你气死！
Story/D_8_2_5_6_1_038,哇哈哈哈～你们俩可太逗了哈哈哈！
Story/D_8_2_5_6_1_039,要是可以在别处碰到，交上朋友就好了。\n可惜了，我们注定互相残杀。
Story/D_8_2_5_6_1_040,啊哈哈，你当真了？哈哈哈，真好笑。\n哪有脱离虎口，又入狼口的蠢羊呢？
Story/D_8_2_5_6_1_041,不过承蒙你好心，本梅不妨也回敬你一份厚礼吧。
Story/O_8_2_5_6_1_004,杀死小梅
Story/D_8_2_5_6_1_042,这可是你说的～
Story/D_8_2_5_6_1_043,不要。
Story/D_8_2_5_6_1_044,小师妹，你怎么能那么天真啊，还看不出我是坏人、死有余辜吗？
Story/D_8_2_5_6_1_045,你可以学好。
Story/D_8_2_5_6_1_046,太迟啦，我已经学不好了。
Story/D_8_2_5_6_1_047,不迟。
Story/D_8_2_5_6_1_048,……要是我当天不是进千灯楼，是进唐门就好了。
Story/D_8_2_5_6_1_049,唐姑娘，你这是打算纵虎归山吗？我这人气量小，很爱记仇的。\n你不杀我，本梅非但不感恩，将来可能还会害你喔。
Story/D_8_2_5_6_1_050,你害不了，师兄会保护我。
Story/D_8_2_5_6_1_051,唔哇恶心，居然是真爱。\n这丑八怪觊觎你不奇怪，你这一脸对他崇拜爱慕的表情是怎么回事？\n你才是不对劲的那个！
Story/D_8_2_5_6_1_052,{size=24}你管。{/size}
Story/D_8_2_5_6_1_053,承蒙你好心替我求情，本梅不妨也回敬一份厚礼吧。
Story/D_8_2_5_6_1_054,呃，等等，你要杀她吗？
Story/D_8_2_5_6_1_055,嗯，她也有觉悟了。
Story/D_8_2_5_6_1_056,可是……梅娘子这样的美人，就此香消玉殒，未免可惜。\n不若我替她求个情，念在她是从犯，从轻发落如何？
Story/D_8_2_5_6_1_057,为啥怜香惜玉的是上官娘子啊……怪哉。
Story/D_8_2_5_6_1_058,不过呢，是我自己累了想走，求仁得仁喔。\n放心，我这样的坏女人，杀了也不会造业，还是替天行道呢。
Story/D_8_2_5_6_1_059,承蒙你好心替我求情，本梅不妨也回敬一份厚礼吧。
Story/D_8_2_5_6_1_060,你若一心追寻解脱，我就遂你心意吧。
Story/D_8_2_5_6_1_061,且慢。
Story/D_8_2_5_6_1_062,反悔了吗？
Story/D_8_2_5_6_1_063,不，在你杀我之前，我还有件事情，不得不做。
Story/D_8_2_5_6_1_064,教头，你这王八假和尚，折磨的我好苦。\n我那许多小梅姊妹，全都因你而死，这回该你付出代价啦。
Story/D_8_2_5_6_1_110,唔哦～～！！
Story/D_8_2_5_6_1_066,各位看官见谅，这人擅长装死，必须像这样，\n用双膝盖死死摁住不让起身，拿刀子确实的割下脑袋，才能彻底杀死他。
Story/D_8_2_5_6_1_067,你、你这叛徒……臭娘们，你竟敢……！\n我死了，你尸心蛊的解药还要不要！
Story/D_8_2_5_6_1_068,不要了！死就死，我再也不被你操控。
Story/D_8_2_5_6_1_069,咳啊！你给我滚！去死！
Story/D_8_2_5_6_1_070,别看。
Story/D_8_2_5_6_1_071,好。
Story/D_8_2_5_6_1_072,别看。
Story/D_8_2_5_6_1_073,呕～～。
Story/D_8_2_5_6_1_074,别看。
Story/D_8_2_5_6_1_075,……。
Story/D_8_2_5_6_1_076,呼……呼……呼……呵呵，呵呵，这回死了吧。\n我就不信你还能活，死肥猪，我想杀你想了十年之久，终于死了吧！\n呵呵呵，哈哈哈！
Story/N_8_2_5_6_1_001,小梅割下了掌派人的头颅，一脚踢飞。
Story/D_8_2_5_6_1_077,赵活，谢谢你了。\n不然我不知道要熬到几岁，才能找到杀他的机会。
Story/D_8_2_5_6_1_078,师姊，你伤得很重。
Story/D_8_2_5_6_1_079,小师妹，你别碰我，我脏得很。
Story/D_8_2_5_6_1_080,对不住你们，可是我做这么多坏事，并不是自己情愿的。\n都是因为他用尸心蛊操纵我，全都是他的错，都是他害的，都是他逼我的。
Story/D_8_2_5_6_1_111,……我已经帮大师兄报一半仇了。\n另一个仇人，现在就送她上路吧。
Story/D_8_2_5_6_1_081,等等──要是这个的话，有救！
Story/D_8_2_5_6_1_082,二师兄留下的手抄研究，我完成了。\n驱除蛊毒不在话下，你有救的。
Story/D_8_2_5_6_1_083,可是，都太迟了啊……。
Story/D_8_2_5_6_1_084,不迟，师姊不脏。\n你回唐门，我来保护你。
Story/O_8_2_5_6_1_005,该走了
Story/D_8_2_5_6_1_085,……你们真是温暖的人。
Story/N_8_2_5_6_1_002,小梅抹去血渍，理理衣裳，想给你们留下不太狼狈的好印象。
Story/D_8_2_5_6_1_086,你叫我师姊，本梅好欢喜。\n但为了大家都好，有些人还是消失了好。
Story/D_8_2_5_6_1_087,……。
Story/D_8_2_5_6_1_088,我走了，谢谢你们救了我的心。
Story/O_8_2_5_6_1_006,还有留恋
Story/D_8_2_5_6_1_089,我真的……还有机会变好吗？
Story/D_8_2_5_6_1_090,有。
Story/D_8_2_5_6_1_091,那取决于你。
Story/D_8_2_5_6_1_092,你若是如此期望，一定可以。
Story/D_8_2_5_6_1_093,……那我可以忝不知耻提一个条件吗？\n希望……希望可以把小竹也接到唐门……她一定帮得上忙。
Story/D_8_2_5_6_1_094,她要是愿意，就可以。
Story/D_8_2_5_6_1_095,哈……那我就厚着脸皮，劳烦你们费心了……。
Story/D_8_2_5_6_1_096,我带她去炼丹房。
Story/D_8_2_5_6_1_097,梅夫人晕过去了，我带她去炼丹房上药吧。
Story/D_8_2_5_6_1_098,……请一位师妹带她到炼丹房静养吧。
Story/D_8_2_5_6_1_099,……喂，你去哪……等等！
Story/D_8_2_5_6_1_100,……喂，你去哪……等等！
Story/N_8_2_5_6_1_003,小梅心无所念，向着解脱步伐越发轻快，纵身投入风中。\n鹤鸣回荡长空，从此自由。
Story/D_8_2_5_6_1_101,……安息吧，你的苦厄结束了。
Story/D_8_2_5_6_1_102,小梅师姊……死掉了吗？
Story/D_8_2_5_6_1_103,嗯，她已经摆脱束缚，乘鹤飞天去了。别哭啦。
Story/D_8_2_5_6_1_104,……嗯，我不哭了。
Story/D_8_2_5_6_1_105,想不到崆峒掌派人，和第一掌派夫人，会是这种结局。
Story/D_8_2_5_6_2_001,放肆！大胆！你、你怎么，竟然不怕我三昧真火、三头六臂！
Story/D_8_2_5_6_2_002,二十五年前若非丘真人、南宫老太爷合力阻拦，我早就应该收了你性命。\n留你到今日才死，也该知足。受死吧！
Story/D_8_2_5_6_2_003,你那都是装神弄鬼的江湖把戏罢了，何足惧哉？受死吧！
Story/D_8_2_5_6_2_004,唔。
Story/D_8_2_5_6_2_005,师兄，你受伤了？
Story/D_8_2_5_6_2_006,你……你方才可是烧伤了？
Story/D_8_2_5_6_2_007,这家伙虽然是神棍，但掌力中挟带的火劲却是货真价实的内功。
Story/D_8_2_5_6_2_008,那怎么办？
Story/D_8_2_5_6_2_009,别担心，我边打边把火劲拍出去就行，应该没有大碍。
Story/D_8_2_5_6_2_010,你不要骗我。
Story/D_8_2_5_6_2_011,我去打盆水来给你冲凉，管用吗？
Story/D_8_2_5_6_2_012,没用，你别瞎忙了，没大碍的。
Story/D_8_2_5_6_2_013,你可别逞强。
Story/D_8_2_5_6_2_014,吐吶。
Story/D_8_2_5_6_2_015,是。
Story/D_8_2_5_6_2_016,他的火劲有毒，战后还得好生调养。\n你若不知怎么应付，就到青城找我。
Story/D_8_2_5_6_2_017,多谢前辈。
Story/D_8_2_5_6_2_018,赵活，快谢谢邹真人。
Story/D_8_2_5_6_2_019,多谢邹掌门。
Story/D_8_2_5_6_2_020,小事一桩，不必谢。\n不过方才剧斗，我道袍给这厮火拂尘搧了一下，得去洗洗。\n以免等下与人交手突然烧起来。
Story/N_8_2_5_6_2_001,正心堂中飘出肃穆庄严的琴声，冥冥之中引导你的脉息，归纳流转，\n那火劲一下就被淹没在内息流转之间，消失殆尽。
Story/T_8_2_5_6_2_001,多亏你了，云裳。
Story/T_8_2_5_6_2_002,不客气。
Story/D_8_2_5_7_001,阿弥陀佛，唐门如此托大，倾巢而出，就留你这点人手吗？
Story/D_8_2_5_7_002,释明师叔。
Story/D_8_2_5_7_003,萤儿，你别怕，师叔这就掌毙唐门妖邪，救你出魔窟。
Story/D_8_2_5_7_004,不，出家人不妄语、恶口、两舌、绮语。\n唐门并非妖邪，您何苦为了旧年恩怨枉费一身佛法修为，\n执心化魔，诳言自误误人？
Story/D_8_2_5_7_005,萤儿说的很对，再也不了。
Story/D_8_2_5_7_006,老衲多年的梦魇，今日终于要烟消云散了。\n除去尔等小辈，再登楼掐死唐中翎，我心魔了却，就能顿悟成佛了。
Story/D_8_2_5_7_007,别想！
Story/D_8_2_5_7_008,就你个小不点，也想跟老衲斗法？
Story/D_8_2_5_7_009,你这种恶人还想上西天？下地狱去吧！
Story/D_8_2_5_7_010,……那些陈年旧事太遥远了。
Story/D_8_2_5_7_011,我来加深你的恶梦吧。
Story/D_8_2_5_7_012,连唐二都杀不了我，就凭你这喽啰也敢螳臂挡车！
Story/D_8_2_5_7_013,和尚，你连我二师弟也打不过，又怎敢在此大言炎炎。
Story/D_8_2_5_7_014,阿弥陀佛，要是飞侠唐布衣，老衲自有几分忌惮。\n至于假冒的，那就另当别论了。
Story/T_8_2_5_7_001,他看穿了……怎会？
Story/D_8_2_5_7_015,……释明大师，你、你方才所言……。
Story/D_8_2_5_7_016,邹道长！你怎会在此？你不该在山下吗。
Story/D_8_2_5_7_017,贫道身宽体胖，懒得走路，不想竟窥破你的庐山真面目。
Story/D_8_2_5_7_018,邹道长，你一派掌门，竟与小辈携手与老衲为难。\n传出去不怕人笑话你青城派吗？你若害了老衲，不怕引发佛道之争吗？
Story/D_8_2_5_7_019,不必多费唇舌，手底见真章。
Story/T_8_2_5_7_002,这胖道人年轻时着实厉害，他来搅局，大事不妙！
Story/D_8_2_5_7_020,这会儿想跑，也已迟了！
Story/D_8_2_5_7_021,欺人太甚！
Story/D_8_2_5_7_1_001,啊！可恶……老衲受心魔所惑，煎熬多年，才要把这心上脓疮割除，\n要不是你这牛鼻子道士出现的不合时宜……。
Story/D_8_2_5_7_1_002,老道便是不出手，你未必是这位赵小弟的对手。
Story/D_8_2_5_7_1_003,但是事不过三，你本来可以安享晚年，却死于自己的执着。
Story/D_8_2_5_7_1_004,但我就不一样了，你惹火我，一次就得死。
Story/D_8_2_5_7_1_005,小师妹！
Story/D_8_2_5_7_1_006,是！
Story/D_8_2_5_7_1_007,你、你们两个小辈……岂有此理……。\n老衲受心魔所惑，煎熬多年，眼看着就把这心上脓疮割除，\n没想到……竟然栽在你们两个小杂种手里……。
Story/D_8_2_5_7_1_008,你连我和小师妹都打不过，我家掌门要杀你，多的是机会。\n当年那扇寺门，不过一片破木板，焉能拦得住我家掌门？\n你之所以能够苟活至今，皆因掌门敬佛，是神佛庇佑！
Story/D_8_2_5_7_1_009,但是事不过三，你本来可以安享晚年，却死于自己的执着。
Story/D_8_2_5_7_1_010,但我就不一样了，你惹火我，一次就得死。
Story/D_8_2_5_7_1_011,阿活！天龙地虎式！
Story/D_8_2_5_7_1_012,那啥？
Story/D_8_2_5_7_1_013,甭问，看感觉！
Story/D_8_2_5_7_1_014,你、你们两个小辈……岂有此理……。\n老衲受心魔所惑，煎熬多年，眼看着就把这心上脓疮割除，\n没想到……竟然栽在你们两个小杂种手里……。
Story/D_8_2_5_7_1_015,你连我和小……大师兄都打不过，我家掌门要杀你，多的是机会。\n寺门拦得住掌门、而你之所以能够苟活至今，皆因掌门敬佛而慈悲。
Story/D_8_2_5_7_1_016,但是事不过三，你本来可以安享晚年，却死于自己的执着。
Story/D_8_2_5_7_1_017,但我就不一样了，你惹火我，一次就得死。
Story/D_8_2_5_7_1_018,你这唐门后生，也想和我佛门正宗宏大掌力相抗，不自量力！\n这会儿只怕连话也说不出来了吧？这就是内功根基的差距！\n就这样拧碎你的内脏！
Story/D_8_2_5_7_1_019,──！
Story/N_8_2_5_7_1_001,值此时，你射向半空的脱手镖坠落，刺入释明头顶。
Story/D_8_2_5_7_1_020,你、你……。
Story/D_8_2_5_7_1_021,我家掌门要杀你，多的是机会。\n寺门拦得住掌门、而你之所以能够苟活至今，皆因掌门敬佛而慈悲。
Story/D_8_2_5_7_1_022,但是事不过三，你本来可以安享晚年，却死于自己的执着。
Story/D_8_2_5_7_1_023,但我就不一样了，你惹火我，一次就得死。
Story/D_8_2_5_7_1_024,啊！小心！
Story/N_8_2_5_7_1_002,你这一手暗着本来足以克敌致胜，但上官萤见你呕血惊呼失声，\n反而提醒了释明，躲开脱手镖致命一击，让你自食其果。
Story/D_8_2_5_7_1_025,好，乖孩儿，你良心未泯，还晓得提醒师叔。\n此獠本来非我敌手，如今又伤了肩膀，更加不成气候。
Story/D_8_2_5_7_1_026,……。
Story/D_8_2_5_7_1_027,师叔今日为你除此魔障，你好戒断嗔痴，重归佛门潜心修行。\n一时无家可归，便随师叔云游，行善积德，来日福慧圆满，\n老衲再向上官施主求情，使你重归上官门墙。
Story/N_8_2_5_7_1_003,上官萤执起了落在脚边的脱手镖。
Story/D_8_2_5_7_1_028,就是这样，你卧薪尝胆入唐门，亲自手刃此獠，自证心迹。\n届时便是你心心念念爱而不得的南宫大公子，也必改观。\n老衲再晓以大义，或能令他不计前嫌，与你破镜重圆，你说好不好？
Story/D_8_2_5_7_1_029,好！
Story/D_8_2_5_7_1_030,哇！你……你这是做甚！\n你杀老衲，乃犯七遮，若具七逆，即现身不得戒，你知不知道！
Story/D_8_2_5_7_1_031,……忘失菩提心，修诸善根，是为魔业；\n恶心布施，瞋心持戒，舍恶性人，远懈怠者，\n轻慢乱意，讥嫌恶慧，是为魔业；
Story/T_8_2_5_7_1_001,这是华严经吧。
Story/D_8_2_5_7_1_032,乐学世论巧术文词，开阐二乘，隐覆深法，或以妙义授非其人，\n远离菩提住于邪道，是为魔业。
Story/D_8_2_5_7_1_033,别念了。
Story/D_8_2_5_7_1_034,已得解脱、已安隐者常乐亲近而供养之，未得解脱、\n未安隐者不肯亲近亦不教化，是为魔业；
Story/D_8_2_5_7_1_035,你这小娘子，也想对老衲说法点化！
Story/D_8_2_5_7_1_036,增长我慢，无有恭敬，于诸众生多行恼害，不求正法真实智慧，\n其心弊恶难可开悟，是为魔业。\n菩萨摩诃萨应速远离，勤求佛业！
Story/D_8_2_5_7_1_037,你……。
Story/D_8_2_5_7_1_038,……。
Story/D_8_2_5_7_1_039,……上官萤，你真是蠢过只猪。
Story/D_8_2_5_7_1_040,你做甚，恶僧！
Story/D_8_2_5_7_1_041,老衲犯了恶口之戒，此刻起还俗，不算僧人，不是恶僧，只是恶人。
Story/D_8_2_5_7_1_042,师叔！
Story/D_8_2_5_7_1_043,萤儿，吾心有魔。你刺死了祂，老衲终得解脱，有功无过。\n你要持戒精进，别像老衲……始终勘不破这……生死之间的大恐怖……。
Story/D_8_2_5_7_1_044,师叔！
Story/T_8_2_5_7_1_002,这释明于我唐门而言是大敌、恶僧，于萤姑娘而言，却是可敬的师长。
Story/T_8_2_5_7_1_003,她被南宫、上官所弃，连带着她读经练拳的师长也辞世了，\n我却不知从何劝起。
Story/D_8_2_5_7_1_045,赵大侠，上官娘子请交小妹吧。
Story/D_8_2_5_7_1_046,好。
Story/D_8_2_5_7_1_047,上官娘子。
Story/D_8_2_5_7_1_048,别碰我！
Story/D_8_2_5_7_1_049,萤娘子。
Story/D_8_2_5_7_1_050,让我……让我一个人呆一下……。
Story/D_8_2_5_7_1_051,小萤。
Story/D_8_2_5_7_1_052,呜呜呜啊啊～～招弟，我师叔死了啊！
Story/D_8_2_5_7_1_053,嗯，他半生挥之不去的梦魇，也随之消散了。
Story/D_8_2_5_7_1_054,是我……是我刺死了他……我犯了七遮，罪大恶极。
Story/D_8_2_5_7_1_055,你没犯，他临死之前，不是还俗了吗？\n他或许犯了错，身不由己越走越远，可你令他放下了屠刀。
Story/D_8_2_5_7_1_056,今生恶业来世果，我们为大师诵念往生咒祈祷冥福，\n愿他得以超脱尘世的辛苦，来生再证大道，你说好吗？
Story/D_8_2_5_7_1_057,好，还好你提醒我。
Story/N_8_2_5_7_1_004,上官萤恭恭敬敬的拜了几拜，为释明收敛遗体。\n你只一言不发，默默守望。
Story/D_8_2_5_7_1_058,唉，也是一念之差，越走越远。\n老和尚憎恨唐门，对旁人却是慈眉善目，便是伪善，也做了不少好事。\n怎么着也不应曝尸在此，我就替他把尸首收了吧。
Story/D_8_2_5_8_001,你是……镇上客栈的杨大哥。
Story/D_8_2_5_8_002,是，唐姑娘，很久不见了。
Story/T_8_2_5_8_001,是第三代！他还是这张脸孔，莫非这就是他本来面目吗？
Story/T_8_2_5_8_002,他还不知我身份，我且不说穿，务求一击必杀。\n否则此人太过危险，可能会危害阿活。
Story/D_8_2_5_8_003,千面人魔……！
Story/D_8_2_5_8_004,什么？
Story/D_8_2_5_8_005,真的假的？！\n可是千面人魔的传说，很早以前就有了，怎可能如此年轻。
Story/D_8_2_5_8_006,你不是改邪归正了吗？
Story/D_8_2_5_8_007,唉，说来话长，入了江湖就没有回头路。\n我从来就没摆脱那些无形之手，只是晾着我。\n等我宝贵的回忆越来越多，终于无法割舍，就成我受人要挟的软肋。
Story/D_8_2_5_8_008,客官，不求你谅解我，实在是我对你唐门不住，得罪了！
Story/D_8_2_5_8_009,你不是客栈的店小二吗？原来你会武功！
Story/D_8_2_5_8_010,知道这个秘密的人都必须死。\n江湖之大，没人见过我的真容，你猜猜我是谁？
Story/O_8_2_5_8_001,千面人魔
Story/D_8_2_5_8_011,传说中的千面人魔……！
Story/D_8_2_5_8_012,什么？
Story/D_8_2_5_8_013,真的假的？！\n可是千面人魔的传说，很早以前就有了，怎可能如此年轻。
Story/D_8_2_5_8_014,正解。那么就死吧。
Story/O_8_2_5_8_002,谁也不是
Story/D_8_2_5_8_015,谁也不是，和我一样。
Story/D_8_2_5_8_016,谁也不是吗……。
Story/D_8_2_5_8_017,……。
Story/T_8_2_5_8_003,是啊，阿活这话由我们来听最是感慨。\n我们易容千面，可以幻化千人，可我们到底算谁呢？哪张脸孔才是真的？
Story/D_8_2_5_8_018,说的不错，眉山镇川泉酒家店小二，向唐门高足挑战！
Story/D_8_2_5_8_1_001,这就是无相神功……不单招数，竟连内功特质亦能模仿。
Story/D_8_2_5_8_1_002,邹掌门见笑了，表象罢了，不惜折寿去演，哪能不像呢。
Story/D_8_2_5_8_1_003,……你的武功，习来皆为隐匿、暗杀。\n身负使命而来，却舍长取短正面搏杀，莫非是自寻死路吗？
Story/D_8_2_5_8_1_004,嘿，同为天涯沦落人，尊驾应该再明白不过了。
Story/T_8_2_5_8_1_001,他看穿我的身份了啊。
Story/D_8_2_5_8_1_005,可怜我的妻女……为夫已经全力以赴了，仍然无法护住你们娘俩。\n合该我们命里的劫数，动手吧。
Story/D_8_2_5_8_1_067,你这话什么意思？
Story/T_8_2_5_8_1_005,意即是，就算号称人魔，也有家人，同样被命运摆布，身不由己吗？
Story/D_8_2_5_8_1_068,……什么人魔啊，你这不是普通至极的凡人吗。
Story/D_8_2_5_8_1_069,事到如今，你可别想装可怜博取同情。\n老子不妨告诉你，我这人最没同情心！
Story/O_8_2_5_8_1_001,杀死店小二
Story/D_8_2_5_8_1_006,……这是你自己选的路，别有怨言才好。
Story/T_8_2_5_8_1_002,安息吧，前辈。但愿你来生不再为人摆布。
Story/D_8_2_5_8_1_007,从容就戮，也是一条汉子。
Story/O_8_2_5_8_1_002,不杀店小二
Story/D_8_2_5_8_1_008,杨兄，你畏惧千灯楼吗？
Story/D_8_2_5_8_1_009,我自然怕的，天下最恐怖的刺客集团……
Story/D_8_2_5_8_1_070,杨老兄，你站武林盟那一边？我们可是邻居。\n整个眉山镇乡亲都支持唐门，就你唱反调，你说你应不应该。
Story/D_8_2_5_8_1_071,嘿……客官，你也未免太看得起小人。\n我不过是千灯楼的爪牙，有得选吗？\n要有得选，我选出生在官宦人家。
Story/D_8_2_5_8_1_072,我东西武林之争，千灯楼来淌什么浑水？\n……怎么样都无所谓，这笔帐，我记下了。
Story/D_8_2_5_8_1_073,你记下了，那便如何？\n别忘了，天底下最恐怖的刺客集团……
Story/D_8_2_5_8_1_010,并不是千灯楼。
Story/D_8_2_5_8_1_011,是唐门啊。
Story/D_8_2_5_8_1_012,是唐门才对。
Story/D_8_2_5_8_1_013,咦？我们是刺客集团？
Story/N_8_2_5_8_1_001,小师妹大受震惊，刺杀别人什么的，她从没想过这么恐怖的事情。
Story/D_8_2_5_8_1_014,原来你们有自觉。
Story/D_8_2_5_8_1_015,你一边歇着养伤，留心别死了。\n等我们干掉武林盟，你再引路，我们反手就把千灯楼给抄了。
Story/D_8_2_5_8_1_016,哈……。
Story/D_8_2_5_8_1_017,第四代的靠山，还真可靠。
Story/D_8_2_5_8_1_018,那还用得着你说。
Story/O_8_2_5_8_1_003,免了
Story/D_8_2_5_8_1_019,免了，大话谁都会说，你们不知千灯楼的可怕。\n何况你唐门都自身难保，朝不保夕，还想管别人闲事吗。
Story/D_8_2_5_8_1_020,杨某殉职在这，起码千灯楼会抚恤遗孤，保我家人平安。
Story/D_8_2_5_8_1_021,你确定他们会守信吗？
Story/D_8_2_5_8_1_022,我除了相信，没有别的选择。\n你不肯取我性命，我自己了断便是。
Story/D_8_2_5_8_1_023,且慢──
Story/D_8_2_5_8_1_024,啊……愿以此心……。
Story/D_8_2_5_8_1_025,别看。
Story/D_8_2_5_8_1_026,好。
Story/D_8_2_5_8_1_027,别看。
Story/D_8_2_5_8_1_028,好，好。
Story/D_8_2_5_8_1_029,……。
Story/T_8_2_5_8_1_003,我这些年来孤立小竹没有做错。\n要是我也和他一样割舍不下私情，小竹一定会被我牵连。
Story/T_8_2_5_8_1_004,但是我不怕了，阿活很强，谁也害不了他。\n那怕是千灯楼、无相祖师、极乐教主。
Story/D_8_2_5_8_1_030,……也是一条汉子。
Story/O_8_2_5_8_1_004,赌一把
Story/D_8_2_5_8_1_031,赵少侠，你说的话作数吗？
Story/D_8_2_5_8_1_032,唐门弟子不会在正心堂前撒谎食言。
Story/D_8_2_5_8_1_033,放心，我这人深得唐门真谛，最是心胸狭窄。\n千灯楼既然惹我生气，那就必须被烧。
Story/D_8_2_5_8_1_034,哈，那我就赌一把，押注在你身上了。\n容杨某暂且告辞，欠你的人情，一定还上，请。
Story/D_8_2_5_8_1_035,请。
Story/D_8_2_5_8_1_036,小子不简单，你有本事连千面人魔也降服了。
Story/D_8_2_5_8_1_037,邹掌门此言差矣，这不是降服。
Story/D_8_2_5_8_1_038,只是打抱不平罢了。
Story/D_8_2_5_8_1_039,──好！哈哈！好个打抱不平。\n你们将来要找千灯楼麻烦，也让老道掺一脚。\n我淡出江湖只是没人可揍，修理恶棍却是义不容辞。
Story/D_8_2_5_8_1_040,而是支配。
Story/D_8_2_5_8_1_041,支配……支配吗。
Story/D_8_2_5_8_1_042,少侠真爱开玩笑，哈哈。
Story/D_8_2_5_8_1_045,话说你唐门可有不用的长剑？\n方才那厮使我青城绝招阴阳夺，想夺我配剑。\n老道一时不察，也使了同一招，配剑就给拧弯了。
Story/D_8_2_5_8_1_046,这不是弯了，已经变麻花了啊！
Story/D_8_2_5_8_1_047,哈哈哈，好在不是什么名贵宝剑，舍了也不肉痛。
Story/D_8_2_5_8_1_048,唐门不用长剑，但锻冶场中尚有几柄晚辈闲来打着玩的挂着。\n邹掌门可自去挑选，有看得上的，取去无妨。
Story/D_8_2_5_8_1_049,那我便不客气了。
Story/D_8_2_5_8_1_050,唐门不用剑，但锻冶场中有数柄崆峒铁拳竹娘子打造的宝剑。\n邹掌门可自去挑选，有看得上的，取去无妨。
Story/D_8_2_5_8_1_051,铁拳竹娘子，哦，崆峒裂骨魔吗？
Story/D_8_2_5_8_1_052,那定是宝剑，老道没钱买，取了去，就多出点力补偿吧。
Story/D_8_2_5_8_1_053,师兄，你好厉害，连千面人魔都打得赢。
Story/D_8_2_5_8_1_054,是「我们」打赢才对。
Story/D_8_2_5_8_1_055,嗯！
Story/D_8_2_5_8_1_056,……杨大哥好强，为什么？
Story/D_8_2_5_8_1_057,别管了，都结束了。
Story/D_8_2_5_8_1_058,好吧。
Story/D_8_2_5_8_1_059,赵活……其实我以前曾怀疑过你是千面人魔。
Story/D_8_2_5_8_1_060,不止你，无缘无故怀疑我戴人皮面具，试图撕我脸的人少说有十个以上。
Story/D_8_2_5_8_1_061,算我对不住你啦。
Story/N_8_2_5_8_1_002,上官萤温柔轻抚你的脸庞，正当你情意缠绵之际，忽然拉了拉你的脸皮。
Story/D_8_2_5_8_1_062,喂！
Story/D_8_2_5_8_1_063,哈哈哈，我总要验明正身啊。
Story/D_8_2_5_8_1_064,你们这儿就连一个店小二武功都这么高，真离谱。
Story/D_8_2_5_8_1_065,江湖卧虎藏龙，又不是高手就一定出名。\n保不定你嵩山福建分院学拳那会儿，旁边扫地的老僧人就比方丈还强。
Story/D_8_2_5_8_1_066,呸，我才不信。
Story/D_8_2_5_9_001,咕。
Story/N_8_2_5_9_001,你放松下来，伤势迸发，喉头阵阵腥甜，几欲呕血。\n连忙咽了回去。
Story/T_8_2_5_9_001,我得将内伤压下去，不能让人看出破绽来。
Story/T_8_2_5_9_002,伤势不轻，再来我可就吃不消了。
Story/T_8_2_5_9_003,与强敌连战两场，伤势与消耗没意想的剧烈。
Story/T_8_2_5_9_004,难不成，我还挺厉害的？
Story/D_8_2_5_9_002,外边一时没有动静了，爷爷。\n您安全了，都是我哥哥的功劳。
Story/D_8_2_5_9_003,是啊。
Story/D_8_2_5_9_004,那您身为掌门，如何赏他？
Story/D_8_2_5_9_005,这就开始为师弟讨赏了吗？事都还没完呢。
Story/D_8_2_5_9_006,客官，您有所不知，最绝的买卖就是要先让客官試用，\n你发现这货管用帮得上忙，将来八成也离不开他的时候，\n就是商品价值水涨船高的时候了。
Story/D_8_2_5_9_007,这话你跟谁学的？
Story/D_8_2_5_9_008,萤姊姊。
Story/D_8_2_5_9_009,别学那些奸巧的！
Story/D_8_2_5_9_010,君子可以欺之以方，我又没骗人钱财，你还不让我欺一下。
Story/D_8_2_5_9_011,你这……唉，总有你说的。
Story/D_8_2_5_9_012,有奖励的话，人办事也会勤快一点。
Story/D_8_2_5_9_013,你当他是马吗？
Story/D_8_2_5_9_014,那你说，赏他什么好？
Story/D_8_2_5_9_015,我哥哥在唐门苦熬多年，既有苦劳，亦有功劳。\n便是金山银山给他也不为过。
Story/D_8_2_5_9_016,金山银山没有，举债如山就有。
Story/D_8_2_5_9_017,那～没办法了。
Story/D_8_2_5_9_018,爷爷您只好把孙女儿许配给他了。
Story/D_8_2_5_9_019,我好多年前家里就没人啦，举目无亲，哪来的孙女呢？
Story/D_8_2_5_9_020,什么话，您不认我了吗！\n您是唐门大家长，裳儿跟哥哥入了唐门，也就是您的家人！\n喊您一声爷爷，再合适不过。
Story/D_8_2_5_9_021,所言似乎在理。\n不过，你的终身大事真的要我允可吗？
Story/D_8_2_5_9_022,其实也不一定要。
Story/D_8_2_5_9_023,但是我想要。您要动用掌门权威偏宠我，\n像嫁亲孙女一样帮我大办特办才行。
Story/D_8_2_5_9_024,哈哈哈，好，好。都依你。
Story/D_8_2_5_9_025,然后帮我把其他狐狸精通通赶走。\n裳兒除了默铃以外，没打算跟其他女子共事一夫的说。
Story/D_8_2_5_9_026,小师妹就可以吗？
Story/D_8_2_5_9_027,倒也不是可以，不过我太～喜欢默铃了。\n要想真当一家人，唯有出此下策。\n只要成了亲，我哥哥就没有利用价值了，可以杀掉。
Story/D_8_2_5_9_028,……。
Story/T_8_2_5_9_005,怎么，忽然一阵恶寒，是有强敌将至吗？
Story/D_8_2_5_9_029,……？
Story/T_8_2_5_9_006,哥哥，我帮你争得了世间最好的赏，你千万要好好的，才有后福好享。
Story/T_8_2_5_9_010,……山下喊声似乎消停了，至少凭我的内功已听不见动静。\n一时也没有别的刺客来了……守住了吗？
Story/T_8_2_5_9_011,还是说，已经全军覆没了？
Story/D_8_2_5_9_045,无论如何，争取时间调息吧。
Story/D_8_2_5_9_046,那怎么行呢？
Story/D_8_2_5_9_047,你应该要像只蝼蚁，被水圈住，无处可逃，\n尽情挣扎，最终绝望地死去。
Story/D_8_2_5_9_079,哪里来的声响？
Story/D_8_2_5_9_048,那声响，来自你失速的心拍。
Story/D_8_2_5_9_049,来自深不见底的幽冥地狱，听啊，死亡在呼唤你。
Story/D_8_2_5_9_050,哦，是吗？那我不妨好心，送你回去！
Story/D_8_2_5_9_051,无、无、无相祖师！你竟然……竟然没死！这怎么可能？\n我分明亲眼见你摔落悬崖。
Story/N_8_2_5_9_002,他坠崖，你是亲眼所见，\n不似你和云裳冥冥受眷顾，经连番奇遇，遍体鳞伤才苟活性命。\n他就这么完好如初，浑似没事人般现身出来，你胆子再大，却待如何不惊。
Story/D_8_2_5_9_052,吓到了？你们两个小鬼那会儿没死成，才真的吓到了老夫。\n你又没穿大袍子，更不懂飞鼠功，居然没死？真他妈的够玄。
Story/D_8_2_5_9_053,还道左右是死路一条，老夫不妨藏身起来看好戏。\n看你何时露出原形，丑态毕露，糟蹋了那小娘子，\n不意你这厮竟然这么窝囊，死都没胆出手。
Story/D_8_2_5_9_054,我才不窝囊，我那时他妈的断了腿，你别强人所难！
Story/D_8_2_5_9_055,喂喂喂喂喂！
Story/D_8_2_5_9_056,你这恶徒，满心污秽，所以举目皆浊。\n你意料不到的事多的是！
Story/D_8_2_5_9_057,好光明，好伟岸！\n老夫看你是真的有病，生在泥坑里的种，还学那些正派的狗屁侠义。
Story/D_8_2_5_9_058,哥哥这叫出淤泥而不染的说！
Story/D_8_2_5_9_059,你听见了吧，我妹夸我来着。
Story/D_8_2_5_9_060,快……逃……。
Story/D_8_2_5_9_061,杨玄奇。\n老夫见你相貌英俊，是块好料子，才收你为徒。\n结果半点屁用也没有。
Story/N_8_2_5_9_003,无相祖师一脚踏碎徒弟的脊椎，\n鲜血喷溅出来，三代人魔杨玄奇，就此绝命。
Story/D_8_2_5_9_062,你……这般心狠手辣。
Story/D_8_2_5_9_063,唉，人才难得，千面人魔一代不如一代。\n那杨玄奇相貌英俊，还道是块好料子，给他占着第三代的头衔，\n结果半点屁用也没有，倒让天下英雄见笑了。
Story/D_8_2_5_9_080,他白学了一身本领，怎不好好发挥易容术，\n随便弄死个不起眼的唐门弟子，换张脸皮，早些混进你唐门？\n却光明正大现身出来找死，蠢。
Story/D_8_2_5_9_081,谁像你这般卑鄙无耻！
Story/D_8_2_5_9_082,这就卑鄙、无耻了？那你还是太大瞧人性了。\n人哪，只要不觉得自己有错，那是什么也能做得出来。
Story/D_8_2_5_9_064,九命豹也真是个扶不起的阿斗，除了心肠够狠，别的一无是处。\n枉费老夫易容夺魄掌门，费心托举，令他当上了崆峒掌派人，\n结果得意忘形，就这么死了？
Story/D_8_2_5_9_065,原来幕后黑手是你。
Story/D_8_2_5_9_066,眼皮子浅，看不透真相，就别怨自己被人作刀使。
Story/D_8_2_5_9_067,释明真是个老废物，亏老夫易容成觉醒，没少费唇舌，\n加深他心头魔障，结果竟沉不住气，巴巴过来讨杀。
Story/D_8_2_5_9_068,觉醒大师慈悲为怀，你竟冒他名讳招摇撞骗！
Story/D_8_2_5_9_069,要不要告诉你，鼎鼎大名的岭南剑派，也是老夫易容，一手带歪毁掉的？\n不然好好的人不当、自尊不要，干嘛争先恐后易名冒充别人？
Story/D_8_2_5_9_070,自是要打小教，腌渍入心。\n教他们发自内心认为，比起努力精进，不如去怨人、妒人、拉垮别人。
Story/D_8_2_5_9_083,你猜猜，将来是南宫大同理想会实现，还是人会变得越来越自私？\n先是岭南，后是崆峒，再来嵩山。\n哪儿有光，老夫便往哪儿去，扑灭照世的灯。
Story/D_8_2_5_9_084,只要跟我一样的人成为多数，老夫便算不得是恶人。
Story/D_8_2_5_9_085,令人发指的邪恶。
Story/D_8_2_5_9_086,你哪儿也去不了，今日我来扑灭你的续命灯。
Story/D_8_2_5_9_071,本来嘛，主上雄才大略，尚须老夫一效犬马之劳。\n再晚一点儿现身，等到东西武林盟两败俱伤，再收渔翁之利，方为上策。
Story/D_8_2_5_9_087,但是不行。\n老夫等不了，坐立不安，辗转难眠。\n心底那叫个怕啊，怕你死得太容易。
Story/D_8_2_5_9_088,你……。
Story/D_8_2_5_9_072,荣幸吧，我今回是专程为你来的。\n不仅为了杀你性命，重要的是，老夫要先杀你的心。\n你这样的人，实教老夫如坐针毡，不能忍受半点。
Story/D_8_2_5_9_073,铁、铁冠长老？你不是已经……这是怎么一回事！
Story/D_8_2_5_9_074,我就跟你说吧！\n这人才不是啥铁冠长老，他是千面人魔之祖，无相祖师！
Story/D_8_2_5_9_075,邹掌门留心，他不是铁冠长老，是冒充的！\n此人正是千面人魔之祖，无相祖师！
Story/D_8_2_5_9_076,掌门也在呀。
Story/D_8_2_5_9_077,你年轻时或许还能跟老夫过两招，现在嘛，呵呵呵。
Story/D_8_2_5_9_078,一起下去吧。
Story/T_8_2_5_9_007,……山下喊声似乎消停了，至少凭我的内功已听不见动静。\n一时也没有别的刺客来了……守住了吗？
Story/T_8_2_5_9_008,还是说，已经全军覆没了？
Story/D_8_2_5_9_030,无论如何，争取时间调息吧。
Story/D_8_2_5_9_031,拍拍，辛苦了，师兄快休息。
Story/D_8_2_5_9_032,不错，不错，师弟表现不错，你阖眼歇会儿，我绝不弄你。\n我替你代班，等下有外敌来了再喊你便是。
Story/T_8_2_5_9_009,你怎么还演上了啊。
Story/D_8_2_5_9_033,没敌人了吗？
Story/D_8_2_5_9_034,萤姑娘……你不必太逞强的。
Story/D_8_2_5_9_035,现在不是软弱的时候，你别……别对我太温柔，我会哭的。
Story/D_8_2_5_9_036,等到一切都结束，你的肩头要借我。
Story/D_8_2_5_9_037,明白了。
Story/D_8_2_5_9_038,我内功不好，山下动静听不真切，是不是没声音了啊？
Story/D_8_2_5_9_039,是，起码我也听不见了。
Story/D_8_2_5_9_040,赢了？
Story/O_8_2_5_9_001,赢了
Story/D_8_2_5_9_041,当然。
Story/O_8_2_5_9_002,不知道
Story/D_8_2_5_9_042,不知道，说不定……。
Story/D_8_2_5_9_043,定是赢了，你可别乌鸦嘴。
Story/D_8_2_5_9_044,行了，好不容易才消停了的，你快趁机歇会儿，我不吵你了。
Story/D_8_2_6_1_001,师兄弟姊妹们！
Story/D_8_2_6_1_002,你们是谁？
Story/D_8_2_6_1_003,唐默铃。
Story/D_8_2_6_1_004,{size=50}唐门！！{/size}
Story/D_8_2_6_1_005,呃，唐门。
Story/D_8_2_6_1_006,{size=50}唐门！！{/size}
Story/D_8_2_6_1_007,甭管对手是何方神圣，有人侵门踏户，招惹唐门。\n我们要怎么办？
Story/D_8_2_6_1_008,{size=50}战他娘亲！！{/size}
Story/D_8_2_6_1_009,很好。
Story/D_8_2_6_1_010,要提醒天下人，勿忘唐门的恐怖。\n今日超渡不了的，也要让他们永生难忘，每晚都会骇然惊醒！
Story/D_8_2_6_1_011,让天下人知晓，唐门没有式微。\n此时此刻你我都在，便是唐门最强的时代！
Story/D_8_2_6_1_012,{size=50}噢！！{/size}
Story/D_8_2_6_1_013,负责守卫大院的留下，其余人随我上阵杀敌。
Story/D_8_2_6_1_014,{size=50}是！{/size}
Story/D_8_2_6_1_015,小师妹，家就交给你了。
Story/D_8_2_6_1_016,喔。
Story/D_8_2_6_1_017,那……我走了。
Story/D_8_2_6_1_018,……。
Story/D_8_2_6_1_019,等等。
Story/D_8_2_6_1_020,拍拍，平安，幸运，勇气。
Story/D_8_2_6_1_021,交给我。
Story/D_8_2_6_1_022,拍拍，平安，幸运，勇气。
Story/D_8_2_6_1_023,多谢小师妹加持，我一定平安归来。
Story/D_8_2_6_1_024,……恭送师兄。\n你一定要平安，不要再乱跑了。
Story/D_8_2_6_1_025,放心，家有如花似玉的你，我才舍不得死。
Story/D_8_2_6_1_026,哦。
Story/D_8_2_6_1_027,我没有特别好，可是你满意就好。
Story/D_8_2_6_1_028,遵命，我去去就回。
Story/D_8_2_6_1_029,二位大人，这既是朝廷的旨意，下官小小知县不敢不从。\n必定全力配合，但还请千万高抬贵手。
Story/D_8_2_6_1_030,眉山镇不算富饶，每年交了税赋，仅能餬口，\n每有加耗，就得寅吃卯粮，实在经不起折腾。\n要是可以大事化小，握手言和就好了。
Story/D_8_2_6_1_031,知县大人，把话省省吧。\n你眉州收成几何，我等心照不宣，你无非是想包庇唐门。
Story/D_8_2_6_1_032,……大人明察，唐门虽是江湖门派，颇有不逊名声。\n公然与县府衙门对抗的劣迹也难撇清，但是……但是……\n坐镇蜀中以来，使宵小贼寇不敢横行，又与民为善，施粥置田──
Story/D_8_2_6_1_033,够了。再说，本官就当你抗命，按律法办。
Story/D_8_2_6_1_034,下官不敢，下官不敢，大人恕罪。
Story/D_8_2_6_1_035,放心吧，知县大人。这是武林恩怨，又不是要你带兵剿匪。\n只要江湖武人不伤及无辜，此事便牵扯不到你头上。\n你只管按兵不动便是。
Story/D_8_2_6_1_036,是，下官告辞。
Story/D_8_2_6_1_037,二位大人，盟主已经下令先锋进攻，还请移驾阵后以策安全。
Story/D_8_2_6_1_038,贤侄不必忧心，我既提刀重出江湖，便无退缩的道理。\n何况武林盟以此镇为据点，敌人决计不敢大举来攻，要是滋扰民生，哼。
Story/D_8_2_6_1_039,那这些朝廷兵马，就有名目参战了。
Story/D_8_2_6_1_040,他们定然不敢，只能困守在山，屈居被动。\n只要严防陷阱、落石，我等可谓已立于不败之地。
Story/D_8_2_6_1_041,围攻唐门可不比江陵之战，那时军民一心同体。\n责任在于盟主，本官奉劝各位最好别太悠哉。\n若是耽误民生，难保上官大人不会被朝中重臣参上一本。
Story/D_8_2_6_2_001,那就是唐门外堡。
Story/D_8_2_6_2_002,我说，绕过去直取大院不行吗？非得拿下外堡的理由是什么？
Story/D_8_2_6_2_003,是因为战略考虑的缘故。
Story/D_8_2_6_2_004,大公子，哦不，南宫家主，此话怎讲？
Story/D_8_2_6_2_005,公子怎么说，你怎么做得了，问那么多干嘛？
Story/D_8_2_6_2_006,我脑子不好使嘛，体谅一下，问一嘴又不会少一块肉。
Story/D_8_2_6_2_007,说来也不深奥，若我等急功近利，绕过外堡登山攻击唐门，\n又不能一举拿下，不是反而陷入惨被夹攻的危境吗？\n亦或者他们反其道而行，从外堡派出刺客，直取盟主也未可知。
Story/D_8_2_6_2_008,哦～对嘛，这么一讲我就懂了，看来外堡是非得夷平不可。
Story/T_8_2_6_2_001,问题在于，该怎么攻下外堡。\n那外堡虽小，可是唐门机关暗器不容小觑，正面冲突，一定死伤惨重。
Story/D_8_2_6_2_009,军师。
Story/D_8_2_6_2_010,温夫人好。晚辈愚钝，在宫主面前岂敢自居军师。\n还请宫主不吝，以良方示我。
Story/D_8_2_6_2_011,容易之至。\n本宫施展音波功催之，不必折损一兵一卒，即可令他们自行开门。
Story/D_8_2_6_2_012,我怎么没想到呢？果真良策！
Story/D_8_2_6_2_013,为免你届时又拿借口污我宫人名声，姑且再提醒一次。\n心性不稳、内功修为不足者闻我琵琶声，有害身心。\n你下令使各路盟友退避三里开外为善。
Story/D_8_2_6_2_014,这……。
Story/D_8_2_6_2_015,锦香宫列阵！
Story/D_8_2_6_2_016,{size=50}是！{/size}
Story/D_8_2_6_2_017,宫主且慢，此事还有待商议。
Story/D_8_2_6_2_018,啰唆，本宫只助武林盟开门，即算是尽了义务。
Story/D_8_2_6_2_019,南宫小子。
Story/D_8_2_6_2_020,大师！
Story/D_8_2_6_2_021,老夫已经还俗，不可再称我为大师。\n我本欲上山直取头目，见你一脸忧心忡忡，且来问你，\n可是担心那堡垒大门紧闭，难以攻破？
Story/D_8_2_6_2_022,正是。
Story/D_8_2_6_2_023,你南宫老太爷与我也算故交，罢了。\n老夫便助你一嗓子。
Story/D_8_2_6_2_024,万里前辈，可是要使那佛门狮吼功？
Story/D_8_2_6_2_025,对，你让内功不到家的，都退避三里开外。\n老夫只等你三十息，就要发功。
Story/D_8_2_6_2_026,不妙，各位武林盟友，速速退避！运功抵御声波！
Story/D_8_2_6_2_027,我的天，人好多！要死了要死了！\n现在从后门溜掉还来得及吗？
Story/D_8_2_6_2_028,四师兄，你镇定一点，你不是来坐镇外堡的吗？\n连你都慌成这样，会影响军心啊！
Story/D_8_2_6_2_029,各位弟兄别慌，都稳住！
Story/D_8_2_6_2_030,道法将军！有你在我就安心了，我唐四就跟着你了。
Story/D_8_2_6_2_031,哈哈！好！唐四侠好气魄！
Story/D_8_2_6_2_032,蛤？
Story/D_8_2_6_2_033,贫道打仗素来身先士卒，去的地方都是最险最恶的绝境，往往有去无回。\n唐四侠愿随我一道，足见胆识过人。
Story/D_8_2_6_2_034,我还有事先走了改天一起吃饭我请客。
Story/D_8_2_6_2_035,四师兄你先消停一下，别吵。
Story/D_8_2_6_2_036,将军，他们实在太多，起码有我们两倍不止，却该如何是好？
Story/D_8_2_6_2_037,既然规模从群殴上升到战争，那便是贫道的主场。\n没什么可怕的，都按策略进行便是！
Story/D_8_2_6_2_038,真、真的吗，有将军这一说，顿时就踏实了。
Story/D_8_2_6_2_039,我也上堡楼看看情况。
Story/D_8_2_6_2_040,干嘛还不冲出去打他妈妈！
Story/D_8_2_6_2_041,万万不可，我们的优势就在外堡，樊兄弟，你得耐住性子。
Story/D_8_2_6_2_042,俺耐不住！俺要打架！汪汪！
Story/D_8_2_6_2_043,你给我过来。
Story/D_8_2_6_2_044,师、师父！
Story/D_8_2_6_2_045,还要为师说第二遍，是吗？
Story/D_8_2_6_2_046,师父，我错了，人家不该自称俺的。
Story/D_8_2_6_2_047,呵，你错的可多着。
Story/D_8_2_6_2_048,啊！师父不要！很多人在看！
Story/D_8_2_6_2_049,阿狗，你最好别烦人家。
Story/D_8_2_6_2_050,你算哪根葱，谁来我也不听！
Story/D_8_2_6_2_051,我知道你不听人话，但是狗话你总听吧？
Story/D_8_2_6_2_052,这声音是……狗鸡！
Story/D_8_2_6_2_053,你的狗在我们手里，但凡你敢动我们一下，或者再吵要开门，\n我们就把那条狗也扔出堡去，看他兵荒马乱能不能活！
Story/D_8_2_6_2_054,有话好说，不要啊！
Story/D_8_2_6_2_055,阿狗，你最好别烦人家。
Story/D_8_2_6_2_056,你算哪根葱，谁来我也不听！
Story/D_8_2_6_2_057,我知道你不听人话，但是狗话你总听吧？
Story/D_8_2_6_2_058,这声音是……狗鸡！
Story/D_8_2_6_2_059,你的狗在我们手里，但凡你敢动我们一下，或者再吵要开门，\n我们就把那条狗也扔出堡去，看他兵荒马乱能不能活！
Story/D_8_2_6_2_060,有话好说，不要啊！
Story/D_8_2_6_2_061,樊兄弟，你听我说。\n你想揍的人是一群龟孙子，不会现身在前线，现在去白白送死罢了。
Story/D_8_2_6_2_062,就是，你要是消耗了力气，到时打不动怎办？\n你得保存实力，等我们打一阵子给你开路，你再报仇雪恨。
Story/T_8_2_6_2_002,万一之时，我就趁你引起骚动再逃跑。
Story/D_8_2_6_2_063,好像是这样！
Story/D_8_2_6_2_064,就这么办，多谢提醒，不然俺要坏事。\n俺去角落蹲着等。
Story/D_8_2_6_2_065,小师妹你可来了！换班！换班！\n我没料到对面人那么多，这我招架不来啊！吓都要吓死。
Story/D_8_2_6_2_066,拍拍不怕。
Story/D_8_2_6_2_067,……。
Story/D_8_2_6_2_068,还怕吗？
Story/D_8_2_6_2_069,废话，当然怕。你这拍拍只对掌门跟师弟管用好吗？
Story/D_8_2_6_2_070,不过呢，我就再待一会儿才跑吧。
Story/D_8_2_6_2_071,我来了，现在什么情况？
Story/D_8_2_6_2_072,师弟～我从没一日这么想念你！
Story/D_8_2_6_2_073,可以请你快点住手吗？我喜欢的是小娘子。
Story/D_8_2_6_2_074,弟子，你不在山上坐镇，跑来前线做甚。
Story/D_8_2_6_2_075,师父，我想与你并肩作战。
Story/D_8_2_6_2_076,哼嗯……行吧。
Story/D_8_2_6_2_077,呼，呼，你拉我跑这么快……害我……快……快喘死。
Story/D_8_2_6_2_078,你又不让我背、不让我抱，还不许我先走，我不是只能拉着你跑吗？
Story/T_8_2_6_2_003,死人，我讲归讲，你可以不听啊。\n抱我一下又不会死！我最多捶你两拳遮羞。
Story/T_8_2_6_2_004,看来新仇盖过旧恨，她一时忘了上回那碴。
Story/T_8_2_6_2_005,你这家伙笑屁？八成以为我忘了上回那碴吧。
Story/T_8_2_6_2_006,……算了，你虽然花心，对我也是真好的，比大公子待我要好。\n我虽不能与你结连理，但是做好朋友、好兄弟也是可以的。\n一个不好，我们今日就死了，犯不着再板着脸和你置气。
Story/D_8_2_6_2_079,对面要使音波功了，那音波功无质无形，最是难防难闪。\n何况距离太远，我设的陷阱埋伏都够不着，却该如何是好？
Story/D_8_2_6_2_080,对面似乎要使音波功，声波无孔不入，\n那距离之远，便是发镖也打不到，我们该如何是好？
Story/D_8_2_6_2_081,锦香宫真是恩将仇报，我们在风雨山那样舍命相助，\n她们却甘为武林盟的马前足！
Story/D_8_2_6_2_082,唔……。
Story/D_8_2_6_2_083,啊，抱歉，龙姑娘，说的当然不是你。
Story/T_8_2_6_2_007,仙儿师姊不是说，要我信她锦香宫是友非敌吗？\n这会儿人却不知上哪去了。
Story/D_8_2_6_2_084,那鹰侠万里前辈可是嵩山派从前的达摩院首座！\n狮吼功、易筋经、鹰爪手，全都练到登峰造极，唐门又不擅长内功，\n如何能挡他的吼声？
Story/T_8_2_6_2_008,我虽然也懂一点音波功的皮毛，但是内功不如对手精纯，\n便是谷尽内力吼回去，也难抵销威力。
Story/D_8_2_6_2_085,……我也懂一点音波功，说不定可以吼回去。\n便是压不过对面，也可以抵销部分威力。
Story/D_8_2_6_2_086,……再若不然，就得主动开门，出堡迎战。
Story/D_8_2_6_2_087,牵一匹马来，我去。
Story/D_8_2_6_2_088,不，我去吧，我也不必马，走着去见师姊妹。
Story/D_8_2_6_2_089,湘姊，别冲动，先等等──
Story/D_8_2_6_2_094,没辙！
Story/D_8_2_6_2_095,且慢，我去吧。
Story/D_8_2_6_2_096,谁拉我……
Story/D_8_2_6_2_097,人呢？
Story/D_8_2_6_2_090,没辙！
Story/D_8_2_6_2_091,且慢，声波功不足为惧。\n无非是比谁声音大，战场上，吆喝声哪曾少过？\n我们齐声吼回去便是！
Story/D_8_2_6_2_092,说得也是！
Story/O_8_2_6_2_001,吼回去
Story/O_8_2_6_2_002,解锁条件：？？？
Story/O_8_2_6_2_003,开门出城驱赶
Story/D_8_2_6_2_093,不能让对面为所欲为，不得已，只好我们主动出击！\n大家都随我上！
Story/O_8_2_6_2_004,紧闭大门
Story/O_8_2_6_2_005,我出去会一会来人
Story/O_8_2_6_2_006,解锁条件：？？？
Story/D_8_2_6_2_1_001,师姊、师妹，请你们三思。
Story/T_8_2_6_2_1_001,为防音波功所扰，武林盟侠客都躲得老远。\n但锦香宫女流各个武功高强，湘姊一人如何能挡。
Story/D_8_2_6_2_1_002,湘儿，见了师父，怎么不叫人？
Story/D_8_2_6_2_1_003,因为你不是我师父。
Story/D_8_2_6_2_1_004,呵……姊姊真没有白疼你。
Story/D_8_2_6_2_1_032,我来也。
Story/D_8_2_6_2_1_033,你是……。
Story/D_8_2_6_2_1_034,岭南派，南溪，友军。
Story/D_8_2_6_2_1_035,好。
Story/T_8_2_6_2_1_003,「好」，吗……这就信我了？\n我此刻从背后斩你一剑，你可就没命了啊。
Story/D_8_2_6_2_1_036,敢问锦香宫要与唐门为敌，是阁下的意思吗？
Story/D_8_2_6_2_1_037,本宫若说是呢？
Story/D_8_2_6_2_1_038,那么多言无益，你是何方神圣都无所谓了。
Story/D_8_2_6_2_1_039,南女侠，请你助我牵制其他宫人，力所能及就别伤人。\n我斩死那人，便来助你。
Story/D_8_2_6_2_1_040,把那么多人丢给我，你还真看得起我。
Story/D_8_2_6_2_1_041,十息之内没决出胜负，你便自己逃生吧。
Story/D_8_2_6_2_1_042,十息？那你又太小看在下了。
Story/D_8_2_6_2_1_043,哦、哦呵呵呵，两位冷静点儿，是我！是我啦！
Story/D_8_2_6_2_1_044,咦，仙儿师姊，怎么是你！
Story/D_8_2_6_2_1_045,两个标致小娘子，杀气恁重。
Story/D_8_2_6_2_1_005,敢问锦香宫要与唐门为敌，是阁下的意思吗？
Story/D_8_2_6_2_1_006,本宫若说是呢？
Story/D_8_2_6_2_1_007,那么多言无益，你是何方神圣都无所谓了，先吃我一剑。
Story/D_8_2_6_2_1_008,慢着，才说两句话你就拔剑。\n决定动手杀人的门坎也太低了！是我！是我！
Story/D_8_2_6_2_1_009,咦，仙儿师姊，怎么是你！
Story/D_8_2_6_2_1_010,咦？师姊，你怎么……。
Story/D_8_2_6_2_1_011,哦呵呵，我怎么一下在这、一下在那，我到底是谁？\n把你搞胡涂了，迷惑得不得了吧？
Story/D_8_2_6_2_1_012,怎么……大家都完全不惊讶的样子，你们全都知道？
Story/D_8_2_6_2_1_013,哦呵呵呵呵，我的笨师妹啊，笨也要有个限度。\n你不知你笨的讨人喜欢吗？再让师姊我心痒难搔，没准会把你生吞活剥。
Story/D_8_2_6_2_1_014,我是人，怎么能吃。
Story/D_8_2_6_2_1_048,南女侠看着滋味儿也不坏。\n岭南瘴厉之地，原来也生得出这样精致的人儿。
Story/T_8_2_6_2_1_004,这是什么……战栗？不，是更纯粹的……我在畏惧她。\n这人究竟何方神圣？
Story/D_8_2_6_2_1_015,哈哈哈，师姊，你说这个她听不懂啦！
Story/D_8_2_6_2_1_016,什么啦，我哪里说不对了，人本来就不能吃人。\n除非师姊是妖魔化身。
Story/D_8_2_6_2_1_017,我说不定真是哦？化皮妖，千面鬼。
Story/D_8_2_6_2_1_018,真是的话我也不怕，都一起生活那么久了。\n我只怕……只怕必须跟你们兵戎相见。
Story/D_8_2_6_2_1_019,你想，武林盟迫害锦香宫、害死了宫主，此仇不共戴天。\n不找他们算账就算忍辱负重了，有哪个没血没泪的会跟他们同流合污？\n师姊妹们，你们来告诉这个傻师妹。
Story/D_8_2_6_2_1_020,一个也没有！有恩报恩，有仇报仇！我们帮唐门！
Story/D_8_2_6_2_1_021,你们……太好了，太好了！
Story/D_8_2_6_2_1_022,真的太好了……呜～
Story/T_8_2_6_2_1_005,扫兴，又没打成。
Story/D_8_2_6_2_1_023,龙师妹，都说你长大了，怎么还是爱哭包。
Story/D_8_2_6_2_1_024,不哭了，以后大家还在一起！
Story/D_8_2_6_2_1_025,是！
Story/D_8_2_6_2_1_026,还不开门放我们进去，总不能是信不过自家姊妹。
Story/D_8_2_6_2_1_046,赵少侠，你连我都信得过，总不能信不过锦香宫吧。
Story/D_8_2_6_2_1_047,那当然。
Story/D_8_2_6_2_1_027,当然信得过，对吗？
Story/T_8_2_6_2_1_002,应该不会是假意投诚，实则打算里应外合对付我们吧？
Story/D_8_2_6_2_1_028,弟，你怎么啦？
Story/D_8_2_6_2_1_029,没、没事，当然信得过啦。
Story/D_8_2_6_2_1_030,当然！
Story/D_8_2_6_2_1_031,师姊妹们，快随我退入外堡，以免武林盟的坏人追击！
Story/D_8_2_6_2_2_001,虽然内力不及对方，但是声波功我也练过。\n要比谁更吵，我可不见得便输，走，上堡楼去。
Story/D_8_2_6_2_2_002,赵大侠，你我上堡楼去，发声长啸，激励士气！
Story/D_8_2_6_2_2_003,好！
Story/D_8_2_6_2_2_004,{size=50}噢────！！{/size}
Story/D_8_2_6_2_2_005,嘿，对面的倒有骨气，还敢应声。
Story/D_8_2_6_2_2_006,前辈，您这是……？
Story/D_8_2_6_2_2_007,什么这是那是？嗓子哑了，不喊了。
Story/D_8_2_6_2_2_008,……。
Story/D_8_2_6_2_2_009,怎么，不满吗？有怨言要说。
Story/D_8_2_6_2_2_010,不，已经偏劳前辈，怎敢厚颜咄叱？\n南宫世家有润喉滋补的糖药，敬献前辈。
Story/D_8_2_6_2_2_011,你有这么好心？\n我看你古怪得很，老夫催敌不成，你却像松了一口气。
Story/D_8_2_6_2_2_012,前辈哪来的话？晚辈素来敬仰万里前──
Story/D_8_2_6_2_2_013,这些恭维话就省了，你说的润喉药拿来。
Story/D_8_2_6_2_2_014,是。
Story/D_8_2_6_2_2_015,对面的只是瞎喊，也能与狮吼功抗衡吗？
Story/D_8_2_6_2_2_016,你懂个屁？狮吼功是以声波挟带内力伤人，他们瞎喊自然不能相消。\n但耳畔所闻皆是自己人的喊声，老夫的啸声影响自然大减。
Story/D_8_2_6_2_2_017,原来是这样。
Story/D_8_2_6_2_2_018,本来佛门狮子吼便是降服外道的神通。\n狮子一吼，百兽皆死，喻佛说法，魔外消亡。\n他们大胆无畏，不见得便是妖邪，不为狮吼所伤，也是理所当然。
Story/D_8_2_6_2_2_019,师兄！我们成功了！那老头滚蛋了！
Story/D_8_2_6_2_2_020,哈哈哈！我从来没这么大喊过，嗓子都哑了。
Story/D_8_2_6_2_2_021,师兄，刚才──
Story/D_8_2_6_2_2_022,咳咳。
Story/D_8_2_6_2_2_023,{size=24}没声音了。{/size}
Story/D_8_2_6_2_2_024,你也随大家一起喊吗？\n从没听你大叫，可恶，错过了。
Story/D_8_2_6_2_2_025,师父，你也有跟着喊吗？
Story/D_8_2_6_2_2_026,当然没有，我能做那种没品的事情吗？
Story/D_8_2_6_2_2_027,说的也是。
Story/D_8_2_6_2_2_028,怎么样，我也有出力喔。
Story/D_8_2_6_2_2_029,骂人你最行，其实压根不需旁人出手，\n河东狮吼有你一个足矣。
Story/D_8_2_6_2_2_030,你敢损我是吧？
Story/D_8_2_6_2_2_031,哎唷，饶命。
Story/D_8_2_6_2_2_032,你既然说我河东狮吼，我可不能让你失望，总之以后你别想好过。
Story/D_8_2_6_2_2_033,咱们能不那么较真吗？
Story/D_8_2_6_2_2_034,哈哈哈，这下气势足了，可以开战了。
Story/D_8_2_6_2_3_001,我上堡楼去。
Story/D_8_2_6_2_3_002,内力差太多了，压不住……！
Story/D_8_2_6_2_3_003,但是有效，抵销了大半，这样的话，一时半会儿还撑得住。
Story/D_8_2_6_2_3_004,不至于震撼内息，狮吼功便不足为惧了。
Story/T_8_2_6_2_3_002,现在只能说是勉强压住，再吼的话，支持不了多久。\n迫不得已，我只好出堡去跟万里前辈斗上一斗。
Story/T_8_2_6_2_3_003,倘若瑞郎在此，就足与万里前辈一拚了，没办法。
Story/T_8_2_6_2_3_001,嘿，那姓赵的小子是唐门子弟，内功造诣却还可以，真是怪胎。
Story/D_8_2_6_2_3_005,嘿，对面也有这样的高手。
Story/D_8_2_6_2_3_006,前辈，您这是……？
Story/D_8_2_6_2_3_007,什么这是那是？嗓子哑了，不喊了。
Story/D_8_2_6_2_3_008,……。
Story/D_8_2_6_2_3_009,怎么，不满吗？有怨言要说。
Story/D_8_2_6_2_3_010,不，已经偏劳前辈，怎敢厚颜咄叱？\n南宫世家有润喉滋补的糖药，敬献前辈。
Story/D_8_2_6_2_3_011,你有这么好心？\n我看你古怪得很，老夫催敌不成，你却像松了一口气。
Story/D_8_2_6_2_3_012,前辈哪来的话？晚辈素来敬仰万里前──
Story/D_8_2_6_2_3_013,这些恭维话就省了，你说的润喉药拿来。
Story/D_8_2_6_2_3_014,是。
Story/D_8_2_6_2_3_015,……可是那小子内功造诣远超想象，前辈一时难以拾夺？
Story/D_8_2_6_2_3_016,你想用激将法？呵，老夫吃的盐比你吃的米饭还多，\n当我穿得像野人就没见识吗。
Story/D_8_2_6_2_3_017,晚辈绝无此意。
Story/D_8_2_6_2_3_018,那小子内功修为不浅，要令他内力耗尽枯竭而死并非难事，\n可老夫也必消耗不轻，太不划算。
Story/D_8_2_6_2_3_019,师兄！你成功了！那老头滚蛋了！
Story/D_8_2_6_2_3_020,佩服，赵兄，论内功，我是远远不如你了。
Story/D_8_2_6_2_3_021,师兄好厉害。
Story/D_8_2_6_2_3_022,聒噪的弟子，叫得真难听，下回别叫了。
Story/D_8_2_6_2_3_023,是，弟子也是情非得已。
Story/D_8_2_6_2_3_024,原来你也可以叫这么大声。
Story/D_8_2_6_2_3_025,声波气功要运内力激荡空气。\n又不是比大声就赢的，要不然派你上场，谁是对手？
Story/D_8_2_6_2_3_026,那倒也是。
Story/D_8_2_6_2_3_027,你敢损我是吧？
Story/D_8_2_6_2_3_028,哎唷，饶命。
Story/D_8_2_6_2_3_029,你既然说我河东狮吼，我可不能让你失望，总之以后你别想好过。
Story/D_8_2_6_2_3_030,咱们能不那么较真吗？
Story/D_8_2_6_2_4_001,……你看来是中计了啊，贤侄。
Story/D_8_2_6_2_4_002,老衲早说，那干魔教妖女绝非善类！罪过，罪过。
Story/D_8_2_6_2_4_003,岂有此理……。
Story/D_8_2_6_2_4_004,岂有此理！
Story/D_8_2_6_2_4_005,年轻人别这么气愤，宫主这不是兑现了诺言吗？\n兵不血刃就开门，随即关上罢了。
Story/D_8_2_6_2_4_006,武林盟群侠，随我南宫某人出阵，包围外堡！
Story/D_8_2_6_2_4_007,觉空老和尚派不上用场，接下来你打算如何？
Story/D_8_2_6_2_4_008,事到如今再想取巧也难，不如正攻！
Story/D_8_2_6_2_4_009,可以，你是军师，你来指挥便了。
Story/D_8_2_6_2_4_010,记住，这是你最后一次机会。\n要是你足以证明南宫世家依然可靠，萤儿的终身还有转寰余地。
Story/D_8_2_6_2_4_011,南宫世家的污名，就靠你洗刷了，贤侄可得争气。
Story/D_8_2_6_2_4_012,是，承蒙世伯提携栽培。
Story/D_8_2_6_2_4_013,武林盟群侠，随我南宫某人出阵，包围外堡！
Story/D_8_2_6_2_4_014,他们来了，准备好作战。
Story/D_8_2_6_2_4_015,{size=50}是！！{/size}
Story/D_8_2_6_2_4_016,是时候动用秘密武器了。
Story/D_8_2_6_2_4_017,？
Story/D_8_2_6_2_4_018,什么秘密武器？
Story/D_8_2_6_2_4_019,你说的，莫非是……那件事物吗？
Story/D_8_2_6_2_4_020,不、不行啊，师嫂三番五次交代，除非紧要关头，不能动用！\n你们都忘了吗？
Story/D_8_2_6_2_4_021,现在就是紧要关头了！
Story/D_8_2_6_2_4_022,我这就去着手准备！
Story/D_8_2_6_2_4_023,大家别慌，唐门的暗器、机关就那几件！\n南宫家主、上官大人都给我们透过他们底细了，只要不过份欺近，\n一股作气攻破堡垒大门，就是我们胜了！
Story/D_8_2_6_2_4_024,武林盟的人闯到堡外了，他们都有轻功内功，\n四面八方包围过来，大门壁垒拦不了多久的！\n万一他们冲进来纵火该如何是好？
Story/D_8_2_6_2_4_030,简单，抢先攻击。
Story/D_8_2_6_2_4_031,很有道理。
Story/D_8_2_6_2_4_032,师兄！不拦着吗？
Story/D_8_2_6_2_4_033,不。
Story/D_8_2_6_2_4_025,他们锐气已挫，反击时刻已至！\n各派侠士，都随贫道开门出去迎击！
Story/D_8_2_6_2_4_026,切记穷寇莫追，不要远离外堡！逃窜上山的也莫理会！\n全力防守，削弱武林盟，才是我等职责所在！
Story/D_8_2_6_2_4_027,时机成熟了，开门主动出击，把他们推离外堡！\n战线控制在堡内师弟妹可以发暗器支持的范围！
Story/D_8_2_6_2_4_028,不必怕，他们已经元气大伤，随我出门揍人！
Story/D_8_2_6_2_4_029,不必怕，他们已经元气大伤，我们能赢！
Story/D_8_2_6_2_5_001,呼……。
Story/D_8_2_6_2_5_002,{size=50}喝！！{/size}
Story/D_8_2_6_2_5_003,呃啊！
Story/D_8_2_6_2_5_004,师兄！你快想想办法啊！
Story/D_8_2_6_2_5_005,师兄这是……！胆经爆破，竟被活活吓死了！
Story/D_8_2_6_2_5_006,气血翻涌，头昏脑胀，这样下去不行。
Story/D_8_2_6_2_5_007,……！
Story/T_8_2_6_2_5_001,我习练别派气功法门，内功还过得去，师弟妹们却万万承受不住。
Story/T_8_2_6_2_5_002,我习练别派气功法门，这声波伤不了我，师弟妹们却万万承受不住。
Story/D_8_2_6_2_5_008,赵活……。
Story/D_8_2_6_2_5_009,萤姑娘！
Story/D_8_2_6_2_5_010,我点你睡穴，晕过去，气血便不易受声波震荡。\n你睡一会儿，我出去解决敌人。
Story/D_8_2_6_2_5_011,你说啥我都听不见……好晕……。
Story/D_8_2_6_2_5_012,……没办法。
Story/D_8_2_6_2_5_013,师父，你上哪去？
Story/D_8_2_6_2_5_014,──！
Story/D_8_2_6_2_5_015,万里前辈，别鬼吼鬼叫了。\n听说你嵩山鹰爪手很厉害，小女子素来敬仰的很。\n我也擅长指爪功夫，特来讨教。
Story/D_8_2_6_2_5_016,夺魄幽兰？你这女魔头自己现出踪迹来，老夫正好降妖除魔！
Story/D_8_2_6_2_5_017,秃驴，想对我师父怎样！
Story/D_8_2_6_2_5_018,师父，我来助你！
Story/D_8_2_6_2_5_019,是你小子？
Story/D_8_2_6_2_5_021,喂，快想點辦法！
Story/D_8_2_6_2_5_020,没办法，开门出击！
Story/D_8_2_6_2_5_1_001,好，好的很，你们这些小辈武功都不赖。\n剩下的等到僻静地方再打，有人来搅局，太不尽兴。
Story/D_8_2_6_2_5_1_002,妈的！老夫与人相斗，你们搅什么局？不打了！
Story/D_8_2_6_2_5_1_003,师父，你有受伤吗？
Story/D_8_2_6_2_5_1_004,没有，你呢？
Story/D_8_2_6_2_5_1_005,我不要紧。
Story/D_8_2_6_2_5_1_006,等……你衣服底下在流血不是吗？\n快、快回外堡，我给你包扎。
Story/D_8_2_6_2_5_1_007,不，已经开战了，没有那种余裕。\n万一输了，无人可以幸免。
Story/D_8_2_6_2_5_1_008,……说的对。
Story/D_8_2_6_2_5_1_009,上吧，为师守着你。
Story/D_8_2_6_2_5_1_010,好！
Story/D_8_2_6_2_5_1_011,轻伤而已，无碍。
Story/D_8_2_6_2_5_1_012,那老人家武功这么高，真不是浪得虚名，差点就翻船了。
Story/D_8_2_6_2_5_1_013,我也没受伤，至多破皮。
Story/D_8_2_6_2_5_1_014,那就好。
Story/D_8_2_6_2_6_001,大家先按兵不动，我去说道说道。
Story/D_8_2_6_2_6_002,师兄，你、你一个人去？你胆子怎就这么大？
Story/D_8_2_6_2_6_003,我也去。
Story/D_8_2_6_2_6_004,他自然不是一个人。
Story/D_8_2_6_2_6_005,我跟你一道，从前锦香宫的胭脂、绸缎都是我供的。\n怎么说也有几分薄面，一定可以说得上话。
Story/D_8_2_6_2_6_006,还有我。
Story/D_8_2_6_2_6_062,我也跟你去吧。
Story/D_8_2_6_2_6_007,出门说会儿话的罢了，人多反而误事，像我怕了他们似的。
Story/D_8_2_6_2_6_008,没事～两国交战不斩来使，我不会有事……应该不会有事……吧？
Story/D_8_2_6_2_6_009,你问我、我问谁？
Story/D_8_2_6_2_6_010,总之你们都听我的，不要轻举妄动。
Story/D_8_2_6_2_6_011,我就不信她们一群娘们，敢把我怎样。\n难道还能把我捆起来，逼我拜堂成亲生娃吗？
Story/D_8_2_6_2_6_012,不可以！
Story/D_8_2_6_2_6_013,我只是说笑罢了。
Story/D_8_2_6_2_6_014,不要说这种话，我会很不安。
Story/D_8_2_6_2_6_015,我知道错了。
Story/N_8_2_6_2_6_001,小师妹情人眼里出西施，完全无法当玩笑。\n深怕别人看上了你，将你抢去作新郎，心情七上八下，又气苦，又紧张。
Story/D_8_2_6_2_6_016,不三不四的弟子，狗嘴吐不出象牙。
Story/D_8_2_6_2_6_017,哎唷，师父，我说笑的呢。
Story/D_8_2_6_2_6_018,最好是！那个瞎眼的能看得上你这浑人。
Story/D_8_2_6_2_6_019,那我去说话，岂不是安全得很吗？舍我其谁。
Story/D_8_2_6_2_6_020,噗哧，哈哈！你那什么脸！打仗呢，你还没点正形。
Story/D_8_2_6_2_6_021,武林正派最重名声，我们放南宫家主下山，此刻我出去反被攻击，\n他们怎样也站不住脚。
Story/D_8_2_6_2_6_022,……好吧，你心里有数就好。
Story/D_8_2_6_2_6_023,……赵兄弟，我也陪你出堡去，只在十丈开外候着，防你被断退路。\n若你不能接受，我可不能答应开门。
Story/D_8_2_6_2_6_024,好吧，好吧。
Story/D_8_2_6_2_6_063,那我就站另一个方位吧。
Story/D_8_2_6_2_6_064,我这面子也太大了一点，还有左右护法。
Story/D_8_2_6_2_6_025,那我也一样。
Story/D_8_2_6_2_6_026,小师妹。
Story/D_8_2_6_2_6_027,……。
Story/D_8_2_6_2_6_028,我来照看，让她去吧。
Story/D_8_2_6_2_6_029,真拿你没办法，到底跟谁学的？越来越任性。
Story/D_8_2_6_2_6_030,跟云裳学的。
Story/D_8_2_6_2_6_031,……抱歉，教妹无方，叶某责无旁贷，之后会向掌刑使领罚。
Story/D_8_2_6_2_6_032,站住。
Story/D_8_2_6_2_6_033,各位女侠留步。
Story/D_8_2_6_2_6_034,赵少侠，有些日子不见你面，还是一样容光焕发、英姿飒爽。
Story/D_8_2_6_2_6_035,挖苦就不必了。
Story/D_8_2_6_2_6_036,温夫人过奖了，你何尝不是越活越年轻，像换了一个人似的？
Story/T_8_2_6_2_6_001,臭小子，哪壶不开提哪壶。\n讥讽我是吧？之后有你好菓子吃。
Story/D_8_2_6_2_6_037,温夫人过奖了。
Story/D_8_2_6_2_6_038,难为锦香宫各位女侠远道来作客，不巧算挑错日子了。\n今日本门有要事得忙，不便招待贵客，请回吧。
Story/D_8_2_6_2_6_039,岂有此理！
Story/D_8_2_6_2_6_040,锦香宫各位女侠，不才在下有一事相请。
Story/D_8_2_6_2_6_041,哦？所请何事，不妨说说。
Story/D_8_2_6_2_6_042,请回。
Story/D_8_2_6_2_6_043,你等不念情义，我却不愿手染熟人鲜血。
Story/D_8_2_6_2_6_044,只管笑吧，我只说这一次，再为虎作伥，休怪唐门无情。
Story/D_8_2_6_2_6_045,站住！
Story/D_8_2_6_2_6_046,温夫人还有何指教？
Story/D_8_2_6_2_6_047,岂有此理！连你这丑八怪都会学人耍帅，这世道究竟怎么了？
Story/D_8_2_6_2_6_048,臭师弟，我还特地先来提醒你，锦香宫是站你唐门这儿的。\n还道你是出来迎接的，哪晓得你脑子进水。
Story/D_8_2_6_2_6_049,那日锦香宫中，我们宫主招待唐门侠士侠女多日，\n宫主召你进殿，嘱托你照料宫人，你不是答应了吗？
Story/D_8_2_6_2_6_050,武林盟迫害锦香宫，害死了宫主，哪个没血没泪的会跟他们同流合污？\n傻子，当然是为了诳骗他们，一路恭恭敬敬把我们护送到新家。
Story/D_8_2_6_2_6_051,你们……不是来和唐门打架的？
Story/D_8_2_6_2_6_052,你长得丑惹人讨厌，那还不是你本意，情有可原。\n但你又丑又笨，真的欠杀。
Story/D_8_2_6_2_6_053,武林盟迫害锦香宫、害死了宫主，此仇不共戴天。\n不找他们算账就算忍辱负重了，有哪个没血没泪的会跟他们同流合污？\n师姊妹们，你们来告诉这个愚蠢的丑男。
Story/D_8_2_6_2_6_054,一个也没有！有恩报恩，有仇报仇！我们帮唐门
Story/D_8_2_6_2_6_055,你们真是来帮忙的？
Story/D_8_2_6_2_6_056,赵少侠，我们真是诚心来作客的，你还让我们回吗？
Story/D_8_2_6_2_6_057,我错了，我收回。适才多有得罪，万望海涵。\n各位女侠大驾光临，唐门蓬荜生辉，倒屣相迎都来不及！
Story/D_8_2_6_2_6_058,大家笑出声来，并非不敬，反而是对你佩服得很啊。
Story/D_8_2_6_2_6_059,我以小人之心度君子之腹。\n各位不怪罪就好，佩服什么的，实在汗颜。
Story/D_8_2_6_2_6_060,好了，别啰唆，还不快开门让我们进去，有话之后再说。\n大公子可不傻，等下教他看出端倪可就不好了。
Story/D_8_2_6_2_6_061,这边请。
Story/D_8_2_6_2_7_001,师姊，他们开门出来了！
Story/D_8_2_6_2_7_002,……看样子不像是来迎接我们的呀。
Story/D_8_2_6_2_7_003,毕竟我们什么话也没说……
Story/D_8_2_6_2_7_004,就被当成敌人了。
Story/D_8_2_6_2_7_005,师姊，他们大门紧闭不出，我们怎么办？去敲门吗？
Story/D_8_2_6_2_7_006,……我们过份靠近，就会被武林盟看破手脚。\n西武林盟不开门，我们锦香宫人会被包挟在中间，歼灭殆尽的。
Story/D_8_2_6_2_7_007,可是，我们什么话也没说……
Story/D_8_2_6_2_7_008,说明他们不如宫主所料的坦荡，充其量不过俗人而已。
Story/D_8_2_6_2_7_009,西武林盟先兵后礼，这是认定我们是敌人了。\n此刻就算投诚，也会被当作别有用心，罢了！罢了！
Story/D_8_2_6_2_7_010,锦香宫人，列阵备战！门已开，等武林盟支持一到，宫人就撤退！
Story/D_8_2_6_3_1_001,各位弟兄，时时时时机成熟了！出发！\n武林盟那那那群家伙，一定想不到我们会从城镇夹夹夹，夹夹～夹──
Story/D_8_2_6_3_1_002,他妈的！
Story/D_8_2_6_3_1_003,{size=50}夹他妈的！！{/size}
Story/D_8_2_6_3_1_004,蛤？等等，我不是……算了。
Story/D_8_2_6_3_1_005,夹他妈的！
Story/D_8_2_6_3_1_006,都打起来了，帮主怎么还不发号令？\n怕不是自己打得兴起，又忘了。
Story/D_8_2_6_3_1_007,「僵在外，君命有所不受」，这话你听过没有？\n意思是每当我们僵在外面，就可以不用听帮主的！\n帮主这是让我们自己看着办呢。
Story/D_8_2_6_3_1_008,哦……老兄，你真有学问。
Story/D_8_2_6_3_1_009,废话，我可是识字的，跟你们这群土包子能比吗？\n你们在这继续干等，我可要上了！
Story/D_8_2_6_3_1_010,我也去！
Story/D_8_2_6_3_2_001,北斗七星剑阵！喝！
Story/D_8_2_6_3_2_002,他们一个个本事都不怎样，就这阵法特别棘手！
Story/D_8_2_6_3_2_003,啥玩意？那家伙方才往我们身上抹了啥？毒药吗？
Story/D_8_2_6_3_2_004,不，不像是，这茶色的膏闻着……好臭！
Story/D_8_2_6_3_2_005,{size=50}是屎啊！！{/size}
Story/D_8_2_6_3_2_006,这招虽然下作，但喂屎比喂毒还管用。
Story/D_8_2_6_3_2_007,这招虽然下作，但喂屎比喂毒还管用。
Story/D_8_2_6_3_2_008,厉害厉害，但请你们不要靠过来。
Story/D_8_2_6_3_2_009,好痛，谁乱扔石子？混蛋！
Story/D_8_2_6_3_2_010,不讲武德！
Story/D_8_2_6_3_2_011,嘿，别小看我们的《掷石问天》！
Story/D_8_2_6_3_2_012,我的天，幸好是我们这边的机关！菩萨保佑！
Story/D_8_2_6_3_2_013,保佑你的不是菩萨，是竹夫人啊！
Story/N_8_2_6_3_2_001,连环火弩建奇功，来势凶猛而且射程奇长，\n宛如百名训练有素的射手挽长弓搭火箭，单方面蹂躏战场。
Story/N_8_2_6_3_2_002,武林侠士崇尚武勇，纵有群殴械斗，比的也是明刀明枪，\n输了只怨自己技不如人，不曾知晓战争的残酷，那里没有荣耀可言。\n这种为了大量杀人而打造出的凶器更是生平头一次见。
Story/N_8_2_6_3_2_003,兵荒马乱之际，谁分得清谁是谁？推挤拉搡，纵有武功亦难全力施为，\n箭雨之下人人平等，命如纸薄。稍有不慎便立时被射成刺猬。\n此刻才明白自己并不特别。
Story/D_8_2_6_3_2_014,那是什么？燃烧的箭？
Story/D_8_2_6_3_2_015,不对，可是，就算是火箭，哪有这样连珠价射出来的？\n他们纵有百来个善射的箭手，怎能射得如此密集、精准？\n有那种暗器，武林高手也招架不来啊。
Story/D_8_2_6_3_2_016,大师，你倒晓畅军事。
Story/D_8_2_6_3_2_017,老衲云游说法，曾在宋金战场见过。\n也只是一知半解，让各位见笑了。
Story/D_8_2_6_3_2_018,释明大师所言不假，世上哪来恁多神箭手？纵使万箭齐发，\n箭矢也绝难那样整齐，何况据我所知，唐门使暗器却不善射。
Story/D_8_2_6_3_2_019,他们引以为豪的机关「流星箭」射程也远远不如这些火箭！\n这是我们两家所不知晓的全新的机关。
Story/D_8_2_6_3_2_020,阿弥陀佛，罪过、罪过，这件暗器，杀气太重，绝非正道！
Story/T_8_2_6_3_2_001,这玩意用的上，必须想办法抢到手！只有图纸也行。\n有了这个，何愁金国、蒙古铁骑？便是窃国也不在话下。
Story/D_8_2_6_3_2_021,你们还打算放火？想都别想！
Story/D_8_2_6_3_2_022,这里可是我们的新家！
Story/D_8_2_6_3_2_023,我……我是怎么中的剑……？
Story/D_8_2_6_3_2_024,师兄、师姊，此处交我。
Story/D_8_2_6_3_2_025,好！大家跟我来！登堡，发暗器！
Story/D_8_2_6_3_2_026,云舟师弟，你、你千万小心。
Story/D_8_2_6_3_2_027,敏华师姊也小心。
Story/D_8_2_6_3_2_028,你竟然记得我的名字……讨厌！
Story/D_8_2_6_3_2_029,……被我记住名字，这么嫌弃吗？
Story/N_8_2_6_3_2_004,叶云舟的心相下降了。
Story/D_8_2_6_3_2_116,多谢女侠出手相助。
Story/D_8_2_6_3_2_117,别太天真，又不是一对一比武，集中精神。
Story/D_8_2_6_3_2_118,南夫人！你这是倒戈了不成？
Story/D_8_2_6_3_2_119,你这不是很清楚吗。
Story/D_8_2_6_3_2_030,你们几个，好像有点面熟，在哪处见过？
Story/D_8_2_6_3_2_031,夺魄幽兰！
Story/O_8_2_6_3_2_001,是敌人
Story/D_8_2_6_3_2_032,啊，是吗。
Story/D_8_2_6_3_2_033,那去死吧。
Story/D_8_2_6_3_2_034,竟然偷袭！
Story/D_8_2_6_3_2_035,这算偷袭？那我不妨还你一招。
Story/D_8_2_6_3_2_036,这可是你说的，看我大力神拳！
Story/D_8_2_6_3_2_037,哦，你的拳头会飞。
Story/D_8_2_6_3_2_038,手……那个人的手，被撕下来了。
Story/O_8_2_6_3_2_002,是朋友
Story/D_8_2_6_3_2_039,……是吗，原来我还有朋友。
Story/D_8_2_6_3_2_040,那、那当然，我们是卧底来着。
Story/D_8_2_6_3_2_041,啊对对对，对对对。
Story/D_8_2_6_3_2_042,哼嗯──那么也让二位出点力吧？\n走吧，我们三人一起，把坏人都赶出唐门外堡。
Story/D_8_2_6_3_2_043,这、这……。
Story/D_8_2_6_3_2_044,旁人都还在拚命，我可没那么好耐心。\n你还剩一句话决定生死。
Story/D_8_2_6_3_2_045,走！走走走，赶走武林盟坏蛋！
Story/D_8_2_6_3_2_046,好的很。
Story/N_8_2_6_3_2_005,生命受到威胁，武林盟的侠士被迫叛变了！
Story/D_8_2_6_3_2_047,再来。
Story/D_8_2_6_3_2_048,龙姑娘，我来帮──
Story/D_8_2_6_3_2_049,你别贸然靠近，小心被砍，我们根本插不上手啊。
Story/D_8_2_6_3_2_050,啊！
Story/D_8_2_6_3_2_051,小心！
Story/D_8_2_6_3_2_052,啊！我的钱！
Story/D_8_2_6_3_2_053,先别捡了，缺的等下从俘虏身上收缴。
Story/D_8_2_6_3_2_054,师兄！
Story/D_8_2_6_3_2_055,这样够吗？要不多丢几包大米？
Story/D_8_2_6_3_2_056,你们几个，干什么！
Story/D_8_2_6_3_2_057,帮、帮主……我们没干嘛。
Story/D_8_2_6_3_2_058,少来，我分明看你们把一袋袋米粮倒进河水里！
Story/D_8_2_6_3_2_059,帮主，大小姐她对我们讲义气，自身难保了也没忘从前约定。\n我们不敢忤逆家主，也不能什么也不做。
Story/D_8_2_6_3_2_060,蠢材，米粒被冲到下游去了，瞎了才看不见！\n你们就不怕事后被追究？要捣乱，就把酒水倒河里！\n江湖人不吃饭可以，不喝酒，那才是要了他们的命。
Story/D_8_2_6_3_2_061,傻笑什么？还不快行动，记得别倒干净，每坛子留一点套水。\n让他们有得喝，又喝不过瘾，心痒难搔！
Story/D_8_2_6_3_2_062,帮主好主意，咱们这就去！
Story/D_8_2_6_3_2_063,……大小姐，我们这些偷偷摸摸的勾当帮不了多少忙，\n你们西武林千万要自己争气撑住啊。
Story/D_8_2_6_3_2_064,盟主年纪轻轻，武功却练到这种境界，实在匪夷所思。
Story/D_8_2_6_3_2_065,向掌门也是深不可测。
Story/D_8_2_6_3_2_066,我在你这年纪，远远不如你。
Story/D_8_2_6_3_2_067,速战速决，下一招决胜负，如何？
Story/D_8_2_6_3_2_068,正合我意。
Story/D_8_2_6_3_2_069,我要出峨嵋奥义，雷神脚。
Story/D_8_2_6_3_2_070,在下便出孤云山绝学，太白仙迹。
Story/D_8_2_6_3_2_071,且慢！
Story/D_8_2_6_3_2_072,盟主，此处交我二人！
Story/D_8_2_6_3_2_073,哦……二位尊者来了。
Story/D_8_2_6_3_2_074,盟主恕罪，点苍派在道中遭遇峨嵋拦路，因此延误。\n好在看来亡羊补牢，为时未晚！
Story/T_8_2_6_3_2_002,这两人看着并非好整以暇，师弟尽力了啊。
Story/D_8_2_6_3_2_075,点苍双尊出手，看来今日难分胜负。\n即然如此，我便告辞了。
Story/D_8_2_6_3_2_076,哪里走？师弟，我们追，举派攻打唐门！
Story/D_8_2_6_3_2_077,好！
Story/D_8_2_6_3_2_078,盟主果然好武功，怎么练的？
Story/D_8_2_6_3_2_079,我有个好师父。
Story/D_8_2_6_3_2_080,孤云山派名不见经传，竟有这种奇人隐居。\n果然一山还有一山高，中原辽阔，还有许多我没见识过的事。
Story/D_8_2_6_3_2_081,解大侠……你又没受致命伤，怎么说的好像辞世遗言。
Story/D_8_2_6_3_2_082,不过你就歇着吧，千万别再起来了。\n你武功实在太高，我很难留手，你再起来，我就只能取你性命了。
Story/D_8_2_6_3_2_083,找到你了，姓瑞的！\n我飞石帮帮主石公远，来向武林盟主挑战啦！
Story/D_8_2_6_3_2_084,哼！吼！看我铁臂神拳！喝哎咿～！剎！
Story/D_8_2_6_3_2_085,唔哦哦哦──！
Story/D_8_2_6_3_2_086,帮主两三下就被干掉了！
Story/D_8_2_6_3_2_087,帮主，快跑，咱们不是对手！
Story/D_8_2_6_3_2_088,混蛋，我还能打……！
Story/D_8_2_6_3_2_089,是、是武林盟主！
Story/D_8_2_6_3_2_090,……。
Story/D_8_2_6_3_2_091,盟主！这浑人，我替你打发了吧。
Story/D_8_2_6_3_2_092,是、是清和子！
Story/D_8_2_6_3_2_093,好，有劳尹真人。
Story/D_8_2_6_3_2_094,你们帮主是个直率豪爽之人，死了可惜。\n趁他不省人事，扛了快走吧。
Story/D_8_2_6_3_2_095,……我、我我们可不会谢你！
Story/D_8_2_6_3_2_096,帮主太重了！我俩这身板，扛不动呀！
Story/D_8_2_6_3_2_097,没法子，咱俩用拖的！
Story/N_8_2_6_3_2_006,与此同时，消极作战的锦香宫人趁乱离群，远离东西武林盟战场。
Story/D_8_2_6_3_2_098,姊妹们都没事吧？有人掉队吗？
Story/D_8_2_6_3_2_099,二、四、六、八……。
Story/D_8_2_6_3_2_100,没有，大家都活下来了。
Story/D_8_2_6_3_2_101,不过……我们千里迢迢来投奔，却和西武林盟反目成仇，\n今后住哪？还回锦香宫吗？
Story/D_8_2_6_3_2_102,武林盟那群畜生迫害宫人，害了宫主性命，\n再要我跟他们虚与委蛇，我可不乐意。
Story/D_8_2_6_3_2_103,不回了，中原纷乱，我们往西南去。\n去大宋、大理、吐番诸部的交界。
Story/D_8_2_6_3_2_104,那里有什么？
Story/D_8_2_6_3_2_105,哦呵呵，我们女人就像水，离了湖边就不能活。\n要去的地方什么都没有，罕无人烟，唯有一片宁静和平。\n被称为永宁海、泸沽湖，丝毫不比洞庭差哦。
Story/D_8_2_6_3_2_106,……走吧，江湖纷争什么的，再也不想管了。\n从锦香阁到锦香宫，我们再去建一个只有女子的国家，锦香国。
Story/N_8_2_6_3_2_007,锦香宫人一去永不复返，在人烟罕至的高原湖畔定居。
Story/D_8_2_6_3_2_107,要不是有外堡可以躲，方才那一阵我们就得全军覆没了。
Story/D_8_2_6_3_2_108,赢了……我们真的赢了！
Story/O_8_2_6_3_2_003,西武林盟的胜利
Story/D_8_2_6_3_2_109,师兄，我们挺住了！打退了武林盟的进攻！他们暂时撤退了！
Story/D_8_2_6_3_2_110,我们办得到……说不定真的能赢！
Story/O_8_2_6_3_2_004,西武林盟的压倒性胜利
Story/D_8_2_6_3_2_111,哈哈哈！师兄！我们赢了！\n我们把那群自命不凡的家伙给揍扁了！
Story/D_8_2_6_3_2_112,有一个嘴边刁着草的家伙，挨揍的时候一脸不敢置信我竟敢打他，\n还被他的草给呛到，咳得眼泪鼻涕都喷出来，想喊暂停，\n我当场一刀子下去没杀他，但是毁了他容，看他以后怎么耍帅，哈哈哈！
Story/D_8_2_6_3_2_113,哈哈哈哈！
Story/D_8_2_6_3_2_114,哈哈哈哈！爽～
Story/D_8_2_6_3_2_115,不过师兄，那些家伙好像还在蠢蠢欲动。\n像是打算再振旗鼓打过来，我们怎么办？
Story/O_8_2_6_4_Break_01_001,丹霞子的意见
Story/D_8_2_6_4_Break_01_001,这是计谋。\n刻意营造出随时会进攻的假象，让我等人心惶惶，不能静心休息。
Story/D_8_2_6_4_Break_01_002,武林盟中有人懂兵法，贫道料他下一波来袭，\n必定消极殆战，包围外堡──
Story/D_8_2_6_4_Break_01_003,我等只道战况顺利，放松警惕，殊不知这是佯攻。\n主力早已兵分两路，上山击袭大院！
Story/D_8_2_6_4_Break_01_004,英雄所见略同！
Story/D_8_2_6_4_Break_01_005,武林盟中有人懂兵法，贫道料他下一波来袭，\n必定消极殆战，包围外堡，我等只道战况顺利，放松警惕，\n而他们早已另拨人马上山击袭大院！
Story/O_8_2_6_4_Break_01_002,四师兄的意见
Story/D_8_2_6_4_Break_01_006,我的意见就是投降。
Story/D_8_2_6_4_Break_01_007,你说啥啊四师兄，没搞错吧？\n我们好不容易才挺下来，你却想投降？
Story/D_8_2_6_4_Break_01_008,你听我说啊，是这个理。\n不打之前武林盟只道我们都是软脚虾，好欺负。\n打了以后他们就知道我们是硬馒头不好啃了，对吧？
Story/D_8_2_6_4_Break_01_009,是这样没错。
Story/D_8_2_6_4_Break_01_010,那我们此刻再去谈条件，他们就不能再趾高气昂了吧。
Story/D_8_2_6_4_Break_01_011,……当年高宗皇帝八成也是这样想的。\n岳王爷打得金兵节节败退，结果就当成祭品了。\n你猜猜看，西武林盟示弱求和，祭品会是谁？
Story/D_8_2_6_4_Break_01_012,殷鉴未远，便是个杀猪的都知道这是下策。
Story/D_8_2_6_4_Break_01_013,……你说的对，是我胡涂了。
Story/D_8_2_6_4_Break_01_014,说得也是……都已经打成这样了，也够了吧。
Story/D_8_2_6_4_Break_01_015,说啥呢你们两个，你们是师兄哎。\n大师兄的话，就不会说这种长他人志气，灭自己威风的蠢话。
Story/D_8_2_6_4_Break_01_016,我是女流，都比你们两个勇敢。\n我们要是降了，将来受了委屈，再想召集盟友抗争就难了。
Story/D_8_2_6_4_Break_01_017,……大家说的对，是我胡涂了。
Story/D_8_2_6_4_Break_01_018,说到底都是师弟你的错，你要是再可靠一点就好了。
Story/D_8_2_6_4_Break_01_019,不要强人所难啊……我已经尽力了，我又不是仙人。
Story/O_8_2_6_4_Break_01_003,叶云舟的意见
Story/D_8_2_6_4_Break_01_020,武林盟走水路送粮草，又盘据眉山镇，有地方官府支持。\n今日要是不能攻下唐门，为了避免伤亡扩大，恐会转为持久战。
Story/D_8_2_6_4_Break_01_021,如此一来，我等必败无疑。\n应趁此际战况消停，出动高手刺杀盟主，或者设法销毁粮食。
Story/D_8_2_6_4_Break_01_022,哦，叶兄，你今日意见怎么如此狠辣。
Story/D_8_2_6_4_Break_01_023,有道理。
Story/D_8_2_6_4_Break_01_024,仁义道德，那是我有活路时才追求。\n他们逼得叶某走投无路，威胁我家人朋友的性命，\n我难道还要刻舟求剑，墨守成规吗？
Story/O_8_2_6_4_Break_01_004,小师妹的意见
Story/D_8_2_6_4_Break_01_025,都听师兄的。
Story/D_8_2_6_4_Break_01_026,但是你不能把我弄走。
Story/D_8_2_6_4_Break_01_027,我要跟你一起。
Story/D_8_2_6_4_Break_01_028,好，我们到死都不分开。
Story/D_8_2_6_4_Break_01_029,不会死，我来保护你。
Story/D_8_2_6_4_Break_01_030,哈哈，我的傻师妹，人哪有不死的？\n我说的又未必是现在，说不定是我们俩都八九十岁，儿女满堂的时候。\n在某个阳光和煦的午后，像是睡着一样安然的辞世呢？
Story/D_8_2_6_4_Break_01_031,……嗯，那样的话就好了。
Story/T_8_2_6_4_Break_01_001,到那时候，你要牵好我，不能走散了。
Story/D_8_2_6_4_Break_01_032,我不听你的。
Story/D_8_2_6_4_Break_01_033,还闹脾气啊。
Story/D_8_2_6_4_Break_01_034,没有，哼。
Story/O_8_2_6_4_Break_01_005,上官萤的意见
Story/D_8_2_6_4_Break_01_035,……我的浅见不提也罢，和你说说我下山以前，魏娘子的预测吧。
Story/D_8_2_6_4_Break_01_036,上官娘子，你记得我们从前时常一块儿下棋吗？
Story/D_8_2_6_4_Break_01_037,当然记得，我棋力远逊于你，你为了引诱我陪你下棋还会放水，\n我后来知道怎么挣扎都会输，就不下了，实在没啥意思。
Story/D_8_2_6_4_Break_01_038,是小妹昔年心高气傲，自以为是，对人对事都敬意不足，\n让你不快了，实在对不住你。
Story/D_8_2_6_4_Break_01_039,那么久的事，还说它干嘛？我也带头取笑过你秃额头啊。
Story/D_8_2_6_4_Break_01_040,是啊……。
Story/D_8_2_6_4_Break_01_041,那件事小妹至今还在记恨。
Story/D_8_2_6_4_Break_01_042,不会吧……你心胸真狭窄。
Story/D_8_2_6_4_Break_01_043,我这是人之常情，没几个人像你只记恩情不记仇。\n你的棋路也和你为人一般好猜。
Story/D_8_2_6_4_Break_01_044,……所以呢，你绕着弯子想说什么？
Story/D_8_2_6_4_Break_01_045,……南宫大公子下棋，会先礼后兵。\n客套以后便是猛如烈火的猛攻，如他示于人前的表面般张扬。
Story/D_8_2_6_4_Break_01_046,但是真正的杀着，却在后头。\n他猛攻不能得手，必会佯作不甘，假意纠缠。\n实则另辟蹊径，暗渡陈仓。
Story/D_8_2_6_4_Break_01_047,你是说……？
Story/D_8_2_6_4_Break_01_048,如果外堡攻不下来，而武林盟不假思索又来寻衅之际，\n就得慎防他分派高手上山急袭大院。
Story/D_8_2_6_4_Break_01_049,……有道理，确实不得不防。\n多亏你提醒我。
Story/D_8_2_6_4_Break_01_050,我有什么功劳呢？这是魏才女的话。\n而我认识那人十几年，却都猜不到他的城府，实在惭愧。
Story/D_8_2_6_4_Break_01_051,那有什么好惭愧的，你跟他不熟，我该庆幸才是。\n你只要猜得到我就可以了。
Story/D_8_2_6_4_Break_01_052,你可真会哄我。
Story/D_8_2_6_4_Break_01_053,……你真要听我意见，我就说了。\n可别听了反怨我黑心肝。
Story/D_8_2_6_4_Break_01_054,要是我来主导，立刻会派人施展轻功，绕到敌人后方，\n或者是下毒，或者是放火，或者是水销，必须毁掉上官家运来的粮食。\n要是有办法神不知鬼不觉的下手，最好把方圆的田、水井都毁掉。
Story/D_8_2_6_4_Break_01_055,如此一来，以武林盟人数之众绝难维持，必须向百姓征粮。\n但是百姓也没余裕，如此一来，等若侵害了百姓，触犯朝廷底线。
Story/D_8_2_6_4_Break_01_056,宋悲宋大人是清官中的清官，一定不会坐视不理。\n南宫家主口口声声大仁大义，爱名胜逾性命，更不会出此下策。
Story/D_8_2_6_4_Break_01_057,如此一来，武林盟就只有一条路可走，那便是即刻决胜。\n若不想扩大伤亡，盟主就必须出面。
Story/D_8_2_6_4_Break_01_058,……你一点表情都没有，想是全在你意料之中了。
Story/O_8_2_6_4_Break_01_006,我只是想过，还没打算付诸行动
Story/D_8_2_6_4_Break_01_059,那我表现没太让你失望吧？哈哈哈～
Story/D_8_2_6_4_Break_01_060,这种事难道不是我该担心的吗？
Story/D_8_2_6_4_Break_01_061,……你从没让我失望，总是出乎我的期待。
Story/D_8_2_6_4_Break_01_062,但这不排除是你长太丑，害我一开始就低估你，对你没有期待的缘故。
Story/D_8_2_6_4_Break_01_063,你何必多这句话。
Story/D_8_2_6_4_Break_01_064,别生气，我说笑呢。
Story/O_8_2_6_4_Break_01_007,哇你这人怎么如此没心肝
Story/D_8_2_6_4_Break_01_065,那不然你就不要问我啊！\n要是有其他方法，我、我也不想影响百姓生活的。
Story/D_8_2_6_4_Break_01_066,你这死没良心的……我还不是都为了你好！
Story/O_8_2_6_4_Break_01_008,没有，我只是一脸呆
Story/D_8_2_6_4_Break_01_067,这种时候你谦虚什么啊。
Story/D_8_2_6_4_Break_01_068,你要是没那样的本事，反而委屈了我。\n我上官萤的夫婿，得是世间第一好的，得是状元之才。\n你脸已经长得不行了，别地方可没有再扣分的余地。
Story/D_8_2_6_4_Break_01_069,我活着就是特别艰辛。
Story/D_8_2_6_4_Break_01_070,没事，其他地方，我会帮衬你的。
Story/O_8_2_6_4_Break_01_009,夏侯兰的意见
Story/D_8_2_6_4_Break_01_071,为师的意见吗？为师的意见……嗯……。
Story/D_8_2_6_4_Break_01_072,你猜？
Story/D_8_2_6_4_Break_01_073,师父，你又来这招。
Story/D_8_2_6_4_Break_01_074,这招好用，我当然常使。
Story/D_8_2_6_4_Break_01_075,放心下决策吧，有风有雨，为师也打伞替你撑着。
Story/O_8_2_6_4_Break_01_010,龙湘的意见
Story/D_8_2_6_4_Break_01_076,你问我？
Story/D_8_2_6_4_Break_01_077,对呀。
Story/D_8_2_6_4_Break_01_078,容我想想……唔。
Story/D_8_2_6_4_Break_01_079,有了，不如我们──
Story/D_8_2_6_4_Break_01_080,你可别说要开门主动杀出去这种傻话喔。
Story/D_8_2_6_4_Break_01_081,你有读心术！臭妖怪！
Story/D_8_2_6_4_Break_01_082,你还真的想杀出去喔……。
Story/D_8_2_6_4_Break_01_083,那不然你就不要问我啊，明知道我不擅长这些。\n臭弟弟，就知道取笑你姊。
Story/D_8_2_6_4_Break_01_084,我就不擅长这些勾心斗角嘛。\n嗨唷！你别问我，自己想！
Story/O_8_2_6_4_Break_01_013,南溪的意见
Story/D_8_2_6_4_Break_01_115,问我？你还真大胆。
Story/D_8_2_6_4_Break_01_116,我只会打打杀杀，没什么正经主意可出。\n要若你能办得到，你去挑战盟主，打胜了他，吞并武林盟怎么样？
Story/D_8_2_6_4_Break_01_117,我倒是想啊，人家愿不愿意接受挑战又是另一回事了。
Story/D_8_2_6_4_Break_01_118,我倒是想，只敢想。
Story/O_8_2_6_4_Break_01_011,大家的意见
Story/D_8_2_6_4_Break_01_085,问错人了吧？我们是乞丐哎。\n大字都不识得几个，你指望我们？
Story/D_8_2_6_4_Break_01_086,呃，当我没说。
Story/D_8_2_6_4_Break_01_087,问错人了吧？如今虽然穿着蓝色混蛋制服，但我们是乞丐哎。\n大字都不识得几个，你指望我们？
Story/D_8_2_6_4_Break_01_088,呃，当我没说。
Story/D_8_2_6_4_Break_01_089,哦呵呵，奴家的意见，就是把你当祭品推出去牺牲了。
Story/D_8_2_6_4_Break_01_090,师姊，这都什么时候了，你别乱说！\n牺牲了赵少侠一个人，能有什么用处？他谁也不是，根本无足轻重。\n死了就只是白死，一点帮助也没有。
Story/D_8_2_6_4_Break_01_091,呃……盛女侠，多谢你仗义执言，不过请你别说了。
Story/D_8_2_6_4_Break_01_092,别看这人长得丑，居然是个真正的大侠。\n我们宰了他，一定天降红雨，血洗大地，\n引发如此异象，武林盟就该知难而退了。
Story/D_8_2_6_4_Break_01_093,呃，要是这样的话……。
Story/N_8_2_6_4_Break_01_001,说着盛雪目光朝你射来，似在打量刺哪儿你才能走得安详。
Story/D_8_2_6_4_Break_01_094,别犹豫啊！别听她的啊！才没有那种事咧！
Story/D_8_2_6_4_Break_01_095,这人坏事做尽，你没看他都快维持不住人形了。\n我们宰了他，一定天降瑞雪，还世间朗朗乾坤，\n引发如此异象，武林盟就该知难而退了。
Story/D_8_2_6_4_Break_01_096,呃，要是这样的话……。
Story/N_8_2_6_4_Break_01_002,说着盛雪目光朝你射来，似在打量刺哪儿你才能走得安详。
Story/D_8_2_6_4_Break_01_097,别犹豫啊！别听她的啊！才没有那种事咧！
Story/D_8_2_6_4_Break_01_098,赵少侠，掌门吩咐了的，只听你们调遣。\n只要是对的事情，那大伙就都义无反顾，没别的话说。
Story/D_8_2_6_4_Break_01_099,如此，多谢各位。
Story/D_8_2_6_4_Break_01_100,这也不只是为唐门，不是吗？别客气了。
Story/D_8_2_6_4_Break_01_101,贫道山中修行，不问世事，如此难题，恕贫道无以置答。\n赵少侠与唐门各位大侠毋需顾忌，前方有义可取，死路也打得通。
Story/D_8_2_6_4_Break_01_102,多谢青城各位道长。
Story/D_8_2_6_4_Break_01_119,……赵少侠。
Story/D_8_2_6_4_Break_01_120,申屠道长可还有什么妙着，能够指教么？
Story/D_8_2_6_4_Break_01_121,不，没有，只是无关紧要的事。
Story/D_8_2_6_4_Break_01_122,你可还记得离开青城那日，贫道同你说过的话语？
Story/D_8_2_6_4_Break_01_123,你若想取信于人，便不能一无所有，一无所有的人什么事都做得出来。\n人品、交情，全是摸不着看不着的飘渺之物，人一死，全都化为乌有。
Story/D_8_2_6_4_Break_01_124,是以非有舍不下的重担为你背书不可。\n这份重担，必须重如泰山，更胜性命。\n于段公子而言是家世、名誉，于你而言是何物呢？
Story/D_8_2_6_4_Break_01_125,记得。
Story/D_8_2_6_4_Break_01_126,……好。\n如此，你来下决策吧，贫道信任你的判断。
Story/D_8_2_6_4_Break_01_127,……是！交给我吧。
Story/D_8_2_6_4_Break_01_128,你问老道可以，意见管不管用就说不准了。
Story/D_8_2_6_4_Break_01_103,我等青城修道之人，正一之箓，行天心正法，\n遵循命理天然，崇尚道德，所以──
Story/D_8_2_6_4_Break_01_104,我们应该开门打回去。
Story/D_8_2_6_4_Break_01_105,蛤？
Story/D_8_2_6_4_Break_01_106,开门打回去。
Story/D_8_2_6_4_Break_01_107,不是，这样叫遵循命理天然吗？
Story/D_8_2_6_4_Break_01_108,怎么不叫？他们打我，害我心情不好，妨碍我向道之心。\n我不打回去不能消气。
Story/D_8_2_6_4_Break_01_109,哦……好，我会慎重考虑。
Story/D_8_2_6_4_Break_01_110,啊，这。
Story/D_8_2_6_4_Break_01_111,我们家这位大老粗打着打着，不自量力跑去找盟主的单挑，\n给人打到晕倒，要把他弄醒吗？等我搧他几巴掌。
Story/D_8_2_6_4_Break_01_112,啊，不，不用了，先让他歇一会儿也好。\n迟些还要靠石帮主出力。
Story/D_8_2_6_4_Break_01_113,这样啊，也好，反正他也只能出力，出脑是一定不行的。\n至于我妇人之见，不说也罢了。
Story/D_8_2_6_4_Break_01_114,啊哈哈，石夫人客气了。
Story/O_8_2_6_4_Break_01_012,决策时间
Story/T_8_2_6_5_001,该下决断了。
Story/D_8_2_6_5_001,这当儿怎会有人飞鸽传书？
Story/D_8_2_6_5_002,夫君尊览。武林盟侠士心高气傲，以直为快，厌诈者多。\n一鼓作气强攻不成，饱受挫折以后，才懂迂回。
Story/D_8_2_6_5_003,南宫家主可能身任军师之职，此人棋路，妾身甚稔。\n届时可能佯攻外堡，兵分两路直取大院，不可不防。\n妾自愧薄才，非亲见不敢妄议局势，幸有赵郎大略，必得善策善解。
Story/D_8_2_6_5_004,赵郎万忙中无暇抽身，传书未见回音，妾心甚忧。\n幸各事安适，足告雅怀。事多拂逆，书不尽言，\n惟盼郎君珍重，天可怜见，令我夫妻团圆。
Story/D_8_2_6_5_005,端此，顺候近祺。妾 魏氏敛衽。
Story/D_8_2_6_5_006,是小菊……是我小菊的信！\n她还好好的，一点事也没有，太好了！太好了……。
Story/D_8_2_6_5_007,不过她说前次书信是怎么回事？我没收到信啊。
Story/D_8_2_6_5_008,啊。
Story/D_8_2_6_5_009,……师兄，我说了你可别生气。\n上回我见天上有鸟在飞，就手痒发暗器打了下来，怎料我还来不及捡，\n就被山中野兽叼走了，原来那是菊夫人给你写的家书啊。
Story/D_8_2_6_5_010,你这混蛋！
Story/D_8_2_6_5_011,你……气死我，回头我再跟你算账。
Story/O_8_2_6_5_001,全力固守外堡
Story/O_8_2_6_5_002,兵分两路，一半固守外堡周旋，一半上大院准备决战
Story/D_8_2_6_6_1_001,我们赢了！
Story/D_8_2_6_6_1_002,可是换他们贯彻防守，我们却又打不进去了。\n官兵在镇子各处把守，封锁道路，我们强行深入，只怕有去无回。
Story/D_8_2_6_6_1_003,{size=50}不！不……不好了！师兄！{/size}
Story/D_8_2_6_6_1_004,师兄！
Story/D_8_2_6_6_1_005,怎么……何事慌张？
Story/D_8_2_6_6_1_006,武林盟围攻外堡只是障眼法，我们根本没有拦住他们！\n他们之中的高手、精锐施展轻功上山，突破防守的师弟妹。
Story/D_8_2_6_6_1_007,什么！那现在呢？
Story/D_8_2_6_6_1_008,邹掌门被那青城叛徒申屠龙所伤，三师兄……三师兄战死了！
Story/D_8_2_6_6_1_009,三师兄……三师兄战死了！
Story/D_8_2_6_6_1_010,你说什么！三师兄他……他死了……这怎么可能？
Story/D_8_2_6_6_1_011,大家只道有大师兄坐镇，一定不成问题，\n怎料……怎料那根本不是大师兄！是小梅易容的！\n她打肿脸充胖子，到死竟还不肯松口……。
Story/D_8_2_6_6_1_012,小梅……死了？
Story/D_8_2_6_6_1_013,小师妹寡不敌众，接连斗了几人，气力不继，给人点晕了拿住。
Story/D_8_2_6_6_1_014,我、我不该让她留在山上的！
Story/D_8_2_6_6_1_015,云裳妹子为了保护三师兄，给人拍的一掌重的，呕了好多血。\n她嘱咐我让你快逃，我看……我看她恐怕……恐怕是不行了。
Story/D_8_2_6_6_1_016,三师兄丧生在那释明恶僧掌下，掌门也被劫走。\n各派的人马见状，都丧失了斗志，纷纷弃下兵器投降，西武林盟溃不成军。\n大势已去，如今怎么样也无力回天，我们……我们败了啊。
Story/D_8_2_6_6_1_017,不可能……骗人的……。
Story/D_8_2_6_6_1_018,你骗人，为什么要骗人！
Story/D_8_2_6_6_1_019,我、我也希望是谎话啊。
Story/D_8_2_6_6_1_020,小师妹，我们杀回唐门去，让他们血债血偿！
Story/D_8_2_6_6_1_021,嗯！
Story/N_8_2_6_6_1_001,你杀上唐家大院去，可是大院三面临谷，背有靠山，\n武林盟据之抗敌，无往不利。
Story/N_8_2_6_6_1_002,那分明是你的家，出门容易，回去却难。\n就似你少时背井离了，再也不曾回的家乡。
Story/N_8_2_6_6_1_003,你浴血苦战，身受重伤，力竭命毙于山道中间。\n想和师兄弟们葬在一起的心愿，到末也不能实现。
Story/N_8_2_6_6_1_004,总算兑现了你向小师妹许下的诺言。\n临终之际她陪着你，拍拍你的背，唱你的歌，哄你入睡。
Story/N_8_2_6_6_1_005,直到声音逐渐瘖哑，她无声落下泪来，\n把小小的自己塞你怀里，自绝经脉，随你而去。
Story/D_8_2_6_6_1_022,呃啊！
Story/D_8_2_6_6_1_023,你做什么？现在是闹的时候吗？
Story/D_8_2_6_6_1_024,对、对不住，我只是怕你送死，想把你打晕。
Story/D_8_2_6_6_1_025,萤姑娘……不如你走吧。
Story/D_8_2_6_6_1_026,你让我走？走去哪？
Story/D_8_2_6_6_1_027,去哪都好，以后没我，你要独自安好。
Story/D_8_2_6_6_1_028,你、你想气死我是吗！
Story/D_8_2_6_6_1_029,是你叫我来的！是你把我抢来唐门的！
Story/D_8_2_6_6_1_030,现在你搞砸了，就想一句话把我赶走？
Story/D_8_2_6_6_1_031,我本来可以嫁去日本，一生坐享荣华富贵的！
Story/D_8_2_6_6_1_032,你这种丑八怪，竟敢抛弃我，你当我是谁啊！
Story/D_8_2_6_6_1_033,你这王八蛋……臭家伙……。
Story/D_8_2_6_6_1_034,呜……不要再说这种话了啦……。
Story/D_8_2_6_6_1_035,……对不住，全是我的错，你再多打几下也可以。
Story/D_8_2_6_6_1_036,我以后该怎么办才好？你这没诚信的骗子、大坏人。\n我怎么会信你的鬼话……。
Story/D_8_2_6_6_1_037,我把我的钱全都给你。
Story/D_8_2_6_6_1_038,……不够，根本不够好吗？\n你给我比这多上一百万倍，也赔不了我，我恨你！
Story/N_8_2_6_6_1_006,上官萤抹去眼泪，咬牙强忍着不让打转的泪珠再落下来。
Story/D_8_2_6_6_1_039,你给我走着瞧，别以为我没有你就不行！\n我上官萤谁也不靠，自己也能活得好，我再也不求谁的认同！\n我要长命百岁，活得比谁都好！你就等着后悔吧！
Story/D_8_2_6_6_1_040,……好，请务必那样。
Story/D_8_2_6_6_1_041,……我等你一年，缺胳膊断腿都无妨，你来找我，以后我挣钱养你。\n你要是不来，我就改嫁……不，我就出家削发为尼了。
Story/D_8_2_6_6_1_042,就一年……最多三年，不能再让步了，你这个臭家伙！我太讨厌你了！
Story/D_8_2_6_6_1_043,师弟，抱歉，让你看笑话了，我们这就上山吧。
Story/D_8_2_6_6_1_044,师兄，其实你可以走的。
Story/D_8_2_6_6_1_045,我可以，就是不想。
Story/N_8_2_6_6_1_007,你杀上唐家大院去，可是大院三面临谷，背有靠山，\n武林盟据之抗敌，无往不利。
Story/N_8_2_6_6_1_008,那分明是你的家，出门容易，回去却难。\n就似你少时背井离了，再也不曾回的家乡。
Story/N_8_2_6_6_1_009,你浴血苦战，身受重伤，力竭命毙于山道中间。\n上官萤千方百计回来找你，可是连你尸骨也见不着。\n她抱着万一之幸，说服自己只要不见尸首，就有希望。
Story/N_8_2_6_6_1_010,食言等了三年又三年，四十岁那年才削发为尼。\n将她赚的千万家产，都捐给穷苦之人，\n但是这些钱十有八九全进了贪官污吏的口袋，谁也救不了。
Story/D_8_2_6_6_1_046,弟，我方才听说──
Story/D_8_2_6_6_1_047,湘姊，我们杀回山上去！
Story/D_8_2_6_6_1_048,好！
Story/N_8_2_6_6_1_011,为义舍身原是龙湘悲愿，二话不说便随你杀上唐家大院去。\n可是大院三面临谷，背有靠山，武林盟据之抗敌，无往不利。
Story/N_8_2_6_6_1_012,那分明是你的家，出门容易，回去却难。\n就似你少时背井离了，再也不曾回的家乡。
Story/N_8_2_6_6_1_013,龙湘与你旋风也似杀回大院，背靠背同心作战，长剑小剑所向披靡。\n鲜血染红了她白衣裙和你的青衫，最终你们双双重伤力竭而逝，\n死时牵着手，夕阳之下始终屹立不倒，无人敢欺近半步。
Story/D_8_2_6_6_1_049,师父，我们快上山去！
Story/D_8_2_6_6_1_050,……事已至此，万念俱灰。\n两方实力太过悬殊了，再去也不过是送死罢了。
Story/D_8_2_6_6_1_051,送死也得去。
Story/D_8_2_6_6_1_052,弟子啊……雪山派被灭时，我也想和师门同生共死，但是爹娘不许。\n我满心怨怼，此刻却多少能够体会当时他们的心境了。
Story/D_8_2_6_6_1_053,你一定要对唐门尽忠，为师也不拦你。\n但你若是愿意忍气吞声，为师……我一定会尽我所能弥补你。
Story/D_8_2_6_6_1_054,我们会有孩子，重振雪山派……不，退隐江湖也可以。\n你想做的事，兰姊都会陪你完成，想报仇也可以。\n但是起码今天……我希望你不要选择死路。
Story/D_8_2_6_6_1_055,……。
Story/O_8_2_6_6_1_001,我要上山
Story/D_8_2_6_6_1_056,对不住，师父。\n我辜负了你的栽培。
Story/D_8_2_6_6_1_057,师兄，你……。
Story/D_8_2_6_6_1_058,……有什么好对不住的？
Story/D_8_2_6_6_1_059,这才是为师的好弟子，有骨气，忠义双全。\n收你为徒，是我一生的骄傲。
Story/D_8_2_6_6_1_060,为师还要带着咲嫣，不能陪你去。\n我们师徒一场，就此别过了。
Story/D_8_2_6_6_1_061,多谢师父……。
Story/D_8_2_6_6_1_062,那我们走吧，死是难免，临走拖几个不想死的可怜虫上路，\n不然平白受人欺侮，下九泉也难瞑目。
Story/D_8_2_6_6_1_063,你不必陪我的。
Story/D_8_2_6_6_1_064,我的故事早已完结了，是你擅自续写的。\n延到今日，有这么多朋友一起上路，倒也不坏，好过一个人孤伶伶的死去。
Story/D_8_2_6_6_1_065,师父，我对不住你。
Story/D_8_2_6_6_1_066,没关系，作师父的就该宽宏大量，为师原谅你。
Story/N_8_2_6_6_1_014,你杀上唐家大院去，可是大院三面临谷，背有靠山，\n武林盟据之抗敌，无往不利。
Story/N_8_2_6_6_1_015,那分明是你的家，出门容易，回去却难。\n就似你少时背井离了，再也不曾回的家乡。
Story/N_8_2_6_6_1_016,你浴血苦战，身受重伤，力竭命毙于山道中间。\n想和师兄弟们葬在一起的心愿，到末也不能实现。
Story/N_8_2_6_6_1_017,夏侯兰将你骨灰带回雪山派，还当你在生前，每日都到你坟前。
Story/N_8_2_6_6_1_018,樊咲嫣受熏陶，出落得越来越美，说话做事也斯文起来。\n有樵夫见了念念不忘，大着胆子来求亲，\n樊咲嫣嫁了以后，夏侯兰就此消失无踪，再也无人见得她的踪影。
Story/N_8_2_6_6_1_019,夏侯兰将你骨灰带回雪山派，替你立了冢。\n又怕你九泉孤寂冷，把新盖的雪山派和她自己都烧给了你。
Story/O_8_2_6_6_1_002,我……听你的。
Story/D_8_2_6_6_1_067,是吗，好，好，好。
Story/D_8_2_6_6_1_068,唐少侠，我雪山派仁至义尽，再也不奉陪了。\n你也好自为之吧。
Story/D_8_2_6_6_1_069,是。
Story/D_8_2_6_6_1_070,师兄，你为唐门做的够多了。\n从没有一个外姓弟子这样的，大家总是取笑你，其实心下很佩服。\n这些年来，多谢你照拂了。
Story/N_8_2_6_6_1_020,说罢，他对你躬身一揖，转身离去。
Story/D_8_2_6_6_1_071,师弟……！
Story/D_8_2_6_6_1_072,你方才答应我的，不可以去。
Story/D_8_2_6_6_1_073,可是，师父。
Story/D_8_2_6_6_1_074,走吧。
Story/N_8_2_6_6_1_021,唐门覆灭于今天，西武林盟瓦解，盟友四散奔逃，回家紧闭山门，\n唯恐武林盟追究寻仇。
Story/N_8_2_6_6_1_022,你和夏侯兰回到雪山定居，虽有美人相伴，你却不常笑。
Story/N_8_2_6_6_1_023,灭门之仇一日不敢或忘，你日夜勤练武功，不敢懈怠，只是心被仇恨浸染，\n已不能忘形，进境慢了下来。
Story/N_8_2_6_6_1_024,此去经年，夏侯兰诞下一子一女，万幸子女都像她不像你。\n你老是敦促两个孩子练功，将来随爹报仇雪恨，\n夏侯兰虽有微词，却还是让着你居多。
Story/N_8_2_6_6_1_025,三十年后，你神功大成，身兼雪山、夺魄、唐门三家之所长，\n自信比之当年叱咤风云的任何一位高手都不会逊色。\n于是带着子女下山，准备报仇雪恨。
Story/N_8_2_6_6_1_026,可是那时已经没有武林盟了，当然也没有泥教。\n你所知晓的所有故人都不复得见，\n长江后浪推前浪，偌大江湖，皆是意气风发的新人。
Story/N_8_2_6_6_1_027,你怅然若失，借酒消愁，总是不信那些人都如此命短，\n锲而不舍的追查，找到了退隐江湖的仇家。\n见他们都能全身而退，含饴弄孙，静享天伦之乐，你便恨的咬牙切齿。
Story/N_8_2_6_6_1_028,你杀了很多人，很多人。他们全都该死，犯的错必须血偿。\n无辜的也要活活扼死，罪名何患无词？因为你怀疑他们是魔教党羽。
Story/N_8_2_6_6_1_029,这些人退隐了，从此就是百姓，你对百姓出手，为朝廷所通缉。\n海捕文书悬赏千金，你被官兵围捕，寡不敌众，身受重伤。\n一双儿女为了护你脱身，双双殒命。
Story/N_8_2_6_6_1_030,你落魄回到雪山，告知妻子儿女死讯。\n夏侯兰默默落下泪来，举掌想搧你耳光，始终不舍。
Story/N_8_2_6_6_1_031,你喝了酒睡着，那夜夏侯兰悬梁自尽了。\n她的影子在火光下晃荡，脚不沾地，就像女鬼一样。
Story/N_8_2_6_6_1_032,你站在墙外，听着人家的笑声，扭头见到一对儿女怅然眼光。\n他们望你项背成长，如你曾渴求爹娘关爱一般，你也随了你爹娘，\n从没对他们笑过。
Story/N_8_2_6_6_1_033,最终你长叹一声，轻抚儿女头顶，一手一个，牵回家中。\n儿女受宠若惊，夏侯兰见你放下心头仇恨，也不胜之喜。\n那晚下厨，做了很多饭菜，替你斟酒，有一搭没一搭说着从前旧事。
Story/N_8_2_6_6_1_034,你迷迷糊糊睡着了，清醒的时候你才想起来，\n距离妻子为你斟酒那日，也已经是很久以前的事，转眼又过了三十年。\n儿女都已下山各自成家，夏侯兰就葬在雪山。
Story/N_8_2_6_6_1_035,你独居雪山，下山沽酒，听说连大宋也没了，现在国号叫大元。\n你恍如隔世，忍不住放声大笑，笑着笑着又哭了起来，\n旁人只当你是老醉汉、老疯子。
Story/D_8_2_6_6_1_075,小梅……小梅！
Story/D_8_2_6_6_1_076,师兄，小梅她已经……你就算去了也无济于事啊！
Story/D_8_2_6_6_1_085,云裳……云裳！
Story/D_8_2_6_6_1_086,还等什么？赵兄，我们快上山去！
Story/D_8_2_6_6_1_087,说得对，走！
Story/D_8_2_6_6_1_088,云裳她恐怕已经……就算去了也无济于事啊！
Story/D_8_2_6_6_1_077,师弟，我们召集人马，再杀上山去！
Story/D_8_2_6_6_1_078,师兄……已经迟了，我们已经没有人马了啊！
Story/N_8_2_6_6_1_036,你杀上唐家大院去，可是大院三面临谷，背有靠山，\n武林盟据之抗敌，无往不利。
Story/N_8_2_6_6_1_037,那分明是你的家，出门容易，回去却难。\n就似你少时背井离了，再也不曾回的家乡。
Story/N_8_2_6_6_1_038,你浴血苦战，身受重伤，力竭命毙于山道中间。\n想和师兄弟们葬在一起的心愿，到末也不能实现。
Story/D_8_2_6_6_1_079,我只是想回家啊……。
Story/D_8_2_6_6_1_080,啄。
Story/D_8_2_6_6_1_081,小梅……？
Story/D_8_2_6_6_1_082,怎么啦，可怜虫，哭得像个娘们似的。\n有啥委屈，说来给阿鹤侠听听，不一定替你主持公道就是了。
Story/D_8_2_6_6_1_083,小梅，别再走了。
Story/D_8_2_6_6_1_084,遵命，小梅听你的。
Story/D_8_2_6_6_1_089,我只是想回家啊……。
Story/D_8_2_6_6_1_090,哥哥～
Story/D_8_2_6_6_1_091,云裳……？
Story/D_8_2_6_6_1_092,对不住呢，我一点屁用也没有。\n难为你拚了命救我，结果我一个没忍住，被人给打死的说。
Story/D_8_2_6_6_1_093,不过也亏如此，我们又在一起啦。
Story/D_8_2_6_7_001,各位，武林盟见识了我外堡的坚固，气势已衰。\n一时之间，定不会二度强攻，只怕别有用心。
Story/D_8_2_6_7_002,各位，武林盟那群灰孙子碰了硬钉子，一定在打坏心思。\n来硬的不行，接下来就可能来阴的。
Story/D_8_2_6_7_003,为防他们敷衍外堡战线，施展轻功袭击大院，\n我要征集轻功高强的朋友，火速随我上山戒护掌门，准备决战！
Story/D_8_2_6_7_004,然则外堡战线依然不能溃败，我等一走，战况恐将变得更加艰难。\n留守外堡的人势将压力倍增，彼此都得抱有觉悟。
Story/D_8_2_6_7_005,善！贫道就留在外堡指挥吧。\n放心，有我在此，外堡绝不会破。
Story/D_8_2_6_7_006,道长，之后的事就交给你了，包含我们商议好的决胜后着。
Story/D_8_2_6_7_007,没问题，好教武林人知晓，我等兵法家的手段。
Story/D_8_2_6_7_008,赵兄。
Story/D_8_2_6_7_009,叶兄？
Story/D_8_2_6_7_010,上面可以交给你吧？
Story/D_8_2_6_7_011,啊啊，可以。交给我吧。
Story/D_8_2_6_7_012,那么我留下，堡在人在，堡毁人亡。
Story/D_8_2_6_7_013,彼此都能活的话，再吃你和云裳的喜酒。
Story/D_8_2_6_7_014,彼此都能活的话，再一起舟里喝酒吧。
Story/D_8_2_6_7_015,一言为定。
Story/D_8_2_6_7_016,保重，兄弟。
Story/D_8_2_6_7_017,保重，兄弟。
Story/D_8_2_6_7_115,不消多言，我要上山去，先行一步，失陪了。
Story/D_8_2_6_7_116,居然比我还急。
Story/D_8_2_6_7_018,我都听见了。
Story/D_8_2_6_7_019,石帮主，你无碍吧？
Story/D_8_2_6_7_020,妈的，那小子摆明看不起老子，连剑都不拔，\n是用剑鞘敲晕的我，这口气实在难咽。
Story/D_8_2_6_7_021,你冷静点，可别又去自讨苦吃。
Story/D_8_2_6_7_022,可不是我不敢，而是大局为重。
Story/D_8_2_6_7_023,是是。
Story/D_8_2_6_7_024,你们脚长的只管上山去，我率帮众出门去骚扰武林盟。\n躲巷里远远朝他们扔石头，他们气炸的时候，我们就躲进外堡！
Story/D_8_2_6_7_025,你是什么顽童吗？
Story/D_8_2_6_7_026,不，这招说不定真的有用，正该这样让他们时刻紧张，\n连喘息的机会都没有。
Story/D_8_2_6_7_027,帮主妙计。
Story/D_8_2_6_7_028,夫人，听见了吗？赵大侠夸我聪明。
Story/D_8_2_6_7_029,你那是误打误撞，竟还得意起来了。
Story/D_8_2_6_7_030,我不认识路。
Story/D_8_2_6_7_031,居然到现在还不认识路。
Story/D_8_2_6_7_032,你跟着我吧。
Story/D_8_2_6_7_033,嗯！
Story/D_8_2_6_7_034,上上下下的，真麻烦。
Story/D_8_2_6_7_035,还请师父多担待。
Story/D_8_2_6_7_036,都是你害的，罚你晚上到小屋来，给我揉腿。
Story/D_8_2_6_7_037,师父，这大白天的……。
Story/D_8_2_6_7_038,你不乐意？
Story/D_8_2_6_7_039,不，那自然是千百个乐意。
Story/D_8_2_6_7_040,这是罚吗？这是奖励我啊。
Story/D_8_2_6_7_041,那就当奖励你吧。
Story/D_8_2_6_7_042,不会吧……你又要上山？你这是想跑死我！
Story/D_8_2_6_7_043,我不管！打死我也不跑了！
Story/D_8_2_6_7_044,那你就留在山下……。
Story/D_8_2_6_7_045,不，我要上山！
Story/D_8_2_6_7_046,你又不肯跑，又想上山，怎么上？用飞的？
Story/D_8_2_6_7_047,{size=24}……你抱我啊，用背的也可以。{/size}
Story/D_8_2_6_7_048,什么？周围太吵了，你说话太小声，我没听清。
Story/D_8_2_6_7_049,我跑行了吧！我跑就是了！去你妈的！
Story/D_8_2_6_7_050,怎么还爆粗口骂人，大家闺秀的气质何存。
Story/D_8_2_6_7_051,少废话。
Story/D_8_2_6_7_052,弟，我随你上山！要决战是吧，怎能少了我呢。
Story/D_8_2_6_7_053,好，我原也少不了湘姊的剑。
Story/D_8_2_6_7_054,丑师弟，我轻功高，不跟你啰唆，这就先上山去了。\n至于其他锦香宫人，就都留在外堡御敌吧。
Story/D_8_2_6_7_055,不能，落单是──
Story/D_8_2_6_7_056,都不听人说话。
Story/D_8_2_6_7_057,赵兄弟，大大大大事不好，武林盟那群──
Story/D_8_2_6_7_058,看来你们已经知道了。
Story/D_8_2_6_7_059,正是。
Story/D_8_2_6_7_060,只管去吧，有丐丐丐帮在，外堡不会陷落。
Story/D_8_2_6_7_061,如此多谢帮主了。
Story/D_8_2_6_7_062,……不客气，义兄。
Story/D_8_2_6_7_063,啥？你为何喊我义兄，我们哪时结拜的？
Story/D_8_2_6_7_064,用不着谢，这是全武林的事，刚刚刚刚好挑在你家打而已。
Story/D_8_2_6_7_065,师兄，我们几个轻功还过的去的，都随你上山。
Story/D_8_2_6_7_066,好。
Story/D_8_2_6_7_067,各位，外堡托付给大家。\n今日我与诸位肝胆相照、性命相托，但愿依然后会有期，请！
Story/D_8_2_6_7_068,各位，外堡托付给大家。\n你们挡严实点了，我才好去干掉武林盟主，请！
Story/D_8_2_6_7_069,{size=50}请！{/size}
Story/D_8_2_6_7_070,那群邪魔歪道魔法通天，竟然看破了南宫家主的妙计！
Story/D_8_2_6_7_071,无妨，这也能是阳谋，我们加剧对外堡施压便了。
Story/D_8_2_6_7_072,后方怎么回事？
Story/D_8_2_6_7_073,我去看看情况。
Story/D_8_2_6_7_074,大公子，有、有怪物！木头老虎怪物！会喷火！
Story/D_8_2_6_7_075,"{punch=0.2,2}嗡嗡嗡嗡嗡。{/punch}"
Story/D_8_2_6_7_076,来了！牠来了！牠又来了！
Story/D_8_2_6_7_077,那恐怕是崆峒竹夫人打造的木甲机关吧。
Story/D_8_2_6_7_078,真是没见过世面，凭这粗造滥制的虎战车，能成什么威胁？
Story/D_8_2_6_7_079,"{punch=0.2,2}嗡嗡嗡嗡嗡。{/punch}"
Story/D_8_2_6_7_080,这是什么妖怪！
Story/D_8_2_6_7_081,大公子，快逃！
Story/N_8_2_6_7_001,不知为何出现在战场上的虎战车二式到处肆虐，喷火烧人。\n武林盟后方大乱，推挤践踏，又是死伤无数。
Story/N_8_2_6_7_002,你所料不差，武林盟第二阵只是为了牵制外堡，实则兵分两路，\n派出了轻功高强的高手上外堡，准备擒贼先擒王。
Story/D_8_2_6_7_082,{size=50}到此为止了！恶徒！{/size}
Story/D_8_2_6_7_083,你、你们！莫非是……！
Story/D_8_2_6_7_084,没错……正是我们！
Story/D_8_2_6_7_085,"{punch=0.2,1}{size=50}嵩山寺十八铜人！喝！{/size}{/punch}"
Story/D_8_2_6_7_086,有我十八铜人在的地方，就是木人巷！\n尔等要想从此通关──
Story/D_8_2_6_7_087,留下买路财！
Story/D_8_2_6_7_088,地方越窄，我们越强！
Story/D_8_2_6_7_089,我们十八个，就是你等人生最崎岖的路！
Story/D_8_2_6_7_090,十八位师兄，你们怎么会和西武林盟站在同一阵线？\n正邪不两立，他们可是魔教同党啊！
Story/D_8_2_6_7_091,痴儿！你说我等是邪，我却说你等才是邪。
Story/D_8_2_6_7_092,不会吧……竟连十八铜人都站西武林盟。\n难道……难道他们才是对的吗？
Story/D_8_2_6_7_093,阿弥陀佛，我嵩山弟子，是不论如何不敢和十八铜人相抗的。
Story/D_8_2_6_7_094,怕啥！纵是大名鼎鼎的十八铜人，这般是非不分，非要助纣为虐，\n那咱们还跟他客气什么？才区区十八个，难道还真是铜打的？\n再不让道，今日少不得要得罪一下嵩山派！
Story/D_8_2_6_7_095,啊！好痛！我他妈踩到了啥？
Story/D_8_2_6_7_096,这是……像草一样的针？
Story/D_8_2_6_7_097,如今我们最占上风的，就是地利。\n此处不比风雨山，山中草木有谁比我们更熟？\n唐门除了暗器、毒药，也善机关巧术，此时不设陷阱，更待何时！
Story/D_8_2_6_7_098,唐门的贱人在山道上设了陷阱！
Story/D_8_2_6_7_122,啊！啊！什么玩意，谁揪着我的脸，好痛！
Story/D_8_2_6_7_123,方才那什么玩意？
Story/D_8_2_6_7_124,哇啊什么东西！别抓我！
Story/D_8_2_6_7_125,大、大家聚笼了，这山道有古怪！
Story/D_8_2_6_7_126,妖怪啊！
Story/D_8_2_6_7_127,屈兄！黄兄！
Story/D_8_2_6_7_128,岂有此理，唐门本事没有，最会装神弄鬼！\n快把人给我放了！卑鄙无耻！
Story/D_8_2_6_7_099,混账，唐门本事没有，原是最卑鄙无耻不过！
Story/D_8_2_6_7_100,话可不能说，卑鄙跟有没有本事，不可混为一谈。
Story/D_8_2_6_7_101,你们的对手可不止十八个。
Story/D_8_2_6_7_102,各位大师，我来助阵！
Story/D_8_2_6_7_103,还想师兄你怎么没跟上。
Story/D_8_2_6_7_104,加上我！
Story/D_8_2_6_7_105,……想不到我这女魔，也有跟大和尚并肩作战的一天。
Story/D_8_2_6_7_106,阿弥陀佛，施主来得正好。\n小僧负责骂人，请你来替我位置。
Story/D_8_2_6_7_107,我没练过你们的阵法。
Story/D_8_2_6_7_108,放心，诀窍不外乎就是见人就打，或者你去勾引敌人入阵，\n交给我师兄弟们伺候。
Story/D_8_2_6_7_109,这个我会！看我的！
Story/D_8_2_6_7_110,啊！好痛！我他妈踩到了啥？
Story/D_8_2_6_7_111,呃啊！我也踩到了，啥玩意？脚底分明没东西啊！
Story/D_8_2_6_7_112,这是……像草一样的针？
Story/D_8_2_6_7_113,如今我们最占上风的，就是地利。\n此处不比风雨山，山中草木有谁比我们更熟？\n唐门除了暗器、毒药，也善机关巧术，此时不设陷阱，更待何时！
Story/D_8_2_6_7_114,唐门的贱人在山道上设了陷阱！好卑鄙！大家都小心脚下！
Story/D_8_2_6_7_117,啊！啊！谁的手？！
Story/D_8_2_6_7_118,又怎么了……人呢？
Story/D_8_2_6_7_119,哇啊什么东西！别抓我！
Story/D_8_2_6_7_120,大、大家聚笼了，这山道有古怪！
Story/D_8_2_6_7_121,妖怪啊！
Story/D_8_2_6_7_1_001,阿弥陀佛！阿弥陀佛！阿弥陀佛！
Story/D_8_2_6_7_1_002,阿弥陀佛！阿弥陀佛！阿弥陀佛！
Story/D_8_2_6_7_1_003,那边的，干嘛？想跑啊？蛤？来嘛，不是很会？蛤啦？
Story/D_8_2_6_7_1_004,福韫法师，你说话已经完全不像个和尚了。
Story/D_8_2_6_7_1_005,贫僧此刻不是和尚，是一面镜子。对善人以善，对恶人以恶。\n旁人一万句道理入不了心，尚不若一眼看清自己，知所反思。
Story/D_8_2_6_7_1_006,赵施主对一面镜子说话，也是对你自己说话。
Story/D_8_2_6_7_1_007,赵施主这样的人品，还对一面镜子说教，你信不信镜子恼起来连你都打？
Story/D_8_2_6_7_1_008,哦……。
Story/D_8_2_6_7_1_009,岂有此理，打不过，咱们还躲不了吗？\n各位，我们施展轻功，跃上唐门！
Story/D_8_2_6_7_1_010,好！
Story/D_8_2_6_7_1_011,呃啊！
Story/D_8_2_6_7_1_012,施主，你可曾想过为什么那两人跑得了，你却被小僧打吗？\n因为你倒霉。你可曾想过众生平等，为何偏偏就你倒霉吗？
Story/D_8_2_6_7_1_013,我哪知道！你这疯和尚！
Story/D_8_2_6_7_1_014,善哉，师弟所言，隐含了缘起的智慧。
Story/D_8_2_6_7_1_015,是，信女上官萤也听出来了，一切法由无自性，诸法因缘生。\n若是不来，若是没有武林盟，若是没加入丐帮，若是不习武，\n若是不动念，便不会招来业果。
Story/D_8_2_6_7_1_016,换言之，就是活该吧。
Story/D_8_2_6_7_1_017,哪里有啊！
Story/D_8_2_6_7_1_018,施主是要在此与我谈论佛法，还是要上唐家大院呢？
Story/D_8_2_6_7_1_019,多谢大师提醒，我等告辞。
Story/D_8_2_6_7_1_020,施主请。
Story/N_8_3_1_001_temp,尚未完成：决战眉山之颠
Story/N_8_5_1_001,在那之后，武林盟下六大派弟子络绎不绝涌入山门，\n高喊剿灭魔教、匡扶人间正义的口号，围杀唐门弟子。
Story/D_8_5_1_002,赵兄，伤势如何？
Story/D_8_5_1_003,呼……呼……还没死，却不远了。你呢？
Story/D_8_5_1_183,呼……呼……。
Story/D_8_5_1_184,磨刀霍霍向猪羊，想不到我的宝刀，今日真的拿来杀猪。
Story/D_8_5_1_185,你……怎么……。
Story/D_8_5_1_186,赵兄，伤势如何？
Story/D_8_5_1_187,呼……呼……多亏你，姑且，缓过气来了。
Story/N_8_5_1_011,你不愿示弱让人看轻，强打起精神。
Story/D_8_5_1_188,你呢？
Story/D_8_5_1_004,咳……跟你差不多。
Story/D_8_5_1_005,那可不好……我们总要有一个活着，带云裳下山去。
Story/D_8_5_1_006,不必了，我和她谈过。\n我们兄妹生来就被安排了命运，至少死地要自己选。
Story/D_8_5_1_007,是吗……。
Story/D_8_5_1_008,其实我讨厌克己复礼，也不擅长守势，\n最后一刻，我只听凭自己心意……就此别过了，兄弟。
Story/D_8_5_1_009,好，但愿黄泉有舟有酒，我们三人还能一块把酒言欢。
Story/D_8_5_1_182,……甭看了，放马过来。
Story/Ch_8_5_1_001,然后给我去死！
Story/D_8_5_1_180,啊！我的手……他妈的是谁说这家伙好斗的！
Story/D_8_5_1_181,他哪里是什么杂鱼了？卑鄙！\n这人跟那叶云舟，是同一个境界的，这是扮猪吃老虎啊！
Story/D_8_5_1_010,呼……呼……湘姊，你……你一直咳血，内伤深重，不能再运气了。
Story/D_8_5_1_011,……弟，姊先走的话，你会伤心吗？
Story/D_8_5_1_012,我会当场死亡。\n我至多活到你死。
Story/D_8_5_1_013,那我得振作一点才行。
Story/N_8_5_1_002,龙湘与你背靠背、心连心，默契无间，所向披靡。\n任他武林群侠前仆后继而来，悉数命殒剑下，一战震撼江湖。
Story/N_8_5_1_003,只是命有穷尽，饶她身上流淌英雄之血，始终不过血肉之躯，\n与你凡夫俗子一般无异，时候到了，贩夫走卒、王侯将相都得认命。
Story/N_8_5_1_004,残阳如血，你与龙湘伫立于晚照与星夜分野，影子越拉越长。\n散发随风飞舞，直到最后也屹立不倒，始终骄傲。
Story/D_8_5_1_014,呼……呼……。
Story/D_8_5_1_015,别动他！
Story/D_8_5_1_016,快振作一点啊你，没用的家伙。
Story/D_8_5_1_017,萤姑娘，别管我了……。
Story/D_8_5_1_018,你……你……。
Story/D_8_5_1_019,你这纸老虎，在家撒野就算了，还道江湖好汉全是吃素的？
Story/D_8_5_1_020,{size=24}喂，瞎眼了你？那可是上官大人的千金。{/size}\n{size=24}你要敢伤了她，咱们都得吃不了兜着走！{/size}
Story/D_8_5_1_021,{size=24}那怎办？{/size}
Story/D_8_5_1_022,大小姐，你明知道这是死路，走不通的。\n我们都别无选择，请您念着我们家有老小，别让我们为难了。
Story/D_8_5_1_023,我们很感念您的义气，就算是这样也不能让一家老小陪你送死啊。\n您是信佛之人，小人请你大发慈悲，为了你自己，为了我们大家，降吧。
Story/D_8_5_1_024,……一炷香，不，一盏茶。
Story/D_8_5_1_025,大小姐……。
Story/D_8_5_1_026,你要我为你们着想，连半刻光阴也不留给我吗！
Story/D_8_5_1_027,……遵命。
Story/D_8_5_1_028,沧帮弟子听令！护卫大小姐与阿郎！
Story/D_8_5_1_029,是！
Story/D_8_5_1_030,喂，你们想做甚？我们是同盟的！
Story/D_8_5_1_031,大小姐，赵大侠这伤……眼看是不活了，你有什么话，赶紧说吧。
Story/D_8_5_1_032,赵活……你有什么想对我说的？
Story/D_8_5_1_033,我本就不是胆大之人，如此胆小，还是挺到了最后。\n以我来说，算是做得不错了吧。
Story/D_8_5_1_034,……嗯，你表现的很好，很了不起。\n即使胆怯，依然挺身而战，这才是真正的勇气。
Story/D_8_5_1_035,嘿，能作万人敌，就我而言也不算太冤吧。
Story/D_8_5_1_036,你这傻子，被一万个人讨厌还得意洋洋的，傻不傻啊。
Story/D_8_5_1_037,……不，我收回方才的话，被人讨厌才需要勇气。
Story/D_8_5_1_038,嘿嘿，萤姑娘居然夸我了……。
Story/D_8_5_1_039,萤姑娘，你欠的已经还清唐门了。\n大家都挺随性的，我保证，没人再放心上了，你去吧……。
Story/D_8_5_1_040,你让我回上官世家？
Story/D_8_5_1_041,我……到底算什么呢？\n逃离了上官家，当不了南宫媳妇，连你也嫌弃我……选了别的更好的人。
Story/D_8_5_1_042,萤姑娘……是我对不住你。
Story/D_8_5_1_043,我明明很努力了！但我就是改不了，我、我生来就是这样的人嘛。\n你们全都嫌弃我，那我也不要你们了！随便你要怎么样就怎样！
Story/D_8_5_1_044,啊……。
Story/D_8_5_1_045,对不住，我不是真心的，你跌疼了吗？
Story/D_8_5_1_046,滚……你滚啊！别让我再看见你，八婆！
Story/T_8_5_1_001,走吧……快走，我盼着你来，舍不得带你一块走。\n如此自私，是我对不住你，你从前打我，没一下是冤枉的。
Story/D_8_5_1_047,我没想到会让你那么伤心……现在有报应了。\n你就消消气吧，别恼我了……成吗？
Story/D_8_5_1_048,可以，我不气了，我们两下抵销，\n今后……今后还是朋友。
Story/D_8_5_1_049,那就……好了……。
Story/D_8_5_1_050,去你想去的地方就好。
Story/D_8_5_1_051,好。
Story/D_8_5_1_052,我想去这里，有你的地方。
Story/D_8_5_1_053,……萤儿，谢谢你曾来过。
Story/D_8_5_1_054,不……是我该谢谢你带我来。
Story/D_8_5_1_055,啊……啊啊……。
Story/D_8_5_1_056,大小姐，该走了。\n这里人多，你再这样，于你名声有损。
Story/D_8_5_1_057,赵郎，妾身借你兵刃一用。
Story/D_8_5_1_058,你这是在做什么！
Story/D_8_5_1_059,……你去告诉上官家主，不肖女上官萤……和赵活赵大侠结发为夫妻，\n相知相惜，死生不肯相离，惟受佛法熏陶，不敢杀生自害。\n毁此色身以明志，只愿余生长伴青灯古佛。
Story/D_8_5_1_060,大小姐，你……你这又是何苦？\n他这样的丑陋低贱之人，值得你自残身体？
Story/D_8_5_1_061,他丑陋不假，却不低贱，而是世间最高贵的人，值得一切。
Story/T_8_5_1_002,赵郎，我用余生每一刻铭记你。\n愿你转世再临人间，佛法已经开化民智、消弥歧见。\n届时众生平等，你不会再受人冷眼。
Story/D_8_5_1_062,呼……呼……。
Story/D_8_5_1_063,别慌，这家伙伤势极重，眼看就快死了。
Story/D_8_5_1_064,你也是啊。
Story/D_8_5_1_065,哇哈哈哈～下一个就是你。
Story/D_8_5_1_066,阿活，你、你要走了吗？
Story/D_8_5_1_067,要丢下我了吗？
Story/D_8_5_1_068,小梅……你有受伤吗？还有余力的话……就走吧。\n对不住……我早该让你走的……但就是贪心想绑着你。
Story/D_8_5_1_069,说这些有什么用？负起责任来啊！你不是大侠吗？\n大侠应该无所不能才对。
Story/D_8_5_1_070,别开玩笑了，阿活，吶，阿活！
Story/D_8_5_1_071,真的……真的留不住你了吗？
Story/D_8_5_1_072,……。
Story/D_8_5_1_073,……阿活，那我要杀了你喔。
Story/N_8_5_1_005,小梅向你献上一吻，将玉霄神匕刺入你的胸膛。
Story/D_8_5_1_074,阿活……你死后有知，一定不要原谅我，要来缠我、跟我索命才行。\n否则见不到面，小梅会寂寞到发疯的。\n求求你了……别喝孟婆汤，不要忘了我。
Story/D_8_5_1_075,呼……呼……。
Story/D_8_5_1_175,哇，你撞我干嘛？差点亲到嘴！
Story/D_8_5_1_176,那家伙借力推的我，我有什么办法。
Story/T_8_5_1_008,脚……不听使唤了。
Story/D_8_5_1_076,别慌，这家伙伤势极重，软手软脚的，已经没力气了！
Story/D_8_5_1_077,我还有力气，你们来跟我打啊！
Story/D_8_5_1_078,小竹，你……你的伤势……。
Story/D_8_5_1_177,搭我肩，我们走。
Story/D_8_5_1_178,别想跑！
Story/D_8_5_1_079,小竹，别再……别再动了，你伤得很重。
Story/D_8_5_1_080,你还不是一样……。
Story/D_8_5_1_081,赵活，我已经没力气了……眼睛也看不见东西了。
Story/D_8_5_1_082,但是，我就是知道你在这里。
Story/D_8_5_1_083,掌派人……我有帮上忙吗？
Story/D_8_5_1_084,有……多亏了你，我才得救的。\n怎么报答你才好呢？什么都可以。
Story/D_8_5_1_085,嘿嘿……什么都可以的话，那我想当第一掌派夫人。\n想要……想要名分……有家可归，想滥用职权，帮扶爹娘弟妹，\n只要我有钱了……爹娘弟妹一定愿意跟我和好……。
Story/D_8_5_1_086,……是啊，一定是这样。
Story/D_8_5_1_087,你不知道，我爹最疼我了……。\n爹说……他说……要带我去镇上……要买磨喝乐给我玩……。\n然后……然后……。
Story/D_8_5_1_088,要是有磨喝乐就好了……。
Story/D_8_5_1_089,小竹，这个给你，虽然很丑。
Story/D_8_5_1_090,！
Story/D_8_5_1_091,谢谢……我可太喜欢了……这个一点也不丑……。\n是我最喜欢的，只属于我的……谁也抢不走的宝物……。\n我要放在箱子里……好好珍惜……。
Story/D_8_5_1_092,呼……呼……。
Story/D_8_5_1_093,别慌，这家伙伤势极重，眼看就快死了。
Story/D_8_5_1_094,唉，你这人虽然面目丑恶，却非恶人。\n只可惜入了魔教，为虎作伥，使我等正道侠士不得不痛下杀手。\n今日杀你，非吾所愿，愿你来世别再误入歧途了。
Story/D_8_5_1_095,呼……呵，哈哈，哈哈哈！
Story/D_8_5_1_096,说我为虎做伥，你们又何尝不是争名逐利，\n是非不分，还好意思自命侠士，依我看，你们武林盟和泥教不过半斤八两。
Story/D_8_5_1_097,你这十恶不赦的魔教恶徒，今日便是你恶贯满盈之日，\n快快纳命来吧。
Story/D_8_5_1_098,哈，少废话了，有种过来啊！\n老子是快死了没错，咽气以前还有余力能宰你两个废物。
Story/N_8_5_1_006,受你魄力所慑，两名正道侠士不由自主退去。
Story/N_8_5_1_007,随着越来越多人涌入唐门，天上落下斗大雨滴，洗刷满地血污。
Story/D_8_5_1_099,狗鸡……你们这群恶人！你们会有恶报的！
Story/D_8_5_1_100,樊啸天，你一条狗先跟畜生道法王，后跟唐门，\n魔教党羽就说啦，在那边乱吠什么？
Story/D_8_5_1_101,去死！
Story/D_8_5_1_102,妈的，疯狗一条，兄弟们，这种人渣败类，\n跟他讲再多都没用，他就是魔教党羽啦！剁了他！
Story/D_8_5_1_103,等咱们后边人马到齐，便一拥而上，\n让唐门最后一滴血流尽了吧！
Story/D_8_5_1_104,后边……后边出事了！\n大伙，快……快来后面帮忙！
Story/D_8_5_1_105,什么？唐门的人应该都在这里了啊。\n他们竟还有余力设伏包围我们吗！
Story/D_8_5_1_106,不是包围，后面只有一个人！
Story/D_8_5_1_107,只有一个人？一个人你们还拾掇不下来吗！\n到底是何方神圣，你倒是说说。
Story/D_8_5_1_108,来者是点苍剑鬼，狂剑客叶云舟啊！\n他一人一剑，所向披靡，连横路死尸都比活人更碍他脚步呀！
Story/D_8_5_1_109,倒了十几二十人，无人敢再近身。\n丐帮弟子装死偷袭，才在他背上划出一道血痕，\n要不我真怀疑他是鬼不是人！
Story/D_8_5_1_110,叶云舟？！岂、岂有此理，不要慌！\n那狂剑客既然会流血，终有力竭之时，何须怕他！
Story/D_8_5_1_111,我我是怕这唐门余孽跑了，才坐镇在此！\n你们不要慌，人海战术，围死他！
Story/D_8_5_1_189,来者是苍松剑客叶云舟啊！\n他一人一剑，所向披靡，下手毫不容情，眨眼就斩倒一大票人！
Story/D_8_5_1_190,倒了十几二十人，无人敢再近身。\n丐帮弟子装死偷袭，都伤不得他毫毛，我真怀疑他背上是不是有长眼睛！
Story/D_8_5_1_191,叶云舟？岂有此理，不要慌！\n那苍松剑客再厉害，也是血肉之躯！
Story/T_8_5_1_003,哈──叶兄，你也来了。
Story/T_8_5_1_004,那夜江中轻舟水酒，云裳也在身侧。\n我们三人终于又能聚在一块了。
Story/D_8_5_1_112,差不多是时候了，咱们一拥而上，\n让唐门最后一滴血流尽了吧！
Story/D_8_5_1_113,刀下留人！
Story/D_8_5_1_114,飞石帮，石公远在此！\n谁想动唐门中人，要先问过我！
Story/D_8_5_1_115,石帮主？你、你这是干什么？\n事到如今你想干甚么？
Story/D_8_5_1_116,啊，我知道了，你想亲手解决这厮，\n以报当时夺妻之恨，对吧？\n行啊，这丑人就交你对付了。
Story/D_8_5_1_117,小子，我来了。\n我一得知消息，立马率众来驰援，没想到还是晚了。\n实在对不住你们。
Story/D_8_5_1_118,石帮主，你……。
Story/D_8_5_1_119,我夫人已经回家了，她让我来的。\n我石某人今日誓与唐门共存亡，为你们报仇。
Story/D_8_5_1_120,唐门已经灭亡了，无须再搭上飞石帮的性命。\n你夫人好不容易回家，你该好好地回去团聚。
Story/D_8_5_1_121,……好，那就听你的。\n你还有什么遗言吗？
Story/D_8_5_1_122,替我……照顾好老掌门，还有小师妹就好了。
Story/D_8_5_1_123,一定办到。
Story/D_8_5_1_124,飞石帮的听令，护卫唐门大侠，\n谁敢靠近，拿石头扔他！
Story/D_8_5_1_125,"{punch=0.1,1}{size=50}谨遵帮主号令，护卫唐门大侠！{/size}{/punch}"
Story/D_8_5_1_179,想都别想！
Story/T_8_5_1_005,这笨蛋，都叫他不要无谓送死了。
Story/N_8_5_1_008,多亏飞石帮的护持，你的最后一程走得并不屈辱，\n无人可以进犯，你环顾四周，再望一眼家园，心中无限唏嘘。
Story/D_8_5_1_126,师兄……？
Story/D_8_5_1_127,师兄！
Story/D_8_5_1_128,你、你在流血。\n拍拍，不疼，我替你上药包扎，你会……会好的。
Story/D_8_5_1_129,小师妹……。
Story/D_8_5_1_130,我不要你打架了，我来……我来保护你。
Story/D_8_5_1_131,师兄……师兄！
Story/D_8_5_1_132,不要……我错了，我后悔了。
Story/D_8_5_1_133,啊啊……啊啊啊啊！
Story/D_8_5_1_134,呜……啊……我好后悔我对你说的话……\n世上有没有后悔的药？我不要你守护唐门了……你活转来就好了。
Story/N_8_5_1_009,你心爱的人儿泪如雨下，不知为何，你就是知道哪些是雨，哪些是她破碎的心。
Story/T_8_5_1_006,小师妹为什么哭？这些眼泪是为我而流的吗？\n啊，我赵活何其有幸。
Story/T_8_5_1_007,但是，你还是不要哭比较好。
Story/D_8_5_1_135,！
Story/D_8_5_1_136,小师妹，你听不听我的话？
Story/D_8_5_1_137,我、我听，什么都听你的。
Story/D_8_5_1_138,那就跑吧，活下去。
Story/D_8_5_1_139,可是……可是爹怎么办？我……我一个人怎么办？我怕……。
Story/D_8_5_1_140,以后的事，你得自己去想了。
Story/D_8_5_1_141,……呜呜……呜哇啊啊～～
Story/D_8_5_1_142,往哪走！这是个祸胎，可不能跑了，大家都来，把她拿下！
Story/D_8_5_1_143,小师妹别怕……别哭……我唱歌给你听。
Story/D_8_5_1_144,{size=50}阿妹你岸上走～阿哥我水里游～{/size}
Story/D_8_5_1_145,方才那红衣的小娘子，是不是唐门中人？\n我们是不是应该拦下她？
Story/D_8_5_1_146,我是调皮的小蝌蚪～要带你郊游～
Story/D_8_5_1_147,有我石某人在此，谁都别想去追唐女侠！\n飞石帮，封锁山路！
Story/D_8_5_1_148,现在是管她的时候吗？你没听见这诡异的魔音？\n定是惑人心智的音波功，快摀住耳朵！
Story/D_8_5_1_149,{size=24}唉唷我的小师妹……为何悲伤那么久……{/size}
Story/D_8_5_1_150,师兄，师兄……。
Story/D_8_5_1_151,{size=24}阿哥怎生舍得你……把泪恣意流……？{/size}
Story/D_8_5_1_152,……再、再哭就把你……拿来作老婆……。
Story/D_8_5_1_153,呜呜……我想的……我愿意的。\n要是能够成真就好了……为什么没有早一点告诉你呢……。
Story/N_8_5_1_010,你的歌声越来越小，直至停息，她终于变得无依无靠。\n浑身止不住的颤抖，铃声、哭声全被淹没在倾盆大雨中。\n举目所见无不可畏，往后余生颠沛流离。
Story/D_8_5_1_154,云裳……。
Story/D_8_5_1_155,哥哥，辛苦了，裳儿来撑着你。\n我们跪天跪地跪父母，可不在这群家伙面前示弱，对吗？
Story/D_8_5_1_156,对……多谢你，帮大忙了。
Story/D_8_5_1_157,不、不客气，谁让我们一国呢？
Story/D_8_5_1_158,是啊……我们一国……一定赢……。\n可是……可是你怎么办呢？
Story/D_8_5_1_159,我？我能有什么事呢，我那么聪明，何况奇货可居。\n武林正派总不能把我吃了，何况还有锦香宫、还有我哥哥、有默铃。
Story/D_8_5_1_160,那样就好……。
Story/D_8_5_1_161,哥哥……。
Story/D_8_5_1_162,真、真拿你没办法，你只能阖眼瞇一下喔。\n裳儿我呢、破例让你休息一下，安安静静不闹你。\n等你醒来……等你醒来……我们再接着玩。
Story/D_8_5_1_163,接下来玩什么好呢？玩、玩扮家家吧……。\n我来当新娘子，你作新郎，还要有我哥哥、有默铃、有爷爷才热闹。
Story/D_8_5_1_164,……原来给人送行，心会那么疼啊。
Story/D_8_5_1_165,怎么样才能再见面呢？\n要是真有轮回的话，下一次能在和平的时代重逢就好了。
Story/D_8_5_1_166,我会活着……毕竟是因你而活的命。\n哥哥，谢谢你那么疼我……裳儿其实好喜欢你。
Story/D_8_5_1_167,小菊……。
Story/D_8_5_1_168,赵郎。
Story/D_8_5_1_169,你是当代才女，南宫家主对你敬重有加……只要他在……。
Story/D_8_5_1_170,……赵郎，烈女不更二夫，魏菊无才，却是知耻之人。\n山无陵，江水为竭，冬雷震震，夏雨雪，天地合，乃敢与君绝。\n不能为君分忧，已无地自容，掌派人驾鹤，妾身岂有颜面苟活于世？
Story/D_8_5_1_171,我为一己之私，拖累了你的大好人生……实在对不住你。
Story/D_8_5_1_172,……您是这样想的吗？妾身可不敢苟同。\n我自认很有识人之明，从没打算委屈自己。\n结局虽然不尽如人意，可是落子无悔，小菊跟了你，没曾后悔过。
Story/D_8_5_1_173,……。
Story/D_8_5_1_174,晚日寒鸦一片愁。柳塘新绿却温柔……\n若教眼底无离恨，不信人间有白头！
Story/T_8_5_2_001,我这是，就快要死了吧。
Story/N_8_5_2_001,几代盛名传遍神州，偌大唐门的最后一人，屹立于滂沱大雨之中。
Story/T_8_5_2_002,我这么胆小，还是挺到了最后。\n以我来说，算是做得不错了吧。
Story/T_8_5_2_003,嘿，能作万人敌，就我而言也不算太冤吧。
Story/D_8_5_2_001,……表现的还算可以，勇敢的弟子。
Story/D_8_5_2_002,走开！走开！谁也别来害我师兄！
Story/D_8_5_2_003,师父……。
Story/D_8_5_2_004,别怕，别怕，师父在这里。
Story/D_8_5_2_005,谢谢你……。
Story/D_8_5_2_006,走吧，弟子，师父给你撑伞。\n我们回大雪山，如是人间，我们不希罕。
Story/N_8_5_2_002,斗志与仅存力气都被雨洗去，某个人无可救药的故事正在落幕。
Story/D_8_5_2_007,好多事都错了，啊啊，令人不甘……。\n为什么事情会变这么坏呢？\n事到如今，一切都晚了，再也没有意义了。
Story/T_8_5_2_004,最后的最后，真想再见你一面。
Story/T_8_5_2_005,小师妹……。
Story/T_8_5_2_006,云裳……。
Story/T_8_5_2_007,杏儿……。
Story/T_8_5_2_008,小梅……。
Story/T_8_5_2_009,小竹……。
Story/T_8_5_2_010,师父……。
Story/T_8_5_2_011,夏侯姑娘……。
Story/T_8_5_2_012,湘姊……。
Story/T_8_5_2_013,龙姑娘……。
Story/T_8_5_2_014,萤姑娘……。
Story/D_8_6_1_001,快点儿你们，这山路就窄了点，又不险峭，\n和我们终南山相差十万八千里去了，你们平时不练轻功，这下有苦头吃了吧。
Story/D_8_6_1_002,你别五十步笑百步，我都在这山道边上打了个盹儿，你们才来。
Story/D_8_6_1_003,呃……你们飞天门专攻轻功的，怎能相提并论？
Story/D_8_6_1_004,腿残疾就别找借口，断小腿跟断大腿同样都是残废，怎样你咬我啊！妈～的～
Story/D_8_6_1_005,崆峒派的老兄，同样是武林盟同道，说话留点口德吧。
Story/D_8_6_1_006,关你屁事？我不骂你我有什么好处？\n没有嘛～我没有好处干嘛听你的，管好你自己啦。
Story/D_8_6_1_007,全真逍遥游身法，果然名不虚传。
Story/D_8_6_1_008,夸他干嘛，全真的也就腿脚灵便一点，一群练健康操的家伙，\n没咱们帮手，还不是只敢躲在后头凑数。
Story/D_8_6_1_009,你……！
Story/D_8_6_1_010,嘘！先别吵了，你们听见什么声音没有？
Story/O_8_6_1_001,全力突围
Story/O_8_6_1_002,片甲不留
Story/D_8_6_1_1_001,别管旁人，兵贵神速，谁脱了身，就往山下冲！\n那怕死剩最后一人，能往盟主脸上甩一巴掌，也算痛快！
Story/D_8_6_1_1_002,师兄，我们负责断后，你们负责去战武林盟主的娘亲！
Story/N_8_6_1_1_001,你等一行无暇分心旁顾，全力突围。\n武林群侠回过神来意图拦截，已经望尘莫及。
Story/D_8_6_1_2_001,尔等兴师来犯，死了也不能怨天尤人！
Story/D_8_6_1_2_002,犯我唐门，尸骨无存！
Story/D_8_6_1_2_003,敬你们的觉悟，便来战个你死我活！
Story/D_8_6_1_2_004,欠我们的，这回该还上了！
Story/D_8_6_1_2_1_001,师兄！走！
Story/D_8_6_1_2_1_002,你的份，我一定帮你讨到手！
Story/D_8_6_1_2_1_003,好……一言为定，你打在武林盟主脸上的，也有我的份。
Story/D_8_6_1_2_1_004,呀啊～！
Story/D_8_6_1_2_1_005,啊啊啊啊──！
Story/N_8_6_1_2_1_001,武林群侠被小竹一撞，宛如风筝断线一般喷飞下山。
Story/D_8_6_1_2_1_006,……可、可不是我的错，是你们自己要来欺负人，活该。
Story/D_8_6_1_2_1_007,小竹，推得好！
Story/D_8_6_1_2_1_008,是吗？你这样说，我就舒坦多了。
Story/D_8_6_1_2_1_009,哦哦哦哦～～下山去吧！
Story/D_8_6_1_2_1_010,啊啊啊啊──！
Story/N_8_6_1_2_1_002,你唐门可不跟他们假仁假义，通通推下山去。
Story/D_8_6_1_2_1_011,哇～哈哈哈哈～本梅推人下楼梯，从没推得这么心安理得！
Story/D_8_6_1_2_1_012,走，接着打！
Story/N_8_6_1_temp_001,尚未完成：刺杀盟主
Story/D_8_6_2_001,不、不好了！大事不妙啊！
Story/D_8_6_2_002,二位大人，这位是丐帮青龙老侠沙长老，何事惊慌？
Story/T_8_6_2_001,大公子真够意思，老丐儿外号青蛇老怪，竟被改作青龙老侠，大大长脸。
Story/T_8_6_2_002,啊呦，这当儿可不是胡思乱想的时候。
Story/D_8_6_2_003,唐门的疯子主动出击，大呼小叫打过来了！
Story/D_8_6_2_004,打过来了？就算百姓家家紧闭门户，也难保不会伤及无辜，他们怎敢！
Story/D_8_6_2_005,上官大人，您有官身，不宜动刀动枪，请随我来。
Story/D_8_6_2_006,……贤侄，这点小场面，你总不会收拾不了吧？
Story/D_8_6_2_007,上官世伯请宽心，小侄理会得。
Story/D_8_6_2_008,赵活，你来了吗。
Story/T_8_6_2_003,奇了怪了，敌人杀到山下来，我胸中斗志却高鸣不已。\n彷佛我等的就是此刻……是了。
Story/D_8_6_2_009,是了，号称武林之骨，三大世家的唐门，就该是这样才对。\n我行我素，桀骜不驯。
Story/D_8_6_2_010,既然反目当了对手，就要全力以赴杀你，才够诚意！
Story/D_8_6_2_011,这群亡命之徒，是想背水一战，袭杀盟主？想的太美！\n我南宫深在此，来做你们对手！
Story/D_8_6_2_1_001,发球！
Story/D_8_6_2_1_002,什么玩意，这么顽强！
Story/D_8_6_2_1_003,着！
Story/D_8_6_2_1_004,路已开！去吧！唐门丑侠！
Story/D_8_6_2_1_005,师兄，我们只能停步在此了，你去吧！
Story/D_8_6_2_1_006,多谢！
Story/D_8_6_2_1_007,可恶！
Story/D_8_6_2_1_008,三师兄、四师兄！
Story/D_8_6_2_1_009,这里交给我们！
Story/D_8_6_2_1_010,师弟！去！
Story/D_8_6_2_1_011,三师兄！
Story/D_8_6_2_1_012,师弟！去！
Story/D_8_6_2_1_013,谨遵掌门旨意！
Story/D_8_6_2_1_014,……唐三爷，唐门南宫本来不必兵戎相见。\n只要你们肯忍一时之气，凭南宫世家的脸面，假以时日必能为尔等昭雪……。
Story/D_8_6_2_1_015,南宫家主，不必自欺欺人。\n唐某就以唐门袖底扇，领教你南宫风流扇罢！
Story/D_8_6_2_1_016,那我就以机关箧笥，领教你南宫宝贝肩甲！
Story/D_8_6_2_2_001,哇……。
Story/D_8_6_2_2_002,现在姑且让着瑞兄弟，迟早我要成为天下第一！
Story/D_8_6_2_2_003,夫人……。
Story/D_8_6_2_2_004,师兄，我们的份！
Story/D_8_6_2_2_005,全指望你啦！
Story/D_8_6_2_2_006,……好！我们回头再见了。
Story/D_8_6_2_2_007,师姊，要是我们能活，你、你能不能跟我成亲？
Story/D_8_6_2_2_008,不必活，死了也在一起。
Story/D_8_6_3_001,……师兄他们来了？
Story/D_8_6_3_002,小绵羊，你想上哪儿去？
Story/D_8_6_3_003,走开。
Story/D_8_6_3_004,别忘啦，你现在是瑞家的人了。\n去了就会被当叛徒，会死喔？
Story/D_8_6_3_005,随便。
Story/D_8_6_3_006,难得，灵犀妹子居然关心起默铃妹子。
Story/D_8_6_3_007,冷静一点，别听，别看。\n你好不容易忍耐至今，舍得你师兄弟姊妹的良苦用心付诸东流吗？
Story/D_8_6_3_098,铃儿，你已经是瑞家的人了。\n要以夫家为重，这才是你要待一生的归宿啊。
Story/D_8_6_3_008,不是说，可以不必赶尽杀绝吗？你骗我！
Story/D_8_6_3_009,……。
Story/D_8_6_3_010,真不像话，一点格局、眼界也无，不愧是山野村姑。
Story/D_8_6_3_011,那是以唐门不抵抗、愿意就擒解散为前提。\n唐门坐霸西蜀，目无王法，是江湖草莽敢于犯禁的底气，不得不除。\n让武林人亲手切割唐门，才足以对朝廷表忠诚。
Story/D_8_6_3_012,否则的话，朝廷就不得不将武林盟视为祸胎，派兵围剿。\n大宋内耗，让金贼趁虚而入，等若将我大好河山拱手让人。
Story/D_8_6_3_013,换言之唐门的牺牲，是必然的。\n若是你家人们有忠君爱国之诚，就该缴械纳首，慷慨就义。
Story/D_8_6_3_014,孟仙谣，你说谁是贼？
Story/D_8_6_3_015,哎呀，一时忘了，这里也有条金狗。
Story/D_8_6_3_016,你们看好铃儿。
Story/D_8_6_3_099,你看你们，整天就知道吵，瑞郎恼了。
Story/D_8_6_3_100,你们把唐默铃抓牢了，别让她去碍事。
Story/D_8_6_3_101,我欠你师兄一个人情，现在去还。
Story/T_8_6_3_001,……这群北方女子各个让人心烦，真想全部杀光。\n唐默铃不争不抢，倒是可以留她。
Story/D_8_6_3_017,南溪、灵犀，请你们二位带大家撤退后方，敌人要来。
Story/D_8_6_3_018,你放心把你的夫人们交给我？不怕我趁乱弄死吗？
Story/D_8_6_3_019,瑞郎，你留这蛇蝎心肠的女人在身边，迟早会出乱子。
Story/D_8_6_3_020,你不是很清楚吗？最先出事的就是你，就在今天，就在这里。
Story/D_8_6_3_021,别闹了。
Story/D_8_6_3_102,夏灵犀。
Story/D_8_6_3_103,干嘛？
Story/D_8_6_3_104,我欠唐门一个人情，现在去还。\n你想杀我，可以把握机会。
Story/D_8_6_3_105,你这话什么意思？喂！
Story/D_8_6_3_022,几位前辈，前方战况如何？
Story/D_8_6_3_023,盟主怎么到前线来了？还请放心。\n那些唐门余孽人数都不到我武林盟十分之一，杀个精光只是早晚的事。
Story/D_8_6_3_024,苏老长此言差矣，你不了解唐门。\n最险不是人多，而是人少，只消一个突围过来，就大事不妙！
Story/D_8_6_3_025,看来该我出手了。
Story/D_8_6_3_026,万万不可！盟主之责，是要统帅盟军，怎能轻易犯险？\n何况唐门论武功未必强胜于盟主，却擅阴谋暗算，杀得了天底任何人，\n身为盟主必须心系大局，万事以苍生为念！
Story/D_8_6_3_027,……前辈训斥的是。
Story/D_8_6_3_028,二位老友，年轻一辈抵敌不住，我们也入阵去支持！
Story/D_8_6_3_029,没法子，动动这身老骨头吧！
Story/D_8_6_3_030,我也要去？要命！
Story/D_8_6_3_031,……那我就这么看着吗？
Story/D_8_6_3_032,阿笙！
Story/D_8_6_3_033,咦？小梅！
Story/D_8_6_3_034,啊……还是应该称呼你作梅夫人？
Story/D_8_6_3_035,阿笙，你怎么能这么说？你不知道赵活那厮不是好人吗？
Story/D_8_6_3_036,难道是他强迫于你？
Story/D_8_6_3_037,那不是当然的吗！我好不容易才逃出生天，噢～\n你可得保护奴家～
Story/D_8_6_3_038,！
Story/D_8_6_3_039,啧。
Story/D_8_6_3_040,啧。
Story/D_8_6_3_041,你这是做什么？
Story/D_8_6_3_042,美人计居然不管用，阿笙你长进了啊。
Story/D_8_6_3_043,你不是说他不是好人，还强迫于你？
Story/D_8_6_3_044,啊哈哈，他确实不是好人，却没有强迫于我。
Story/D_8_6_3_045,啊哈哈，你真傻，当然是我撒谎啦。\n阿活那样人处无害的滥好人，威胁性还不如别人吃了扔在地上的西瓜皮。
Story/D_8_6_3_046,但不如说是本梅觊觎他多一点喔。
Story/D_8_6_3_047,恨不得点了穴，把他这样那样，弄得乱七八糟。\n呼呼……想想就觉得欲罢不能呢。
Story/D_8_6_3_048,蛤……？我听了什么？
Story/D_8_6_3_049,小梅！
Story/D_8_6_3_050,有！
Story/D_8_6_3_051,……阿活。
Story/D_8_6_3_052,阿笙，我来取你性命。
Story/D_8_6_3_053,合情合理，是我欠了你。
Story/D_8_6_3_054,你欠我的，我就不跟你计较了。\n但是无辜的血不能白流，有人必须为此付出代价。
Story/D_8_6_3_055,舍我其谁。
Story/D_8_6_3_056,武林盟主远道而来，怎地如此见外，也不上山一叙？\n你不来，赵某人只好代表师门下山，向盟主讨教武功！
Story/D_8_6_3_057,武林盟主？幸会幸会。\n我给你带了见面礼，是我唐门上下一人一份的老拳，还请不要推辞啊。
Story/D_8_6_3_058,来得好，你所求者无非一战，正合我意。
Story/D_8_6_3_059,唐姑娘也来了。
Story/D_8_6_3_060,龙姑娘……令业师的事，在下深表遗憾。\n与锦香宫为敌，实在非我所愿。
Story/D_8_6_3_061,多言无益。
Story/D_8_6_3_062,夺魄幽兰，夏侯姑娘。
Story/D_8_6_3_063,瑞公子，久疏问候，妾身此来请你纳命。
Story/D_8_6_3_064,连上官娘子也来了。
Story/D_8_6_3_065,我和上官大人已经断绝亲缘，瑞公子不须容情，我也不会。
Story/D_8_6_3_066,小竹。
Story/D_8_6_3_067,别喊得那么亲热，我和高高在上的武林盟主可没有交情。
Story/D_8_6_3_068,盟主请后退，这等三流货色，还不配盟主拔剑！
Story/D_8_6_3_069,二位师长，叶某知道一个静僻地方，无人打扰，恭请二位师长移驾。
Story/D_8_6_3_070,此子快剑非同小可，若来搅局，恐有变数。\n不能再留了，师弟。
Story/D_8_6_3_071,罢了，点苍的冤孽，点苍自己解决。
Story/D_8_6_3_072,帮主──！
Story/D_8_6_3_073,我我我来应付你！
Story/D_8_6_3_074,盟主，我我我来帮忙！
Story/D_8_6_3_075,妖孽！今日叫汝等──
Story/D_8_6_3_076,等什么等，偏不等！
Story/D_8_6_3_077,福韫师侄孙，你这是……。
Story/D_8_6_3_078,戒汝杀生不予取，戒汝妄语非梵行！\n释明师叔祖，由我来棒喝于你！
Story/D_8_6_3_079,妖孽！今日叫汝等不得超生！
Story/D_8_6_3_080,假和尚，来得正好，新仇旧恨一起算！
Story/D_8_6_3_081,不必盟主劳神，向某愿意代为打发。
Story/D_8_6_3_082,掌门师兄，你要帮武林盟？\n那我就帮这边吧。
Story/D_8_6_3_083,师弟，你……。
Story/D_8_6_3_084,解大侠！
Story/D_8_6_3_085,……解无尘，你事前有过脑子吗？
Story/D_8_6_3_086,嗯～没有！想这样干就这样干了。
Story/D_8_6_3_087,胡闹！
Story/D_8_6_3_088,噢我的天，你们真要打？不得了，会死人的。
Story/D_8_6_3_089,尹道长。
Story/D_8_6_3_090,武林盟指着我们就冤魔教党羽，吃饱没事干打杀过来，\n怎没想过会死人？还是说你们从头到尾就没想过自己会死？
Story/D_8_6_3_091,没办法，我现在合理怀疑你们武林盟是旧魔教奸细，\n必须替天行道，先把你们拿下严刑拷打，倘若冤枉，再放你们回家不迟。
Story/D_8_6_3_092,……。
Story/T_8_6_3_002,还真有道理。
Story/D_8_6_3_106,还有我。
Story/D_8_6_3_107,南溪，你不是说不掺和……。
Story/D_8_6_3_108,等等，南女侠，你站错边了吧？
Story/D_8_6_3_109,没站错。
Story/D_8_6_3_110,赵少侠不是说，好的岭南弟子太沉默了吗？\n所以我来了。
Story/D_8_6_3_111,你……。
Story/D_8_6_3_112,我服了。
Story/D_8_6_3_113,至于瑞郎，我先前不掺和的原因，你应该很清楚才对。\n我从来不觉得武林盟是对的。
Story/D_8_6_3_114,你真打算与我相杀？你明知我已经──
Story/D_8_6_3_115,不必解释。天底谁没苦衷呢？谁又肯信。\n都不重要了，你现在是武林盟主，该做的事终需你做。
Story/D_8_6_3_116,至于我，便替某人站唐门这一边。\n以免那个身不由己的可怜人，一生惭愧。
Story/D_8_6_3_117,……好。
Story/D_8_6_3_093,不若换个地方吧。
Story/D_8_6_3_094,可以。
Story/D_8_6_3_095,这处如何？
Story/D_8_6_3_096,夕阳挺好，适合赴死。
Story/D_8_6_3_097,放马过来！
Story/D_8_6_3_1_001,胜负已分。
Story/D_8_6_3_1_002,别擅自决定，事情还没完……。
Story/D_8_6_3_1_003,不，已经结束了。
Story/D_8_6_3_1_004,早在很久以前，唐门就种下了破灭的因果。
Story/D_8_6_3_1_005,我自行我道，便是千夫所指，亦无怨尤。\n你武林盟当自己是谁啊……当了朝廷走狗还得意洋洋！
Story/D_8_6_3_1_006,不会结束的……。
Story/D_8_6_3_1_007,纵然唐门灭亡，世上总有其他人不畏强权、路见不平。\n再渺小的冤屈，都不会置之不理……。
Story/D_8_6_3_1_008,废话少说……看我……看我绝招！
Story/D_8_6_3_1_009,……。
Story/D_8_6_3_1_010,这是三师兄的份！
Story/D_8_6_3_1_011,这是四师兄的份……。
Story/D_8_6_3_1_012,这是……这是师弟妹的份……。
Story/D_8_6_3_1_013,知道厉害了吧……好教你们这群大侠知晓……小人物的志气……。
Story/D_8_6_3_1_014,说啥呢你，我算什么大侠，你也不是小人物啊……。
Story/D_8_6_3_1_015,蜀中唐门名不虚传，不愧是天下第一暗器大家。\n在下铭记在心。
Story/D_8_6_3_1_016,呼……呼……如何？阿笙，知道厉害了吧？
Story/D_8_6_3_1_017,服了，真不愧是你。
Story/D_8_6_3_1_018,呼……呼……如何？盟主。\n拚着把手剁了扔出去的觉悟，就算是我这种人的拳头也揍得到你。
Story/D_8_6_3_1_019,呵……令人肃然起敬。
Story/T_8_6_3_1_001,……辛苦了，很好的尽了盟主的义务。
Story/D_8_6_3_1_077,赵少侠，欠你的人情已还清，就此长别了。
Story/D_8_6_3_1_020,我赢了……我真赢了！
Story/D_8_6_3_1_021,看到了吧，武林！
Story/D_8_6_3_1_022,这家伙……竟杀了盟主！
Story/D_8_6_3_1_023,你这脏东西一样的丑八怪，凭什么害盟主！你凭什么活着？\n你应该去死才对！
Story/D_8_6_3_1_024,小心，郝娘子，这丑鬼赢的了盟主，武功一定非同小可。
Story/D_8_6_3_1_025,唐门的邪魔歪道，哪有什么真本事？\n他凭的全是肮脏伎俩，要不就是邪术、魔法，胜了也不光彩！\n这种人，根本不配混江湖！
Story/D_8_6_3_1_026,{size=50}去、死、去、死、去、死、去、死！{/size}
Story/N_8_6_3_1_001,这些正派大侠污言秽语咒骂不停，却无一人敢提兵器上前挑战。
Story/N_8_6_3_1_002,你受千夫所指却恍若未闻，血战至今，早已油尽灯枯，能站着都是奇迹。
Story/D_8_6_3_1_027,瑞笙！
Story/D_8_6_3_1_028,你这家伙！去死！
Story/D_8_6_3_1_029,好哇你，帮着外人，谋杀亲夫！\n亏我还觉得你安分，却原来是个包藏祸心的淫妇！
Story/D_8_6_3_1_030,小师妹……？
Story/D_8_6_3_1_031,他……他不是外人，是我师兄。
Story/D_8_6_3_1_032,别吵了。
Story/D_8_6_3_1_033,夏灵犀，你快先替瑞郎止血，这伤……不知梁有诗能不能救。
Story/D_8_6_3_1_034,必须要能，要是不能……要是不能……！
Story/D_8_6_3_1_078,夏灵犀，你想做什么？当务之急，应该先替瑞郎止血！
Story/D_8_6_3_1_079,用不着你来说！
Story/D_8_6_3_1_035,跟你师兄就好，还来做甚？
Story/D_8_6_3_1_036,我……。
Story/D_8_6_3_1_037,你要再敢动我小师妹……！
Story/D_8_6_3_1_038,你就怎样？半只脚踏进棺材里的死人，我便是不杀你，你也活不了。
Story/D_8_6_3_1_080,师兄。
Story/D_8_6_3_1_081,小师妹……？
Story/D_8_6_3_1_082,师兄，对不住，对不住。\n我有努力了，可是我，什么也办不到……。
Story/D_8_6_3_1_083,……去吧。
Story/D_8_6_3_1_039,师兄，我、我走了……你多保重。
Story/D_8_6_3_1_040,师兄，我走了。
Story/D_8_6_3_1_041,又怎么了？
Story/D_8_6_3_1_042,大侠，大侠救命！
Story/D_8_6_3_1_043,怎么回事？你们不是眉山镇的居民吧？从哪来的？
Story/D_8_6_3_1_044,我是从岷州逃难过来的，和家人走散了，身无分文，无处可去。\n不知应该如何是好。
Story/D_8_6_3_1_045,你说清楚一点，你住岷州，大老远跑眉州来做甚？\n逃难是躲谁来着？莫非是崆峒派？
Story/D_8_6_3_1_046,什么崆峒派？不知道！是西夏……西夏打过来了啊！
Story/D_8_6_3_1_047,西夏？西夏和我大宋还隔着金国临洮府，怎可能突然打过来？
Story/D_8_6_3_1_048,我哪知道，就问你们这群当官的啊！\n我们途经利州、成都府，官兵都说我们是极乐教奸细，要骗他们开城门。\n死活不肯收容，我们才逃难来的。
Story/D_8_6_3_1_049,听说蜀中有个唐门，有堡垒可以容人，才过来投奔！\n各位大侠应该就是唐门中人吧？是吧？
Story/D_8_6_3_1_050,唐门……已经没人了。
Story/D_8_6_3_1_051,什么？那、那怎么办？\n听说那啥极乐教的在蜀地起义造反，响应西夏。\n万一西夏越过秦岭南下，这小破镇子的地方官府，能抵敌的住吗？
Story/D_8_6_3_1_052,你放心，先找地方安顿。\n国难在前，武林盟定不会袖手旁观。
Story/D_8_6_3_1_053,是吗……那、那我就安心了。
Story/D_8_6_3_1_054,各位大侠──
Story/D_8_6_3_1_055,宋大人，我说这事……还是别摊上我们了吧？
Story/D_8_6_3_1_056,什么？
Story/D_8_6_3_1_057,这是国家大事，该由朝廷派兵应付呀。\n我等江湖侠士，求、求的是潇洒、快意恩仇，争的是天下第一。\n国与国之争，却派不上用场，就不掺和了。
Story/D_8_6_3_1_058,卢大侠何出此言？你们忘了武林盟结成的初衷吗？\n南宫盟主、瑞盟主的豪言，难道都不算话了吗？
Story/D_8_6_3_1_059,那两人现如今一个死，另一个眼见也活不成，说的当然不作数了。\n打魔教归打魔教，上战场却又是另一回事，那是死再多人也填不完的坑啊。
Story/D_8_6_3_1_060,其实……我也没想过围剿一个唐门，就死这么多人。\n上了战场，哪里还有家回？宋大人，您还是别指望我们了。
Story/D_8_6_3_1_061,你、你们……！
Story/D_8_6_3_1_062,宋大人。
Story/D_8_6_3_1_063,上官大人，你看这……这群人，还枉自称侠！
Story/D_8_6_3_1_064,呵。
Story/D_8_6_3_1_065,有什么好笑的？
Story/D_8_6_3_1_066,看来你对江湖有很深的误解啊。\n你也说他们自称侠，其实所谓侠客说穿了就是这样的货色。\n哪个朝代不打仗？真的为国为民，谁会把性命用在江湖厮杀。
Story/D_8_6_3_1_067,这……但是，以前的武林盟……明明曾经为国上战场拼杀的。
Story/D_8_6_3_1_068,那是南宫智，那是红蓬王、那是曾文先生、那是龙渊。\n他们才是真正的大侠。\n江湖人追随着他们，向往成为他们，才会舍生忘死。
Story/D_8_6_3_1_069,可惜得很，这个时代没有他们。
Story/D_8_6_3_1_070,难道如今江湖，就没一个人有血性？
Story/D_8_6_3_1_071,有的，每个人都有，但是每个人也都怕死。\n要有火去烧烫他们的血，直到沸腾，才会觉醒。
Story/D_8_6_3_1_072,就在今日，就在方才，朝廷扑灭了江湖最后的火苗。\n世上再也没有唐门，剩下的都是精打细算的武夫。\n我交了差，差不多该回福建去了。
Story/D_8_6_3_1_073,您也是江湖人！
Story/D_8_6_3_1_074,再也不是了。\n我上官世家远在东边，战火延烧不到，就算临安府被打下来，\n我几十艘大船驶向日本，下半辈子一样衣食无忧。
Story/D_8_6_3_1_075,你……你这样还算大宋臣民吗！
Story/D_8_6_3_1_076,哈哈哈哈！只管去告我的状吧，看官家需要我上官世家多点，\n还是会听信你这没有背景可言的闲官。
Story/N_8_6_3_2_001,武林盟主败于你手，群侠无首，只得溃散而逃。\n西夏向金借道，由崆峒派金乌上人接引入关，其时极乐教复苏，\n得西夏支持，以迅雷不及掩耳的速度控制西蜀六州。
Story/N_8_6_3_2_002,武林盟主败于你手，群侠无首，只得溃散而逃。\n西夏向金借道，先灭崆峒，由极乐教接引入关。\n以迅雷不及掩耳的速度控制西蜀六州。
Story/N_8_6_3_2_003,其时蒙古西征，放缓南侵攻金战略。\n金国得以抽调北部重兵，与西夏化敌结盟，火速发兵全力袭宋。
Story/N_8_6_3_2_004,短短数年之间，宋国国土被瓜分殆尽，官家三度迁都，\n退无可退，于悲愤绝望之中，在厓山投海自尽，大宋灭亡。
Story/D_8_6_3_2_001,真的假的啊……这就已经改朝换代了？\n我们已经不是宋人了？
Story/D_8_6_3_2_002,你们这些住山上不问世事的，消息忒也不灵通。\n要是我不来说与你们知，只怕再过三十年，你们才会知道如今谁主中原。
Story/D_8_6_3_2_003,我不怕再说个秘密给你们知晓。\n其实快则三年，晚则三十年，大宋气运必尽！
Story/D_8_6_3_2_004,……要是武林盟主没被打败，武林盟挡得住西夏兵吗？\n不，要是武林盟没去打那个唐门，也许历史就会不一样了。
Story/D_8_6_3_2_005,也许是这样，但他们就是打了。
Story/D_8_6_3_2_006,他们可真傻，什么魔教不魔教，好端端非要硬分正邪，为打而打。\n这下好了，害人害己。
Story/D_8_6_3_2_007,要是世上没有武功，这群王八蛋就会安分老实了吧。\n老子为了混口饭吃，砍柴砍到手起老茧，他们倒好，\n整～天吃饱没事干，就要比谁强、就要比谁狠，真他妈的，呸。
Story/D_8_6_3_2_008,说的是，我也是说书混饭的，嘴皮子都说破了，\n还请各位听客或多或少给点赏钱，\n否则老书生我兜来转去，就要老死在这大山。
Story/D_8_6_3_2_009,给你，不很多，我们乡下地方，以物易物为主，很少用钱。\n你别嫌弃哈。
Story/D_8_6_3_2_010,哪里哪里，有就感激不尽了。
Story/D_8_6_3_2_011,给你，省着点花，别再挣到了钱就买酒喝掉。
Story/D_8_6_3_2_012,多谢，多谢。
Story/D_8_6_3_2_013,嘿嘿，有钱了。
Story/D_8_6_3_2_014,店家～店家娘子，来壶酒，来一笼包子！
Story/D_8_6_3_2_015,啊……好，来了。
Story/D_8_6_3_2_016,酒。
Story/D_8_6_3_2_017,包子。
Story/D_8_6_3_2_018,店家你长这样，吓坏我了，都没有诚意赔我一碟小菜吗？
Story/D_8_6_3_2_019,老兄，你每天来，都是常客了，事到如今还想讹我小菜？
Story/D_8_6_3_2_020,你每天在我这儿说书，存了不少银钱吧。\n就不怕我一口气把你讹的抢回来吗？
Story/T_8_6_3_2_001,哎唷，有人不高兴了。
Story/D_8_6_3_2_021,笑～话，我可是懂武功呢，你不想吃苦头，最好别打歪心思。
Story/D_8_6_3_2_022,是是，同你说着玩的。
Story/D_8_6_3_2_023,算啦，就当我请你吧，谁让你这翘胡子，有点儿像我故人呢。
Story/D_8_6_3_2_024,有点。
Story/D_8_6_3_2_025,默铃，快来。\n我弄了一个陷阱，想要捕兔子，结果有人掉进去了。
Story/D_8_6_3_2_026,捉兔子的陷阱能有多大，人是怎么掉进去的？
Story/D_8_6_3_2_027,我、我怎么知道他们几个这么笨的？
Story/D_8_6_3_2_028,「们」？「几个」？
Story/D_8_6_3_2_029,……也没几个，就、就七八个人吧。
Story/D_8_6_3_2_030,你这是何等规模的陷阱，捉老虎都够了！
Story/D_8_6_3_2_156,我妹又给大家添麻烦了，实在抱歉。
Story/D_8_6_3_2_157,没事，你们回来，那便很好。
Story/T_8_6_3_2_005,爷爷，我是不是真的救了不应该救的人？\n活一个云裳，杀伤了好多人。
Story/D_8_6_3_2_031,店家～店家娘子，来壶酒，来一笼糕点！
Story/D_8_6_3_2_032,来啦～
Story/D_8_6_3_2_033,糕点。
Story/D_8_6_3_2_034,酒。
Story/D_8_6_3_2_035,……。
Story/D_8_6_3_2_036,……。
Story/D_8_6_3_2_037,干嘛，老家伙，怀疑我在糕点里放蚯蚓？那你可以不要吃啊。
Story/D_8_6_3_2_038,岂敢，小娘子做的糕点滋味一绝，我可舍不得糟蹋。\n就是……就是……嘿嘿，一朝被蛇咬，十年怕草绳。
Story/D_8_6_3_2_039,放心～今天糕点没加料，安心吃吧。
Story/D_8_6_3_2_040,有店家娘子这话，我就安心了。
Story/N_8_6_3_2_005,说书先生吃了一块甜糕，又美滋滋的喝了一口酒。
Story/D_8_6_3_2_041,……不过酒里加了猴儿尿。
Story/D_8_6_3_2_042,噗～～咳咳咳～
Story/D_8_6_3_2_043,别听她胡说，我方才也喝了，这酒正常的很。
Story/D_8_6_3_2_044,你、你喝了？
Story/D_8_6_3_2_045,是啊……你那什么表情？
Story/D_8_6_3_2_046,没、没有啊，不过你三天以内不能亲我。
Story/D_8_6_3_2_047,你该不会真的加了猴尿吧！
Story/D_8_6_3_2_048,没、没有啊～我只是突然……没那么喜欢你而已。\n主要是嫌你丑，绝对不是因为你喝了猴尿的说。
Story/D_8_6_3_2_049,店家～店家娘子，来壶酒，来一笼包子！
Story/D_8_6_3_2_050,马上来～
Story/D_8_6_3_2_051,客官，好酒来了。
Story/D_8_6_3_2_052,包子也来了。
Story/D_8_6_3_2_053,好极，这种荒凉地方也喝得到绍兴，真是人生一乐。
Story/D_8_6_3_2_054,那也要有客官这样懂行的酒博士，才懂欣赏呀。
Story/D_8_6_3_2_055,那倒也是。
Story/D_8_6_3_2_056,{size=24}你这哪是什么绍兴酒，就是我们自己酿的。{/size}\n{size=24}这样骗人被揭穿怎办？{/size}
Story/D_8_6_3_2_057,{size=24}我可没说那是绍兴，他自己装懂，我顺着他的话说罢了。{/size}\n{size=24}有钱不赚，傻子吗？{/size}
Story/D_8_6_3_2_058,好吧。
Story/D_8_6_3_2_059,店家～店家娘子，来壶酒，来三色小菜！要快！
Story/D_8_6_3_2_060,哈，你这老家伙，考较我？你先送酒。
Story/D_8_6_3_2_061,客官，先喝酒吧。
Story/D_8_6_3_2_062,然后～菜也来了。
Story/D_8_6_3_2_063,这么快？变戏法吗？
Story/D_8_6_3_2_064,凉菜用得着什么功夫？尝尝便知道厉害。
Story/D_8_6_3_2_065,不用尝也知道，店家娘子手艺一绝，我向来清楚。
Story/D_8_6_3_2_066,算你识相。
Story/D_8_6_3_2_067,店家～店家娘子，来壶酒，来一笼包子！
Story/D_8_6_3_2_068,好～
Story/D_8_6_3_2_069,酒来了。
Story/D_8_6_3_2_070,包子也来了。
Story/D_8_6_3_2_071,……。
Story/D_8_6_3_2_072,客官如何不喝？酒菜有什么不好吗？
Story/D_8_6_3_2_073,不不，酒是好的，包子也好。\n就是……这个嘛……听说店家娘子前些日子活活打死一只老虎，\n不知是真是假？
Story/D_8_6_3_2_074,我……我那是失手才打死的，可别说是你养的，想叫我赔。
Story/T_8_6_3_2_002,谁家正经姑娘可以失手打死老虎。
Story/D_8_6_3_2_075,不是，我是想问问……既然打死了老虎，有没有虎鞭酒可卖呀？
Story/D_8_6_3_2_076,没有！
Story/D_8_6_3_2_077,真可惜，那可是好东西呀。
Story/T_8_6_3_2_003,赵活喝都不够了，哪里还能卖你呢。
Story/D_8_6_3_2_078,店家～店家娘子，来壶茶，来一碟炒西瓜子！
Story/D_8_6_3_2_079,客官稍等，茶马上到。
Story/D_8_6_3_2_080,店中只有四川蒙顶，成吗？
Story/D_8_6_3_2_081,只要是店家娘子点的茶，都是好茶。
Story/D_8_6_3_2_082,炒西瓜子也来了。
Story/D_8_6_3_2_083,店家娘子举手投足都有一股子文人的雅气，穿的也不像是山里人。\n您们二位，莫非是哪家富贵千金私奔出逃的？
Story/D_8_6_3_2_084,先生，这可不兴说，于女子名声不好。
Story/D_8_6_3_2_085,是、是吗？抱歉，我没恶意，其实我也是乡下人，不大懂这些礼教。\n读了一点书、一些话本子，梦想上京赶考，结果大宋整个没了，唉。
Story/D_8_6_3_2_086,读书是为格物致知，即便不考功名，依然意义重大。
Story/D_8_6_3_2_087,对，对，哎唷，你怎么说啥都这么有道理呢？
Story/D_8_6_3_2_088,店家～店家娘子，来壶酒，来一笼包子！
Story/D_8_6_3_2_089,要酒自己拿杓过来舀。
Story/D_8_6_3_2_090,呃。
Story/D_8_6_3_2_091,抱歉客官，我夫人不能被使唤，我来送酒。
Story/D_8_6_3_2_092,别说我没帮忙，包子。
Story/D_8_6_3_2_093,店、店家娘子美貌非凡，就是这个脾气嘛，稍微大了点。\n要是能笑一笑就好了，和气生财嘛。
Story/D_8_6_3_2_094,闭嘴，你这点铜钱只买得了酒和包子。
Story/D_8_6_3_2_095,{size=24}客官，求少说两句吧，我夫人有孕，最近脾气难免大点，你别跟她计较。{/size}
Story/D_8_6_3_2_096,{size=24}是吗？那真是恭喜你了，什么法子这么厉害，{/size}\n{size=24}连你这样丑怪的人，都能娶到这样一个天仙似的老婆？{/size}
Story/D_8_6_3_2_097,这，就是秘密了。
Story/D_8_6_3_2_098,店家～店家娘子，来壶酒，来一盘不是鸡腿的菜！
Story/D_8_6_3_2_099,你为什么指名不要鸡腿？鸡腿哪里招惹你了！说啊你！
Story/D_8_6_3_2_100,呃，没有，就是你店里只卖鸡腿，怪异的很。\n蒸的、烤的、炖的我通通吃过，吃也吃腻了，想换点别的口味。
Story/D_8_6_3_2_101,原来是这样，那可惜得很，没有哦。本店就只有鸡腿。
Story/D_8_6_3_2_102,啊你怎么还吃上了？你这人怎么回事？
Story/D_8_6_3_2_103,好吃，于是吃上了。
Story/D_8_6_3_2_104,这里还有。
Story/D_8_6_3_2_105,店家～来壶酒！
Story/D_8_6_3_2_106,客官，酒来了。\n要不再来一笼包子？刚蒸好，热腾着呢。
Story/D_8_6_3_2_107,不必了，家里婆娘等我回家吃饭呢。
Story/D_8_6_3_2_108,是吗。
Story/D_8_6_3_2_109,那不巧，我自己留着慢慢享用吧。
Story/D_8_6_3_2_110,我说小赵啊。
Story/D_8_6_3_2_111,你家里人呢？
Story/D_8_6_3_2_112,谁知道呢？
Story/D_8_6_3_2_113,……快过年了。\n我让婆娘多炒两道菜，你没处去，到时不妨过来一块儿吃吧。
Story/D_8_6_3_2_114,还是算了吧，老兄家里团圆饭，我这外人凑什么热闹？\n何况我长这样，嫂子见了倒胃口。
Story/D_8_6_3_2_115,不是所有人都会以貌取人的。
Story/D_8_6_3_2_116,就算不以貌取人，我也不算什么好人喔。
Story/D_8_6_3_2_117,就你这？一看你就没啥本事的，\n能坏到哪里去？还能杀人放火不成？
Story/D_8_6_3_2_118,不好说，不好说。
Story/D_8_6_3_2_119,谢了，老哥。\n我还是不去了吧，离家那么久，也许我该回去看看。
Story/D_8_6_3_2_120,原来你有家可归啊，我还以为你是流浪汉。
Story/D_8_6_3_2_121,那到时我来帮你看着铺子，不然这穷乡僻壤，\n我也没地方说故事挣钱。
Story/D_8_6_3_2_122,一言为定。
Story/D_8_6_3_2_123,时候不早了，钱放这儿，酒我拎走了。
Story/D_8_6_3_2_124,慢走。
Story/D_8_6_3_2_125,……是啊，是该回去看看了。\n大院没人了，总要有人回去洒扫，不然就成废墟了。
Story/D_8_6_3_2_126,店家～你这铺子烂透了，迟早要倒店，趁早别做了。
Story/D_8_6_3_2_127,哪来的臭嘴客人，去去去，我可没东西卖你……。
Story/D_8_6_3_2_128,哈哈，山村野店，本来就没啥好东西……。
Story/D_8_6_3_2_129,尊、尊驾这身衣色，莫非……能否揭下斗笠相见？
Story/D_8_6_3_2_130,好久不见啦，师弟。
Story/D_8_6_3_2_131,大大大、大师兄！
Story/O_8_6_3_2_001,是鬼！！（吓死）
Story/D_8_6_3_2_132,正是──
Story/D_8_6_3_2_133,{size=50}鬼呀！！{/size}
Story/D_8_6_3_2_134,有没有搞错，给我醒！
Story/D_8_6_3_2_135,吓！我方才……似乎梦见牛头马面来勾我魂。
Story/T_8_6_3_2_004,你心跳确实是停了。
Story/O_8_6_3_2_002,稳住
Story/D_8_6_3_2_136,正是你大师兄我，如假包换！
Story/D_8_6_3_2_137,你、你怎会……。
Story/D_8_6_3_2_138,别试了，是本尊啦。
Story/D_8_6_3_2_139,这是怎么一回事？
Story/D_8_6_3_2_140,当然事出有因，说来话长，我路上慢慢同你讲。
Story/D_8_6_3_2_141,路上？我们要去哪？
Story/D_8_6_3_2_142,都退隐江湖了，当然是跟我去说相声。
Story/D_8_6_3_2_143,什么？你突然出现，啥都说不清楚，就突然叫我跟你去说相声？
Story/D_8_6_3_2_144,我就跟你说路上讲嘛，走走。
Story/D_8_6_3_2_145,慢着，慢着！
Story/N_8_6_3_2_006,大师兄这般好事的人，怎能不好奇杏花仙何许人也？\n曾到杏花林中问过命，早知命中有此一劫。
Story/N_8_6_3_2_007,所以死而复生，是重重缘法交错，引导出的奇迹。
Story/N_8_6_3_2_008,他有感于功力停滞不前，迟迟不能掌握飞燕流星翎，\n长此以往，难负师门厚望。
Story/N_8_6_3_2_009,遂甘冒天下之大不韪，铤而走险，\n修练当年从极乐左使手中夺来的极乐魔功《九转轮回大法》。
Story/N_8_6_3_2_010,但他唐门内功根基已深，不能与极乐教内功兼容，\n强行修练，几乎走火入魔，内功不进反退，就此陷入瓶颈。
Story/N_8_6_3_2_011,千灯楼杀手处心积虑要除掉飞侠，为保万无一失，\n在茶水中掺入可解百毒的五色泥，化去大师兄唐门内功。
Story/N_8_6_3_2_012,是你舍命运功护他心脉，可惜到底未能挨到五色泥药效消失、\n唐门内功再生。
Story/N_8_6_3_2_013,但是取而代之唤醒的，是一直和唐门内功相冲突的九转轮回大法。\n使它得以掌控主权，结于丹田。
Story/N_8_6_3_2_014,申屠龙吸去大师兄所有唐门内功，更拍了一掌，渡气入体。
Story/N_8_6_3_2_015,他所习练的正是九转轮回大法，更臻大成圆满境界。\n这掌唤醒了一直和唐门内功相冲突的九转轮回大法，\n使它得以掌控主权，结于丹田。
Story/N_8_6_3_2_016,九转轮回大法行于气脉之下，无声无息，直到周天圆满，\n以真气自行按摩心脏，解除假死状态，轮回苏生。
Story/D_8_6_3_2_146,事情就是这样。
Story/D_8_6_3_2_147,这、这也太离奇了……这是何等造化？
Story/D_8_6_3_2_148,吉人自有天相，换做是你，早在一开始走火入魔岔气那边就死了。\n这就是命啊～
Story/D_8_6_3_2_149,那你既然没死，武林盟攻打唐门时你在哪？
Story/D_8_6_3_2_150,自然是在另一个少不了我的战场。\n这又是另一段故事了，欲知详情，还待下回分解～
Story/D_8_6_3_2_151,各位客官请打赏。
Story/D_8_6_3_2_152,你们这故事编的真好，真是曲折离奇。
Story/D_8_6_3_2_153,虽然知道都是假的，还是听得我提心吊胆的。
Story/N_8_6_3_2_017,你和大师兄组成相声组合，红遍大江南北。\n客官只当你们说的全是编出来的故事，听得心惊胆跳，又不禁大呼过瘾。\n同样的段子说了上百回，客官总吃这一套。
Story/N_8_6_3_2_018,待得月换星移，山河易主，你俩也变成了白发苍苍的老头。
Story/N_8_6_3_2_019,大师兄先你一步寿终正寝时，在病榻上如是道：
Story/D_8_6_3_2_154,师弟……我想通了，为何我老了，你却没啥变化……。\n因为……因为……你从一开始看起来……就很老……。
Story/D_8_6_3_2_155,你他妈！
Story/N_8_6_3_2_020,听完你的吐嘈，他心满意足的阖上双眼，毫不恋栈的离开尘世。
Story/D_pv_04_01_001,那就按说好的，自各走开三步。\n数到三，同时出手，一击决定胜负，输的要买单请客吃晚餐。
Story/D_pv_04_01_002,好的很，别当我还是当年那个人人都可以欺侮的外姓弟子。\n我等下还要加点一盘猪蹄膀。
Story/D_pv_04_01_003,一～～
Story/D_pv_04_01_004,三！
Story/D_pv_04_01_005,啊！我的屁股！
Story/D_pv_04_01_006,你偷袭我！
Story/D_pv_04_01_007,哈哈哈哈哈～我只说数到三，没说从一开始数呀。\n出奇不意偷袭暗算，这便是唐门的手段了，就问你服不服？
Story/D_pv_04_01_008,{size=50}喇逼雕啦！！{/size}
Story/T_S0503_01_001,我身中金乌上人那厮的阴招，异种真气常在督脉神庭、风府之间游走。\n轻则眼花脑涨，重则时时恍惚失神，长此以往，不是办法。
Story/T_S0503_01_002,我内力被申屠龙那厮所化，吸得一干二净不说，还导致我经脉闭塞，\n气血滞塞难行。\n我若想恢复旧观，必须设法除此隐患。
Story/D_S0503_01_001,……保持平常心，去正心堂打坐吧。
Story/D_S0503_01_002,正心，然后明志，而后立德，方能修身。\n我这些毛病迟早会好，需要的是清澈的意志。
Story/D_S0503_01_003,无论那些家伙什么手段，唐门自有唐门的办法。
Story/D_S0020_01_001,呼，今天就练到这里吧，收拾一下。
Story/D_S0020_01_002,……。
Story/D_S0020_01_003,湘姊，你找我吗？
Story/D_S0020_01_004,我也没什么特别的事，只是想找你说话。\n看你在练功才不敢出声打扰，可没有偷学你的武功。
Story/D_S0020_01_005,我知道，你武功比我高，还用得着学我的吗？
Story/D_S0020_01_006,我武功比你高吗……？
Story/D_S0020_02_01_001,弟，你记得我们初识那会儿的事吗？
Story/D_S0020_02_01_002,自然记得，那日我去捉山鸡，才因缘巧合认识了你。\n是因鸡而起的奇缘，可说是鸡缘巧合，哈哈！
Story/D_S0020_02_01_003,哈哈！
Story/D_S0020_02_01_004,自然记得。
Story/D_S0020_02_01_005,你那时被那恶公子陈序拿石灰粉蒙了眼，差点就出大事了。
Story/D_S0020_02_01_006,我才出不了事，你在嘛。
Story/D_S0020_02_01_007,那时我被那恶公子陈序拿石灰粉蒙了眼，差点就出大事了。
Story/D_S0020_02_01_008,你才出不了事，有我在……呃。
Story/D_S0020_02_01_009,虽说你也是为了救我，才会中他暗算。
Story/D_S0020_02_01_010,现在想想，我从那时起就笨手笨脚，一直给你添麻烦。
Story/D_S0020_02_01_011,你那时初出茅庐，光风霁月，碰上了奸滑之辈，原是难免吃亏。\n不经一事，不长一智，别再放心上了。
Story/D_S0020_02_01_012,自那以后我经了很多事，可我没觉得自己长进多少，\n反而心志磨耗了不少。
Story/D_S0020_02_01_013,不止你啊，我又何尝不是呢？\n光阴一刻不停留，从我们身边带走了许多事物。
Story/D_S0020_02_01_014,但你的成长显而易见。
Story/D_S0020_02_01_015,总算你有一点良心，知道我辛苦。
Story/D_S0020_02_01_016,我、我自然知道……但我也没那么难照顾吧。\n我师姊妹都说我很好养，给什么吃什么。
Story/D_S0020_02_01_017,你才不知道，照顾你实在让人提心吊胆。
Story/D_S0020_02_01_018,别跟我说你忘了鱼黏在天花板上的事。
Story/D_S0020_02_01_019,我就那个……算了不说了，你笑吧，取笑死我吧。
Story/D_S0020_02_01_020,哼～你嫌我麻烦，我不如走。\n我定要闯出一番名堂，让你个臭弟知道姊的本事。
Story/D_S0020_02_01_021,不要。\n你忘了吗？每当你有这种想法，下场往往惨烈。\n到时还要我去收拾烂摊子。
Story/D_S0020_02_01_022,师、师姊妹们都会鼓励我去尽管尝试，哪像你！
Story/D_S0020_02_01_023,温夫人这么好脾气，即便你搞砸了，她也从不生气吗？
Story/D_S0020_02_01_024,哪有这么好的事，搞砸了自然会打会骂。\n我师父视我如己出，教训的时候也特别严厉。
Story/D_S0020_02_01_025,这便是了，我打不赢你，也打不了你，\n可又不能坐视不理，到头只好委屈自己。
Story/D_S0020_02_01_026,说得好像我是什么恶霸一样。
Story/D_S0020_02_01_027,初见那时你武功差劲的很，远不如今日。\n最初不知你是敌是友，所以忖量了一下，要是动上手的话……。
Story/D_S0020_02_01_028,我八成一招就给你杀了。
Story/D_S0020_02_01_029,大约可以一招杀三个你。
Story/D_S0020_02_01_030,我的命还真廉价。
Story/D_S0020_02_01_031,当时我总想，你武功这么差，而江湖又如此险恶，\n我身为姊姊怎么着也得多多照拂你，所以就在唐门住下了。
Story/D_S0020_02_01_032,你不是为了伺机做掉我大师兄吗？
Story/D_S0020_02_01_033,是、是有那种考虑～\n不过也有为你考虑，可惜便是我不能明目张胆教你武功。
Story/D_S0020_02_01_034,一来你是唐门弟子，轮不到我越俎代庖。\n二来你是男子，不能学锦香宫武功，而我师父又嘱咐我家学不能外传。\n我虽为你着急，却也无可奈何，只能旁敲侧击点拨你。
Story/D_S0020_02_01_035,跟你过招虽然受益良多，但是对尊严伤害不小。
Story/D_S0020_02_01_036,我从前觉得你们都小题大作，故意闹我。\n及至我也碰上自己望尘莫及的高手，才知道颓然在所难免。
Story/D_S0020_02_01_037,我从前觉得你们都小题大作，故意闹我。\n待我自己也撞上一堵高墙，才知道颓然在所难免。
Story/D_S0020_02_01_038,你仍对风雨山上的事情耿耿于怀吗？
Story/D_S0020_02_01_039,嗯，这是理所当然的事吧。\n我远离了自小长大的地方，告别了我最亲的人，都还没过多久呢。\n哪能那么快释怀，我又不是冷血的。
Story/D_S0020_02_01_040,说得也是。
Story/D_S0020_02_02_001,我迟早会回去的，等我好一点……。\n我怕现在回去，见着那位温夫人，会想起师父。
Story/D_S0020_02_02_002,锦香宫中那位温夫人若不是你师父，你觉得会是谁？
Story/D_S0020_02_02_003,我不知道，我不敢猜、不敢想，一碰就痛。\n我既怕她说的是真的，又怕她说的是假的，\n总觉得一旦想清楚了，就得承认师父已经过世了。
Story/D_S0020_02_02_004,……。
Story/D_S0020_02_02_005,……弟，有件事我一直担忧，几度想要开口，总是难以启齿。
Story/D_S0020_02_02_006,请说吧，我听着呢。
Story/D_S0020_02_02_007,武林盟讨伐唐门，锦香宫再推托，只怕也不能完全置身事外。\n到时万一……万一碰着了宫中女弟子的话……如何是好？
Story/O_S0020_02_02_001,她们做好觉悟杀来的，我会反杀回去
Story/D_S0020_02_02_008,剑握在她们手上，指向何方听凭自己。
Story/D_S0020_02_02_009,风雨山助锦香宫，那是听凭我们自己的心意，便是重来一次也同样会帮。\n至于她们若想恩将仇报，我们也绝不会手下留情。
Story/D_S0020_02_02_010,是吗……说得也是。\n我知道的，我知道的……。
Story/D_S0020_02_02_011,人在江湖，身不由己。只是大老远杀来，我们也不会坐以待毙。\n她们既然做好了觉悟，那么我会抱持着敬意，全力还击。
Story/D_S0020_02_02_012,是吗……说得也是，是该如此。
Story/D_S0020_02_02_013,视如劲旅，还以敬意，这何尝不是一种肯定呢？
Story/O_S0020_02_02_002,到时就交给你了
Story/O_S0020_02_02_003,解锁条件：［性情］为［勇敢］以上
Story/D_S0020_02_02_014,那时就交给你了。
Story/D_S0020_02_02_015,我？你要派我一个人，去挡锦香宫师姊妹？
Story/D_S0020_02_02_016,对啊，挡得下来吗？\n你若拦不住她们助纣为虐，那么不是我们死，便是她们亡。
Story/D_S0020_02_02_017,……我明白了。
Story/D_S0020_02_02_018,我一定办到给你看。
Story/D_S0020_02_02_019,好，那便靠你了！
Story/D_S0020_02_03_001,湘姊，你有心事对吗？
Story/D_S0020_02_03_002,没、没有啊，你怎么会这样想？
Story/D_S0020_02_03_003,别嘴硬，快从实招来。
Story/D_S0020_02_03_004,哈哈……很明显吗？
Story/D_S0020_02_03_005,你觉得自己藏得住事吗？\n你近来都古古怪怪的，我忍你很久了。
Story/D_S0020_02_03_006,呃……。
Story/D_S0020_02_03_007,说～坦白从宽，抗拒从严！
Story/D_S0020_02_03_008,我是不会屈服的，要不你用剑问出来！赢了我就说！\n输了我就……我就砍死你！
Story/D_S0020_02_03_009,至于杀人吗？
Story/D_S0020_02_03_010,要探问少女的心事，就得赌上性命！\n这不是理所当然的事吗？
Story/O_S0020_02_03_001,不了我不问了
Story/D_S0020_02_03_011,那算了，我不问了，随便你。\n我收收东西就走。
Story/D_S0020_02_03_012,呜，呜哇啊啊～～
Story/D_S0020_02_03_013,哪有这样的！你这没有同情心的臭弟弟！\n我这不是摆明心里有疙瘩吗？你居然就这样走了！太没人性了！
Story/D_S0020_02_03_014,我不是不在意，但也不想被砍死。
Story/D_S0020_02_03_015,你不听我说，我就砍死你～！
Story/D_S0020_02_03_016,要听就得挨剑，不听也得被砍，半点不留人活路耶。\n龙女侠，你还是冷静点想清楚吧，到底是想说不想说，抑或存心想砍我？
Story/D_S0020_02_03_017,……。
Story/O_S0020_02_03_002,存心想砍你
Story/D_S0020_02_03_018,我、我要砍你！你哪里不知道我想说，你这是存心挤兑我！\n你跟你大师兄一个样，看我老实好欺负，就一直得寸进尺！看剑！
Story/O_S0020_02_03_003,不想说
Story/D_S0020_02_03_019,……我还是，不说了。
Story/D_S0020_02_03_020,你当真吗？别要到时又来找我喔。
Story/D_S0020_02_03_021,嗯，以后也不会说，因为压根没事。
Story/D_S0020_02_03_022,真是这样吗。
Story/N_S0020_02_03_001,龙湘赌气起来，好几天不和你说话。\n但是敲钟开饭的时候还是会准时回家，给她盛饭也会老实道谢。
Story/O_S0020_02_03_004,说
Story/D_S0020_02_03_023,我说就是了……。
Story/D_S0020_02_03_024,一脸委屈的样子。\n好了，湘姊，别哭啦，算我认输了。
Story/D_S0020_02_03_025,我想听，请务必说给我听。
Story/D_S0020_02_03_026,……好，既然你这么想知道，我就说了。
Story/T_S0020_02_03_001,湘姊可真好哄。
Story/D_S0020_02_03_027,早让你坦白从宽了吧。
Story/D_S0020_02_03_028,你这人半点也不知体恤别人，我好歹是个小娘子。
Story/D_S0020_02_03_029,小娘子杀人魔。
Story/D_S0020_02_03_030,喂，不要再乱给人家取绰号！\n否则别怪我以牙还牙，我就叫你……叫你臭弟侠！
Story/D_S0020_02_03_031,你平时气恼叫我臭弟也索罢了，什么臭弟侠，这也太难听了。
Story/D_S0020_02_03_032,知道滋味不好受了吧？臭弟侠。
Story/N_S0020_02_03_002,不好听的糗闻向来为人津津乐道，\n那日之后，你的新外号迅速火遍大江南北。\n人人都知道你，人人都在笑话你。
Story/O_S0020_02_03_005,真拿你没办法（决斗龙湘）
Story/D_S0020_02_03_033,真拿你没办法。
Story/D_S0020_02_03_034,赌上我的性命，来战吧。\n我若胜了，你就得一五一十把事说出来，不许再一个人哭哭啼啼的。
Story/D_S0020_02_03_035,我哪有哭！
Story/D_S0020_02_03_036,喔。
Story/D_S0020_02_03_037,……你都看见了？
Story/D_S0020_02_03_038,没有，我便是说说而已。
Story/D_S0020_02_03_039,纳命来！
Story/D_S0020_02_03_040,虽说我爱惜性命，可也不能对你坐视不管。\n可以的话务必手下留情，湘姊，请赐教吧。
Story/D_S0020_02_03_041,好，来了喔！
Story/D_S0020_02_03_042,没有的话就算了喔。
Story/D_S0020_02_03_043,……。
Story/D_S0020_02_03_044,别急，我直到死掉以前，会一直在这儿。\n无论你何时想说，我都会洗耳恭听。
Story/D_S0020_02_03_045,我死掉以后也不迟，你还是可以说，我听完再去投胎。\n不过到时你想听我的建议，得要等我托梦。
Story/D_S0020_02_03_046,不要说什么死不死的啦！太不吉利了！嘘！嘘！
Story/O_S0020_02_03_006,不说
Story/D_S0020_02_03_047,……我还是暂时不说了吧。\n这些事情，是师父留给我的功课，我想自己完成。
Story/D_S0020_02_03_048,等到一切尘埃落定，我们再当茶余饭后的谈资闲聊。
Story/D_S0020_02_03_049,好。
Story/D_S0020_02_03_050,我回啦。
Story/D_S0020_02_03_051,不、不过话是这么说，我搞砸的时候你可不能不管。
Story/D_S0020_02_03_052,知道了，知道了。
Story/D_S0020_02_03_053,唐门靠你出力，也是你的后盾，我亦在其中。
Story/O_S0020_02_03_007,说
Story/D_S0020_02_03_054,……我想说，现在就想说。
Story/D_S0020_02_03_055,好，我听着。
Story/D_S0020_02_03_01_001,我赢啦！
Story/D_S0020_02_03_01_002,用得着这么欢喜吗，你胜我又非难事。
Story/D_S0020_02_03_01_003,你怎会这样说？你今非昔比，可谓是难斗得很喔。
Story/D_S0020_02_03_01_004,战胜了强敌，自然值得欢喜。
Story/T_S0020_02_03_01_001,她最近总是无精打彩的样子，能这么欢喜，我给她打一顿也算值得。
Story/O_S0020_02_03_01_001,既然我输了，只好按照约定听你说了。
Story/D_S0020_02_03_01_005,可恶……虽然不甘心，但是愿赌服输。\n既然输了，只好按照约定听你说了。
Story/D_S0020_02_03_01_006,没错！认命吧你！
Story/N_S0020_02_03_01_001,龙湘喜不自胜，浑没想到你们根本没做过那样的约定，中了你的陷阱。
Story/O_S0020_02_03_01_002,我输了，听不得你的心事了
Story/D_S0020_02_03_01_007,看来我是听不得你心事了。
Story/D_S0020_02_03_01_008,哦……是，说得也是。
Story/D_S0020_02_03_01_009,下回我一定赢。
Story/D_S0020_02_03_01_010,我也不会输！
Story/N_S0020_02_03_01_002,龙湘好不容易拾回一点信心，唯恐又被你超越，赶紧练功去了。
Story/D_S0020_02_03_01_011,这下湘姊应该稍微有点干劲了吧。
Story/D_S0020_02_03_01_012,啊……你竟出这种怪招。
Story/D_S0020_02_03_01_013,料不到吧？
Story/D_S0020_02_03_01_014,我确实料不到。\n我收回方才说你怪招的话，那只是我受见识所局限罢了。
Story/D_S0020_02_03_01_015,真谦虚呢。
Story/D_S0020_02_03_01_016,不囿于成见，能纳人之所长、谦虚自牧、平心静气内自省。\n这是玄烛心经的心法精要，找借口挽留脸面只会自误而已。
Story/D_S0020_02_03_01_017,既然你赢了，那我愿赌服输，只得把事情告诉你了。
Story/D_S0020_02_04_001,丐帮前任王帮主，你曾见过吗？
Story/D_S0020_02_04_002,有幸见过几面。
Story/D_S0020_02_04_003,江陵大战时期，曾经远远看他力战群雄。
Story/D_S0020_02_04_004,虽然是泥教中人，但是很威风吧？
Story/D_S0020_02_04_005,只有耳闻。
Story/D_S0020_02_04_006,可惜了。
Story/D_S0020_02_04_007,王帮主与我师父、南宫家主，少年时是好友。\n他们之间的事，我也不是十分清楚，不太好说。\n但是王帮主待我特别的好，每回都会弄叫花鸡给我吃，指点我武功。
Story/T_S0020_02_04_001,怕不是龙大侠有特别嘱托王帮主吧。
Story/D_S0020_02_04_008,你不知道他是畜生道法王，对吗？
Story/D_S0020_02_04_009,当然不知道，我跟师父朝夕相处，却连她的真身都不晓得，\n迷糊到这种地步，真是无药可救。
Story/D_S0020_02_04_010,这倒也怪不了你，温夫人那是何等心术，有心算无心，\n你又敬爱敬畏她，凡她说的便信，瞒过你想来不算太难。
Story/D_S0020_02_04_011,是啊，即便是现在我也深信我师父不是坏人。\n她做的事情必定有道理，无论谁说她错了，我总是不信。
Story/D_S0020_02_04_012,……说回王帮主吧。
Story/D_S0020_02_04_013,江陵大战那会儿，听说丐帮围城，我还道又是以讹传讹，嗤之以鼻。\n没想到从小看着我长大的叔叔，居然会是魔教法王。
Story/D_S0020_02_04_014,毕竟他竟然瞒过了天下之人。\n若非他猝然发难，只怕能瞒一辈子。
Story/D_S0020_02_04_015,魔教虽然作恶多端，我却不认为王大叔是十恶不赦之人。\n他衣衫褴褛，可是什么都懂，武功又高强。
Story/D_S0020_02_04_016,他能以一己之力孤身邀斗天下侠士，连战不殆，气吞牛斗。\n是否泥教中人姑且不论，确实是位豪杰。
Story/D_S0020_02_04_017,师父曾说，王大叔才高八斗，身负嵩山绝艺，\n连失传的古今四大绝技《金刚神枪指》也被他练成了。
Story/D_S0020_02_04_018,他自创的酩酊玄剑掌，掌力浑厚而又变幻无方，狂放不羁。\n师父说他可能是当世第一高手，又说嫁郎当嫁定远郎。\n啊，定远郎说的就是王大叔了。
Story/D_S0020_02_04_019,……尽管这样说，师父和王大叔也没成眷属。\n那样武功盖世的大英雄、大豪杰，如今也埋在黄土之下了。
Story/D_S0020_02_04_020,……你可记得我持惜花令想找你大师兄的碴，\n结果反被打得落花流水吗？
Story/D_S0020_02_04_021,记得。
Story/D_S0020_02_04_024,我当时阅历浅薄，在同辈之中，还是头一回碰到对手。\n心想这人武功好高，我如临大敌，他还嘻皮笑脸的戏弄我。\n不禁又气又佩服。
Story/D_S0020_02_04_025,他谁也戏弄，对你算客气了。
Story/D_S0020_02_04_026,……弟，我和你说实话。\n对你大师兄，我曾抱持着不切实际的憧憬。
Story/D_S0020_02_04_027,嗯。
Story/T_S0020_02_04_003,我知道啊，我一直都知道。
Story/D_S0020_02_04_028,谁不是呢。
Story/D_S0020_02_04_029,我以为他是无论如何也不会死的。\n那怕别人恨得牙痒痒，都奈何不了他才对。
Story/D_S0020_02_04_030,我大师兄梦想是退隐江湖，登台说相声。\n也许他无时不刻都在表演，装作游刃有余的模样，\n让人觉得只要有他在，天大的难关也过得去。
Story/D_S0020_02_04_031,可是，他也死了。
Story/D_S0020_02_04_032,湘姊……。
Story/D_S0020_02_04_033,我越来越觉得觉得……江湖突然变得好可怕，没有我想象的好。\n再高的武功，命也只有一条，没了就没了。
Story/D_S0020_02_04_034,……。
Story/D_S0020_02_04_035,我爹、王大叔，你大师兄，他们都是了不起的人，\n连他们都死了，我们迟早也会死的。\n我们长这么大，一辈子苦练武功，就是为了有朝一日死在别人剑下吗？
Story/D_S0020_02_04_036,江湖到底有什么好？为何大家前仆后继去送死呢？\n明明不争也可以活，偏偏要配宝剑招摇过市，故作慷慨潇洒？\n究竟是他们疯了，还是我怯懦胆小？
Story/D_S0020_02_04_037,我想也不想就斩死的恶人，会不会家里也有老小要养？\n他们死前在想什么？我、我不敢去想……。
Story/D_S0020_02_04_038,我这样算什么女侠呢！我迄今无知无畏，\n不过是因为没有碰到比我厉害的人，没有面临死亡的实感罢了……。
Story/T_S0020_02_04_004,我还以为她少根筋，天不怕地不怕。\n看来王帮主、大师兄之死，于她影响甚巨。
Story/D_S0020_02_04_039,申屠龙……不是，极乐教主李仁友，他放我生路，\n要我练好武功，代替我爹与他一决高下。
Story/D_S0020_02_04_040,其实我很害怕……回来以后，就一直勤练武功，也请教了师父。\n可是……可是我再怎么练，也想象不了自己能赢。\n他为什么武功这么高？说不定比我师父都强，要我怎么赢啊！
Story/D_S0020_02_04_041,他来找我的时候，一定就是我的死期。他什么时候会来找我？\n我好恨自己这么不争气，爹要是知道我这么窝囊，一定不肯认我。\n可是……可是我就是怕啊……我不想死……。
Story/D_S0020_02_04_042,这些话，我都不敢和师父说……。\n怕她对我失望，觉得我很没……没用……。
Story/D_S0020_02_04_043,我……我说完了……对不起呢，你一定也不想……\n不想看到我这么不中用的样子。一定很失望吧……。\n请你当作……没听见好了……我回去了！
Story/D_S0020_02_04_044,……江湖又不是过家家，不出人命才奇怪。\n怕死乃是人之常情啊，我又何尝不怕呢？
Story/D_S0020_02_04_045,只是人在江湖，不得不挣扎而已。\n我可没什么大道理能够劝她，毕竟我也仍在路上。
Story/D_S0020_02_04_046,恋生恶死是人之常情啊。
Story/D_S0020_02_04_047,……这样也好，不知珍惜性命的人，往往死得随便、死得早。\n那可不叫侠气，是愧对父母愧对天地，不忠不孝而已。
Story/D_S0020_02_04_048,我也希望湘姊这样的好人，可以平安无恙，善老善终。\n你还是胆小一点比较好，好过总是莽莽撞撞，让人不省心。
Story/D_S0020_02_04_049,湘姊，我来告诉你，你剑下亡魂都在想什么。
Story/D_S0020_02_04_050,你又不是他们，你怎会知道？
Story/D_S0020_02_04_051,你说对了，我是不知道，只能靠猜。
Story/D_S0020_02_04_052,也许在想：『臭娘们你敢！』、『啊好痛』、『早知道不做坏事了』，\n或者想『我做鬼也不会放过你！』、『骗人，我真的要死了？』吧。
Story/D_S0020_02_04_053,……我是不是根本不应该习武？
Story/D_S0020_02_04_054,但是那些被你救下的人们，同样也有话说。\n因为你总是事了拂衣去才没听见，我却听真切了，他们都说：
Story/D_S0020_02_04_055,『老天有眼！派了这位白衣菩萨来救苦救难！』
Story/D_S0020_02_04_056,『幸好正义尚存，幸好还有人见义勇为！这世道还不算无药可救。』
Story/D_S0020_02_04_057,『善有善报，恶有恶报。』
Story/D_S0020_02_04_058,『若非龙女侠，我等一家老小都要受尽屈辱而死。』
Story/D_S0020_02_04_059,……。
Story/D_S0020_02_04_060,『她明明可以袖手旁观，却选择挺身而出，好样的。』
Story/D_S0020_02_04_061,『老天不管朝廷管，朝廷不管龙湘管。』
Story/D_S0020_02_04_062,『上苍保佑，这么好的姑娘，一定要长命百岁。』
Story/D_S0020_02_04_063,……。
Story/D_S0020_02_04_064,『这么好的姑娘，估计能配得上她的，只有唐门赵活了。』
Story/D_S0020_02_04_065,乱讲！这句一定是你乱讲的！
Story/D_S0020_02_04_066,……『人间有你，真是太好了，谢谢你来了。』
Story/D_S0020_02_04_067,……不，不客气，我也很高兴，可以帮上大家。
Story/D_S0020_02_04_068,湘姊，你之所以行侠仗义，不只因为你是你爹的女儿，\n不只因为锦香宫的宫规、师训，不只为荣耀，\n更因为你发自内心对自身的期许，也勇于付诸行动。
Story/D_S0020_02_04_069,你毫无疑问是女侠，我敢保证。
Story/D_S0020_02_04_070,……谢谢你，我也觉得，跟你成为友人真是太好了。
Story/D_S0020_02_04_071,打起精神来了？
Story/D_S0020_02_04_072,嗯，嗯，我已经没事了。
Story/D_S0020_02_04_073,让你看笑话了，真难为情。\n不过我们是知己，我给你添一点麻烦，也不必愧疚。
Story/D_S0020_02_04_074,我知你，你却未必知我啊。
Story/D_S0020_02_04_075,你平时休闲做啥消遣，爱吃什么菜，有没有心上人？\n明天开始慢慢告诉我吧，我会认真听的。
Story/O_S0020_02_04_001,明天见。
Story/D_S0020_02_04_076,……好，明天见。
Story/D_S0020_02_04_077,多谢你听我牢骚，又安慰我，你实在讲义气，没话说。\n今日就先这样吧，我回了。
Story/D_S0020_02_04_078,……我心上之人，就是你啊。
Story/D_S0020_02_04_079,唉，鼓励了人家，结果我自己还是说不出口。
Story/D_S0020_02_04_080,倒也不是怕，只是对自己会被拒绝这件事深信不疑罢了。\n一旦我说出口，连姊弟也没得做了吧。
Story/D_S0020_02_04_081,就怕一旦她知道我的心意，从此就无法正眼看我。\n连姊弟都没得做。
Story/N_S0020_02_04_001,龙湘回房久违睡了好觉，你却满脑子想她的事，彻夜难眠。
Story/O_S0020_02_04_002,我有心上人，就是你。
Story/D_S0020_02_04_082,我心上的人，是世上最好的女子，我配不上她，也不敢存非分之想。
Story/D_S0020_02_04_083,胡说，世上就没我弟配不上的女子！\n弟你跟我说，是哪家闺秀竟敢嫌你，姊去会一会她！
Story/D_S0020_02_04_084,你这么狠霸霸的干嘛？一副要强抢良家妇女的样子。\n你这样我哪敢告诉你。
Story/D_S0020_02_04_085,我气啊！姊非同那不更事的呆蠢娘子说理去。\n我弟便只相貌没生好，好心肠、好脾气、好胆识，剥了皮囊样样都是宝！\n别的男子都是金玉其外，败絮其中，哪及得上你万分之一！
Story/D_S0020_02_04_086,哦……湘姊对我评价这么高，我虽然感动。\n但你别说什么剥皮行吗？真可怕。
Story/D_S0020_02_04_087,你不肯说她住哪，那你说说她有什么好。\n她嫌弃你，我还看不上她呢，想作我弟媳妇，先过我这关！
Story/D_S0020_02_04_088,……。
Story/D_S0020_02_04_089,她貌美如花，心地善良。
Story/D_S0020_02_04_090,貌美如花就不用说了，肤浅。
Story/D_S0020_02_04_091,心地善良倒是很重要，挺好的。\n然后呢？她涵养、家世如何？
Story/D_S0020_02_04_092,多亏睿智博学的师长，她多才多艺，读书写字不在话下，也通音律。\n但都率性自然，不求甚解。
Story/D_S0020_02_04_093,哦……既读书，也会音律，那该是大户人家的女儿了。\n寻常人家多半供不起。
Story/D_S0020_02_04_094,哼，有书读还不惜福，想是日子过得太容易。\n听着像是一位不谙世事的大家闺秀。\n弟，你若跟这种娇气怪成亲，只怕往后都得小心翼翼伺候她。
Story/D_S0020_02_04_095,那又不然，她个性落落大方，英姿飒爽，见义勇为、热心助人。
Story/D_S0020_02_04_096,是吗？那还真难得……。
Story/D_S0020_02_04_097,而且她武功高强。
Story/D_S0020_02_04_098,她竟然还会武功？
Story/D_S0020_02_04_099,世上哪有这么完美的人，你喜欢她，自然把她夸到天上去了。
Story/D_S0020_02_04_100,实事求是的说，我和她过招，十次总有八、九次是我输。\n我偶尔趁她不备才能占到一点甜头。
Story/T_S0020_02_04_005,这么说弟的心上人，武功比我还高。\n这样的奇女子一定不会籍籍无名才对，江湖上还有这样一位女侠吗？
Story/T_S0020_02_04_006,怎么，心里闷闷的，不大好受。\n我还想去说理，自己却处处比不上别人，去了喋喋不休，只会像个泼妇。
Story/D_S0020_02_04_101,湘姊，我心上人是谁，你心里有数了吗？
Story/D_S0020_02_04_102,……多少猜到了。
Story/D_S0020_02_04_103,那……你觉得我有希望吗？\n还是为了不惹她生厌，我把一腔心意藏在心底为妙？
Story/D_S0020_02_04_104,……。
Story/D_S0020_02_04_105,……。
Story/D_S0020_02_04_106,我刚从你那里捉摸到了勇气的形状，你也要鼓起勇气来啊。\n怕失败就滞足不前的话，不就和我一样了吗？
Story/D_S0020_02_04_107,放心，包在姊身上～\n我一定给你办妥，去去便回。
Story/D_S0020_02_04_108,慢着，你在说什么？你去哪？
Story/D_S0020_02_04_109,去崆峒派啊。
Story/D_S0020_02_04_110,去崆峒派做甚？
Story/D_S0020_02_04_111,找夺魄幽兰夏侯女侠。
Story/D_S0020_02_04_112,你找我师父做甚？
Story/T_S0020_02_04_012,湘姊难道没听说吗……师父她老人家已经……。
Story/D_S0020_02_04_113,放心，像是「师徒之间不能互生情愫」这种连为啥不行都讲不明白的世俗成见，\n锦香宫可没有。
Story/D_S0020_02_04_114,你找夏侯女侠做甚？
Story/D_S0020_02_04_115,自然是替你说媒。\n你那么激动是什么意思，难道我还能猜错了人？\n可是江湖还有哪些适龄女子符合你说的条件？
Story/D_S0020_02_04_116,你呀！就你呀！
Story/D_S0020_02_04_117,哦，哦，我就我，这么生气干嘛……咦？
Story/D_S0020_02_04_118,{size=50}我？！{/size}
Story/D_S0020_02_04_119,……缩小一点范围吧，她不在崆峒，在唐门。
Story/D_S0020_02_04_120,啊，我知道了，是唐小娘子默铃妹妹吗？
Story/D_S0020_02_04_121,可是她已经嫁人了……弟，你得向前看。
Story/D_S0020_02_04_122,不是我小师妹。
Story/D_S0020_02_04_123,唐门竟然还有这种女高手？不行，再给点提示。
Story/D_S0020_02_04_124,穿白衣。
Story/D_S0020_02_04_125,家世好、学问好、懂音律、武功高，人在唐门，还穿白衣……？\n真有这种人吗？
Story/D_S0020_02_04_126,你真的假的？答案就是──
Story/D_S0020_02_04_127,等等，你不要告诉我答案，不要怜悯我！\n我一定猜得到，只是需要时间！我、我是苦吟派、慢热型！\n念头起初动得慢，但转起来就会变得聪明那种！
Story/D_S0020_02_04_128,……你低头看看有什么？
Story/N_S0020_02_04_002,龙湘低头看了看。
Story/D_S0020_02_04_129,胸？
Story/D_S0020_02_04_130,喂！不要喔！
Story/D_S0020_02_04_131,禽兽！色魔！
Story/D_S0020_02_04_132,都说了不要，那是你自己说的！我才不是让你答那个字！
Story/D_S0020_02_04_133,那不然你让我看什么？
Story/D_S0020_02_04_134,衣色。
Story/D_S0020_02_04_135,白色……哦。
Story/D_S0020_02_04_136,什么嘛～原来谜底是我自己，哈哈哈。\n真是灯下黑，猜了半天猜不到，真绝……吓？！
Story/D_S0020_02_04_137,{size=50}我？！{/size}
Story/N_S0020_02_04_003,煞时间，种种线索在龙湘脑中连成一线，使她豁然开朗。
Story/D_S0020_02_04_138,是……湘姊，我心悦你很久。\n但是自己生作什么德行自己知晓，我自惭形秽，一点也不敢透露。\n就怕你嫌弃、觉得恶心，从此不肯再与我说话。
Story/D_S0020_02_04_139,……从、从什么时候开始的？
Story/D_S0020_02_04_140,差不多打从相识之初我便不怀好意。
Story/D_S0020_02_04_141,这、这么早吗？
Story/D_S0020_02_04_142,我知道你在意我大师兄，本来是投胎也不能攀比。\n但我再藏着心事，恐怕再也没机会说。\n倒不如趁机痛快说出来，听你当面拒绝，好死了这条心。
Story/D_S0020_02_04_143,……你认真的吗？
Story/D_S0020_02_04_144,无比认真。
Story/D_S0020_02_04_145,……。
Story/D_S0020_02_04_146,……。
Story/D_S0020_02_04_147,实、实不相瞒，你突然这样说，我脑中一片空白。\n我把你当弟弟，不想你对我却有这种不良心思，啧啧。
Story/D_S0020_02_04_148,别杀我。
Story/D_S0020_02_04_149,晚几日我再答你，成吗？\n我也不知现在自己怎么想的，脑子一团乱，需要沉淀一下。
Story/D_S0020_02_04_150,哈……我说出口了，这下没有回头路了。
Story/N_S0020_02_04_004,上天都不明白你哪里来的勇气。\n感觉腿肚发颤，再也站不住，一屁股坐倒在地上。\n胸中空荡荡的，既觉畅快，又感悲哀。
Story/D_S0020_02_04_151,唐三侠……唐掌门好。
Story/D_S0020_02_04_152,龙女侠好，观你行色匆匆，莫非有何为难事，需要帮手不？
Story/D_S0020_02_04_153,不、不必，这事，这事别人也帮不上忙。告辞。
Story/D_S0020_02_04_154,爷爷，快派人逮捕哥哥。
Story/N_S0020_02_04_005,叶云裳凭着直觉，察觉案情并不单纯，犯案手法尚不明了，\n但几乎可以断定你就是犯人，先捉起来严刑拷打不会错。
Story/D_S0020_02_04_155,？
Story/D_S0020_02_04_156,啊，龙姑娘。告诉你个好消息，今天市集杀了一只鸡。\n晚饭加餐，有你最爱的鸡腿吃啰～留在山上吃晚饭吧。
Story/D_S0020_02_04_157,嗯，嗯，恭喜。
Story/D_S0020_02_04_158,龙姑娘这是怎么了？脸红通通的，走那么急，莫不是来──
Story/D_S0020_02_04_159,给我住口！
Story/D_S0020_02_04_160,我的好姑娘，好娘子，你快擦亮眼瞅瞅。\n你上哪找得到这么好的如意郎君呢？\n家财万贯，又生得俊美，天生风度翩翩，再好也没有了。
Story/D_S0020_02_04_161,就是，娘子啊，我都带媒婆来提亲了，礼物也没少送过，\n你从前不也心悦本公子？如何事到如今却不肯答应？
Story/D_S0020_02_04_162,你们别拉我，礼物我早就退还给你了，我才不希罕。\n从前是从前，我们都还没成亲，你便见一个爱一个，左拥右抱好不快活。\n我便是孤独终老，心再不许任何人，也不屑与你这种薄情郎度日！
Story/D_S0020_02_04_163,你敬酒不吃吃罚酒，给我过来！
Story/D_S0020_02_04_164,你一个妇道人家，还有什么骨气。\n等我把你要了，出去宣扬，看你还有什么脸面出门。\n外边街坊指指点点，你若不嫁我，就只得悬梁自尽！
Story/D_S0020_02_04_165,你、你……你这恶人！
Story/D_S0020_02_04_166,公子，你这是做甚？使不得，使不得啊！
Story/D_S0020_02_04_167,我不说第二遍，松手，滚。
Story/D_S0020_02_04_168,呃，咦，这……。
Story/D_S0020_02_04_169,杀、杀人啦！那白衣的小娘子杀人啦！
Story/D_S0020_02_04_170,……大侠，请问你可知道那位女侠是谁？
Story/D_S0020_02_04_171,是锦香宫的龙湘龙女侠。
Story/D_S0020_02_04_172,龙湘……。
Story/D_S0020_02_04_173,杀、杀人啦！那白衣的小娘子杀人啦！
Story/D_S0020_02_04_174,女侠……。
Story/T_S0020_02_04_007,我这是怎么了，心跳这么快，她是女子啊。
Story/N_S0020_02_04_006,龙湘回到自己房里，一把扑在床榻上，把脸埋进被褥里。
Story/D_S0020_02_04_175,啊昂～
Story/T_S0020_02_04_008,弟怎么能这样想我，他一直对我有那种想法吗？可恶的坏家伙。
Story/T_S0020_02_04_009,可是就算有，似乎也不能责备他，毕竟我们又不是真的姊弟。
Story/T_S0020_02_04_010,我以为他对我都是义气，害我一直感动来着。
Story/T_S0020_02_04_011,原来是别有用心，龙湘啊龙湘，快想想师父是怎么说的。
Story/D_S0020_02_04_176,湘儿，你性情纯良，不谙世事。\n此番入江湖游历，务须格外小心男子花言巧语，\n他们看上你的时候，所有好意都有目的，并非无所求。
Story/D_S0020_02_04_177,图你什么你清楚，师父不能时时耳提面命，你得自己清醒一点。
Story/D_S0020_02_04_178,放心吧，师父～湘儿心中只有侠义，一生都不会谈婚论嫁。
Story/D_S0020_02_04_179,话别说得太早，为师不妨预言。\n你有朝一日会食言，会碰上一个人奋不顾身为你，\n他一开口，你便会心跳不由自己，神魂颠倒，成为世上最幸福的新娘子。
Story/D_S0020_02_04_180,哪有可能。
Story/D_S0020_02_04_181,哇！哇！被师父说中了！救命啊！
Story/D_S0020_02_04_182,我、我还是头一次被人这样直白地倾诉情意。\n确实心跳得厉害，这便是悸动吗？
Story/D_S0020_02_04_183,不对，这话也有旁人说过，比如少侠甲、少侠乙。\n我当时怎么应对来着？为何这次居然落荒而逃。
Story/D_S0020_02_04_184,龙姑娘，那日一会，方某便对你死心塌地，可否──
Story/D_S0020_02_04_185,方郎！方郎死了！这白衣女魔杀人了！
Story/D_S0020_02_04_186,我怎么能对弟弟下手啊！
Story/D_S0020_02_04_187,我杀不了他，也不忍心下手，又不知如何面对他，该如何是好？\n只好……只好跑了吧。
Story/D_S0020_02_04_188,对，恩仇未报，我怎能想这些旖旎私情！我这就走！
Story/N_S0020_02_04_007,龙湘才跨出两步，不经意听见耳里的话语这时才浮上心头。
Story/D_S0020_02_04_189,我的好姑娘，好娘子，你快擦亮眼瞅瞅。\n你上哪找得到这么好的如意郎君呢？
Story/D_S0020_02_04_190,他虽样貌生得不好，那是他爹娘的错，但是侠义胸怀，是他自己的选择。\n他吃的苦那么多，依然没有行差踏错，这可有多不容易？\n资质不如人，一身本领都是千锤百炼而来，这是何等坚毅心性？
Story/D_S0020_02_04_191,你怎不想想自己多少回栽了跟头，是给他救了的？\n江湖儿女，便是以身相许也不为过。\n难得对你一心一意，承认吧，你打心底信赖他、依赖他。
Story/D_S0020_02_04_192,你俩谁也没有高攀谁，都是江湖孤儿，再登对也没有了。
Story/D_S0020_02_04_193,但是……但是……。
Story/D_S0020_02_04_194,就是，娘子啊，我都带媒婆来提亲了，礼物也没少送过，\n你欠本公子那么多，如何事到如今却不肯答应？
Story/D_S0020_02_04_195,我才不受人威胁。
Story/D_S0020_02_04_196,我说笑的，你不答应也没事，我一样对你好。\n我自己生作什么德行自己知晓，我自惭形秽，一点也不敢透露。\n就怕你嫌弃、觉得恶心，从此不肯再与我说话。
Story/D_S0020_02_04_197,不，我没有嫌你，你明知道我从不在意那些，\n我重视的是为人的品行、气节。
Story/D_S0020_02_04_198,我知道你在意我大师兄，本来是投胎也不能攀比。
Story/D_S0020_02_04_199,……我确实在意过你大师兄，从没把心事想清楚。
Story/D_S0020_02_04_200,大约，我曾经是倾慕他的，但是相思无疾而终，如今也已经释怀。
Story/D_S0020_02_04_201,但我再藏着心事，恐怕再也没机会说。\n倒不如趁机痛快说出来，听你当面拒绝，好死了这条心。
Story/D_S0020_02_04_202,既说出口，我已经没有牵挂了，接着就该往赴死地了。
Story/D_S0020_02_04_203,你也打算离我而去吗？
Story/D_S0020_02_04_204,江湖就是这样的。
Story/D_S0020_02_04_205,缘分稍纵即逝，容不得我们蹉跎。
Story/D_S0020_02_04_206,我没有蹉跎。
Story/D_S0020_02_04_207,活着每一刻我都无比认真，便是沉吟，也是绞尽脑汁全力以赴。
Story/D_S0020_02_04_208,那你想好了吗？
Story/D_S0020_02_04_209,想好了，但我还要接着再想好几遍。\n等我心中一点犹豫也没有的时候，才去见他。
Story/D_S0020_02_04_210,这样就对了，用心之前先用脑，不能盲目跟随感情。\n情爱之前还有道德、礼教；情爱之后还有生活、相处，\n这是终身大事，万万冲动不得，保护好你自己，别总让人担心。
Story/D_S0020_02_04_211,多谢师父教诲，您当年教诲，徒儿今日才明白深意。
Story/D_S0020_02_04_212,……我真是备受眷顾的人啊，何其幸运，碰上这么多为我着想的人。
Story/N_S0020_02_04_008,龙湘把包袱放回原处，点亮烛光，盘坐运起锦香宫玄烛心经。\n温夫人创此玄功，为的便是让宫人清心，不受激情所惑，能下冷静决断。\n心无罣碍，回首前程往事，回忆越清晰，心意越坚决。
Story/O_S0020_02_Break_01_001,结束闲谈
Story/O_S0020_02_Break_01_002,初识之时
Story/O_S0020_02_Break_01_003,锦香宫
Story/O_S0020_02_Break_01_004,龙湘的心事
Story/O_S0020_02_Break_01_005,心魔
Story/N_S0021_01_001,飞鸽振翅飞来当时，窗子倏地掩上，你瞥见白影一晃消失。
Story/D_S0021_01_001,出个声就能喊到我，为何还特意放鸽子。
Story/D_S0021_01_002,致 弟：后山。		你姊
Story/D_S0021_01_003,湘姊真是惜字如金。
Story/D_S0021_01_004,湘姊，我来了。
Story/D_S0021_01_005,放心，没人跟来。
Story/D_S0021_01_006,你若打算趁没人把我做掉，现在就可以动手了。
Story/D_S0021_01_007,你在想什么啊，我做掉你干嘛。
Story/D_S0021_01_008,你觉得我说了那些话冒犯了你，要抹除你人生的污点，就必须做掉我。
Story/D_S0021_01_009,才没有！谁跟你说的！
Story/D_S0021_01_010,这么说的人可多着。
Story/D_S0021_01_011,……也就是说，你对我说的话，也对其他女子说过？
Story/D_S0021_01_012,那倒没有，往往我只是帮人家捡个手帕、问一下路，就会招来杀身之祸。
Story/D_S0021_01_013,那也太过份了吧。
Story/D_S0021_01_014,可不是吗？好在我现在会武功了，想杀我没那么容易。
Story/D_S0021_01_015,下次还有人敢对你说这种话，我一定不肯善罢干休。
Story/D_S0021_01_016,弟，你过来姊这边，看这个。
Story/D_S0021_01_017,这是……！
Story/D_S0021_01_018,是你给我准备的坟墓？
Story/D_S0021_01_019,才不是！为什么你老觉得我要杀你？
Story/D_S0021_01_020,那不然你让我看这一撮土是什么意思？
Story/D_S0021_01_021,这是「撮土为香」，怎么，你不知道吗？
Story/D_S0021_01_022,知道是知道，不过屋里有香，你便要祭拜也不必撮土。
Story/D_S0021_01_023,你别管，江湖故事里总听人说，我就向往这个。
Story/D_S0021_01_024,好吧，不过你这是打算祭拜何方神圣？
Story/D_S0021_01_025,拜天地、拜父母，然后……你拜我，我拜你。
Story/D_S0021_01_026,这、这……该不会……。
Story/D_S0021_01_027,就是你想的那样，这个，就是我的答复了。
Story/D_S0021_01_028,姑且跟你确定一下，你撮这土不是为了义结金兰吧？
Story/D_S0021_01_029,我好一番天人交战，事到如今你要是只想跟我作姊弟，\n那这堆土就会变你坟头土。
Story/D_S0021_01_030,我慎重的考虑了，虽然姊对这种事比较迟钝。\n可我、我多半也是心里有你的，愿意与你结为连理。
Story/D_S0021_01_031,哎唷，腿软。我这，哎唷，如何是好。
Story/N_S0021_01_002,你受宠若惊，宛如梦幻，喜得抓耳挠腮，情难自禁。
Story/D_S0021_01_032,什么如何是好，过来一起跪下，给天公叩头啊。
Story/D_S0021_01_033,是、是。
Story/D_S0021_01_034,但是这样好吗？我长得……
Story/D_S0021_01_035,停，那种没意义的话就不必说了。
Story/D_S0021_01_036,你来。
Story/D_S0021_01_037,好。
Story/D_S0021_01_038,我爹娘早逝，你赵家高堂也不管你。\n我们拜过天地，喝交杯酒，从此便是夫妻。
Story/D_S0021_01_039,乐、乐意之至。
Story/D_S0021_01_040,锦香宫人，可不信男尊女卑那一套。\n成了亲你也得尊重我，当然我能为你分担的事，也会不遗余力。\n愿你的名字永远不会记在惜花令上。
Story/D_S0021_01_041,惜花令不敢上，我有信心名列宠妻榜。
Story/D_S0021_01_042,那什么，你自创的？呵呵。
Story/D_S0021_01_043,我便是登上海捕文书被通缉，也不肯上惜花令负你。
Story/D_S0021_01_044,不，海捕文书也别上啊，我才不要嫁江洋大盗！
Story/D_S0021_01_045,你说到要做到喔，不然我锦香宫杀人魔可不是好相与的。
Story/D_S0021_01_046,且慢！
Story/D_S0021_01_047,你是──！
Story/D_S0021_01_048,你小子等会儿，先退开。
Story/O_S0021_01_001,莫非是当年教我武功的前辈！
Story/D_S0021_01_049,莫非是当年以忘形篇点化我的前辈吗！
Story/D_S0021_01_050,你小子站这别动，我不会害她。
Story/T_S0021_01_001,哪里来的怪人，武功这么高……！\n竟然单手不提兵器接我长剑！
Story/T_S0021_01_002,掌力雄浑至极，乃我生平仅见，比那申屠龙还要……不。
Story/T_S0021_01_003,和王帮主是不相伯仲的高手！
Story/O_S0021_01_002,大师兄？！
Story/D_S0021_01_051,大、大师兄？！
Story/D_S0021_01_052,……你站着别动，我不会害她。
Story/D_S0021_01_053,你叫他大师兄？这怎么可能？
Story/D_S0021_01_054,这人掌力雄浑至极，单手便能接我长剑。\n乃是我生平仅见，远非唐布衣可比！
Story/D_S0021_01_055,我若真是，你待如何？\n你怎知唐布衣没有藏招？
Story/D_S0021_01_056,可是，可是我亲眼见你下葬的……。
Story/D_S0021_01_057,我不信。
Story/D_S0021_01_058,你连自己师父的身份都弄不明白，眼见就一定为实吗？
Story/D_S0021_01_059,别说我偷袭，再给你一次机会，卯足精神攻过来。
Story/D_S0021_01_060,……弟，你别轻举妄动，这位前辈是在考较我武功。
Story/D_S0021_01_061,前辈，请恕后生得罪！
Story/D_S0021_01_062,来。
Story/T_S0021_01_004,头一次见那位蒙面前辈出手，武功竟然这般了得！\n湘姊的武功在武林已经算是一流高手了，\n他竟能一手负背，一手挡尽天觞剑的凌厉攻势！
Story/D_S0021_01_063,……湘姊说的对，那不是大师兄。\n只是我一直以为……一直以为……。
Story/D_S0021_01_064,啊啊……大师兄是真的死了啊。
Story/D_S0021_01_065,唔……！
Story/D_S0021_01_066,你龙家七绝，就这样脓包吗？站起来。
Story/D_S0021_01_067,不许你说我龙家武功的坏话！
Story/D_S0021_01_068,你光用剑作甚？\n斩落星辰纲、割山掌、射日腿、小霸王枪、离奇点穴绳、玄玄如意指、\n鸿蒙造化功。这七绝你用上了多少？
Story/D_S0021_01_069,你、你对我家学为何如此了解？
Story/D_S0021_01_070,我钻研了你龙家武功几十年，比你都更了解。\n你若没别的招数可使，趁早弃剑投降罢！
Story/D_S0021_01_071,……强弱悬殊至此，都不知进退吗。
Story/D_S0021_01_072,若是寻常比武，晚辈就认输了。\n但你辱及我生平最敬爱的两个人，无论如何不能相饶。\n便是我斗不过你，也决不服输！
Story/D_S0021_01_073,那便接招。
Story/D_S0021_01_074,该我来领教了，前辈。
Story/D_S0021_01_075,心急什么？还没轮到你。
Story/D_S0021_01_076,若是寻常比武，晚辈就耐心等了。\n但你辱及我湘姊生平最敬爱的两个人，无论如何不能相饶！
Story/D_S0021_01_077,弟。
Story/O_S0021_01_003,湘姊，我们连手揍他
Story/D_S0021_01_078,咦？这样是不是有点那啥。
Story/D_S0021_01_079,前辈武功太强，我们太讲武德就讨不回公道了！\n是我们俩小辈的脸面要紧，还是龙大侠、温夫人的清名重要？
Story/D_S0021_01_080,好，我们围殴他！
Story/D_S0021_01_081,喂你们不讲武德！
Story/O_S0021_01_004,湘姊，让我帮你报仇
Story/D_S0021_01_082,不要，你让开，我还没有输！
Story/D_S0021_01_083,你别逞强啦！让我来！
Story/D_S0021_01_084,我要生气了喔！
Story/D_S0021_01_085,就算你生气，我也不能眼睁睁看你受伤受辱啊！
Story/D_S0021_02_01_001,你的手……跟衣服一起掉地上了。
Story/D_S0021_02_01_002,果然是──！
Story/D_S0021_02_01_003,闲话休说。
Story/D_S0021_02_01_004,看我玄剑掌！
Story/D_S0021_02_02_001,弟，还行吗？
Story/D_S0021_02_02_002,没有大碍。
Story/D_S0021_02_02_003,好，我们再上。
Story/D_S0021_02_02_004,不必了，够多了。\n你俩小辈功力深浅，我大概清楚了。\n都还不错，便是缺了一点觉悟，多加几年锤炼，必成大器。
Story/D_S0021_02_02_005,不必了，够多了。\n你俩小辈功力深浅，我大概清楚了。\n都还不错，便是缺了一点觉悟，多加几年锤炼，必成大器。
Story/D_S0021_02_02_006,特别是小兄弟你，士别三日，令人刮目相看。
Story/D_S0021_02_02_007,多谢前辈夸奖。
Story/D_S0021_02_02_008,你怎么谢他？
Story/D_S0021_02_02_009,哦，这个嘛……他身份有点特殊，说来话长。\n既然前辈现身了，不如您自己说吧。
Story/D_S0021_02_02_010,可她认不出我来，我说不出口。
Story/D_S0021_02_02_011,我应该认得前辈吗？
Story/D_S0021_02_02_012,十几年没见面了，哪里认得？\n分别那时湘姊年纪尚幼，不要强人所难啦。
Story/D_S0021_02_02_013,说的也是。
Story/D_S0021_02_02_014,……了不起。
Story/D_S0021_02_02_015,……了不起。
Story/D_S0021_02_02_016,赢了……我们赢了！呀！
Story/D_S0021_02_02_017,干什么！给我分开！分开！
Story/D_S0021_02_02_018,干什么！给我分开！分开！
Story/D_S0021_02_02_019,你作什么！还想再打吗？
Story/D_S0021_02_02_020,湘姊，且慢，你别对前辈这样说话，等下会后悔的。
Story/D_S0021_02_02_021,你怎么帮他说话？
Story/D_S0021_02_02_022,这自然是有点苦衷的。
Story/D_S0021_02_02_023,我确实有苦衷！
Story/D_S0021_02_02_024,我方才就猜到了，始终只用一臂，果然是前辈你！
Story/D_S0021_02_02_025,谁？弟你认识他？
Story/D_S0021_02_02_026,小兄弟，你好守信用，不错，不错。\n都要把人给拐骗了也没透露一点风声。
Story/D_S0021_02_02_027,说什么拐骗，我光明正大的很。
Story/D_S0021_02_02_028,到底是谁啦！
Story/D_S0021_02_02_029,前辈，您既然已经露面了，应该可以亲口坦露身份了吧。
Story/D_S0021_02_02_030,可她认不出我来，我说不出口。
Story/D_S0021_02_02_031,我应该认得前辈吗？
Story/D_S0021_02_02_032,十几年没见面了，哪里认得？\n分别那时湘姊年纪尚幼，不要强人所难啦。
Story/D_S0021_02_02_033,说的也是。
Story/D_S0021_02_02_034,不，我只是觉得男女授受不亲，不想你这么没规矩。
Story/D_S0021_02_02_035,他是我夫婿，不劳前辈费心。
Story/D_S0021_02_02_036,还没拜堂就不算，我可还没答应！
Story/D_S0021_02_02_037,这可奇了，敢问阁下是我龙湘什么人？\n无缘无故打过来，还要管别人家事，未免太过无聊！
Story/D_S0021_02_02_038,当然和我有关，这、这也是我的家事。
Story/D_S0021_02_02_039,唉，不知道怎么说。
Story/D_S0021_02_02_040,我和前辈见过面吗？
Story/D_S0021_02_02_041,何止见过面，你还只有巴掌大的时候，我就认识你。
Story/D_S0021_02_02_042,您到底何方神圣？
Story/D_S0021_02_02_043,我不是神圣，是天下最窝囊胆小的人，只敢窝居在丐帮，隐姓埋名，\n每回跟着王帮主拜访锦香宫，远远的看你一眼，就心满意足。
Story/D_S0021_02_02_044,……。
Story/D_S0021_02_02_045,把你托给温夫人的时候，你还那么小小一只，捉着我尾指不肯放。\n如今你长大了，生得婷婷玉立，我却老了。
Story/D_S0021_02_02_046,爹……？是您吗？
Story/D_S0021_02_02_047,你认得我了？
Story/D_S0021_02_02_048,我一见您，就说不出的亲切。\n到底怎么回事，您怎么活转来的？为什么少了一条胳膊？\n为什么这么多年过去，您从来不来找我？
Story/D_S0021_02_02_049,……说来话长啊。
Story/D_S0021_02_02_050,我和前辈见过面吗？
Story/D_S0021_02_02_051,何止见过面，你还只有巴掌大的时候，我就认识你。
Story/D_S0021_02_02_052,您到底何方神圣？
Story/D_S0021_02_02_053,我不是神圣，是天下最窝囊胆小的人，只敢窝居在丐帮，隐姓埋名，\n每回跟着王帮主拜访锦香宫，远远的看你一眼，就心满意足。
Story/D_S0021_02_02_054,……。
Story/D_S0021_02_02_055,把你托给温夫人的时候，你还那么小小一只，捉着我尾指不肯放。\n如今你长大了，生得婷婷玉立，我却老了。
Story/D_S0021_02_02_056,爹……？是您吗？
Story/D_S0021_02_02_057,你认得我了？
Story/D_S0021_02_02_058,我一见您，就说不出的亲切。\n到底怎么回事，您怎么活转来的？为什么少了一条胳膊？\n为什么这么多年过去，您从来不来找我？
Story/D_S0021_02_02_059,……说来话长啊。
Story/D_S0021_02_03_001,弟，你别吓我！
Story/D_S0021_02_03_002,这小兄弟武功太过差劲，便作石子拿来砥砺你也不够。\n相貌又丑陋不堪，你竟想和这样的人成亲，脑子怕不是坏了。
Story/D_S0021_02_03_003,我和谁成亲，与阁下有何相干！
Story/D_S0021_02_03_004,等……唉，搞砸了。\n笨拙如我，早料到要搞砸的。
Story/D_S0021_02_03_005,……算了，已死之人，就不该再活转过来，扰乱活人的心境。
Story/D_S0021_02_03_006,看招！
Story/D_S0021_02_03_007,呃啊──！
Story/D_S0021_02_03_008,呃……弟，我没砍实，是用剑身贴着你身体撩过去的。
Story/D_S0021_02_03_009,呼……呼……方才我还道自己死了。\n我几乎以为自己被一分为二，死得不能再死。
Story/D_S0021_02_03_010,最快的刀，可以让人死了兀自以为自己活着；\n最绝的剑，可以让人活着却对自己的死亡深信不疑。
Story/D_S0021_02_03_011,前辈，晚辈家学是我爹融会贯通而独创，从不外传，连家师也不曾习练，\n您却对龙家武学熟悉到这种地步，实在令人百思不得解。\n可否请问您究竟是何方神圣？莫非……？
Story/D_S0021_02_03_012,……。
Story/D_S0021_02_03_013,你想的没错，是我！
Story/D_S0021_02_03_014,呃……跟我想的人不一样。
Story/D_S0021_02_03_015,呃……。
Story/N_S0021_02_03_001,龙渊和龙湘的心相连锁下降了。
Story/D_S0021_02_03_016,我就知道，始终只用一臂，果然是前辈你！
Story/D_S0021_02_03_017,谁？弟你认识他？
Story/D_S0021_02_03_018,小兄弟，你好守信用，不错，不错。\n都要把人给拐骗了也没透露一点风声。
Story/D_S0021_02_03_019,说什么拐骗，我光明正大的很。
Story/D_S0021_02_03_020,到底是谁啦！
Story/D_S0021_02_03_021,前辈，您既然已经露面了，应该可以亲口坦露身份了吧。
Story/D_S0021_02_03_022,……她认不出我来，我说不出口。
Story/D_S0021_02_03_023,我应该认得前辈吗？
Story/D_S0021_02_03_024,十几年没见面了，哪里认得？\n分别那时湘姊年纪尚幼，不要强人所难啦。
Story/D_S0021_02_03_025,说的也是。
Story/D_S0021_02_03_026,我和前辈见过面吗？
Story/D_S0021_02_03_027,何止见过面，你还只有巴掌大的时候，我就认识你。
Story/D_S0021_02_03_028,您到底何方神圣？
Story/D_S0021_02_03_029,我不是神圣，是天下最窝囊胆小的人，只敢窝居在丐帮，隐姓埋名，\n每回跟着王帮主拜访锦香宫，远远的看你一眼，就心满意足。
Story/D_S0021_02_03_030,……。
Story/D_S0021_02_03_031,把你托给温夫人的时候，你还那么小小一只，捉着我尾指不肯放。\n如今你长大了，生得婷婷玉立，我却老了。
Story/D_S0021_02_03_032,爹……？是您吗？
Story/D_S0021_02_03_033,你认得我了？
Story/D_S0021_02_03_034,我一见您，就说不出的亲切。\n到底怎么回事，您怎么活转来的？为什么少了一条胳膊？\n为什么这么多年过去，您从来不来找我？
Story/D_S0021_02_03_035,……说来话长啊。
Story/D_S0021_02_03_036,你想的没错，是我！
Story/D_S0021_02_03_037,……！
Story/D_S0021_02_03_038,……！
Story/D_S0021_02_03_039,{size=24}弟，这位前辈是谁呀，我不认识。{/size}
Story/D_S0021_02_03_040,{size=24}我也不认识啊，你刚不是还「莫非」吗？{/size}
Story/D_S0021_02_03_041,{size=24}我说归说，其实根本不知是谁。{/size}\n{size=24}你又如何？你若不知道他何方神圣，干嘛那么惊讶？{/size}
Story/D_S0021_02_03_042,{size=24}我看你很惊讶的样子，就配合一下。{/size}
Story/D_S0021_02_03_043,好了，够了。
Story/D_S0021_02_03_044,我是你爹。
Story/D_S0021_02_03_045,……。
Story/D_S0021_02_03_046,前辈，您指点我武功，晚辈不胜感激。\n但您三番四次辱及我爹大侠龙渊，晚辈免不了要再向您讨教一二！
Story/D_S0021_02_03_047,不，我不是那个意思，我真是你爹。\n大丈夫行不改名坐不改姓，龙渊是也。
Story/D_S0021_02_03_048,您猜我信不信呢？
Story/D_S0021_02_03_049,不用猜，铁定是不信吧。\n一个消失十几年的死人突然冒出来，又是衣衫褴褛，又是残废。\n说是你憧憬的父亲，谁会信呢？
Story/D_S0021_02_03_050,我会！
Story/D_S0021_02_03_051,我一见您，就说不出的亲切。\n到底怎么回事，您怎么活转来的？为什么少了一条胳膊？\n为什么这么多年过去，您从来不来找我？
Story/D_S0021_02_03_052,……说来话长啊。
Story/D_S0021_02_04_001,救命！
Story/D_S0021_02_04_002,你醒啦，我正给你包扎伤口呢。
Story/D_S0021_02_04_003,敢情是弄疼了你吗？\n对不住，我第一次替人包扎，熟能生巧，下次改进。
Story/D_S0021_02_04_004,没有下次了，我这次就给你勒死了！
Story/D_S0021_02_04_005,我又不是故意的，你怎么这样？\n我担心了你老半天，你还对我这么凶，真委屈。
Story/D_S0021_02_04_006,你砍的我，你还委屈上了？
Story/D_S0021_02_04_007,我当时脑袋一热，下手才失了分寸，不是有意伤你。
Story/D_S0021_02_04_008,话说我们怎么回来的？后山那位蒙面高手呢？
Story/D_S0021_02_04_009,我见你受伤，背着你回来的，那位高手没追，我就不管了。\n事情经过，我有报备唐三侠。\n可是派人再到后山搜寻那位高人踪迹，却一无所获。
Story/D_S0021_02_04_010,这倒也不意外，高手总是神龙见首不见尾的。
Story/D_S0021_02_04_011,也不知那人什么来头，平白无故来胡闹。\n害得……害得……。
Story/D_S0021_02_04_012,害得吉日吉时就这样过了，真可恶。\n咱们的事，只得另择吉日。
Story/D_S0021_02_04_013,我这一晕，竟睡过了夜子时吗？
Story/D_S0021_02_04_014,嗯，唐门懂医术的师妹给你看过伤情，说是没有大碍。\n不过你太过劳心，长期没睡好，于是给你点了香趁机让你睡沉一点。
Story/O_S0021_02_04_001,不对啊，那你刚刚怎么在包扎我？
Story/D_S0021_02_04_015,唔咕……。
Story/D_S0021_02_04_016,案情说来单纯的很，就是我在你边上吃鸡腿，\n谁知道那鸡腿这么肥美，我咬一口，鸡汁就喷来，\n滴在你包扎好的伤处上。
Story/D_S0021_02_04_017,在伤员旁边吃香喝辣，你做人可真有良心。
Story/D_S0021_02_04_018,嘿嘿，好说，好说。
Story/D_S0021_02_04_019,嘿嘿什么啦，我又不是真夸你，你在得意什么啦。
Story/O_S0021_02_04_002,原来昨天是吉日？
Story/D_S0021_02_04_020,话说原来昨天是吉日，瞧不出你这般讲究。
Story/D_S0021_02_04_021,我一生只嫁一次，无怙无恃，如今还没有师父谆谆教诲。\n终身大事不得自己张罗吗？便是笨拙，也不是偷懒敷衍的借口。
Story/D_S0021_02_04_022,我还以为你想杀人灭口。
Story/D_S0021_02_04_023,你怎么还在怀疑我不怀好意，意图害你。
Story/D_S0021_02_04_024,无论我怎么说，你这胆小鬼总是不安心，对吗？\n这个给你，当作信物吧。
Story/D_S0021_02_04_025,今日没有拜堂，但是我们两、两心相印，应该要有凭证。\n这个给你，你好生收着。
Story/D_S0021_02_04_026,这是你的发簪。
Story/D_S0021_02_04_027,嗯，放心，我还有支一模一样的，你看。
Story/D_S0021_02_04_028,没骗你吧？
Story/D_S0021_02_04_029,你该不会有很多这种簪子，到处送人吧？
Story/D_S0021_02_04_030,我才没有！你当我是什么负心登徒女吗！\n这簪子便只这样一对，是龙的双角，哪来的第三支、第四支！
Story/D_S0021_02_04_031,我说笑的，说笑的。
Story/D_S0021_02_04_032,啧，你这个坏弟，学谁呢，说话这样气人。
Story/D_S0021_02_04_033,多谢湘姊。
Story/D_S0021_02_04_034,不客气，应该的。
Story/D_S0021_02_04_035,你收了喔，不能退回喔。
Story/D_S0021_02_04_036,我还怕你反悔抢回去。
Story/D_S0021_02_04_037,从今以后我们就有约束了，你再不能分心旁顾。\n到时别说与我之间只是姊弟情分，意图蒙混敷衍，我可不吃那套。\n要是敢对我不忠……比如去勾引其他女子的话……。
Story/D_S0021_02_04_038,冷静点，你别越想越逼真，一怒杀人。
Story/D_S0021_02_04_039,我再怎么莽撞也不至于那样。
Story/T_S0021_03_01_001,那位真是大侠龙渊吗？
Story/T_S0021_03_01_002,前任的武林盟主？！
Story/N_S0021_03_01_001,龙渊的大名如雷贯耳，只要是江湖中人，都曾听闻过他的名字。\n极乐教一役，剑侠龙渊与极乐教主巅峰决战，天觞剑破鬼莲王刀的故事，\n至今依然为人津津乐道。
Story/O_S0021_03_01_001,崇拜
Story/T_S0021_03_01_003,运气太好啦！\n我竟有幸见到活生生的武林传说！\n回头够和唐门大伙说嘴的了！
Story/T_S0021_03_01_004,妈呀，好感动，我快哭了，噫噫。
Story/T_S0021_03_01_005,那小子怎么跟着哭了。
Story/O_S0021_03_01_002,冷静
Story/T_S0021_03_01_006,堪称武林传说一般的男人，却原来是生这个模样！\n他怎会断了一只手臂、又怎会穿得这么破烂？
Story/O_S0021_03_01_003,害怕
Story/T_S0021_03_01_007,难怪他要出手干预……我觊觎他女儿，我现在是不是有生命危险？
Story/O_S0021_03_01_004,自觉回避
Story/T_S0021_03_01_008,我给这对久别重逢的父女挪些说话的地方吧。
Story/N_S0021_03_01_002,你自觉退到一边，默默守望龙湘。\n既为她欢喜，又顾影自怜。
Story/N_S0021_03_01_003,内心深处隐隐觉得，她肯下嫁于你，不过是无依无靠一时彷徨而已。\n如今她有了依靠，还是那样了不起的大人物，你与她之间再无可能了。
Story/D_S0021_03_01_001,……便是湘姊真不嫌弃我的相貌、家世，\n龙大侠也不会眼看湘姊犯蠢糟蹋人生吧。
Story/D_S0021_03_01_002,门不当戶不对，龙大侠混迹丐帮，穿得像乞丐，实则是武林高手、\n江湖地位尊崇，他找女婿，也一定是人中龙凤。
Story/D_S0021_03_01_003,而我穿着唐门制服，就像其他师兄弟一样，只是随时可以被取代的喽啰。
Story/D_S0021_03_01_004,弟，我爹有话和你说。
Story/N_S0021_03_01_004,龙湘颊上犹带泪痕，却笑得春光明媚，你不禁看得痴了。
Story/T_S0021_03_01_009,湘姊真美啊，白衣似雪，貌若天仙，原不是我这样的俗人可以染指。\n只恨好梦易醒。
Story/D_S0021_03_01_005,弟，你发什么呆呢？
Story/D_S0021_03_01_006,好，好，我这就去。
Story/D_S0021_03_01_007,敢问前辈找我，有何吩咐？
Story/O_S0021_03_01_005,岳父大人！
Story/D_S0021_03_01_008,岳父大人～
Story/D_S0021_03_01_009,弟！
Story/D_S0021_03_01_010,爹，你干嘛打他？
Story/D_S0021_03_01_011,他突然冲过来，脸吓到我了。
Story/N_S0021_03_01_005,不知晕了多久，你才悠悠转醒。
Story/D_S0021_03_01_012,我、我晕了多久？
Story/D_S0021_03_01_013,大约一个多时辰。
Story/D_S0021_03_01_014,挺能睡的。
Story/D_S0021_03_01_015,事情我都听湘儿说了，你小子胆敢觊觎我宝贝女儿，过来受死。
Story/D_S0021_03_01_016,爹～！
Story/D_S0021_03_01_017,说笑的，说笑的。
Story/O_S0021_03_01_Break_01_001,守信用
Story/O_S0021_03_01_Break_01_002,隐姓埋名的理由
Story/O_S0021_03_01_Break_01_003,方今局势
Story/O_S0021_03_01_Break_01_004,拜堂
Story/D_S0021_03_02_001,我当时随口一提，你却很守信用，替我隐瞒行踪到今日，不容易。
Story/D_S0021_03_02_002,着实不容易，我无时不刻想要宣扬我认识龙大侠。\n要瞒湘姊，更是良心隐隐作痛。
Story/D_S0021_03_02_003,我等下再单独找你算账。
Story/D_S0021_03_02_004,受人之托，忠人之事罢了。
Story/D_S0021_03_02_005,你倒是讲义气，臭弟。瞒得我好苦啊。
Story/D_S0021_03_02_006,噫！龙大侠救命！
Story/D_S0021_03_02_007,救不了，这是你的命里的劫数，你好自为之。
Story/D_S0021_03_02_008,话说在前头，我可是相当生气，你最好有心理准备。
Story/D_S0021_03_02_009,吾命休矣！
Story/D_S0021_03_02_010,……听说你拿什么秘籍就能练什么，那这本秘籍不妨也拿去，\n就当作是赔偿你的买命钱。
Story/D_S0021_03_02_011,都没命了我要什么秘籍！
Story/D_S0021_03_02_012,让你耐打一点。
Story/D_S0021_03_02_013,啊，这不是王大叔的武功吗？
Story/D_S0021_03_02_014,一半是。这是我和他喝醉的时候互殴创出来的武功。
Story/D_S0021_03_02_015,别看那家伙一副胸怀大义的样子，其实胸襟小的很。\n我就只有一只手，他还一直上踢下踢，半点高手风度都没有。\n天下能当他对手的一只手掌数得完，他出招却这么赖皮无耻。
Story/D_S0021_03_03_001,假若天下太平，我本打算一生隐姓埋名，当我的活死人。\n混迹丐帮杂众之中，醉生梦死，只消知道湘儿安好，就心满意足。
Story/D_S0021_03_03_002,孰料弹指间风云色变，王帮主和温夫人相继辞世，\n给我父女俩遮风避雨的伞盖一一被掀了，怕你受苦受委屈，\n我才找到唐门来。
Story/D_S0021_03_03_003,您本来打算永不与我相认吗？
Story/D_S0021_03_03_004,你曾听温夫人说过当年极乐教的事吗？
Story/D_S0021_03_03_005,当然听过，那是我最爱的睡前故事，央着师父说过不下百回。
Story/D_S0021_03_03_006,这睡前故事也太血腥……还有温夫人耐心也太好了。
Story/D_S0021_03_03_007,那她和你说过，为父有一位义兄吧。
Story/D_S0021_03_03_008,说了，是翼王殿下吧？我和弟也曾提到过。
Story/D_S0021_03_03_009,这话我能听吗？
Story/D_S0021_03_03_010,无妨，知情的人秘而不宣，但也不算少。\n温夫人、王帮主、南宫家主、老太爷全都知道金国官家是我义兄。\n他们顾忌我的身后之名，才没有公诸于众。
Story/D_S0021_03_03_011,……极乐教一役，我义兄背信弃义，临阵变卦，致我中原无数豪杰殉难。\n我看清他的真面目，应当凛然与他割袍断义，手刃此獠，告慰弟兄。\n但我无能又心软，终究不忍下手，唯有徇私自断一臂，当是为他赎罪。
Story/D_S0021_03_03_012,现在想来实在太傻，我断我的胳膊，他还是照样登基为帝，\n半点屁用也没有，都是我年轻时的一厢情愿罢了。
Story/D_S0021_03_03_013,我也去见过了翼王殿下，他似还没忘记与您的旧日情谊。
Story/D_S0021_03_03_014,他要是没半点真心，我也不会受骗上当。\n年轻时豪言夸口，若他有朝掌权，一定要令宋金和解。\n呵，结果换一个位置，就换了脑袋，种种誓约都抛诸脑后。
Story/D_S0021_03_03_015,也不是人人都这样。\n我弟就很好，从前被人看轻，现在是唐门的梁柱了，也没变坏。
Story/D_S0021_03_03_016,完颜珣怎么说也是皇帝，这小子山野村夫，有个屁权？
Story/D_S0021_03_03_017,我下不去手杀他，老天也不降雷劈他，因此害惨了我大宋无数将士百姓。\n我又有何脸面以武林盟主之姿凯旋归来？
Story/D_S0021_03_03_018,您是英雄啊，功过相抵，世人会谅解你的。
Story/D_S0021_03_03_019,死了的才是英雄，我若还苟活人世，迟早会遭群起挞伐。\n认回了你，只会连累你与我浪迹天涯，宛如过街老鼠。
Story/D_S0021_03_03_020,就算是那样……十几年对我不闻不问，也太过份了。
Story/D_S0021_03_03_021,我可没把握把你教养得这么端正，便是你娘在世，性子也辣。\n要是给我们带，你现在恐怕会穿一身黑衣，变成一个泼辣小魔头。\n到处乱打人耀武扬威。
Story/D_S0021_03_03_022,……我比较喜欢现在这样。
Story/D_S0021_03_03_023,事实证明，温夫人是位良师。\n你成长得这么好，我很欣慰，你娘在天之灵，想必也会欢喜。
Story/D_S0021_03_03_024,师父当然是世上最好的师父。
Story/D_S0021_03_03_025,但你自作主张把我丢下，又是另一回事。\n我是不会善罢干休的。
Story/D_S0021_03_03_026,饶了我吧。
Story/T_S0021_03_03_001,便是龙大侠，也要怕湘姊。
Story/D_S0021_03_04_001,你是想问我，对武林盟的看法吗？
Story/D_S0021_03_04_002,是。
Story/D_S0021_03_04_003,嗯……不得不说感慨万千，恍如隔世。\n我那一代的高手大半都在极乐教决战拼掉了性命，已经所剩无几了。\n同样叫做武林盟，却没我几个熟人。
Story/D_S0021_03_04_004,爹，多数人认定的正义才是正义吗？\n为了大我牺牲小我才是对的吗？
Story/D_S0021_03_04_005,你说啥？谁告诉你的邪说，这种屁话怎么可能是对的？\n十个乞丐包围我，试图说服我狗屎能吃，我也没相信啊。
Story/D_S0021_03_04_006,哦……多么生动又富有冲击力的比喻。
Story/D_S0021_03_04_007,为了大我牺牲小我是种伟大的事，但那不是拿来欺压弱小的借口。\n牺牲小我，必须是老子心甘情愿的才算数。\n至于我不情愿的被动牺牲，那叫做「被杀」好吗。
Story/D_S0021_03_04_008,说得也是！
Story/D_S0021_03_04_009,别胡思乱想了。哪来这么多大道理呢？\n别人欺你头上，想让你死，管他什么理由，揍他妈的啊！\n以牙还牙唐门不是最会吗？
Story/D_S0021_03_04_010,哈哈！正是，以彼之道还施彼身，原是唐门传统美德。
Story/D_S0021_03_04_011,不过话又说回来，我可不打算插手，情况会因此变得很麻烦。\n最好你们俩守口如瓶，连唐三侠也瞒住，不让世人知晓我的行踪。
Story/D_S0021_03_04_012,咦？
Story/D_S0021_03_04_013,咦什么，别用那种眼神看我。
Story/D_S0021_03_04_014,我还盼您会出山，来当西武林盟的盟主。\n大侠龙渊坐镇西蜀，东边的武林盟就是浪得虚名了。
Story/D_S0021_03_04_015,姑娘哎，你把事情想得忒也简单。
Story/D_S0021_03_04_016,您不能一个气功把武林盟轰掉吗？
Story/D_S0021_03_04_017,你未免大看你老子了，什么气功如此厉害能够横扫千军，我倒想见识。
Story/D_S0021_03_04_018,我是已死之人，若再现世，当年旧帐免不了又要被掀到台面上。\n声名难保事小，若被有心人士用以攻讦，那是聪明反被聪明误。
Story/D_S0021_03_04_019,与我挂勾，这回唐门就不是泥教党羽，而是金国奸细了。\n朝廷更不用顾忌武林人有唇亡齿寒之虑，发兵围剿根本名正言顺。
Story/D_S0021_03_04_020,对、对耶！
Story/D_S0021_03_04_021,真复杂。
Story/D_S0021_03_04_022,总之，你小兄弟把我女儿卷进去，就要负责她的安危。\n你要护不了，我就蒙面把她劫走。
Story/D_S0021_03_05_001,想都别想。\n我就是看你们要拜天地才被迫现身，你居然还好意思跟我提。
Story/D_S0021_03_05_002,呃……。
Story/D_S0021_03_05_003,而且湘儿，你这是开哪门子玩笑？\n撮土为香那是迫不得已才用的，炷香唾手可得，你却这样草率，\n老天爷非给你气过背去。
Story/D_S0021_03_05_004,呃……。
Story/D_S0021_03_05_005,我不妨挑明了说，我不同意这门亲事。
Story/T_S0021_03_05_001,果然啊。
Story/D_S0021_03_05_006,爹，弟很好的。他正直仁义，勇敢又坚强，人品十分贵重。\n你别因为他相貌不好看就看轻他。
Story/D_S0021_03_05_007,我不是因为他相貌而看不上……或许有点儿，但不全然。
Story/D_S0021_03_05_008,那不然呢？他武功也很高呀。\n同代的武林人，没几个能练到他这种地步，何况他还是无师自通。
Story/T_S0021_03_05_002,不，我有师父呀，不在唐门就是了。
Story/D_S0021_03_05_009,他武功是不赖，但也仅只限一人之勇。\n千军万马杀过来，便是三头六臂，结局一样给人踏成烂泥。\n你嫁了他，万一唐门转眼没了呢？
Story/D_S0021_03_05_010,身为父亲，不能放任你瞻前不顾后。
Story/D_S0021_03_05_011,……。
Story/D_S0021_03_05_012,龙大侠，容晚辈一言──
Story/D_S0021_03_05_013,弟，让我答吧，这题我会。
Story/D_S0021_03_05_014,好。
Story/D_S0021_03_05_015,爹，您也在考验我，对吗？\n这个问题我想了很久，百思不得其解，师父也说我要自己想通才有用，\n不能抄人的答案当作自己的信念，到头后悔。
Story/D_S0021_03_05_016,我不像您那样与生俱来是英雄，我会怕死、怕疼，有时还会哭。\n好一阵子都很迷惘，到底什么是江湖，又何谓侠义呢？实在令人费解。
Story/T_S0021_03_05_003,我可不是与生俱来便注定会成为自己，英不英雄，也难说得很。
Story/D_S0021_03_05_017,侠义按字面上说是见义勇为、锄强扶弱的胸襟。\n但是武林群侠自居正派，朝夕所争，第一争名，其次夺利，第三种更差劲，\n自命清高不慕荣利，杀人只为了装模作样卖弄潇洒，见了就让人火大。
Story/D_S0021_03_05_018,我从小便听闻您的事迹，向往江湖，亲身走过一趟，\n举目所见十有八九都是这三种人，不禁心凉。
Story/D_S0021_03_05_019,人生在世，不争名逐利才奇怪，谁都希望日子过得更好。\n你要是倦了、看不惯，我们父女可以退隐江湖。
Story/D_S0021_03_05_020,尝听人言：「有人的地方就是江湖」，这话是真的吗？\n那江湖根本无处不在，不必学武功，村里乡民每个都是江湖中人。\n皇帝也是江湖中人，便是爹你和我，中间也隔着江湖。
Story/T_S0021_03_05_004,这本来只是一句话，谁也不会深究，湘姊未免想得太多。
Story/D_S0021_03_05_021,要是此话可信，那根本就退隐不了，不过是逃避而已。\n躲得再远，恩怨都还在心底酿着，酸甜苦辣自己知晓，自己熬。
Story/D_S0021_03_05_022,是呀，可难熬了。
Story/D_S0021_03_05_023,所以师父派我出宫闯荡江湖，并非打打杀杀。\n真实深意是去让我去认识各式各样的人，好人、坏人、不好不坏的人。\n增广见闻，偶尔吃一点亏、受一点苦，茁壮成长。
Story/D_S0021_03_05_024,见过最黑的夜，依然相信光明；穿越泥潭，始终一片冰心。\n在茫茫人海里找到耀眼的星。
Story/N_S0021_03_05_001,龙湘看了你一眼，眼尾含笑，藏不住的骄傲：她找到了你。
Story/T_S0021_03_05_005,湘姊这些话比诗更美，说得真好。
Story/T_S0021_03_05_006,湘姊这话说的比唱的还好听，不知跟谁学的。
Story/D_S0021_03_05_025,多亏赵弟提醒，我才想起初衷。\n要争名逐利都无妨，聚在一起互拍马屁也与我无关。\n但是为了所谓大义、公利无视公平，那我就不肯答应！
Story/D_S0021_03_05_026,即使杀一人可以拯救一万个人，也是一样吗？
Story/D_S0021_03_05_027,一样。一万人加在一起也不能颠倒黑白。\n非要恃强凌弱，那便抱着会死的觉悟来互相残杀。
Story/T_S0021_03_05_007,不愧是锦香宫杀人魔，决定诉诸武力的门坎好低。
Story/T_S0021_03_05_008,湘姊的作派，和唐门颇有异曲同工之妙。\n不过我们亦正亦邪，只听凭自己心意，她却是一身正气。
Story/D_S0021_03_05_028,我见不得无辜之人流血，听不得无罪的哭声。\n不愿盲目从众，想凭一己之见为公平发声，凡有不平事都要据理力争。\n老天爷没看见，也要做到自己心满意足为止。
Story/D_S0021_03_05_029,……。
Story/D_S0021_03_05_030,……。
Story/D_S0021_03_05_031,怎么样呢……我说的对吗？
Story/D_S0021_03_05_032,傻丫头，这不是你自己的答案吗？哪来的正解。
Story/D_S0021_03_05_033,听着挺让人痛快的就是了，哈哈哈！\n不错、不错，不愧是我龙渊的女儿，哈哈哈！
Story/D_S0021_03_05_034,不愧是我，哈哈哈！
Story/D_S0021_03_05_035,不过我还是不同意你嫁。
Story/D_S0021_03_05_036,呃。
Story/D_S0021_03_05_037,呃。
Story/D_S0021_03_05_038,要想让我松口，这小子起码武功要比我高。\n还不能是偷袭取巧得胜，必须打十场赢十场，完全胜利。\n强到那种地步，我才放心把女儿托付给人。
Story/D_S0021_03_05_039,这也太强人所难了！我投胎转世也未必能够呀！
Story/D_S0021_03_05_040,没志气。
Story/D_S0021_03_05_041,我缺一条胳膊，还越来越老，反观你年轻少壮，大有可为，怎见得就输？\n想娶我女儿，就咬紧牙关去苦练修行个十年，要连这点傲气也没有，\n我看你还是死了这条心吧。
Story/D_S0021_03_05_042,便是我有心，也未必挨得到那时候啊。
Story/D_S0021_03_05_043,那是你的事，你自己要设法挨到未来。\n死在武林盟手里，就说明你和我湘儿有缘无份，投胎请早。
Story/O_S0021_03_05_001,我一定会办到
Story/D_S0021_03_05_044,我一定会办到给你看。
Story/D_S0021_03_05_045,爹，你等着被痛打吧。
Story/D_S0021_03_05_046,不肖女。
Story/O_S0021_03_05_002,我还是早点投胎吧
Story/D_S0021_03_05_047,我还是早点投胎吧。
Story/D_S0021_03_05_048,不行！不要那么快放弃啊！
Story/D_S0021_03_05_049,你往日对湘儿照拂不少，她既然喊你为弟，\n那龙某与你怎么说也算有点缘分，这本秘籍你来拿去。
Story/D_S0021_03_05_050,太好了，弟！这可是我家的独门秘籍，我爹这是承认你了。
Story/D_S0021_03_05_051,太、太好了！
Story/D_S0021_03_05_052,爷们说话，你别吵，再吵我就不传了，一边去。
Story/D_S0021_03_05_053,好～
Story/D_S0021_03_05_054,话说你爹娘怎么叫你？叫活儿？活儿好像怪怪的。\n唤你的时候彷佛是要使唤叫你去干活一样。
Story/D_S0021_03_05_055,就直呼本名。
Story/D_S0021_03_05_056,我暂时还是叫你小兄弟吧，称呼这件事还需要琢磨一段时日。
Story/D_S0021_03_05_057,你听着，我一身武功其实来自七部秘籍，互相关连，缺一不可。\n那七部秘籍每一部都得内外兼修，颇不易学。
Story/D_S0021_03_05_058,我知道，江湖传说，那七部武功的原主都是一方高手。\n他们赖以成名的武功，绝非泛泛。
Story/D_S0021_03_05_059,正是。如非天赋奇才，又无机缘巧遇，很难通达大成，遑论融会贯通。
Story/D_S0021_03_05_060,湘儿一心一意练剑，剑法造诣比我更高，又得温夫人改良、指点，\n揉以锦香宫武学，才能拿剑使掌法、使枪法。\n那也是浸淫了十余寒暑才扎好的根基，你此刻想从头练起，是痴人说梦。
Story/D_S0021_03_05_061,哦。
Story/D_S0021_03_05_062,而我传你这书，是那七部武功节录的总辑，\n与其说是秘籍，不如说是我个人心得荟萃。\n旁人得之，没有七部武功的根基也学不成，此书无丝毫用场。
Story/D_S0021_03_05_063,但你不同，你有「忘形篇」。
Story/D_S0021_03_05_064,我懂了。
Story/D_S0021_03_05_065,剩下时日不多，能够参悟多少看你自己，\n练不成也别逞强，否则有害无益。
Story/D_S0021_03_05_066,是！多谢前辈。
Story/D_S0021_03_05_067,跪拜就不必了，有幸活到将来，再叩还给我。
Story/D_S0021_03_05_068,湘儿，你回来。
Story/D_S0021_03_05_069,谈完了吗？
Story/D_S0021_03_05_070,我也有事物给你。
Story/D_S0021_03_05_071,湘儿，我有一件事物给你。
Story/D_S0021_03_05_072,好美的剑。
Story/D_S0021_03_05_073,这是你娘在世之时所配之剑，名曰嗔岚。\n天觞剑是我昔日配剑，于你而言也许太重了，这柄剑应该更适合你。
Story/D_S0021_03_05_074,谢谢爹……！
Story/D_S0021_03_05_075,你们还有不屈降的信念，似我从前坚定不移。\n我曾经从使命逃开，作了一个令自己后悔终生的决定。\n希望你们引以为戒。
Story/D_S0021_03_05_076,爹要走了，湘儿。
Story/D_S0021_03_05_077,什么？您不和我们一起吗？\n我们才刚相认不足两个时辰，您又要走。
Story/D_S0021_03_05_078,我还有好多话想说，想听您说娘亲的事……。
Story/D_S0021_03_05_079,你娘的事，温夫人没告诉你吗？
Story/D_S0021_03_05_080,我只知道她是一位公主。
Story/D_S0021_03_05_081,公主？！
Story/D_S0021_03_05_082,你娘是金国先帝完颜允恭所出，沂国公主完颜梦。
Story/D_S0021_03_05_083,我娘是金人，名叫完颜梦……。
Story/D_S0021_03_05_084,宋金相仇，是两国官家搞的鬼，庶民受累倒有，何必去恨没见过的人？\n金人也是人，当中也有好人，你娘便是其中最好的。
Story/D_S0021_03_05_085,我知道。
Story/D_S0021_03_05_086,因为身份、背景而全盘否定一个人的善恶，最是愚蠢不过。\n我师父已经教过我了……在风雨山，以身作教。
Story/D_S0021_03_05_087,娘是一位怎么样的人？
Story/D_S0021_03_05_088,和你一样生得貌美，武功高强，学识渊博，雅善骑射。\n英姿飒爽，而又高贵优雅，是我配不上的人。\n你这缺根筋的散漫性格多半是遗传我。
Story/D_S0021_03_05_089,种瓜得瓜，种豆得豆。我傻又不是我的错，是您的错。
Story/D_S0021_03_05_090,她与我不打不相识，共历患难，破除两国成见。\n毕生致力于宋金和平，积德无数。\n离奇点穴绳、玄玄如意指便是她手把手教我的。
Story/D_S0021_03_05_091,我娘是这样伟大的人……真好！
Story/D_S0021_03_05_092,剩下的留待下回见面，再与你细细详说。
Story/D_S0021_03_05_093,这些事，留待下回再和你细细详说吧。
Story/D_S0021_03_05_094,我还有些事得办，不便带上你。\n改日再来看你，考较你武功进境，你可不能懈怠。
Story/D_S0021_03_05_095,是，湘儿一定努力用功。
Story/D_S0021_03_05_096,小兄弟，你也是。\n要想配得上我家湘儿，总不能比她弱，你说是吧？
Story/D_S0021_03_05_097,是！
Story/D_S0021_03_05_098,你小子也是，虽然不怎么期待，多下苦功吧。
Story/D_S0021_03_05_099,你人生最大挑战挺过这一场硬仗之后才要开始，那便是本人龙渊。\n除非你打得我心服口服，否则我是不会让女儿委身于你的。
Story/D_S0021_03_05_100,是。
Story/D_S0021_03_05_101,……弟，你信吗？我爹是武林盟主、绝世高手，天下第一。
Story/D_S0021_03_05_102,而且他还活着！活得好好的，一直活得好好的……。
Story/D_S0021_03_05_103,呜……真是太好了……怎么会有这样的好事发生……。\n我其实……其实小时候每次挨师父打，就会躲起来哭，边哭在想，\n也许我爹没死，躲起来想吓我……迟早会来接我……。
Story/D_S0021_03_05_104,没想到是真的，呜呜哇啊啊啊～～
Story/N_S0021_03_05_002,你动也不敢动，直挺挺的站着，由她埋头在你肩上恣意的哭。\n良久才抽抽噎噎收了泪，不再哭泣。
Story/N_S0021_03_05_003,你试着轻抚她的背，替她顺气，龙湘颇为受用。\n不知不觉就抽抽噎噎收了泪，不哭了。
Story/D_S0021_03_05_105,对不住，弄湿了你的衣衫。
Story/D_S0021_03_05_106,我、我平时可不是这么爱哭的怂货，我坚强的不得了。\n我只有忍不住的时候才会哭。
Story/D_S0021_03_05_107,这不是当然吗？忍得住自然就不哭了。
Story/D_S0021_03_05_108,说的也是……你干嘛抓我语病，臭弟。\n你就不能说点体己的好话吗，非要贫嘴挤兑我。
Story/D_S0021_03_05_109,好啦，好啦，重来。
Story/D_S0021_03_05_110,那可是你暌违十几年再见的亲生父亲，只哭两场就收得住泪，\n足见你定力非凡了。
Story/D_S0021_03_05_111,是锦香宫玄烛心经的作用吧。
Story/D_S0021_03_05_112,既然我爹发话了，我们的事，就等你将来练好武功了。
Story/D_S0021_03_05_113,迟早的事，你等我。
Story/D_S0021_03_05_114,好，我等你。
Story/D_S0021_03_05_115,唉，道路阻且长。
Story/D_S0021_03_05_116,别说丧气话～振作点。\n你不是说很希罕姊姊我吗？那你得赌上性命来接我啊。
Story/N_S0021_03_05_004,龙湘从怀里拿出一支用锦布仔细收藏的玉簪。
Story/D_S0021_03_05_117,这支玉簪子给你，龙的头上可不有双角吗？\n所以这支和我的是一对的，权作……权作我们两心相印的信物。
Story/D_S0021_03_05_118,谢谢湘姊。
Story/D_S0021_03_05_119,你收了喔，不能退回喔。
Story/D_S0021_03_05_120,我还怕你反悔抢回去。
Story/D_S0021_03_05_121,从今以后我们就有约束了，你再不能分心旁顾。\n到时别说与我之间只是姊弟情分，意图蒙混敷衍，我可不吃那套。\n要是敢对我不忠……比如去勾引其他女子的话……。
Story/D_S0021_03_05_122,混蛋！你居然敢！我要砍死你！
Story/D_S0021_03_05_123,冷静点，你别越想越逼真！
Story/D_S0021_03_05_124,总、总之你记住了，你好自为之！
Story/D_S0021_03_05_125,我自狂喜之中，带有一点忧心忡忡，这对父女真爱考验人。
Story/D_S0703_01_001,启禀掌门，飞石帮主携同夫人递上拜帖求见，\n人在茶肆等，可要许他们上山吗？
Story/D_S0703_01_002,飞石帮主？快快有请。
Story/D_S0703_01_003,师兄，飞石帮主和他婆娘递上拜帖想要登门拜访，\n人现在茶肆里，要让他们上山吗？
Story/D_S0703_01_004,飞石帮主来了？
Story/O_S0703_01_001,大师兄的仇人，恕不欢迎
Story/D_S0703_01_005,若非他们夫妻那些鸡毛蒜皮的别扭小事，大师兄也不会丧命。\n如今还来做什么？让他们滚吧。
Story/D_S0703_01_006,他们夫妻矛盾，连累大师兄丧命。\n便是我能原谅，大家也不能容忍，恕不欢迎，请他们回吧。
Story/D_S0703_01_007,咦？真要赶走？\n西武林盟大会在即，我们正缺帮手，飞石帮怎么说也人多，\n难得他们有诚意，不是应该趁机化敌为友吗？
Story/D_S0703_01_008,不管！
Story/D_S0703_01_009,好吧……掌门令牌在你手里，我听令便是。
Story/N_S0703_01_001,你下了逐客令，石帮主和夫人不得其门而入，均自怅然，用过茶点便回去了。
Story/D_S0703_01_010,够了喔，咱们私底下讲点干话骂骂就好，不能因私害公。\n连我个知客的资浅弟子都知道轻重，师兄你怎么就拎不清？\n我才不管你，我去带人上来，你看不顺眼就闪远一点，自有旁人接待。
Story/D_S0703_01_011,你……。
Story/N_S0703_01_002,你下了逐客令，石帮主和夫人不得其门而入，均自怅然，用过茶点便回去了。
Story/O_S0703_01_002,快快有请
Story/D_S0703_01_01_001,唐三爷，我石某人脑子不灵光，从前没少干傻事，得罪好人。\n在这里给你们赔礼道歉，你们大人不计小人过，别跟我这老粗计较吧。
Story/D_S0703_01_01_002,诸般误会，皆因妾身而起，光是口头谢罪半点没有诚意，\n望能领我夫妻到唐大侠坟前上香。
Story/D_S0703_01_01_003,事情经过，我都听说了。
Story/D_S0703_01_01_004,本门大师兄仗义舍身，是我等一众师弟妹都引以为豪的事情。\n他因石帮主负伤不假，但害死他的却另有其人，\n冤有头债有主，这笔账本门迟早会找仇家清算，二位不必太过自责。
Story/D_S0703_01_01_005,赵大侠，我石某人脑子不灵光，从前没少干傻事，得罪好人。\n在这里给你们赔礼道歉，你们大人不计小人过，别跟我这老粗计较吧。
Story/D_S0703_01_01_006,诸般误会，接因我而起，光是口头谢罪半点没有诚意，\n还望能领我夫妻到唐大侠灵堂磕头。
Story/D_S0703_01_01_007,大师兄伤于石帮主之手不假，可是交手之前，便已负伤，\n害死他的更是另有其人，他是死于重重算计，并没真的输过谁。\n二位都是大师兄的朋友，无须太过自责。
Story/D_S0703_01_01_008,我也能算是唐布衣的朋友吗？
Story/D_S0703_01_01_009,我大师兄可没那么博爱，不拿你当朋友，可不会这样煞费苦心。
Story/D_S0703_01_01_010,磕头就不必了，我大师兄武功高强，死在阴谋诡计之下。\n却与石帮主无关，石帮主不必往自己脸上贴金。
Story/D_S0703_01_01_011,你说的也、也有几分道理。\n那拜祭、上香总行吧。
Story/D_S0703_01_01_012,随我来吧。
Story/N_S0703_01_01_001,石帮主夫妻恭恭敬敬叩头上香，不仅抱歉，还有满腔感激。\n他们夫妻得以破镜重圆，皆为大师兄所赐。\n便是那么小的口头约定，大侠依然守信。
Story/D_S0703_01_01_013,唐三爷。
Story/D_S0703_01_01_014,石帮主请说。
Story/D_S0703_01_01_015,赵大侠。
Story/D_S0703_01_01_016,大侠二字愧不敢当，我便唐门赵活而已。\n石帮主有话不妨直说。
Story/D_S0703_01_01_017,石帮主有话请说。
Story/D_S0703_01_01_018,我不光是对不住唐大侠，也对不住你们唐门上下。
Story/D_S0703_01_01_019,实不相瞒，我石某人做过逃兵、做过没本钱的买卖，生来是个不成器的。\n多得我夫人不嫌弃，下嫁给我这不争气的老粗，我才有心上进。
Story/D_S0703_01_01_020,但是人学坏，是一念之间的事，人学好，那却不容易。\n刚到蜀地那时，谁都不信我真的改过自新，做什么勾当都碰钉子。\n仰仗唐门义田，才没把我和夫人活活饿死。
Story/D_S0703_01_01_021,后来内子贤慧，出了不少主意，我们挣到了钱，创立飞石帮。\n把日子越过越好，就忘记了从前吃苦的日子，就忘恩负义了。
Story/D_S0703_01_01_022,我岳丈、街坊乡亲真的没看走眼，我石公远真的不是个东西，该死！
Story/D_S0703_01_01_023,……石郎，你不必包庇我的。
Story/D_S0703_01_01_024,夫人。
Story/D_S0703_01_01_025,是我日日催着他，必须出人头地，证明我没选错夫婿。
Story/D_S0703_01_01_026,光是温饱还不够，还得体面，有了体面也不足，想要钱，也要权。\n是妾身一力主张，要想跻身大帮大派之列，就得和唐门争作蜀中第一。\n石郎执意不肯，我才负气离家出走，以此相逼。
Story/D_S0703_01_01_027,唉，所谓江湖，不就是如此吗？\n行侠仗义说得好听，争来斗去才是真的。
Story/D_S0703_01_01_028,往大处想，我朝征伐他国说是开疆拓土；他国攻打大宋，却是罪无可恕。\n说穿了都是一个样。
Story/D_S0703_01_01_029,三爷说的是，人心不足蛇吞象。\n拥有再多依旧不知足，如何矫饰，都是贪心而已。
Story/D_S0703_01_01_030,我在外不知何去何从，偏是我想对付的人，为我寻了尼姑庵栖身。\n因为你们唐门飞侠誓为天下女子撑腰，便是我这样恶毒的妇人也不例外。
Story/D_S0703_01_01_031,我们和你们的区别，可见一斑。\n飞石帮生意干得风生水起，也不过是唯利是图的江湖人。\n唯有他那样的好管闲事、不计得失的，才算真正的侠士。
Story/D_S0703_01_01_032,亏得唐布衣一诺千金，我夫妻俩才能看清本心，破镜重圆。
Story/D_S0703_01_01_033,就算你们肚量大，不同我们计较，可我们老是过不了自己这关，\n就这样搁着，心里不痛快。
Story/D_S0703_01_01_034,都过去了，放不放得下，都得放下。他早已走得远啦。
Story/D_S0703_01_01_035,你们却还活得好好的。
Story/D_S0703_01_01_036,我知道你们正在聚集西境武林势力，要干一票大的。
Story/D_S0703_01_01_037,我知武林盟发檄文声讨唐门，将对你们不利。
Story/D_S0703_01_01_038,届时我飞石帮也想掺一脚，成不成？\n当然，要站的是你唐门这边。
Story/D_S0703_01_01_039,石帮主高义，唐某自然无任欢迎。
Story/D_S0703_01_01_040,当然好，届时就靠石帮主啦！
Story/D_S0703_01_01_041,包在我身上！
Story/D_S0703_01_01_042,……。
Story/D_S0703_01_01_043,要是唐门不屑与我为伍，我就自己跟武林盟宣战，各打各的。
Story/D_S0703_01_01_044,你这是飞蛾扑火。
Story/D_S0703_01_01_045,你这不是自找死路吗。
Story/D_S0703_01_01_046,单只飞石帮，那当然是有死无生，平白送死而已。\n若跟唐门一起，就未必会输。
Story/D_S0703_01_01_047,还有你们这样逼人的。
Story/D_S0703_01_01_048,这……石帮主手下统御人马虽多，但与武林盟相比，恐怕还是略逊一筹。
Story/D_S0703_01_01_049,您就直说我们不是对手得了，这点自知之明，我还是有的。
Story/D_S0703_01_01_050,会死的。
Story/D_S0703_01_01_051,我知道。愿跟我的就跟我，不跟我的也无所谓。\n我石公远见惯大风大浪，不怕死，最怕死得窝囊。
Story/D_S0703_01_01_052,就算不报恩，我也想跟唐门同一阵线。\n石某这辈子没干过什么值得喝采的好事，也想学人见义勇为。\n这一次，便给打死了也不当逃兵！
Story/D_S0703_01_01_053,石帮主、石夫人。恕某不远送了。
Story/D_S0703_01_01_054,唐掌门，请笑纳此物，聊表石某夫妻的心意。
Story/D_S0703_01_01_055,赵少侠，请代掌门收执，笑纳此物，聊表石某夫妻的心意。
Story/D_S0703_01_01_056,这是……唐门外堡的地契。
Story/D_S0703_01_01_057,要办西武林盟大会，各门各派都往蜀中来，\n没有外堡，如何招待客人？所以我自作主张给你们买回来了！\n我夫人提醒的。
Story/D_S0703_01_01_058,这、这也太好了！
Story/D_S0703_01_01_059,确实很重要，有了外堡，才有胜算。\n我本来还赎不回外堡，就要扮黑脸驱赶住民，这下不用了。\n只是这项礼物太贵重，我如何收得安心。
Story/D_S0703_01_01_060,都是一条船上的人了，没打赢，全都死，你还客气个鵰？
Story/D_S0703_01_01_061,我怎么叮嘱你的？斯文不了多久，又原形毕露！
Story/D_S0703_01_01_062,咳嗯，唐掌门不必多礼，我们是一条绳上的蚂蚱，\n要是打输了武林，通通性命不保，还要身外之物干嘛？\n听我老石一言，收下吧。
Story/D_S0703_01_01_063,仅代唐门上下，多谢贤伉俪高义！
Story/D_S0703_01_01_064,三爷肯笑纳，那是敝帮荣幸！
Story/D_S0703_01_01_065,这是……唐门外堡的地契。
Story/D_S0703_01_01_066,要办西武林盟大会，各门各派都往蜀中来，\n没有外堡，如何招待客人？所以我自作主张给你们买回来了！\n我夫人提醒的。
Story/D_S0703_01_01_067,这、这也太好了！
Story/D_S0703_01_01_068,正愁这事呢，有了外堡，才有胜算可言。
Story/D_S0703_01_01_069,只是这项礼物，未免太厚重，如何克当。
Story/D_S0703_01_01_070,都是一条船上的人了，没打赢，全都死，你还客气个鵰？
Story/D_S0703_01_01_071,我怎么叮嘱你的？斯文不了多久，又原形毕露！
Story/D_S0703_01_01_072,咳嗯，赵大侠不必多礼，我们是一条绳上的蚂蚱，\n要是打输了武林，通通性命不保，还要身外之物干嘛？\n听我老石一言，收下吧。
Story/D_S0703_01_01_073,那就敬谢不敏，赵某代掌门多谢石帮主高义！
Story/D_S0703_01_01_074,这才象话，哈哈哈！
Story/D_S0703_01_01_075,本来这样的厚礼，无故万万受不起。\n但是事急从权，我只好厚着脸皮收下了。\n在此代掌门、代唐门上下，多谢石帮主高义！
Story/D_S0703_01_01_076,哈哈哈，好极！我还怕你不肯收呢！
Story/N_S0703_01_01_002,赎回了外堡，而且飞石帮将在决战之日，与唐门共同进退！
Story/N_S0703_01_01_003,飞石帮将在决战之日，与唐门共同进退！
Story/D_S0022_01_001,抓公差～
Story/D_S0022_01_002,抓公差啰～下外堡扛米粮，还差三个人手！
Story/D_S0022_01_003,……。
Story/D_S0022_01_004,跑腿费一百文～先到先得～还差三……两个人手！
Story/D_S0022_01_005,……。
Story/D_S0022_01_006,二百文，不能再多了！别逼我去找三师兄点名喔！
Story/D_S0022_01_007,四师兄，这个给你，一人顶两人用，你那四百文都给他得了。
Story/D_S0022_01_008,卑鄙！知道是屎缺，就硬推给我！\n不是说好轮流的吗？
Story/D_S0022_01_009,贱人，给我老实点。\n上回排资论辈，这次我们是看脸决定派谁出去的。\n你最丑，活该干这种力气活！
Story/D_S0022_01_010,欺人太甚……。
Story/D_S0022_01_011,师弟，节哀顺变，扛米粮，这可是为了师门大家有饭可吃啊。
Story/D_S0022_01_012,我没猜错的话，要扛的不只米粮吧。
Story/D_S0022_01_013,当然，不免还有一些其他的小东西，顺便帮我带一下，你不会介意吧？
Story/D_S0022_01_014,介意，上回我喜孜孜跟你下山去，\n结果你让我驮一堆私货回来，差点没把我的腰累断。\n本门能出公差的师兄弟全给你骗过，哪里还有人会上当。
Story/D_S0022_01_015,不管，你今天是搬也得搬，不搬也得搬！
Story/D_S0022_01_016,好歹再找个人吧。
Story/D_S0022_01_017,我我！
Story/D_S0022_01_018,大师兄，哪轮得到你出公差啊。
Story/D_S0022_01_019,就当我心血来潮吧，走不走？
Story/D_S0022_01_020,就算是你，我也只会给二百文喔。
Story/D_S0022_01_021,一言为定。
Story/D_S0022_01_022,那成，咱们走！
Story/D_S0022_01_023,你们在这等会儿，我去找王婶子对一下清册。
Story/D_S0022_01_024,师弟，你从前住哪间啊？
Story/D_S0022_01_025,靠茅房最近的边间。
Story/D_S0022_01_026,不臭吗？你干嘛挑那住。
Story/D_S0022_01_027,你以为我有得选吗？当时说要抽签，\n结果负责捉签的师姑直接把签王交我手上，叫我去住。\n硬是说我自己抽的，要怪只能怪我运气不好。
Story/D_S0022_01_028,这不摆明了欺负人。
Story/D_S0022_01_029,便是，我又能怎么办呢？\n我受的委屈多着呢，平白无故走在街上被人指着鼻子骂：「就是他！」\n然后不分青红皂白打一顿的也有。
Story/D_S0022_01_030,哈哈哈哈！
Story/D_S0022_01_031,笑屁喔，这一点好笑的成分也没有好不。
Story/D_S0022_01_032,就是他！就是那个人！
Story/D_S0022_01_033,不会吧？难道又要旧事重演？
Story/D_S0022_01_034,放心，这回有我在。
Story/D_S0022_01_035,在你个头，唐布衣，我们找的是你！
Story/D_S0022_01_036,找我？
Story/D_S0022_01_037,正是，你这个负心薄幸的花花公子，总算找到你了！
Story/D_S0022_01_038,你坏了我们的清白，就想拍拍屁股走人？
Story/D_S0022_01_039,街坊乡亲都来看看啊！看这负心汉子，怎么坏人清白，又不负责任！
Story/D_S0022_01_040,我才没有！
Story/D_S0022_01_041,我不认识这人，不关我的事喔。
Story/D_S0022_01_042,你这叛徒！
Story/D_S0022_01_043,女侠，这唐布衣登徒浪子早已声名狼籍，德行有目共睹。\n还有什么好迟疑的？他……他甚至还在我身上刺他名字。\n难道你还不信吗？快出手治一治这人啊！
Story/D_S0022_01_044,你在人家身上刺你自己的名字？
Story/D_S0022_01_045,知道了，刀剑无眼，二位姐姐还请让过。\n这个公道，锦香宫一定替你们讨回。
Story/D_S0022_01_046,咦？你、你不是被大水冲走了，已经死了吗？
Story/D_S0022_01_047,{size=50}鬼呀！！{/size}
Story/D_S0022_01_048,你是那日庙里的人？
Story/D_S0022_01_049,我没死。此事与你无关，让开。
Story/D_S0022_01_050,咦？湘姊？
Story/D_S0022_01_051,啊，赵弟，又见面啦！
Story/D_S0022_01_052,姊等下同你叙旧，先办正事要紧。
Story/T_S0022_01_001,唐布衣啊唐布衣，你偷了我的心，却不对我负责。\n既然我得不到你的人，就让这个锦香宫的傻姑娘剁碎你！\n这样谁也别想拥有你！
Story/T_S0022_01_002,唐布衣啊唐布衣，你不是要为天下女子撑腰吗？\n那就为我而死吧，等你死在这笨女人的剑下，就死无对证了。\n谁也不知我腹中胎儿是谁的种，我硬说是你的，谁能说不是？
Story/D_S0022_01_053,唐门飞侠唐布衣，幸会。
Story/D_S0022_01_054,幸会……敢问女侠高姓大名？
Story/D_S0022_01_055,锦香宫主温夫人座下弟子，龙湘。\n奉师命行走江湖，持惜花令惩戒天下负心无情人。\n不巧阁下名列其中，种种证据于你不利，你却有何话可说？
Story/D_S0022_01_056,我？这怕不是有啥误会。
Story/D_S0022_01_057,莫要狡辩，连你同门的师弟都容不了你恶行，出面指证你。\n比起你这人面兽心的花言巧语，我更信赵弟！
Story/D_S0022_01_058,你……？
Story/D_S0022_01_059,我、我没料到她会信嘛～
Story/D_S0022_01_060,干，你这人真的很欠扁哎！哈哈哈哈哈！
Story/D_S0022_01_061,哈哈哈哈哈！
Story/D_S0022_01_062,死到临头，亏你还笑得出来！
Story/D_S0022_01_063,给你一次机会，你若投降改过自新，我便拿你见官，不取你性命。\n否则抗拒从严，锦香宫剑下从来不留淫贼狗命！
Story/O_S0022_01_001,有话好说
Story/D_S0022_01_064,湘姊，有话好说，我大师兄不会干出这种事来。\n只怕是方才那两个女子冤枉人罢！
Story/D_S0022_01_065,女侠，有话好说，我大师兄不会干出这种事来。\n只怕是方才那两个女子冤枉人罢！
Story/D_S0022_01_066,可是你之前不是说……。
Story/D_S0022_01_067,我那是说笑的。
Story/D_S0022_01_068,这种事能说笑吗？你别徇私袒护他。\n待我将此人擒住，再问个明白！
Story/D_S0022_01_069,弟，你别徇私袒护他，让一边去，姊不想伤你。
Story/D_S0022_01_070,没有女子会拿自己的清白冤枉人。
Story/D_S0022_01_071,那倒未必吧。
Story/O_S0022_01_002,我帮你制住他，快给他两剑
Story/D_S0022_01_072,湘姊，我控制住他了！别管我！拿剑刺他！
Story/D_S0022_01_073,女侠，我控制住他了！别管我！拿剑刺他！
Story/D_S0022_01_074,你真的假的？
Story/D_S0022_01_075,哈哈哈哈哈走开啦！
Story/D_S0022_01_076,哈哈哈哈哈！
Story/D_S0022_01_077,不必，弟，你放开他。\n姊不让你为难，要堂堂正正战胜他。
Story/D_S0022_01_078,疯子。
Story/O_S0022_01_02_007,你被撞，横向飞行
Story/D_S0022_01_02_019,……哼哼，香。
Story/D_S0022_01_02_020,你……你这家伙……竟敢对我……！\n啊……啊啊……你这个……你怎么……啊，呜……。
Story/D_S0022_01_02_021,你、你这登徒子！臭贼！给我记住！
Story/D_S0022_01_02_022,谁赢了？
Story/D_S0022_01_02_023,呜哇啊啊啊！
Story/D_S0022_01_02_024,呃啊！
Story/D_S0022_01_02_025,好险，好险。\n江湖哪时冒出这样一位剑法精绝的女侠来，我竟不知。
Story/D_S0022_01_02_026,你对人家做了什么，气成这样？好像还哭了。
Story/D_S0022_01_02_027,我趁她不备，行险朝她脸蛋上香了一口。
Story/D_S0022_01_02_028,你……
Story/D_S0022_01_02_029,别说，我能有什么办法呢？我是被逼无奈。
Story/D_S0022_01_02_030,少来，有这种好事，她怎么不逼我一下。
Story/D_S0022_01_02_031,你大可试试，保证会被砍成碎块。\n别看那姑娘笨笨的，好似少根筋，剑法是真的凌厉，\n招招都是奔着取我性命来的。
Story/D_S0022_01_02_032,人家不都说了是来杀你的。
Story/D_S0022_01_02_033,大多数的人说归说，出手还是会有分寸。\n点到为止决出胜负就收手，很少像她这样诚实的。
Story/D_S0022_01_02_034,初时我还老神在在，只道稳占上风，想将她体力耗尽。\n怎料她越打越是得心应手，我身上金钱镖全都打完了，还制服不了她。
Story/D_S0022_01_02_035,我知道湘姊武功高，没想到这么高。
Story/D_S0022_01_02_036,那位龙姑娘武功居然这么高，连你都打不赢。
Story/D_S0022_01_02_037,唐门武功，又不善见招拆招，我打不赢人家不是挺正常的吗？\n出绝招另当别论，但就难保不伤人性命了。
Story/D_S0022_01_02_101,你看，我总不能尽是躲吧，再打下去，稍有不慎就会被她砍死。\n无法可想，只得兵行险着，出此下策。\n好在她反应如我所料，香个脸蛋就落荒而逃。
Story/D_S0022_01_02_102,敢情你还真是被逼无奈。
Story/D_S0022_01_02_103,我就跟你说了，我是真无奈。
Story/D_S0022_01_02_104,我若逃了，她一怒之下斩了你怎办？我若不逃，就得杀她。\n若不杀她，不出十回合就得换我被杀。\n不想被杀，除了跪地求饶以外就剩亲她一口，换你是我，你怎么选？
Story/O_S0022_01_02_001,逃跑，让她杀你
Story/D_S0022_01_02_105,喂喂喂，你还有人性吗？
Story/D_S0022_01_02_106,哈哈哈哈！
Story/D_S0022_01_02_107,哈哈哈！
Story/O_S0022_01_02_002,不论怎样也不能唐突佳人
Story/D_S0022_01_02_108,你了得，但也得实际一点啊。\n比武过招，生死一瞬间，那能容你坐下来细想呢。
Story/O_S0022_01_02_003,跪地求饶
Story/D_S0022_01_02_109,你宁愿下跪也不想冒犯她？\n窝囊是窝囊了点……莫名令人肃然起敬。
Story/O_S0022_01_02_004,亲她
Story/D_S0022_01_02_110,亲她。
Story/D_S0022_01_02_111,不仅要亲，还要瞄准她两瓣香唇痛吻下去！
Story/D_S0022_01_02_112,这就有点过份了吧，你动机不纯啊。
Story/D_S0022_01_02_113,……亲她。
Story/D_S0022_01_02_114,你看！你还不是一样！
Story/D_S0022_01_02_115,还真是没办法。
Story/O_S0022_01_02_008,你被撞，一飞冲天
Story/D_S0022_01_02_001,？！
Story/D_S0022_01_02_002,！？
Story/D_S0022_01_02_003,你……你这家伙……竟敢对我……！\n啊……啊啊……你这个……你怎么……啊，呜……。
Story/D_S0022_01_02_004,意外！这是意外！你们把我打到天上去，我一落地就在这里！
Story/D_S0022_01_02_005,你、你这登徒子！臭贼！给我记住！
Story/D_S0022_01_02_006,呜哇啊啊啊！
Story/D_S0022_01_02_007,好险，好险。\n江湖哪时冒出这样一位剑法精绝的女侠来，我竟不知。
Story/D_S0022_01_02_008,你做了什么赶走她的？
Story/D_S0022_01_02_009,我什么也没做，她自己把脸蹭到我嘴边的！
Story/D_S0022_01_02_010,你……你真是个禽兽。
Story/D_S0022_01_02_011,我能有什么办法呢？我是被逼无奈。
Story/D_S0022_01_02_012,你别得了便宜卖乖，保证会被砍成碎块。\n别看那姑娘笨笨的，好似少根筋，剑法是真的凌厉，\n招招都是奔着取我性命来的。
Story/D_S0022_01_02_013,人家不都说了是来杀你的。
Story/D_S0022_01_02_014,大多数的人说归说，出手还是会有分寸。\n点到为止决出胜负就收手，很少像她这样诚实的。
Story/D_S0022_01_02_015,初时我还老神在在，只道稳占上风，想将她体力耗尽。\n怎料她越打越是得心应手，我身上金钱镖全都打完了，还制服不了她。
Story/D_S0022_01_02_016,虽然结果是你轻薄了人家，我们唐门多少有点对不起人。\n但是追根究底是她的错，我受的委屈比较多吧。\n她想杀我，活该被你亲。
Story/D_S0022_01_02_018,虽然结果是我轻薄了人家，多少有点惭愧。\n但是追根究底是她的错，我受的委屈比较多吧。\n她想杀我，活该被亲。
Story/D_S0022_01_02_017,听上去似乎有点道理，但又觉得难以释怀。
Story/D_S0022_01_02_038,好哇你，四师弟，跑哪儿去了？\n我差点给人家在家门口砍死，你都不来帮忙。
Story/T_S0022_01_02_001,说来湘姊也真大胆，竟在唐门地界向唐门大弟子挑战。\n还发出杀害宣言，这一个不好，唐门跟锦香宫就得结仇。
Story/T_S0022_01_02_002,该不会牵连到我吧！
Story/T_S0022_01_02_003,说来那位龙女侠也真大胆，竟在唐门地界向唐门大弟子挑战。\n还发出杀害宣言，这一个不好，唐门跟锦香宫就得结仇。
Story/D_S0022_01_02_039,大师兄，这是你跟我说话的态度吗？\n你都不知道，我贡献可大着呢。
Story/D_S0022_01_02_040,有请宋神捕！
Story/D_S0022_01_02_041,你们二人，且去堵住外堡出口，防止有人出逃。
Story/D_S0022_01_02_042,是！
Story/D_S0022_01_02_043,至于你们俩，最好老实一点，唐四击鼓鸣冤，状告你二人污蔑。\n念你二人是女流，又是一念之差，初犯，且给你们一次机会自首。\n坦白从宽，抗拒从严。
Story/D_S0022_01_02_044,我道怎么官兵一下就来拿人！
Story/D_S0022_01_02_045,死胖子，你不是江湖人吗，学人家报什么官！
Story/D_S0022_01_02_046,狗官，抓人要讲证据的！证据呢？在哪儿？在哪儿？\n蛤？你说啊你，证据拿来我看看啊！
Story/D_S0022_01_02_047,嘘。
Story/D_S0022_01_02_048,本官奉劝你们，趁着还能开口，可要想清楚再说话。
Story/D_S0022_01_02_049,你们俩毒妇想借刀杀人没杀成，\n唐布衣或肯怜香惜玉，唐门却不是好招惹的。\n他们动念要报复的时候，可不管对头男女老少，躲进衙门也保不住你们。
Story/D_S0022_01_02_050,唐、唐布衣才舍不得杀我呢！\n他跟我是真心相爱的，要不然我掉进池塘那一次，他怎会下水救我？\n既然救了我，就要负责！否则我那羞人的模样给他看去了，如何嫁人？
Story/D_S0022_01_02_051,女儿家的名节固然重要，却不是你用以要挟的借口。\n照你这样说，以后所有落水的人都没人敢救了。\n你也别指望将来有难，还有好心人相帮。
Story/D_S0022_01_02_052,这……。
Story/D_S0022_01_02_053,官老爷，我、我知错了。\n是民女一时鬼迷心窍，和这位姊妹串供冤枉他，\n还请大人不计小人过，宽恕这回！
Story/D_S0022_01_02_054,你怎么这就说出来了？
Story/D_S0022_01_02_055,本官只负责拿人，至于如何判决，那是你们县府衙门的事。\n你们有教唆杀人的嫌疑，就算从宽发落，也免不了要打上十几大板。
Story/D_S0022_01_02_056,不！不！十几大板打下来，我肚里孩儿如何还能保住？\n您这不是骗人吗？我都自首了，怎么还要罚！
Story/D_S0022_01_02_057,犯错了，就会罚。来人，带下去！
Story/D_S0022_01_02_058,是！
Story/D_S0022_01_02_059,宋大人。
Story/D_S0022_01_02_060,唐大侠。
Story/N_S0022_01_02_001,二人是江湖旧识，并非头一次打交道，见面互一拱手。\n彼此已有默契在胸。
Story/D_S0022_01_02_061,这二位娘子都是我朋友，我们闹着玩的，没有要告。
Story/D_S0022_01_02_062,哦？那便是唐四告假状了？不罚她们，本官就要罚唐四。
Story/D_S0022_01_02_063,啊，混蛋，大师兄你别见色忘友！
Story/D_S0022_01_02_064,那也不行。
Story/D_S0022_01_02_065,大、大师兄～
Story/D_S0022_01_02_066,否则你想如何？本官便是念你声名来之不易，法外开恩，也有限度。\n大宋国法，可不能由着你说啥便是啥。
Story/D_S0022_01_02_067,今日本官出马，就必须捉人回去交差。\n不是这二位女子，便是唐四，你来选。
Story/O_S0022_01_02_005,好吧，抓我四师弟去
Story/D_S0022_01_02_068,那好吧，抓我四师弟走。
Story/D_S0022_01_02_069,大师兄你这个天杀的！我跟你没完！
Story/D_S0022_01_02_070,我早料到四师兄迟早有一天会被捉去关。\n却没想到是今天。
Story/O_S0022_01_02_006,我有个更好抓的人选
Story/D_S0022_01_02_071,我选我师弟赵活。
Story/D_S0022_01_02_072,啥！关我屁事！
Story/D_S0022_01_02_073,对，抓他，我亲眼看到是他擂鼓鸣冤告假状！\n大人您看，他一脸居心叵测！
Story/D_S0022_01_02_074,四师兄，连你也出卖我！
Story/D_S0022_01_02_075,哈哈哈哈哈！
Story/D_S0022_01_02_076,哈哈哈！
Story/D_S0022_01_02_077,行了，公务在身，不开玩笑了。\n那两个女子就按你意思，吓一吓令她们悔过不敢再犯，就放人回家。\n这样可以吧？
Story/D_S0022_01_02_078,宋大人英明。
Story/D_S0022_01_02_079,宋大人倘若有缘碰到那位身穿锦香宫白衣，名叫龙湘的女侠，\n也请帮我澄清几句。
Story/D_S0022_01_02_080,嗯？这可有点不寻常。\n你唐门做事不是向来听凭心意，不在乎旁人毁誉？
Story/D_S0022_01_02_081,莫非唐大侠是看上了那位女侠？
Story/D_S0022_01_02_082,宋大人说笑了，实不相瞒，是她武功太高，我怕死。\n她正面杀过来，我都差点招架不住，多亏我师弟使了不大光彩的手段才把人送走。\n万一她含恨在心，下回不由分说提剑杀来，我就完了。
Story/D_S0022_01_02_100,宋大人说笑了，实不相瞒，是她武功太高，我怕死。\n她正面杀过来，我都差点招架不住，还使了不大光彩的手段才把人送走。\n万一她含恨在心，下回不由分说提剑杀来，我就完了。
Story/D_S0022_01_02_083,这比我料想的还不寻常。\n连你都忌惮，这女子武功想必很高。
Story/D_S0022_01_02_084,恐怕方今武林，平辈之中无有能出其右者。
Story/D_S0022_01_02_085,比夺魄幽兰还强？
Story/D_S0022_01_02_086,我和夏侯娘子多年不见了，但当年分别之际，\n她功力还远不如今日的龙姑娘。
Story/D_S0022_01_02_087,……这事可大可小，莫出乱子才好。\n我去动员伙计，她这会儿若还在镇上，便替你把原委分说明白。
Story/D_S0022_01_02_088,多谢宋大人。
Story/D_S0022_01_02_089,咱们回吧。
Story/D_S0022_01_02_090,好，货都点好了，随时可以出发。
Story/D_S0022_01_02_091,要出你们出，我很忙，不帮忙搬了。
Story/D_S0022_01_02_092,你又有啥事好忙？
Story/D_S0022_01_02_093,拜你们二位所赐，当然是忙着坐牢。
Story/D_S0022_01_02_094,回是可以回，但我方才被人冤枉，意志消沉，使不上力气，\n搬不了重的东西，如何是好？
Story/D_S0022_01_02_095,这家伙使性子了，哈哈哈。
Story/D_S0022_01_02_096,你又不是什么美貌小娘子，还学人家使性子。\n好啦，说笑来着，心胸别那么狭窄～我给你加工资行了吧？
Story/D_S0022_01_02_097,哼！不给到位，我可不会善罢干休。
Story/D_S0022_01_02_098,那还差不多。
Story/N_S0022_01_02_002,提了米粮和四师兄的私货回家，于你们而言，事情就此告一段落。
Story/N_S0022_01_02_003,但对龙湘而言，惊涛骇浪还在呼啸不停。
Story/D_S0022_01_02_099,哇啊──！我的脸要烂掉了，救命啊！
