Story/D_2_2_6_001,各位宾众朋友，太上家主有些话语，想和诸位武林同道说。\n还请稍停片刻，听老人家一言。
Story/D_2_2_6_002,老寿星请讲！
Story/N_2_2_6_001,南宫太上家主地位尊崇，是经历围攻旧魔教一役后，\n方今武林硕果仅存的耆老之一，他要说话，便无一人手里还敢捉筷子。
Story/D_2_2_6_003,深儿，你那未过门的媳妇儿，还没到吗？
Story/D_2_2_6_004,爷爷，萤儿想必事忙，还没到呢。
Story/D_2_2_6_005,那就没有办法了，我先说话吧。\n稍晚你再亲自转达给她。
Story/D_2_2_6_006,是。
Story/D_2_2_6_007,承蒙各位白道上、黑道上的朋友看得起，赴约参加老朽寿宴。\n老朽先告个罪，年纪老迈，两眼昏花，神智昏聩。\n离得近的老朋友，还算识得；离得远些的新朋友，那便有点生疏了。
Story/N_2_2_6_002,闻此言，好些宾客便笑出声来。
Story/T_2_2_6_001,姑且不论好不好笑，南宫老太爷这把年纪尚能自我调侃，确是难得。\n我跟着赔笑两声，给他捧场，也算敬老尊贤。
Story/D_2_2_6_008,{size=24}……根本不好笑，糟老头子。{/size}
Story/N_2_2_6_003,你仗着大伙都在笑，冷冷的低骂一声，只当没人听见。
Story/T_2_2_6_002,嗯？那个丑小子似在偷骂老朽，为何？
Story/N_2_2_6_004,殊不知南宫横是个真正的老江湖，两眼昏花云云都是客套。\n他年晋耄耋，眼力却好得没话说，还会读唇语。
Story/T_2_2_6_003,南宫老太爷这把年纪尚能自我调侃，有点可爱。\n虽不是什么特别好笑的话，却教人莞尔。
Story/D_2_2_6_009,老朽马齿徒长，越来越不中用。\n家学武功都还给了祖宗，又时常忘东忘西的。
Story/D_2_2_6_010,唯独一件事，算得上是有点儿成就，\n驾鹤西归时，不至叫祖宗笑话我一事无成。\n各位可猜得到是什么吗？
Story/N_2_2_6_005,南宫横张开双臂。
Story/D_2_2_6_011,老朽不厉害，但老朽有许多厉害的朋友。
Story/D_2_2_6_012,呵呵，南宫老太爷太谦啦！止戈为武，您是武林第一人，实至名归！
Story/D_2_2_6_013,南宫老太爷德高望重，谁不听您号令？\n这才是真正的大本事呢！
Story/D_2_2_6_014,诸位稍安勿躁，别笑话老朽了。\n全真教丘真人尚在人间游历，未归仙班。\n诸位若真为老朽好，就切勿再妄言，折老朽福份了。
Story/D_2_2_6_015,老朽还指望百年之后，丘真人念在武林同道之谊，\n提点老朽一把，莫叫阎王爷捉我去炖汤。
Story/D_2_2_6_016,行了，行了，笑话说到这儿，该说下正事了。\n其实老朽不才，想趁今日各派有头脸的人物都在这儿，\n厚颜斗胆向天下好汉说个小小心愿，就不知各位肯不肯成全。
Story/D_2_2_6_017,老太爷但有所命，莫敢不从！
Story/D_2_2_6_018,好，那老朽可就腆着脸说啦。\n其实呢，老朽毕生有个心愿，穷我一生心血，至今未能办成。\n也不知还有没有下一个十年，无法可想，才在此说出来与各位参详。
Story/D_2_2_6_019,这件事说来容易，说难也是极难。\n非得天下侠士共襄盛举才可能办成。
Story/D_2_2_6_020,老太爷该不会要我们去抗金吧？哈哈！
Story/N_2_2_6_006,此话一出，宾众尽皆哑然。
Story/T_2_2_6_004,这个是真正的不好笑。
Story/D_2_2_6_021,不是，不是。\n保家卫国的将士固然可敬，但江湖人也有江湖人的道义。\n并不是非得动员去抗金，才算得上好汉。
Story/N_2_2_6_007,听太上家主此言，宾众方才松得一口气。\n虽说江湖是过一天算一天的日子，但抗金却是八成没有明天的日子。
Story/D_2_2_6_022,在座年纪轻点的朋友，可能不知十几、二十多年前，\n江湖中曾出过一件天大的事，致使黑白两道的武林侠士均死伤惨重。\n那事是老朽悠悠百岁人生中，仅有的三次武林总动员。
Story/D_2_2_6_023,老朽这故事可能会又臭又长，\n年轻人若没有耐性的，便打个盹儿，\n待会儿重点来了，老朽再叫你们起床。
Story/O_2_2_6_001,认真听
Story/D_2_2_6_024,老朽一生百载光阴中，武林曾出过三任盟主。\n三位都是德才兼备，众望所归的人物。
Story/D_2_2_6_025,第一次同盟，盟主是俺爷爷南宫智。\n他和二位叔公率众赴汴梁，共御金兵，那年老朽才巴掌大的娃儿，\n每回见了爷爷都觉得很威风，也很吓人。
Story/D_2_2_6_026,后来钦宗皇帝、徽宗皇帝被掳，汴梁沦陷，见大势已去，\n才向武林同道告罪请辞，解散同盟。
Story/D_2_2_6_027,后来康王……也就是先皇高宗陛下，在应天府称帝。\n有意收编武林人士，遂向老武林盟主下令，要求他整编部队，\n往……往那谁？太久了，有点忘了叫什么名。
Story/D_2_2_6_028,深儿，是谁来着？
Story/D_2_2_6_029,{size=24}爷爷，是奉国军节度使刘光世。{/size}
Story/D_2_2_6_030,哦，对，就是那厮。
Story/D_2_2_6_031,往那奉国军节度使刘光世麾下会合。\n你想啊，武林人士可不领朝廷俸禄，也不谋加官晋爵。\n所以齐赴汴梁，本的不过是为国为民的胸怀。
Story/D_2_2_6_032,汴梁那仗都打了足足两年，很久没回家，有些再也回不了家。\n好不容易放归江湖，官家没了，同盟散了，心气自也散了。\n新官家突然一个圣旨，便要所有人再回去为他赵氏河山送死。
Story/D_2_2_6_033,天下有这么便宜的事吗？\n可你若不听话，朝廷竟然就翻脸，率兵打你。\n抄你家，抢你家鸡鸭牛羊充做军粮，抢你家妻女慰劳将士。
Story/D_2_2_6_034,他奶奶的，这就是江湖人跟朝廷至今不对盘的原因了。\n很好，怕金人怕得要命，打自己人打得可狠了。
Story/D_2_2_6_035,……后来岳王爷横空出世，请命北伐。\n他老人家在江中与武林智囊曾文先生共饮浊酒，\n请他出山入世，收复河山。
Story/D_2_2_6_036,老朽记忆里的曾文先生，是一位儒雅的世外高人。\n留的胡须短短，和今日唐门的唐三侠有点儿神似。
Story/D_2_2_6_037,咦，我？在下才疏学浅，何德何能，\n与曾文先生那样的奇人相较？老太爷切莫说笑。
Story/D_2_2_6_038,曾文先生那日在舟里，也是这般慌张推辞。\n只是后来他给岳王爷灌醉了，三杯吐然诺，五岳倒为轻。\n便是为了这个，他争了个西十三州武林盟主之位，去赴岳王爷的约。
Story/D_2_2_6_039,老朽当时已是青壮少年，躬逢其盛，也加入了曾文先生的帐下。
Story/D_2_2_6_040,当时岳王爷麾下的江湖人，以曾文先生、红篷王为首，\n一个西十三州文盟主，一个东十三州武霸王，分掌文武半边天，当真好气概。\n咱们随岳王爷收复失地，一路打打打，鄂州、随州、襄阳府……。
Story/D_2_2_6_041,后来的事，你们都知道了。\n十二道金牌，杀一个忠君爱国的名将。\n曾文先生追谏王爷，半途失踪；红篷王遁入空门，法号春眠。
Story/N_2_2_6_008,在座之中，有些年纪的人都知道这段故事，不禁感慨万千。\n想当年英雄云集，收复大好河山该是指日可待的事情，怎料世事变幻无常。
Story/D_2_2_6_042,……这便是第二次，江湖人发誓永不再信朝廷的缘故。\n老朽敬的是抛头颅、洒热血的将士，不是龟缩享福的窝囊朝廷。
Story/D_2_2_6_043,在座的也有官府中人，宋官爷，可别去告老朽的状呀！\n要不然，武林与朝廷第三次决裂，可不是老朽的罪过。
Story/D_2_2_6_044,老人家，你可真会为难人。\n行吧，本官醉了，什么都没听见，下不为例啊。
Story/D_2_2_6_045,多谢官爷。
Story/O_2_2_6_002,恭敬不如从命，打个盹儿先
Story/T_2_2_6_005,谁敢真的睡呀，又不是白痴。
Story/N_2_2_6_009,约莫一炷香后，你睡着了。
Story/D_2_2_6_1_001,再来总算要说到正题了，打盹儿的，快都起床吧。
Story/T_2_2_6_1_001,呵，打饭，得起床打饭……我在哪儿？
Story/N_2_2_6_1_001,你回过神来，想起自己是在人家寿宴之上。\n能听老寿星说话说到睡着，你心眼着实不是一般的粗。
Story/D_2_2_6_1_002,最后一次武林同盟，也是空前绝后最惨烈的一次。\n说来还像不久之前的事，阖上眼，那日的血战犹然历历在目。
Story/D_2_2_6_1_003,……。
Story/D_2_2_6_1_004,……。
Story/D_2_2_6_1_005,……。
Story/N_2_2_6_1_002,众人均知，他所说的乃是旧魔教歼灭战。\n一场真正的武林浩劫，至今二十年过去，幸存者依然余悸犹存。
Story/D_2_2_6_1_006,西域极乐教，也就是大家所说的旧魔教。\n那些令人发指的恶行，不提也罢，种种恶行，罄竹难书。
Story/D_2_2_6_1_007,大宋差一点不是被金人，而是被这群邪魔歪道所灭。\n老朽敢说，围攻极乐教那一役，胜的若非我们这群江湖散人……。
Story/D_2_2_6_1_008,此际官家早已不姓赵了。
Story/D_2_2_6_1_009,……。
Story/T_2_2_6_1_002,我虽然姓赵，但天下又不是我的，归谁也与我不相干吧。
Story/T_2_2_6_1_003,足见当年一役，有多惨烈了。
Story/D_2_2_6_1_010,当年武林盟主龙渊龙少侠以龙渊七绝力抗极乐教主；\n唐家掌门大侠唐中翎以飞燕流星翎降伏极乐右护法；\n青城派以天师剑法逼退极乐左护法。
Story/D_2_2_6_1_011,这都是堪称传奇的伟业。
Story/D_2_2_6_1_012,老寿星，您记错啦，咱们青城派……是输的。\n辜负天下侠士，惭愧至极。
Story/T_2_2_6_1_004,在那之后，我那好师弟便因自责，性情益发暴戾，终至道心荡然无存。\n最终……最终也踏入了邪道，成为现今人人谈而色变的泥教地狱道法王。
Story/D_2_2_6_1_013,逼退便是逼退了，若非力竭，那魔头焉肯善罢干休？\n终是为武林除了这个大祸害，何愧之有？
Story/D_2_2_6_1_014,其实魔教这种东西，每朝每代都会有，从来没在江湖上缺席过。\n可那极乐教又凭什么，偏能够长驱直入，直捣中原腹地呢？
Story/N_2_2_6_1_003,南宫横的目光从左至右，从右至左扫过一遍。
Story/D_2_2_6_1_015,要老朽说，那就是因为我辈中原武林人一盘散沙的缘故。\n中原各派，门户之见过深，动辄起干戈，自相残杀。\n若是我们团结一致，那极乐教焉能动摇我江湖根本？
Story/D_2_2_6_1_016,当年若非嵩山寺的高僧捐躯卫道，唤醒各派侠心，\n龙少侠又岂能单靠『武功高强』四字令各派膺服，遑论领袖群雄？
Story/D_2_2_6_1_017,极乐教一役，尤以嵩山、唐门两派死伤最重。\n极乐教覆灭，然则殷鉴未远，江湖又出了一个泥教。
Story/D_2_2_6_1_018,泥教究竟是正是邪，老朽不敢说……
Story/D_2_2_6_1_019,那当然是邪教，是魔教！\n教人全身浸泡在泥巴里，又教人诵邪经，怎么不是魔教了！
Story/D_2_2_6_1_020,就是！更别提那六道法王，身份诡秘，行事乖张。\n全不按武林规矩，与我们中原正道，那是势不两立！
Story/D_2_2_6_1_021,那各位说说。\n泥教若真不是个好东西，冷眼看它日渐势大，\n岂不是重蹈昔年覆辙吗？
Story/D_2_2_6_1_022,正是！万不可再纵容魔教壮大！\n杀上六道峡！杀光魔教的徒子徒孙！\n为老寿星完满心愿！大家说好不好啊！
Story/D_2_2_6_1_023,愿为江湖和平除害！杀上六道峡！为老寿星完满心愿！
Story/O_2_2_6_1_001,杀上六道峡！砍他全家！
Story/D_2_2_6_1_024,杀上六道峡！为武林除害！
Story/N_2_2_6_1_004,你被群众气氛沾染，热血沸腾，心潮澎湃，只想大展拳脚，\n在江湖故事中占得小小篇幅，于愿足矣。
Story/O_2_2_6_1_002,这样是不是太偏激了
Story/T_2_2_6_1_005,这帮人戾气真重，除魔卫道是好，\n但直接杀上人家老家，未免有点儿过份，何况又是在寿宴上喊打喊杀。\n莫非南宫老太爷，当真希望风波再起，血流成河吗？
Story/D_2_2_6_1_025,各位年轻侠士，想要建立功绩，扬名立万的心意急切，老朽明白。\n但老朽的心愿，却非一味打杀，而是『团结』二字。
Story/D_2_2_6_1_026,老朽常想，倘若武林中并无门户成别，所有人都是兄弟姊妹，\n不分宗派、不分彼此，如此一来非但互相争斗可免，\n外敌来侮时，也能摒弃成见，迅速集结，共同御敌。
Story/D_2_2_6_1_027,但教我中原各派不以意气相争，那极乐教、泥教，甚至金人又何足惧哉？\n江湖中杀伤最多人的，不是外敌，而是自己人跟自己人的纷歧呀。
Story/D_2_2_6_1_028,在这一点上，我南宫世代交好，同为三大世家的唐门，便是一个可敬的例子。\n无论你来自哪里，无论你男女老幼姓啥名谁，入了唐门都是一家人。
Story/D_2_2_6_1_029,唐门这一点胸襟，老朽自问还是难免循私，很难做到。\n对唐门诸侠，那是真正的敬佩。
Story/N_2_2_6_1_005,听老寿星一席话说得情真意切，你们唐门一行人也感动不已。\n你也暂时忘记了自己在唐门被呼来喝去拼命使唤的事实。
Story/D_2_2_6_1_030,老朽也知道，要一举消除门户之见，那是痴人说梦。\n各门各派的基业在那，谁能轻易放手？\n所以老朽的心愿，就只是想为这事起个头而已。
Story/D_2_2_6_1_031,──老朽的办法便是，让各派交换弟子，留学见习！
Story/D_2_2_6_1_032,说是留学见习，其实也是各派交流的契机。\n这一次便以半年为限，让咱们试试水温。
Story/D_2_2_6_1_033,你派出去的弟子能兼得别派武学，算得上半个弟子。\n将来那弟子有了成就，那是两派都脸上有光的好事。\n倘若两派将来有嫌隙，这弟子也可做桥梁居中调和，岂不美哉？
Story/N_2_2_6_1_006,南宫老太爷一席话，太过惊世骇俗，惊得在场众人均目瞪口呆。
Story/D_2_2_6_1_034,南宫世家愿出黄金千两，鼓励各派交换弟子。\n愿意共襄盛举的各派掌门、长老，还请搭个腔，莫让老儿自己闹腾！
Story/T_2_2_6_1_006,黄金千两？这个买卖很值呀。\n反正半年为限，我若不传厉害功夫，别派也占不了我崆峒派的便宜。\n最多打发到铁拳门去，叫那些别派弟子为本派做苦力也不亏。
Story/D_2_2_6_1_035,老寿爷有此美意，本仙君便代崆峒派四门掌门，答应了此事！
Story/T_2_2_6_1_007,南宫老爷子这事还真是匪夷所思。\n老道很难看好，但起意确是宅心仁善、悲天悯人。\n纵使心知难成，我又怎可不表示呢？
Story/D_2_2_6_1_036,老寿星，此事算上青城派一份，金银呢，也大可不必。\n这是件大大的好事，行善积德，何乐不为。
Story/T_2_2_6_1_008,贼道士，要你多嘴充好人装慷慨！
Story/D_2_2_6_1_037,邹道长切莫推辞，老朽知你不希罕黄白之物。\n但办这件事，给各门各派都难免会添些负担，说是补偿有点不大好，\n就说是赞助、补助吧，你想，好些道观也该修缮一下了是吧？
Story/D_2_2_6_1_038,这……说得也是，那邹某只得承您好意了。
Story/D_2_2_6_1_039,老寿星，贫道代表不在此处的恩师说一句：全真派也愿意支持。
Story/D_2_2_6_1_040,太好了，太好了，有全真教支持，此事必定能成。\n老朽代后世子孙，多谢尹道长的慈悲。
Story/D_2_2_6_1_041,别客气，其实您老说的这事，全真教一直都在做的。\n听到有志同道合的前辈登高发起，亦教晚辈振奋不已。
Story/T_2_2_6_1_009,尹志平，这奸恶狡诈的伪君子不过是看我和邹胖子答应，\n眼见势成才赶紧表态的，哪里安什么好心了？一看就不是好人。
Story/D_2_2_6_1_042,唐门的诸位贤侄，此事老朽和你家掌门书信交代过的。\n贵派掌门的意思是，交大弟子、二弟子、三弟子共同定夺。深儿。
Story/D_2_2_6_1_043,唐贤兄们，信件在此。
Story/D_2_2_6_1_044,确是掌门字迹，与掌门印鉴，怎么事前不知会我们一声？
Story/D_2_2_6_1_045,那自然有不令我们提早知情的道理──我反对此事。
Story/D_2_2_6_1_046,那我便支持吧。
Story/D_2_2_6_1_047,你──哼！三师弟，你说呢。
Story/D_2_2_6_1_048,……。
Story/T_2_2_6_1_010,南宫老太爷慈悲为怀，此事起意是好，本门得了赞助，也可缓解家计压力。\n但本门的武功向来不外传，难道要将别派弟子当外姓弟子看待？
Story/D_2_2_6_1_049,小、小师妹，你说呢？
Story/D_2_2_6_1_050,小师妹懂什么，掌门是问你，别推卸予旁人。
Story/D_2_2_6_1_051,说得对，我真是胡涂了。
Story/D_2_2_6_1_052,三师兄，答应吧，快答应吧，那可是黄金千两。\n就算各派均分，也是好大一笔钱，别忘了咱们还负债，务实点！
Story/T_2_2_6_1_011,我得振作点，差点去问了赵师弟的意见。\n问谁都好，偏生问他最不公平，我再怎么样也无法如此厚颜啊。
Story/D_2_2_6_1_053,我……支持。
Story/D_2_2_6_1_054,愚蠢。
Story/D_2_2_6_1_055,如今又有唐门加入，我南宫世家自然也不落人后啦！
Story/T_2_2_6_1_012,这么多别派的弟子来唐门留学，掌门总不能吝啬都不教个一招半式吧？\n到时我便趁机偷学几手，说不定还有机会转正入室！
Story/N_2_2_6_1_007,你心怀期望，跃跃欲试。
Story/T_2_2_6_1_013,这……我在唐门待了这么久都未得传授，\n万一别派门人留学完，比我这个外姓弟子还懂唐门武功，我情何以堪？
Story/N_2_2_6_1_008,你心中备感不平，满腔怨愤。
Story/N_2_2_6_2_001,就在气氛逐渐活络起来，越来越多中小门派出声表态之际。\n忽有一名家丁急入。
Story/D_2_2_6_2_001,得罪了，各位大侠，麻烦让让，这桌须得先撤掉。
Story/D_2_2_6_2_002,凭什么？老子就坐定这了，偏不走。
Story/D_2_2_6_2_003,上官小娘子的礼物太大件，有一整个队伍，\n只好委屈各位，小人立马为各位大侠重新安排座位，得罪勿怪。
Story/D_2_2_6_2_004,早说啊，是上官小娘子，那自然另当别论。走了走了。
Story/D_2_2_6_2_005,上官世家千金大小姐上官萤──到──
Story/D_2_2_6_2_006,南宫伯伯，南宫爷爷，萤儿给您们请安。\n恭贺爷爷百岁大寿，祝您老人家福如东海，寿比南山。
Story/D_2_2_6_2_007,好孩子，你可来了，怎么那么迟呀。
Story/D_2_2_6_2_008,对不住，萤儿此行所携礼物太多，\n半路上遇着大雨，山路湿滑，又赶得急，令一辆马车滑落山坡。\n为了寻回散落的珠宝，这才耽搁了。
Story/D_2_2_6_2_009,唉唷，可有人受伤吗？
Story/D_2_2_6_2_010,……萤儿给了家属抚恤金，一切都已打点好了。\n今早来得匆忙，只得匆匆洗漱，以艾草熏香净身，想来不会招惹晦气的。
Story/D_2_2_6_2_011,唉，说什么晦气，都是老朽的罪过，早知便不催你了。\n万幸我的好孙媳妇，一根汗毛未损。
Story/D_2_2_6_2_012,谢谢爷爷体恤，萤儿很好，健壮的很。
Story/D_2_2_6_2_013,方才爷爷正说着大事呢，你便来了，正好，爷爷问你……。
Story/D_2_2_6_2_014,爷爷，您老健忘了。\n家父得官家圣旨任为御船监造，如今已是官身，不算江湖人了。\n上官世家千万个愿意助您筑梦，但若搅和在其中，只怕反会添乱。
Story/D_2_2_6_2_015,啊……。
Story/D_2_2_6_2_016,萤儿，你怎么跟爷爷说话的？
Story/D_2_2_6_2_017,啊，公子……妾身……。
Story/D_2_2_6_2_018,别对你将来媳妇儿狠霸霸的，萤儿也没说错，是爷爷想岔了。\n她是你未过门的妻子，爷爷舍不得让她在外人面前抛头露面，\n你且将萤儿带下去，说些体己话，她一路上风尘仆仆，想必也累了。
Story/D_2_2_6_2_019,是，爷爷。萤儿，你跟我来吧。
Story/D_2_2_6_2_020,是，公子。\n那么爷爷，萤儿先指挥下人将前院放不下的礼物都送进内院。\n稍后沐浴更衣，待宾客散去，再向您叩头请安。
Story/N_2_2_6_2_002,厅上众宾之中，无论男女，倒有一半视线紧紧追随着上官萤，\n直到她转入廊道，身影消失为止。
Story/D_2_2_6_2_021,好英气的人儿，好香，啊～不行不行，简直乱我道心。
Story/D_2_2_6_2_022,别想了你。\n天下只有像南宫大公子那般家世、品貌、武功完美无缺的佳公子，\n有幸娶得这样的美人。
Story/T_2_2_6_2_001,上官姑娘也来了，那是当然了。\n这可是她未来夫家。
Story/T_2_2_6_2_002,怎么心情酸溜溜的……觉得想哭。
Story/T_2_2_6_2_003,别想了，这本来就是非分之想，要不得的。
Story/D_2_2_6_2_023,……。
Story/T_2_2_6_2_004,……？
Story/T_2_2_6_2_005,心脏痛痛的，吃太多了吗？
Story/D_2_2_6_2_024,那位便是上官世家的独生千金上官萤吗？
Story/N_2_2_6_2_003,你觉得上官萤
Story/O_2_2_6_2_001,(很漂亮)
Story/T_2_2_6_2_006,这位上官姑娘好生美貌。而且落落大方，英气逼人，\n与生平所见其他女子均自不同，真令人钦佩。
Story/D_2_2_6_2_025,……。
Story/T_2_2_6_2_007,……？
Story/T_2_2_6_2_008,心脏痛痛的，吃太多了吗？
Story/O_2_2_6_2_002,(还行吧)
Story/T_2_2_6_2_009,虽算得上是秀丽佳人，却非我心上所属。
Story/D_2_2_6_2_026,那位紫衣服的上官姊姊长好高，真好看。
Story/N_2_2_6_2_004,小师妹试着把脚蹬直，
Story/T_2_2_6_2_010,我是不是……很久没长高了？\n我还会再长高吗？
Story/N_2_2_6_2_005,随即陷入深深的自我怀疑之中。
Story/D_2_2_6_2_027,……算了，吃我的饭吧。
Story/N_2_2_6_2_006,告子有云：食色性也，美色既然求之不可得，那不妨多吃点。\n你低头扒饭，心想这回力擒谭霸刀，那是拚了性命才侥幸办成的大事，\n不多吃点简直对不起天地良心。
Story/D_2_2_6_2_028,……算了，吃我的饭去吧。
Story/D_2_2_6_2_029,老兄，你别走！
Story/D_2_2_6_2_030,怎么了？
Story/D_2_2_6_2_031,你、你是唐门的对吧？\n你大师兄喝到吐了，吐我一身秽物！还害得我还被大公子训斥！
Story/D_2_2_6_2_032,那你去怪他啊！跟我讲干嘛。
Story/D_2_2_6_2_033,我要是敢跟他抱怨，我来找你干嘛？
Story/D_2_2_6_2_034,呃……虽然不是我弄的，不过抱歉。
Story/D_2_2_6_2_035,算了，我要去更衣，你替我去后院整顿一下上官大小姐的礼物。
Story/D_2_2_6_2_036,哦，好……可是老兄，我和你不熟吧？为何要我去？\n我好歹也算是客人耶。
Story/D_2_2_6_2_037,同样都是下人，担待一下，分什么你我啦！\n等下事情没办好，我被揪出来挨骂，还不是怪你唐门！\n我不只怪你大师兄，我还怪你都不帮忙！
Story/D_2_2_6_2_038,老兄，你也真是奇人，竟然有这种要挟法。
Story/D_2_2_6_2_039,要不然算我拜托你啦，你们大侠最爱助人为乐了，\n何况那上官大小姐如此美貌，你有机会多看几眼，岂不是你的造化？\n说来你还应该感谢我咧，走啦，走啦。
Story/D_2_2_6_2_040,南宫家的家丁都像你这样吗？
Story/D_2_2_6_2_041,并没有。我乃爹生娘养独一无二的我，你只是不知道我名字罢了。\n就像我也不知道你名字同一个道理，我看你就一脸路人样。\n你若想瞧轻我，我就会抢先瞧轻你。
Story/N_2_2_6_2_007,你碰上了一个很想知道他高姓大名的奇妙家丁，有理说不清，\n被他一阵抢白，推到后院去干活了。
Story/D_2_2_6_3_001,……我不是客人吗？焉有是理？唉。
Story/D_2_2_6_3_002,咦，那边是怎么回事？二公子也在搬礼物？\n不，仔细一看，是二公子在搬，其他家丁在旁观。
Story/D_2_2_6_3_003,阿乙，阿丙，我帮忙了这许多，应该差不多了吧？\n我、我还得回前面招呼客人，要不然爹会生气的。
Story/D_2_2_6_3_004,二公子，你每日鸡鸭鱼肉吃得不少啊，怎么没长点力气呢。\n你来来去去搬的这些，阿乙我一只手便能办好了。\n你不也是市井出生，知道苦日子的吗？怎能如此娇气。
Story/D_2_2_6_3_005,我吃得不多啊，每次饭菜都是……剩的。
Story/D_2_2_6_3_006,胡说什么，老爷交代给你的膳食，和大公子是一样的。\n你莫非是怀疑老爷偏心，还是质疑大少爷欺负你？又或者伙房阿叔？\n我知道了──你是觉得阿乙和阿丙我偷吃了你的饭菜吧？
Story/D_2_2_6_3_007,没、没有，我哪有这样说。
Story/D_2_2_6_3_008,唉，凭什么就你这么好命呢，平白赖上了一个大靠山老爸。\n吃香喝辣，当了二少爷，阿乙我要是也能冠上南宫家姓──嘿嘿。\n南宫乙！那可有多威风。
Story/D_2_2_6_3_009,嘿嘿。
Story/D_2_2_6_3_010,别傻笑，快搬啊，你不麻利点把事情办好，是不用想走的喔。\n你要是不肯搬，我就把你偷穿肩甲的事，告诉老爷！
Story/D_2_2_6_3_011,我搬，我搬就是了！
Story/D_2_2_6_3_012,这什么世道，居然还有家仆欺到少爷头上的？
Story/D_2_2_6_3_013,我悟了！回头就这样对付大师兄！
Story/O_2_2_6_3_001,上前帮忙南宫浅
Story/T_2_2_6_3_001,南宫家的仆人，轮不到我这个别派的外姓弟子来教训。
Story/T_2_2_6_3_002,总之先去帮忙吧。
Story/T_2_2_6_3_003,只要将劳动客人打杂的事情作实了，再适时抖出来，\n南宫家的大人物们就知道二公子所受的委屈了。
Story/T_2_2_6_3_004,呼──好沉啊，萤姊这些都不知是什么宝贝。
Story/D_2_2_6_3_014,二公子好，我是唐门中人，名叫赵活。
Story/D_2_2_6_3_015,啊，你好，我叫南宫浅。\n赵大哥可是要找茅房吗？
Story/D_2_2_6_3_016,不是，我吃得撑了，想起来走动走动消化一下，\n看二公子在这里身先士卒忙碌，心里很佩服，也想来帮忙。
Story/D_2_2_6_3_017,你、你要帮我？
Story/D_2_2_6_3_018,这位唐门的朋友，你是和唐大侠一块过来伺候的外姓弟子吧？\n同为下人劝你一句，吃饱太撑想散步请往外走，\n往人家内院里闯，只怕不合礼数吧？谁知道你手脚干不干净呢。
Story/D_2_2_6_3_019,我本也以为南宫世家是很讲礼数的地方，如今一见，呵呵。\n二公子，剩下那些礼物，就似你这样搬到中井就好了吗？
Story/D_2_2_6_3_020,是，之后主母和管家会过来点，再依长幼分送给族人。
Story/D_2_2_6_3_021,那我们手脚麻利点，搬完回大厅吧。
Story/D_2_2_6_3_022,……！好！
Story/D_2_2_6_3_023,姓赵的，可别敬酒不吃吃罚酒，长这么丑怪还敢在这充英雄。
Story/D_2_2_6_3_024,别动手动脚乱推人，我自帮二公子的忙，哪里碍着你了？
Story/D_2_2_6_3_025,推你又怎样？我就算在南宫家院子里打了你，也没人会说我不是。\n你若不想讨打，就少管闲事，滚远点去。
Story/D_2_2_6_3_026,本来还想息事宁人，你既然先动手，那就别怪我不客气了！
Story/O_2_2_6_3_002,出声责问家丁尊卑不分
Story/T_2_2_6_3_005,呼──好沉啊，萤姊这些都不知是什么宝贝。
Story/D_2_2_6_3_027,二公子好，我是唐门中人，名叫赵活。
Story/D_2_2_6_3_028,啊，你好，我叫南宫浅。\n赵大哥可是要找茅房吗？
Story/D_2_2_6_3_029,不是，我嘴巴痒，所以过来了。
Story/D_2_2_6_3_030,这……可是席间酒菜招待不周吗？
Story/D_2_2_6_3_031,也不是，我这种痒，是必须对人口出恶言，不吐不快的那种痒。\n二公子请让一下，避免我这嘴攻伤及无辜。
Story/D_2_2_6_3_032,嘴攻？是像狮子吼那样的吗？
Story/D_2_2_6_3_033,这位唐门的朋友，你是和唐大侠一块过来伺候的外姓弟子吧？\n你擅闯南宫家内院，究竟想干什么？
Story/D_2_2_6_3_034,别乱攀关系，谁是你朋友？\n我可是名帖上有签字，包了礼过来赴宴的客人！
Story/D_2_2_6_3_035,外姓弟子想不干就可以随时不干，你呢？\n你卖身契拿在人手头，和我怎能同日而语？
Story/D_2_2_6_3_036,就是有你这种整日想作贱别人，抚慰自己心灵的可悲家伙。\n说穿了这不就是自卑心作祟吗？你有本事去作贱自家祖坟啊。\n又不是别人害你沦为下人的，是你自己祖宗不争气！
Story/T_2_2_6_3_006,哦哦……！
Story/D_2_2_6_3_037,就算祖宗不争气，那也不打紧。\n人要活得顶天立地，首先就要看得起自己，你如此自卑，奴颜卑屈，\n不是祖宗对不起你，是你对不起祖宗，你怎么还不下去跟祖宗磕头？
Story/D_2_2_6_3_038,你祖宗都已经很气你了，你还在这儿撒拨？\n是不是要把你后代子孙也气到挖你坟头你才甘心呀？\n你不想被后世子孙唾骂，就少干这种欺善怕恶的缺德事！
Story/D_2_2_6_3_039,你──你──！！
Story/D_2_2_6_3_040,你说什么？你觉得你子孙不会刨你坟？\n岂有此理，就算你仗着自己会绝子绝孙，也不能胡作非为呀！\n你没考虑过你之所以绝后就是因为不干好事吗！
Story/D_2_2_6_3_041,哈哈哈哈哈！对不起，但是真的太好笑了！
Story/D_2_2_6_3_042,说这些都已经太迟了，你这可悲的太监。\n下去投胎吧，虽说我觉得以你这德行九成来世会当畜牲。\n但是起码比你这一世好点，毕竟畜生也不是每只张口就吃屎或喷屎的。
Story/D_2_2_6_3_043,他死了！他被你给骂死了！
Story/D_2_2_6_3_044,怎、怎么办？出人命了！
Story/N_2_2_6_3_001,你竟将人活活骂死了，简直是张仪再世。\n骂起人来完全不留情面，宛如会说人话的恶犬，惊天地兮泣鬼神。\n佛门狮子吼，唐门疯狗吠，合该并称双绝。
Story/D_2_2_6_3_045,别紧张，他只是下去跟祖宗交代一下。\n这种的踹一脚就回神了。
Story/D_2_2_6_3_046,混蛋──！
Story/D_2_2_6_3_047,真的活了！赵大哥，你太厉害啦！
Story/D_2_2_6_3_048,怎样，你祖宗有没有骂你不肖啊，小娘子。
Story/D_2_2_6_3_049,我要跟你拚了！我一定要跟你拚了！纳命来！！
Story/D_2_2_6_3_050,可恶，敬你好歹是外宾，才让你三分，你这就得寸进尺啦！\n看我们南宫家拳的厉害！
Story/D_2_2_6_3_051,二公子，请你来助我，我们一块教训这两个狗眼看人低的家伙！
Story/D_2_2_6_3_052,打到他们再也不会乱吵乱吠，我们才把他当人看待！
Story/D_2_2_6_3_053,好，赵大哥，我助你！
Story/D_2_2_6_3_054,咦──我也要打吗？
Story/D_2_2_6_4_001,哇啊！
Story/D_2_2_6_4_002,两个废物，还敢浪费我们时间。
Story/D_2_2_6_4_003,不过废物就是废物，两个加起来一样不管用。
Story/D_2_2_6_4_004,我道是谁在此处喧闹，却原来是些不长眼的下人。
Story/D_2_2_6_4_005,大公子！？
Story/D_2_2_6_4_006,平日里你们爱打闹也索罢了，今日太上家主寿宴，\n南宫家上下无一人得闲，你们竟还在此嬉闹，看来是本公子管教无方。
Story/D_2_2_6_4_007,没！没的事，我们这就去，这就去。
Story/D_2_2_6_4_008,赵大哥，你赢了！
Story/D_2_2_6_4_009,是我们赢了。
Story/D_2_2_6_4_010,你、你们不要得意，等我去跟大公子告状去！
Story/D_2_2_6_4_011,你要告什么状？
Story/D_2_2_6_4_012,大公子！？没、没什么。
Story/D_2_2_6_4_013,既然没什么，就做你的事情去，莫非南宫世家养了闲置的人口吗？
Story/D_2_2_6_4_014,没！没的事，我们这就去，这就去。
Story/D_2_2_6_4_015,怎么回事？这般吵闹。
Story/D_2_2_6_4_016,大哥……萤姊。
Story/D_2_2_6_4_017,没事，阿浅和下人闹着玩呢。
Story/D_2_2_6_4_018,大公子，依我之见，那并非寻常笑闹。\n贵府的下人狐假虎威，性情骄纵，待客轻慢不提，竟还想骑到主人头上。\n哪有家丁吩咐公子搬货的道理？我看不过去，这才起的争执。
Story/D_2_2_6_4_019,大公子你误会了，是那两名恶丁仗着二公子良善可欺，\n便使唤他来搬运这些礼物，我看不过去，才和他们起争执。
Story/D_2_2_6_4_020,……。
Story/N_2_2_6_4_001,上官萤向你使了个眼色，示意你不要再说。
Story/D_2_2_6_4_021,呵，阁下有心了。\n可我南宫世家再怎么样，也轮不到外人编排。\n唐门好大的威风，闯入我家内院，还要代替我管教下人吗？
Story/D_2_2_6_4_022,我之所以会在这里，那还得问你家家丁是怎么回事。
Story/D_2_2_6_4_023,说反了吧，明显是我这个客人被你家丁教训才对。
Story/D_2_2_6_4_024,你这人被打了还这么理直气壮的。\n没有受伤……吧……。
Story/N_2_2_6_4_002,上官萤本没好气想念你一顿，忽然想起未婚夫就在身旁，\n便生生将话吞了回去。
Story/D_2_2_6_4_025,不巧，在下很忙，没有时间理会这种小事。\n你若说有，那便有吧，想要多少赔偿，走时我交代账房给你便是。\n但你要记住，今日便是你最后一次被南宫世家当作客人。
Story/D_2_2_6_4_026,那好啊，你请我来，我还不想来呢。
Story/D_2_2_6_4_027,大公子，你文质彬彬，这么说话未免有失身份了吧。
Story/D_2_2_6_4_028,赵活，你快住口。
Story/T_2_2_6_4_001,唉，这是上官姑娘的心上人，我不与他争论便是。
Story/D_2_2_6_4_029,好吧。
Story/D_2_2_6_4_030,话说完了，这就请吧，此处不是阁下应该伫足的地方。\n来人，送客！
Story/D_2_2_6_4_031,不必，我自己会走。
Story/D_2_2_6_4_032,啊……那个，赵大哥……谢谢你。
Story/D_2_2_6_4_033,小事一桩。
Story/D_2_2_6_4_034,阿浅，看看你的好出息，竟向一个形同下人的外人道谢。
Story/D_2_2_6_4_035,对不起，大哥。
Story/D_2_2_6_4_036,……阿浅，你送你这位赵兄弟出去吧。\n你大哥和我还有话要说。
Story/D_2_2_6_4_037,可是此处的礼物还没搬完。
Story/D_2_2_6_4_038,你没一点骨气的吗？看了你的窝囊样就觉得心烦，快走！
Story/D_2_2_6_4_039,对、对不起，赵大哥，这边请。
Story/D_2_2_6_4_040,{size=24}赵活，拜托你多看照阿浅一下。{/size}
Story/D_2_2_6_4_041,好。
Story/D_2_2_6_4_042,{size=24}有事就叫我，我不会走远。{/size}
Story/D_2_2_6_4_043,{size=24}他是我未来夫婿，能对我怎样？要你多管闲事。{/size}
Story/D_2_2_6_4_044,说得也是。
Story/D_2_2_6_4_045,赵大哥请。
Story/O_2_2_6_4_Break_01_001,结束对话
Story/O_2_2_6_4_Break_01_002,聊聊方才的事
Story/D_2_2_6_4_Break_01_001,……这种事情不是第一次发生，你大哥也知情，对吗？
Story/D_2_2_6_4_Break_01_002,好，下回可没我帮你，你得硬气起来，别再给人欺负啦。
Story/D_2_2_6_4_Break_01_003,嗯，但是……但那是我自己不好。\n南宫家的人讨厌我，我也可以理解。
Story/D_2_2_6_4_Break_01_004,怎么说？
Story/D_2_2_6_4_Break_01_005,我是那啥，怎么说呢？凭空冒出来的。\n爹本来只有大哥一个儿子，我是七、八岁那年，娘带着我进来的。\n我本来还以为是要把我卖了，哈哈。
Story/D_2_2_6_4_Break_01_006,如果真的只是把我卖成下人，说不定更好。\n那样就不会人人都看我不顺眼了，哈哈……。
Story/D_2_2_6_4_Break_01_007,毕竟谁也不想突然有个野孩子冒出来认亲吧，\n我爹是有身份地位，了不起的人，我可能像是他的污点之类的。
Story/T_2_2_6_4_Break_01_001,我在唐门的日子也不好过，但好歹是自己选的。\n他却是从头到尾都身不由己，也是可怜。
Story/D_2_2_6_4_Break_01_008,抱歉，听我说这些，扫了你的酒兴吧。\n多谢你帮我，从来没人帮我，我真的很高兴。
Story/D_2_2_6_4_Break_01_009,我也没帮上你啊，结果就是我们一起被打而已。
Story/D_2_2_6_4_Break_01_010,说、说得也是！不过我、我有还手。\n虽然被打了，但是心情很好。
Story/D_2_2_6_4_Break_01_011,我同意，我被人欺负时，也不见得每次都敢还手。\n但还手真的很痛快呢，被打总比心理憋屈好。
Story/N_2_2_6_4_Break_01_001,你与南宫浅同病相怜，颇有默契相识一笑，大有相逢恨晚之意。
Story/D_2_2_6_4_Break_01_012,那也没什么，坦白说，我也是经常给人欺负的。\n虽然不见得每次都敢还手，但还手后往往会发现欺负你的人其实没多大本事。\n都是自己把对头想象得太可怕了。
Story/D_2_2_6_4_Break_01_013,不过偶尔也会碰钉子就是了。\n像我二师兄那种人，你最好是不要想试着反抗他，会出人命的。
Story/D_2_2_6_4_Break_01_014,唐、唐二侠吗？好、好，我我我会记住不要反抗他的。
Story/O_2_2_6_4_Break_01_003,关于上官萤
Story/D_2_2_6_4_Break_01_015,赵大哥，你认识萤姊吗？
Story/D_2_2_6_4_Break_01_016,你看出来了？
Story/D_2_2_6_4_Break_01_017,嗯，她朝你使了好几次眼色，想叫你闭嘴。
Story/D_2_2_6_4_Break_01_018,她最希望的就是把我给毒哑了吧。
Story/D_2_2_6_4_Break_01_019,怎么会呢？她如果不是关心你，怕你得罪我大哥，就不会管你了。
Story/D_2_2_6_4_Break_01_020,如果她对我像对你一样好，那就好了。
Story/D_2_2_6_4_Break_01_021,她那对我叫做关心吗？你的标准还真低。
Story/D_2_2_6_4_Break_01_022,赵大哥，你不知道，萤姊是个很干练的人，什么事都有条不紊。\n爹和爷爷都夸她将来会是贤内助，她等闲不会露出紧张的脸色。\n她对你那样，已经算是很难得了，你们想必交情很深。
Story/D_2_2_6_4_Break_01_023,交情很深……吗。
Story/D_2_2_6_4_Break_01_024,确实是曾经同生死共患难的交情。
Story/D_2_2_6_4_Break_01_025,我就说吧。真羡慕你，我也想和萤姊关系变好一点。
Story/T_2_2_6_4_Break_01_002,只可惜你想错了，她除了你大哥之外，谁也不会放在心上。
Story/D_2_2_6_5_001,浅儿，你跑哪儿去了？过来爷爷这里。
Story/D_2_2_6_5_002,赵大哥，爷爷叫我，我过去了。
Story/D_2_2_6_5_003,江湖上这么多好朋友肯卖你爷爷面子。\n好孙儿，你可愿意作第一个别派的留学生？好为大家抛砖引玉？
Story/D_2_2_6_5_004,孙、孙儿但凭爷爷吩咐，爷爷让我去哪，孙儿无不遵从。
Story/D_2_2_6_5_005,傻孩子，爷爷是让你自个儿选呢。\n你是爷爷的乖孙，南宫世家的二公子。\n无论去哪派留学，诸位武林前辈都会卖老朽一个薄面，对你加意关照。
Story/N_2_2_6_5_001,南宫横这话，显是说给各派首脑听的。\n其实用不着他说，又有谁不对这金主的二公子礼遇有加呢？
Story/D_2_2_6_5_006,我、我真的可以自己选吗？
Story/D_2_2_6_5_007,当然可以！\n嵩山、全真、峨嵋、青城、点苍、崆峒六大派，\n甚至锦香宫都不在话下。
Story/D_2_2_6_5_008,不过锦香宫还是不要去了吧，你究竟是男儿身。
Story/D_2_2_6_5_009,孙、孙儿去哪都好，还是听凭爷爷安排好了。
Story/D_2_2_6_5_010,没出息，这都要爷爷给你拿主意。\n行了，那你走着瞧吧，老朽要把你弄到一个特别不得了的地方去。
Story/D_2_2_6_5_011,……。
Story/D_2_2_6_5_012,孙儿想想、想去世交之家阅历一番，不知道可不可以……？
Story/D_2_2_6_5_013,唐门？唐门吗……。
Story/D_2_2_6_5_014,{size=24}浅儿，唐门的日子很清苦，只怕比丐帮好不到哪里去。{/size}\n{size=24}你去了又不能改姓唐，只能做外姓弟子，不单学不到什么武功，还要做劳役。{/size}\n{size=24}你可想清楚了，当真想去吗？{/size}
Story/D_2_2_6_5_015,我……我……。
Story/D_2_2_6_5_016,{size=24}你莫非是看上了唐家掌门的掌上明珠吗？{/size}\n{size=24}哈哈～你小子终于开窍啦，爷爷还以为你长不大呢。{/size}\n{size=24}要爷爷找人，替你向唐家掌门说媒吗？{/size}
Story/D_2_2_6_5_017,{size=24}不不不不不用，不是这样的爷爷。{/size}\n{size=24}我我、我对唐小娘子没有那种想法，硬要说的话……。{/size}
Story/T_2_2_6_5_001,萤姊那种，比较好。
Story/D_2_2_6_5_018,{size=24}总之不是你想的那样。{/size}
Story/D_2_2_6_5_019,孙儿想好了，就、就就是想去。
Story/D_2_2_6_5_020,{size=24}好，那便由你，下去吧。{/size}
Story/D_2_2_6_5_021,谢谢爷爷。
Story/D_2_2_6_5_022,诸位朋友，今日已晚，大事商定，大家也闹腾够了。\n老朽年迈，不胜酒力，这就先去歇了。\n还没尽兴的，尽管放开喝，闹到天明也无妨。
Story/D_2_2_6_5_023,老寿星慢走！
Story/D_2_2_6_5_024,可别忘了咱们的约定唷。\n待诸事商议得定，再择黄道吉日出行。\n祝愿我江湖儿女，从此再无意气之争，人人都能安享晚年。
Story/N_2_2_6_5_002,那一夜，宾主尽欢，果真热闹到天亮。\n席间大师兄酒后笑舞狂歌，被二师兄点倒方始罢休。
Story/N_2_2_6_5_003,你们在南宫世家供客留宿的客房住了一晚，\n隔日才上马车启程回家。
Story/D_2_2_6_5_025,哈～终于到家了，那我出门一下。
Story/D_2_2_6_5_026,先去向掌门报备，蠢货。
Story/D_2_2_6_5_027,得和掌门商议一下关于交换弟子这件事。
Story/D_2_2_6_5_028,也有好事的吧？南宫世家所捐的善款，\n分来也够咱们全派上下吃穿几个月了。
Story/D_2_2_6_5_029,那倒是。
Story/D_2_2_6_5_030,到家了。
Story/D_2_2_6_5_031,是呀，这是小师妹你头一次出远门吧。
Story/D_2_2_6_5_032,嗯。
Story/D_2_2_6_5_033,半途有想家吗？
Story/D_2_2_6_5_034,……一点点。
Story/D_2_2_6_5_035,但是，大家一起出门，很好玩。
Story/D_2_2_6_5_036,那我去见爹了。
Story/D_2_2_6_5_037,师兄，你们回来了。
Story/D_2_2_6_5_038,小师妹！大师兄他们都先进去了。
Story/D_2_2_6_5_039,嗯。
Story/D_2_2_6_5_040,……。
Story/D_2_2_6_5_041,……。
Story/O_2_2_6_5_001,小师妹，我买了色纸给你喔。
Story/D_2_2_6_5_042,谢谢师兄。
Story/N_2_2_6_5_004,小师妹收下了色纸，似还欲言又止。
Story/O_2_2_6_5_002,啊糟糕，我忘记买色纸了！
Story/D_2_2_6_5_043,小、小师妹，我忘了给你带色纸。\n明日到镇子上补买，好吗？
Story/D_2_2_6_5_044,其他师兄有给我，没关系。
Story/D_2_2_6_5_045,这样啊。
Story/N_2_2_6_5_005,小师妹依然面无表情，仰望着你，似乎欲言又止。
Story/D_2_2_6_5_046,怎么了吗？
Story/D_2_2_6_5_047,江陵府，很热闹吗？
Story/D_2_2_6_5_048,嗯，比山下镇子还热闹多了，路都是石子铺的。\n好多小贩在街边，光天化日也打伞，整个城里都花花绿绿的。
Story/D_2_2_6_5_049,……。
Story/D_2_2_6_5_050,南宫世家不愧是武林泰斗，排场大得很。\n寿宴来了很多江湖上有名的人，菜式也很多好吃的。\n四司六局各有所掌，很是气派。
Story/D_2_2_6_5_051,什么是四司六局？
Story/D_2_2_6_5_052,是专门帮官府、富家筹办宴席的人。
Story/D_2_2_6_5_053,四司是帐设司、茶酒司、厨司、台盘司。\n六局为果子局、蜜煎局、菜蔬局、油烛局、香药局、排办局。
Story/D_2_2_6_5_054,果子局跟蜜煎局，好像很好吃。
Story/D_2_2_6_5_055,那不是吃的啦，是负责弄吃的人。
Story/D_2_2_6_5_056,我也只知道这样，实际是哪四司、哪六局我也不知道。\n知道了好像也没用处，反正唐门是很难有这样的排场。
Story/D_2_2_6_5_057,他们对你很好吗？
Story/D_2_2_6_5_058,也不算太坏吧。
Story/D_2_2_6_5_059,就是和他们家丁发生了一点冲突。\n南宫大公子似乎对我印象不太好。\n不过想来他志向远大，像我这种小人物的事，八成转眼就忘记了。
Story/D_2_2_6_5_060,那你不会去南宫世家的，对吗？
Story/D_2_2_6_5_061,我这不是才刚回来吗。
Story/N_2_2_6_5_006,小师妹摇了摇头。
Story/D_2_2_6_5_062,……别的师兄说，你可能不会回来。
Story/D_2_2_6_5_063,为啥！我是去赴寿宴啊，还能被怎样了？\n难道我还能被吃掉吗？
Story/D_2_2_6_5_064,南宫世家比唐门有钱。\n他们说唐门对你不好，你可能更喜欢留在那里。
Story/D_2_2_6_5_065,……我怕你不回来。
Story/D_2_2_6_5_066,我怎么会不回来呢，外边再好，这里才是我的家呀。
Story/D_2_2_6_5_067,我有证据的。\n虽说热菜、生鲜水果带不回来，\n但是我帶了好多蜜煎果子给你。
Story/D_2_2_6_5_068,天气渐渐热了，我怕坏掉，\n一路上兜在怀里，用内功凉镇。
Story/D_2_2_6_5_069,可累坏我了，从没试过这样十二时辰都在运功的。\n你也知道，我内功修为粗浅的很，都是自己练的，效果大概不好。\n就不知蜜煎果子坏掉了没有。
Story/D_2_2_6_5_070,只是天气渐渐热了，我怕坏掉。\n每到乡村镇子，就会去市集买冰，用油布隔着冰镇。\n就不知蜜煎果子坏掉了没有。
Story/D_2_2_6_5_071,～～！
Story/T_2_2_6_5_002,啊，终于开怀笑了。
Story/D_2_2_6_5_072,多谢师兄，我会珍惜吃的。
Story/D_2_2_6_5_073,好，要是吃起来味道不对劲，一定要扔掉啊。\n不然会吃坏肚子的。
Story/D_2_2_6_5_074,嗯，那我走了。
Story/D_2_2_6_5_075,好。
Story/D_2_2_6_5_076,师兄，欢迎回家。
Story/D_2_2_6_5_077,……谢谢你特意迎接我，我回家了。
Story/D_2_2_6_5_078,吃香喝辣爽够了吧？好事都尽让你占了。\n还懂不懂作外姓弟子的本份了？既然回来了，也该干活了吧！\n先把你这两个月欠的工都还回来再说，否则别怪大家没有好脸色！
Story/D_2_2_6_5_079,好嘛。
Story/N_2_2_6_5_007,维持两月的江陵府之行，终于赋归。\n即日起，又得做回杂役了。
Story/D_2_3_2_001,今日，来议南宫太上家主所提之事。
Story/D_2_3_2_002,弟子们以掌门马首是瞻。
Story/D_2_3_2_003,听说这事办得有声有色，\n嵩山、峨嵋等大派都已到了收容上限。\n咱们也不能搁置太久，显得诚意不足。
Story/D_2_3_2_004,正是如此，除了点苍与本门相仇，拒不收容外，\n六大派中就剩下全真、青城、崆峒了。
Story/D_2_3_2_005,那全真派的道观遍布中原，本就在积极招收信徒。\n想去留学，也不必亲上终南山，随时皆可入本地道观报名。
Story/D_2_3_2_006,那就只剩下青城、崆峒，或者各家中小门派了。\n本门弟子若去了中小门派，只怕有辱三大世家威名。
Story/D_2_3_2_007,先论本门接待来客的办法再说。
Story/D_2_3_2_008,待外客来时，便在外堡为他们安排住处。
Story/D_2_3_2_009,待外客来时，便安排在男弟子房。\n床位若不够，一些资历老的，便到正心堂来吧。
Story/D_2_3_2_010,掌门，弟子以为不可。\n正心堂供奉唐家宗祠，向来只有掌门眷属可居，地位崇高。\n不可随意让弟子宿于其中，以免乱了位分。
Story/D_2_3_2_011,弟子也同意二师兄所言。\n炼丹房、讲经堂中都还有空间，可以整顿出来，容纳十数人。
Story/D_2_3_2_012,虽说有点儿灭自己威风……\n不过我猜想愿来唐门留学的外派弟子，应该不太多。
Story/D_2_3_2_013,那便依你们之见。
Story/D_2_3_2_014,生活一应所需，均需备齐，不可怠慢。\n惟唐门武学按祖训，非改宗入室者不得传授。\n留学外客亦不例外。
Story/T_2_3_2_001,好险，要是他们可以学，我不能学，那就太没天理了。
Story/D_2_3_2_015,暗器总纲不可传，可令他们每日齐来晨练，外壮筋骨；\n毒经不可传，可授其药理，识百草，避凶险；\n机关巧术不可传，但不须忌其从旁偷师。
Story/T_2_3_2_002,这待遇，几乎和外姓弟子差不多了。\n我好歹有一本暗器总纲、一本毒经，没人教还可以自研。\n掌门这样决断，会否令别派弟子不满，说我们藏私呀？
Story/T_2_3_2_003,掌门英明呀！这待遇跟外姓弟子差不多，公平的很。\n我好歹有一本暗器总纲、一本毒经，没人教还可以自研。\n比那些留学的外派弟子还要强上一点点。
Story/D_2_3_2_016,谨遵师命。
Story/D_2_3_2_017,谨遵师命，料来别派也不可能以真传示人。\n咱们谨慎一点，也合情理。\n更何况这是祖训，旁人纵有怨言，也不能多说什么闲话。
Story/D_2_3_2_018,那么关于本门派出去留学的弟子，请问掌门可有腹案了？
Story/D_2_3_2_019,没有。本门武学精深，穷尽一生亦难尽得。\n本座所见，本门弟子都不该心有旁骛。
Story/D_2_3_2_020,这……只怕别派会说本门傲慢吧。
Story/D_2_3_2_021,本座虽不勉强，\n但若门中有自愿师别派之所长者，本座亦欣然应允便是。
Story/D_2_3_2_022,武学之道，贵精不贵多。\n但它山之石，可以为错。知己知彼，未必便不好。
Story/T_2_3_2_004,我在唐门因为祖训学不到真功夫，不知去别派留学有没有机会呢。
Story/D_2_3_2_023,万一那些弟子一去不复返呢？
Story/D_2_3_2_024,那便说明唐门不是他心中归宿，何须强留？
Story/D_2_3_2_025,铮儿，你性子傲，别派来者都当客人便是。\n时间一到，都要回家，凡事都谦让几分便是。
Story/T_2_3_2_005,掌门真的老了，居然懂谦让二字。
Story/D_2_3_2_026,是，弟子凛遵掌门教诲，不敢有违。
Story/D_2_3_2_027,唐升，外派弟子一来，你可要更忙了。\n本座有恙，将闭关休养，不见外人。诸事仍需你出面操持。\n若非动摇本门根基的重大事情，便全由你师兄弟三人共同参详。
Story/D_2_3_2_028,是，弟子必定鞠躬尽瘁。
Story/D_2_3_2_029,铃儿，你需练功不辍，早日熟记下山道路，\n每日来正心堂请安，让爹考较你。\n外派弟子若有人对你不怀好意，便寻各位师兄姊庇护，懂吗？
Story/D_2_3_2_030,懂了。
Story/D_2_3_2_031,至于赵活……。
Story/T_2_3_2_006,我也有任务吗？
Story/D_2_3_2_032,你是本门外姓弟子，平日本门杂役，多半偏劳于你。\n但你并非下仆，去留听任于己，莫要妄自菲薄。
Story/D_2_3_2_033,若外派来客有人出言侮辱你，便告你二师兄掌刑使司罚。\n铮儿，你视乎情节，轻则警告，重则驱出本门地界。
Story/D_2_3_2_034,弟子领命。
Story/D_2_3_2_035,……多、多谢掌门。
Story/T_2_3_2_007,掌门虽不传我武功，却从来不轻蔑对待我。\n比起外派来的客人，还是更看重我的。
Story/N_2_3_2_001,你大受感动，对唐门的归属感更深了几分。
Story/D_2_3_3_001,各派的师兄姊们好，我是赵活。\n奉掌门之命，接引你们上山。为期半年，还请多多指教。
Story/N_2_3_3_001,一如预期，好些人见了你的面，都在窃窃私语。\n似乎是在埋怨唐门派出外姓弟子相迎，有刻意污辱别派之嫌。\n看向你的目光，充满敌意。
Story/T_2_3_3_001,……习惯了就好，无缘无故被讨厌，也不是头一遭了。
Story/D_2_3_3_002,赵、赵赵大哥，我也来了。
Story/D_2_3_3_003,这不是南宫二公子吗？欢迎你来。
Story/D_2_3_3_004,多谢，见着你真、真开心。\n之后也请多多关照啦。
Story/N_2_3_3_002,眼看南宫二公子向你热情招呼，口称大哥，似乎交情不坏。\n别派弟子登时变脸，一改轻蔑脸色，纷纷拱手见礼，\n轮番报上姓名，随你上山。
Story/D_2_3_3_005,……。
Story/D_2_3_3_006,赵老兄，我是来自名不经传孤云山派的，名叫瑞笙。\n你是唐门的老资历，往后半年，在下势必有不少需要你多担待提点的。\n小弟在此先与你通个姓名，还请多多关照啊。
Story/D_2_3_3_007,瑞师兄太客气了，各位远来是客，本门自该尽心招待。
Story/N_2_3_3_003,一听瑞笙所言，别派弟子登时恍然，这可不是自家地盘，\n在此要住上半年之久，一来便得罪了你这样资深的外姓弟子，殊为不智。\n遂一改轻蔑脸色，向你拱手见礼，互报姓名，随你上山。
Story/N_2_4_1_001,这一日三师兄负责带操，二师兄伺候掌门洗漱，\n你端去早膳，经过练武场。
Story/D_2_4_1_001,师弟，你来得正好，来会儿。
Story/D_2_4_1_002,哦。
Story/D_2_4_1_003,师弟，你看。
Story/D_2_4_1_004,前来留学的人越来越多，本门的名声回温了一点，\n有些无门无派的游侠，甚至起意想投效本门！
Story/D_2_4_1_005,那可真是太好了！
Story/D_2_4_1_006,掌门的意思是权且让这些人挂名为外姓弟子。\n待到吉日，焚香上祷列祖列宗，再令他们改宗易姓，收入门墙。\n再考较各人天份，因材施教。
Story/D_2_4_1_007,天资聪颖、生性活泼的便拜大师兄为师；\n心细谨慎的便由二师兄传授。\n资质再平庸一点的，只要朴实认份，我也有把握能教。
Story/D_2_4_1_008,连你们都要当人师父啦。
Story/D_2_4_1_009,这有什么办法呢？如今师门上一辈人才不是退隐就是仙去了。\n掌门抱恙，恐怕纵使有心，也无能为力。
Story/O_2_4_1_001,那我也可以趁乱拜师吗？
Story/D_2_4_1_010,这……师弟，这可为难了。
Story/D_2_4_1_011,虽说我和掌门起初也是以平辈论交，但他曾救我于必死之地，\n我向掌门叩头是天经地义的事情。
Story/D_2_4_1_012,但你与我们朝夕相处，平辈之中谁能受得起你一拜呢？
Story/D_2_4_1_013,小师妹啊，她还欠我一次夫妻交拜。
Story/D_2_4_1_014,师弟，你的发言令人发指。
Story/D_2_4_1_015,说、说得也是，想象了一下就觉得很别扭。
Story/O_2_4_1_002,我居然也要当人师叔了？
Story/D_2_4_1_016,对啊，你可得振作一点，\n人必自重而后人重之，你纵是外姓弟子，\n位份始终高人一等，你可别妄自菲薄了，抬头挺胸！
Story/D_2_4_1_017,噢！
Story/D_2_4_1_018,将来本门名声越加响亮，慕名而来的人也会越多。
Story/D_2_4_1_019,咱们可得打起劲儿来，给新来拜师的弟子们做好榜样。
Story/D_2_4_1_020,来来来，跳早操了！
Story/D_2_4_1_021,噢！
Story/N_2_4_1_002,你雄心壮志，决意要好生振作。
Story/D_2_4_1_022,……师弟，你看你有察觉吗？
Story/D_2_4_1_023,……我察觉了。
Story/O_2_4_1_003,观察峨嵋女弟子
Story/D_2_4_1_024,我说的不是那种事……你说的是谁？
Story/D_2_4_1_025,那儿。
Story/N_2_4_1_003,你手一指。
Story/D_2_4_1_026,咳吼………！
Story/D_2_4_1_027,还真的很怪！但是莫名……有股慑人心弦的力量。\n难描难绘，我亦为之词穷，不知该如何形容。
Story/O_2_4_1_004,我有同感。
Story/D_2_4_1_028,是啊，有种不可思议的魅力，让人不禁想要起意模仿。
Story/D_2_4_1_029,是这样吗？
Story/D_2_4_1_030,有！有点那味儿，我也来。
Story/D_2_4_1_031,住手，住手哇，三师兄，你是负责带操的人，忘了吗？\n你看看阶下的人，全都开始学你们了！
Story/D_2_4_1_032,不要学啊！
Story/O_2_4_1_005,咦……？（嫌弃三师兄）
Story/D_2_4_1_033,哎耶呃……。
Story/D_2_4_1_034,你做甚？
Story/D_2_4_1_035,每个人志趣不同，我不予置评。
Story/D_2_4_1_036,不是这样的！师弟！你回来啊！
Story/D_2_4_1_037,你是不是喜欢人家？
Story/D_2_4_1_038,非也！不是在说她架式吗？怎么就说到男女之情上？
Story/D_2_4_1_039,缘份往往都从一件不值一提的小事开始。
Story/D_2_4_1_040,你……你连我都打趣……！
Story/D_2_4_1_041,唉。
Story/O_2_4_1_006,观察小师妹
Story/D_2_4_1_042,你就是其中一个吧。
Story/D_2_4_1_043,你看，他们有些甚至都不打拳了，尽是围着小师妹说话。\n小师妹倒是恍若未闻，一心不乱的打拳。
Story/D_2_4_1_044,其实小师妹至今还没出道，武功虽高，却心思无垢，不谙世事。\n趁这机会多结识些朋友，对她将来行走江湖未必没有裨益。\n放着不管就好了。
Story/O_2_4_1_007,说得也是。
Story/D_2_4_1_045,这样想就是了，我们总不能把她一生锁在五指山上。
Story/D_2_4_1_046,是啊……。
Story/O_2_4_1_008,不行！离我小师妹远点！
Story/D_2_4_1_047,师弟！
Story/D_2_4_1_048,唐姑娘真的好小，好惹人怜爱呀。
Story/D_2_4_1_049,再长几岁，一定出落成美人，比我崆峒四姝都不遑多让。
Story/D_2_4_1_050,我峨嵋山怎就没这么悦眼的姑娘呢。
Story/D_2_4_1_051,默铃妹子，姊姊能不能捏捏你的小脸蛋啊？
Story/D_2_4_1_052,不能。
Story/D_2_4_1_053,不要弄我。
Story/D_2_4_1_054,女侠，请自重。小师妹不喜欢这样。\n你们一群人围住她，这算什么事？
Story/D_2_4_1_055,是吗？我跟家里的小妹子玩都是这样粗鲁，对不住啦，唐姑娘。
Story/D_2_4_1_056,没事。
Story/D_2_4_1_057,倒也不是啥坏心思……算了。
Story/D_2_4_1_058,走吧。
Story/D_2_4_1_059,没事吧，小师妹。
Story/D_2_4_1_060,没事。
Story/D_2_4_1_061,那就好，要是再有欺负你的，就和我说。
Story/D_2_4_1_062,好……。
Story/T_2_4_1_001,可是他们没有欺负我啊。
Story/N_2_4_1_004,你赢得了小师妹的好感，但是她失去了与人交际结交的机会。
Story/D_2_4_1_063,放开我小师妹，有种冲我来！要比试啥的都乐意奉陪！
Story/D_2_4_1_064,还真突然。
Story/D_2_4_1_065,不过找上门的挑战，我可从来不拒绝，来呀！
Story/O_2_4_1_009,综观全局
Story/D_2_4_1_066,……是我的错觉吗？场中人数似乎没有前阵子多。
Story/D_2_4_1_067,正是，却何为其然也？
Story/D_2_4_1_068,却何……什么？
Story/D_2_4_1_069,怎会变成这样呢？
Story/D_2_4_1_070,哦，是这个意思。
Story/D_2_4_1_071,想是待遇不如设想，没法学到真功夫，导致心灰意冷的缘故吧。
Story/D_2_4_1_072,固然如此，而本门招待不周，没有地方容纳留学生也是事实。
Story/D_2_4_1_073,明明都把床位让出来了……。
Story/D_2_4_1_074,都是江湖人，与生人同床共卧，谁能睡得踏实呢？\n唉，怪只怪我辈无能，致令偌大唐门一寒如是，环堵萧然。\n连像样的地方也没法张罗，实在汗颜，怪不得人家待不下去。
Story/D_2_4_1_075,这也是没有办法的事。
Story/D_2_4_1_076,唉，令我想到陆放翁有《苦贫戏作》诗云：『\n五穷作祟不容支，蝉腹龟肠旋过时。客散难求门外辙，衣穿徒有鬓边丝。\n儿能解事甘藜藿，婢苦无薪睨扊扅。箕踞浩歌君会否？书痴终觉胜钱痴。』
Story/D_2_4_1_077,我们自己能甘藜藿，清苦惯了，倒也不觉日子特别难挨。\n饱读诗书能忘饥，满腹经纶却不能招待客人，未免过于寒碜。
Story/T_2_4_1_002,读书读到忘记吃饭的，也只有三师兄你一人而已吧。
Story/D_2_4_1_1_001,啊！
Story/D_2_4_1_1_002,哦呵呵呵，小孬种，叫我女大王！
Story/D_2_4_1_1_003,女大王！女大王！
Story/D_2_4_1_1_004,……不要打了。
Story/D_2_4_1_1_005,好吧，唐姑娘都求情了。\n玩了一会儿，都流汗了，我要去擦擦汗，回头见。
Story/D_2_4_1_1_006,那我们也走了。
Story/D_2_4_1_1_007,……师兄，炼丹房有药。我走了。
Story/D_2_4_1_1_008,太、太丢脸了……。
Story/N_2_4_1_1_001,你英雄救美不成，反而还让小师妹替你求情。\n难为情至极，好一阵子都不敢出门露面。
Story/D_2_4_1_1_009,啊！
Story/D_2_4_1_1_010,爱妻，你没事儿吧？
Story/D_2_4_1_1_011,{size=24}我、我没事，你别大庭广众搭着我呀，离我远点。{/size}
Story/D_2_4_1_1_012,知道了，你就是脸皮薄。
Story/D_2_4_1_1_013,姊姊，你可受伤了吗？你衣服都被割破了。
Story/D_2_4_1_1_014,这可是我很喜欢的衣裳。\n喂，你这臭家伙，对女子下手都这么狠，不知点到为止吗？
Story/D_2_4_1_1_015,拍拍，不要生气。
Story/D_2_4_1_1_016,这什么，你独门的疗伤术吗？
Story/D_2_4_1_1_017,有效吗？
Story/D_2_4_1_1_018,有～灵验的很。小妹子，看在你的面子上，姊姊不气了。
Story/D_2_4_1_1_019,那就好。
Story/D_2_4_1_1_020,我替你把衣服缝一缝吧。
Story/D_2_4_1_1_021,好呀。
Story/D_2_4_1_1_022,……他们似乎……没我想象中坏？
Story/D_2_4_1_1_023,嗯，他们都是好人。
Story/D_2_4_1_1_024,莫非我多管闲事了？
Story/D_2_4_1_1_025,还好。
Story/N_2_4_1_1_002,你强行介入，打了一场胡涂架，把人赶走，却感觉自己输了。
Story/D_2_4_2_001,哈啊～又是新的一天。
Story/N_2_4_2_001,天方鱼肚白，你便起床了，向来如此。
Story/T_2_4_2_001,多亏南宫老太爷，唐门一下来了这么多客人，又热闹起来了。
Story/T_2_4_2_002,亏得如此，我要做的事也变多了。\n趁早烧些洗脸水，做早饭去。若不勤奋点，哪能省出时间修炼武功呢。\n别让那些新拜入门的师侄都看轻我。
Story/D_2_4_2_002,咦？正心殿怎么大清早就有动静。\n而且看起来还不少人，怎么回事？
Story/D_2_4_2_003,弟子陈与黥，愿意改宗姓唐，拜掌门为师！
Story/D_2_4_2_004,弟子皮康，愿意改宗姓唐，拜掌门为师！
Story/D_2_4_2_005,弟子许亚霆，愿意改宗姓唐，拜掌门为师！
Story/D_2_4_2_006,既在祖师牌位前磕过头、烧过香，再依序端茶上前，向掌门敬茶，\n从此三位师弟便入我唐门，与掌门结下了师徒的缘份。
Story/D_2_4_2_007,弟子三人，向掌门师父敬茶！
Story/N_2_4_2_002,说着三人举杯至眉，鞠躬敬茶。\n掌门神情肃穆，一一接来饮尽。
Story/T_2_4_2_003,为什么师弟们……在拜掌门为师？\n三师兄不是说，将来会让他们拜入大师兄、二师兄的名下吗？
Story/T_2_4_2_004,哈、哈哈……为什么唯独漏了我？\n明明我在唐门这么多年了，明明是我先来的，未免也太过分了吧……？
Story/D_2_4_2_008,我对唐门而言究竟是什么？欺人太甚！
Story/D_2_4_2_009,我对唐门而言究竟是什么？
Story/D_2_4_2_010,哦，师弟，你起真早。
Story/D_2_4_2_011,……喂，你去哪？表情不大对劲喔。
Story/D_2_4_2_012,我要回寝室，趁其他师兄还在睡觉的时候，\n悄无声息地一刀一个捅死他们！比我先转正入室的，全都得死！
Story/D_2_4_2_013,明明是我先来的！难道就因为我长得特别丑吗？
Story/D_2_4_2_014,师弟，就算是发脾气，这样说也过份了吧？\n你心有怨愤在理，但你搞错报复的对象了。
Story/D_2_4_2_015,别跟我讲大道理！大师兄，你一辈子都没被人指着脸咒骂过，\n你怎么能体会我的痛苦？你道我自愿长这样吗？
Story/D_2_4_2_016,太不公平了……我也想成为大侠，想做好人，想当唐家人。\n但是人间偏不让，你们偏不肯。
Story/D_2_4_2_017,到底要我忍到甚么时候？瞧不起人也该有个限度！
Story/D_2_4_2_018,……你知道吧？\n你不是只有在唐门才能当大侠、做好人。
Story/D_2_4_2_019,那为什么在唐门就不行？\n我要是哪里做得不对、不好，就明白告诉我呀！我还不够努力吗？\n难道就因为我生得难看，所以始终不得入室吗？
Story/D_2_4_2_020,师弟，世上有些事，原本勉强不来。\n人各有命，依我看，你还是随遇而安，起码日子好过些。
Story/D_2_4_2_021,放屁，我日子就从来没一天好过！
Story/D_2_4_2_022,事到如今还和我讲大道理吗？\n你一生也未曾被人指着脸咒骂，岂能体会我的痛苦？
Story/D_2_4_2_023,……我自然有我的故事。\n大概远比不上你惨烈吧，起码你还有家可回，不是吗？
Story/D_2_4_2_024,我记得你家是庄稼农家吧，自耕自种，总不至于饿死。\n何必非要学人混江湖呢。
Story/D_2_4_2_025,你说我有家可归？你不知道吗？\n我为何死活不肯离开唐门的原因－－我是被赶出家门的啊！
Story/D_2_4_2_026,连我生身父母都嫌我丑，从小就我一人做最多事，吃最少饭！\n家人不让我同桌，说看到我的脸就倒胃口！\n我只能等日落自己一个人蹲在灶下，摸黑吃剩饭。
Story/D_2_4_2_027,逢年过节也只有我没新衣，因为我娘说我长得丑，穿再好都糟蹋。\n我在家乡的吃的每一粒米饭、每一颗馒头都是咸的，全是和着眼泪吃的。\n你说我怎么敢回家？
Story/D_2_4_2_028,我离家那一年田地欠收，爹娘说要减一双筷子，日子才能过下去。\n我怕被丢掉，趁着他们还没讲明白，抢先说出口，说要上唐门拜师学艺。
Story/D_2_4_2_029,我生父给我准备的拜师礼只有四颗鸡蛋。\n那年我十一、二岁，赤脚从绵阳一路走来，饿得头昏眼花，把一颗鸡蛋吃了。
Story/D_2_4_2_030,多年来我时时后悔，说不定我当时忍耐不吃那颗鸡蛋，\n唐门的师长就不会那么看轻我，说不定我早就转正入室了。
Story/D_2_4_2_031,你说我有家可回？你说我怎么敢回家呢，那寒田里的小舍真是我家吗？\n我进屋要用什么表情？我该敲门才有礼貌吗？我要怎么跟他们说我回来了？
Story/D_2_4_2_032,乡下人怕孩子遭鬼神妒，养不大，常替小孩取贱名，不是猫蛋就是狗剩。\n我兄弟姊妹也不例外，爹娘都希望他们平安长大，只有我生来就叫赵活。\n你觉得这是为什么？
Story/D_2_4_2_033,我从小就明白了，自己没有被爱这件事。
Story/D_2_4_2_034,师弟……唉。
Story/D_2_4_2_035,……那家伙终于走了吗。
Story/D_2_4_2_036,你很希望他走吗？
Story/D_2_4_2_037,当然。他早该滚了。
Story/D_2_4_2_038,这么多年光阴过去，凭他那股愚不可及的执着劲，\n只要不在唐门，早该有点出息了，何至于如今还在干杂役，走了也好。
Story/D_2_4_2_039,……二师弟，你对赵师弟评价挺高的嘛。
Story/D_2_4_2_040,笑话，不过区区庸材罢了。
Story/D_2_4_2_041,不过就算是庸材，也比你强胜几分，你是根泡烂的废材。\n进来，掌门召唤你。
Story/D_2_4_2_042,真严厉。
Story/D_2_4_2_043,……一时激动，就跑下山了。\n以后我该何去何从呢。
Story/D_2_4_2_044,街上可真热闹啊……。
Story/D_2_4_2_045,不想了，从此天宽地广任我行，我已是自由之身了。\n好手好脚，总是饿不死的。
Story/T_2_4_2_005,我不告而别，再也不算唐门弟子了。\n这身青衫，从此是不能再穿了。
Story/N_2_4_2_003,你低头看着被泪打湿了襟口的一身青衣，不知不觉变得既脏又破，\n缝了又破，破了又缝，远远看着似乎完好，细看才知千疮百孔。\n就像你一样。
Story/D_2_4_2_046,唉。只可惜从今往后，我再也见不到小师妹了。
Story/D_2_4_2_047,或者许多年后，我故地重游，发现唐门好生兴旺，\n大师兄和小师妹儿女成群，成为江湖上人人称羡的神仙眷侣。
Story/D_2_4_2_048,小师妹……。
Story/D_2_4_2_049,说起来，我不见了，叶兄、云裳不知道会不会找我。\n找不到我，云裳也不知会不会寂寞。
Story/D_2_4_2_050,八成不会吧，我算什么呢，凭何以为自己能被挂念。\n她其实从来不需要我，能帮她的，唯有唐门而已。
Story/D_2_4_2_051,……饿了。不如去吃点东西吧。
Story/D_2_4_2_052,卖各式熟水，洗面汤、漱口水～
Story/D_2_4_2_053,烧饼～小米粥～炒肺～旋煎羊肠～菜肉包子馒头～
Story/D_2_4_2_054,在山下吃早点的机会实在罕有。\n不过将来在哪处餬口还没着落，钱得花在刀口上才行。
Story/D_2_4_2_055,在山下吃早点的机会实在罕有。\n都吃这多苦了，可不能再委屈自己，至少这一顿要吃点好的。
Story/N_2_4_2_004,你掏了掏空空如也的钱袋。
Story/D_2_4_2_056,……算了，我穷成这样，还想吃什么好料呢。\n这点钱省着买根钓竿什么的，为下一餐打算才是上策。
Story/D_2_4_2_057,至少要吃点肉，有力气，无论要往哪儿，都能走得远。
Story/D_2_4_2_058,三、三师兄！
Story/D_2_4_2_059,师弟！咱们交情恁地深厚，你岂能不告而别？\n我一知情，就奔下山来找你了，万幸你还没走远。
Story/D_2_4_2_060,你怎么知道我走了？
Story/D_2_4_2_061,因为大师兄替你把早餐煮完了。那滋味简直诡异，\n就像他武功路子一样天马行空，可想而知是随心所至，\n手边无论抓到什么都一股脑儿往锅里放的下场。
Story/D_2_4_2_062,……。
Story/D_2_4_2_063,我虽武艺低微，也知道这套路用在料理上是决计行不通的。
Story/D_2_4_2_064,可不是吗？我告诉你，\n小师妹吃了一匙粥便忽然不会动了，面不改色，身上系的铃铛却直响;
Story/D_2_4_2_065,二师兄毒功深厚，早已百毒不侵，岂知他咬了一口馒头，竟不能下咽，\n当场吐了出来，皱眉道：『此物有毒。』可想而知有多难吃了。
Story/D_2_4_2_066,哈哈！连小师妹都动摇了，真是一绝。
Story/D_2_4_2_067,……师弟，你我相识一场，我知你已为唐门尽心尽力，\n实是唐门亏欠了你的，无人可以见责于你。
Story/D_2_4_2_068,百日连阴雨，总有一朝晴。\n你远行在即，作师兄的身无长物，只有代表几个师兄，\n赠你些碎银两，让你旅途花用。
Story/D_2_4_2_069,三师兄……！
Story/D_2_4_2_070,珍重，再见。我去也。
Story/O_2_4_2_001,令人心生怜悯的寒酸早餐
Story/O_2_4_2_002,「???」：银两<50
Story/N_2_4_2_005,你买了一把锅底捞出的碎油条渣和稀粥充饥，\n怕被人看见，所以站在巷子里面吃。
Story/N_2_4_2_006,这些碎渣吃来没啥味道，卖是卖不出去的，可是扔了又可惜。\n店家特意留着打发乞讨、化缘用的，有时喂狗都会被狗吐掉。
Story/D_2_4_2_071,……喂，拿去啦，不要这么可怜啦。
Story/D_2_4_2_072,你是飞石帮的人？可是我不又认识你。
Story/D_2_4_2_073,你不认识我也无所谓，我认得你就好，毕竟唐门没几个人比你碍眼。\n不想被仇敌施舍，就别边哭边吃东西，害人看了怪没胃口的。
Story/O_2_4_2_003,普通的早餐
Story/N_2_4_2_007,你买了一颗肉包，一根油条配一碗豆浆，孤零零坐着吃，乏人问津。
Story/O_2_4_2_004,引人侧目的奢华早餐
Story/N_2_4_2_008,你大手笔，买了烧饼夹旋煎羊肠、炒蛋松、辣芥肉脯、四色凉菜、\n一壶用来解腻漱口的热茶、一壶香药熟水，还有几颗鲜剥的橙子。
Story/N_2_4_2_009,吃得好生满足，引得乡人纷纷侧目。\n听说唐门拮据，怎么你竟如此舍得花钱？\n登时便有人交头接耳猜是唐门发了横财，要重振家威了。
Story/D_2_4_2_074,早饭是解决了。\n那么，以后我该干什么营生呢？
Story/D_2_4_2_075,回想起来，也在这地方生活很多年了。\n虽说我离开师门，一时却舍不得就此启程。
Story/D_2_4_2_076,不如在镇上多待盘桓几日吧，想好去路再走。
Story/T_2_4_2_006,不过盘缠还是得省着花的，免得真要动身上路时穷得叮当响，	一路直接上西天。
Story/T_2_4_2_007,……要去投靠丐帮吗？
Story/T_2_4_2_008,村外以东十里路，有间乏人问津的破庙，大义分舵的乞丐似乎把那儿当根据地。
Story/D_2_4_2_077,我记得，村外以东十里路，有间乏人问津的破庙，\n从前跟四师兄为了躲雨，曾经入庙里小憩，\n说不定我可以暂时栖身在那儿。
Story/D_2_4_2_078,似乎也不必如此寒酸，我看看……。\n囊里还有点闲钱的样子，够我几日花消，省着点用都够过上半个月。
Story/T_2_4_2_009,那么不妨趁机去住住看客栈吧。\n下山采买时偶尔会在客栈吃面，却从来没有留宿过，有点向往。
Story/O_2_4_2_005,住破庙
Story/O_2_4_2_006,住客栈
Story/D_2_4_2_086,客倌，上房给你准备好了。\n承惠先收您一千文作押金，扣抵房钱，您不住时再退还余额。\n还有啥时，随时喊一声，小人随叫随到。
Story/D_2_4_2_087,多谢。
Story/D_2_4_2_088,这是小人的职责，客官言重了，没啥好谢的。
Story/D_2_4_2_089,老兄，我们也算面熟了，\n事到如今你突然这么客气感觉好不对劲啊。
Story/D_2_4_2_090,此言差矣。\n我这个人很简单，对事不对人，作生意嘛，谁有钱住店谁就是大爷。
Story/D_2_4_2_091,还真坦率。
Story/D_2_4_2_092,过奖，过奖。
Story/D_2_4_2_093,姑且住下了，接下来应该干什么好呢……。
Story/O_2_4_2_Break_02_001,先从睡饱开始
Story/N_2_4_2_Break_02_001,你心烦意乱，五味杂陈，就是无事一身轻，也说不出的苦闷。\n索性倒头便睡，明日愁来明日愁。
Story/O_2_4_2_Break_02_002,召唤小二
Story/D_2_4_2_Break_02_001,小二～小二～
Story/D_2_4_2_Break_02_002,来咧～客官，有何吩咐？
Story/O_2_4_2_Break_02_003,没事，叫叫看而已。
Story/D_2_4_2_Break_02_003,真是的，客官您快别闹了。\n小人还得忙呢，告辞了。
Story/O_2_4_2_Break_02_004,打一桶热水来。
Story/D_2_4_2_Break_02_004,啊～是要入浴吗？\n今日刚好有花送到，机会难得，不妨来个檀香浴如何？\n泡在浮满花瓣的热水里，香烟缭绕，甭提那雅兴，还能养颜美容。
Story/D_2_4_2_Break_02_005,养颜美容？那一定要试试。
Story/D_2_4_2_Break_02_006,热水含在房钱里，可那花，就得另外加钱啰，承惠五十钱。
Story/D_2_4_2_Break_02_007,收到，嘿嘿。
Story/D_2_4_2_Break_02_008,咱们这种生来没那么悦人眼的，自然就要多加讲究，才不至于惹人生厌。
Story/D_2_4_2_Break_02_009,你还真敢说。
Story/D_2_4_2_Break_02_010,察言观色，见人说人话，见鬼说鬼话。\n这不就看您修养好，才说几句实话吗？\n您不爱听，下回小人便说鬼话得了。
Story/T_2_4_2_Break_02_001,这小二好会捧人，绕着弯子逼我承认他说的话对。我得学着点。
Story/D_2_4_2_Break_02_011,许多江湖人宁可跳进河里洗澡，也不愿在客栈里掏钱。\n那些人舍了小钱，却自甘粗鄙。
Story/D_2_4_2_Break_02_012,那比得上客官您，浑没将这点小钱放眼里。\n您花区区五十文，买的是水吗？\n不不不，您买的是气度，是雅兴啊～
Story/D_2_4_2_Break_02_013,可不是吗？
Story/N_2_4_2_Break_02_002,你给这店小二捧得飘飘然。
Story/D_2_4_2_Break_02_014,哎唷瞧我这嘴，又说多了。\n多谢客官打赏，贪财贪财，热水随后便来。
Story/N_2_4_2_Break_02_003,小二来回几趟，打满一桶热水给你，剥了满盆碎花瓣，点上檀香。\n你浸入热水之中，并没有因此变好看，但浑身疲倦都舒缓开来了。
Story/O_2_4_2_Break_02_005,怨恨
Story/D_2_4_2_Break_02_015,可恶……掌门到底为何如此偏心。\n我熬了这么多年，始终不得入室，眼看着别人一个一个转正，\n只有我始终都是外姓弟子，这公平吗？
Story/D_2_4_2_Break_02_016,我还道掌门是天下第一直性情的真英雄、真豪杰，\n结果到头还是这偏心，那为何不直接了当将我扫地出门？\n平白要我在唐门当牛做马，供他们唐家人驱策这么多年！
Story/D_2_4_2_Break_02_017,妈的！掌门那糟老……老匹……老人家到底为何如此偏心。\n我赵活到底哪里不妥，任劳任怨熬了这么多年，竟没一个师长看得上我。
Story/D_2_4_2_Break_02_018,眼看新来的、比我坏、甚至比我蠢上十倍的废物都一个一个转正，\n只有我始终都是外姓弟子，这公平吗？\n枉我拼命巴结、花钱拜托师兄打点都丁点屁用。
Story/D_2_4_2_Break_02_019,我还道掌门是天下第一直性情的真英雄、真豪杰，\n结果到头还是这么偏心，那为何不直接了当将我扫地出门？\n平白要我在唐门当牛做马，供他们唐家人驱策这么多年！
Story/D_2_4_2_Break_02_020,妈的，不干了，妈巴羔子老子不干了！唐门有啥好稀罕！\n是我决定离开唐门的，可不是被赶出来！
Story/D_2_4_2_Break_02_021,……。
Story/D_2_4_2_Break_02_022,唉……我这么多牢骚，发给谁听呢？\n像我这样的人啊，就算喊得声嘶力竭，也没人理会的。
Story/O_2_4_2_Break_02_006,将来的事
Story/D_2_4_2_Break_02_023,唉，虽然憋屈，没钱也只好凑合了。
Story/D_2_4_2_Break_02_024,这一两日裤腰带收紧点，还能挨着过，再之后有得烦恼了。
Story/D_2_4_2_Break_02_025,……我其实也没穷成怎样，但是钱还是省着点花吧。
Story/D_2_4_2_Break_02_026,我终于离开了唐门。\n说到底，我为何宁可屈居于此，也不愿离开？
Story/D_2_4_2_Break_02_027,我老是拿小师妹当借口，说是受了师娘的嘱托。\n然而小师妹早就长大、不需要我照顾了。
Story/D_2_4_2_Break_02_028,别人问我，我老是拿小师妹当借口。
Story/D_2_4_2_Break_02_029,……将来我要去哪呢？
Story/D_2_4_2_Break_02_030,回到家乡的话，我能干什么呢？大概是种田种菜吧。\n至少自己吃自己，不至于随便饿死，说不定日子还能比在唐门当下人滋润。\n不过那也要家里人还愿意接纳我才行。
Story/D_2_4_2_Break_02_031,……想都不敢想。
Story/D_2_4_2_Break_02_032,干脆落草为寇吧，我多少会点功夫，无论各个山寨应该都乐意收容。
Story/D_2_4_2_Break_02_033,不过那得找些远的外地山寨，有大师兄在，连山贼都不好当。
Story/D_2_4_2_Break_02_034,当个独行大盗，倒也不错。\n想干啥坏事，就干啥坏事，反正我都无家可归了，谁来管我？\n要是有人管我、教我，我又何至于沦落于此。
Story/D_2_4_2_Break_02_035,到时我到处作案，跑给宋大人追。\n我当好人当不成，起码当坏人要恶名昭彰。
Story/D_2_4_2_Break_02_036,或者我干脆去投靠饿鬼道，当个叱咤海上的海盗好了。
Story/D_2_4_2_Break_02_037,到时萤姑娘落到我手里，嘿嘿。\n看她还敢如何刁蛮。
Story/D_2_4_2_Break_02_038,六大派中，青城、峨嵋都近，就不知肯不肯收我。
Story/D_2_4_2_Break_02_039,有叶家兄妹那桩粱子，点苍是一定不肯收我入派的。
Story/D_2_4_2_Break_02_040,点苍……远在大理，用走的起码要一个月。\n而且听说入门必须考核，条件极为严苛，我看还是算了吧。
Story/D_2_4_2_Break_02_041,听说崆峒派较不排外，只要有一技之长，就算武艺低微也不至饿死。
Story/D_2_4_2_Break_02_042,不过江湖传闻，崆峒掌派人大选将近，崆峒四门内斗得很厉害。\n我这去投靠，岂不是赶死吗？
Story/D_2_4_2_Break_02_043,再来的话……全真派各处都有道观，徒子徒孙遍布天下，\n可是入门容易学成难，江湖人都说全真派十有九个不济事。\n我去了又如何会受重视呢？
Story/D_2_4_2_Break_02_044,索性我就剃光头发，皈依嵩山派当和尚算了。\n可笑我不是勘破红尘，是被生计逼得剃度出家。
Story/D_2_4_2_Break_02_045,……还有什么门派肯要我呢。\n我资质、根骨都平平无奇，虚度那么久的光阴，\n就算侥幸拜师，也来不及练了吧。
Story/D_2_4_2_Break_02_046,其实我有自知之明，想当大侠，不过是痴人说梦而已。\n我天生就输人一截，输了好大一截，沟壑之大，投胎都未必能填。
Story/D_2_4_2_Break_02_047,……我死皮赖脸想当入室弟子，只是不死心、不服输而已啊。\n总想着『迟早有一天我会让你们都知道我的厉害』！
Story/D_2_4_2_Break_02_048,可是啊……像我这种人，连梦想都不配有。
Story/O_2_4_3_Break_01_012,休息
Story/O_2_4_3_Break_01_001,饮食
Story/O_2_4_3_Break_01_002,无所事事
Story/O_2_4_3_Break_01_003,钓鱼
Story/O_2_4_3_Break_01_004,闹市闲游
Story/O_2_4_3_Break_01_005,流连赌坊
Story/O_2_4_3_Break_01_006,客栈饮茶
Story/O_2_4_3_Break_01_007,解锁条件：待在客栈、银两>100
Story/N_2_4_3_Break_01_001,你装模作样把兵刃放桌上，叫一壶茶，几碟蜜饯瓜子。\n一会儿读《春秋》，一会儿在客栈听茶博士说书。\n装累了就回房间躺着，无所事事度过了一整天。
Story/O_2_4_3_Break_01_008,修练武功
Story/N_2_4_3_Break_01_002,你一个人在溪边舞刀弄剑，可是心中苦闷，意兴阑珊。\n既想振作又不由得想要逃避。
Story/N_2_4_3_Break_01_003,纵使无家可归，可是你也没有因此颓废。\n难得无事一身轻，更该把握良机，平心静气练功。
Story/O_2_4_3_Break_01_009,打工赚钱
Story/O_2_4_3_Break_01_010,义田
Story/N_2_4_3_Break_01_004,你到吕员外所管的义田找头路，亏得你是庄稼人，农活也做惯了。\n吕翁才开先例雇佣你当作临时工，帮着插秧锄田。
Story/N_2_4_3_Break_01_007,你走投无路，只得去义田打工，幸得你是庄稼人，做惯农活，也不觉辛苦。
Story/O_2_4_3_Break_01_011,铁铺帮活
Story/N_2_4_3_Break_01_005,唐门锻冶技术高明，远非地方铁铺能比。\n之所以雇佣你来帮活，纯是为了从旁偷师。
Story/O_2_4_3_Break_01_013,大宋闲汉赵活
Story/O_2_4_3_Break_01_014,解锁条件：待在破庙
Story/N_2_4_3_Break_01_006,堂堂唐门弟子，沦为闲汉，专门在客栈替客人跑腿。\n不过想要钱来得轻松，腰杆子就不能过硬。
Story/D_2_4_4_1_001,掌柜的，来，快点。\n帮忙喂马，把葫芦打满一壶烈酒，来些肉干、饼干好带的干粮！
Story/D_2_4_4_1_002,客官稍等，马上来！\n一时来太多客人，小二有点儿应接不暇，我这就亲自去准备。
Story/D_2_4_4_1_003,快点啊，我的那份也别忘了，这里有几人就备几份。\n大家还赶着上江陵，跟魔教恶徒一决高下，你在这儿悠哉什么劲？
Story/D_2_4_4_1_004,不敢，不敢，马上就来！
Story/D_2_4_4_1_005,好了就送外边来！咱们在外边等。
Story/D_2_4_4_1_006,什么事令得这些人都风风火火的？
Story/D_2_4_4_1_007,掌柜我把马──赵少侠，你也要赶赴江陵吗？
Story/D_2_4_4_1_008,没有哇？我无端去江陵做甚？
Story/D_2_4_4_1_009,出事了，出大事了啊！
Story/D_2_4_4_1_010,听你们江湖人说，泥教畜牲道现世，正在围攻江陵城！\n听说阵仗大得骇人，连城郊驻军都吃了败仗。
Story/D_2_4_4_1_011,什么！
Story/D_2_4_4_1_012,这几日天上到处都是鸟儿乱飞，我就奇了怪了，又不是迁徙的季节。\n原来是飞鸽传书啊！虽说我不是江湖中人，听多了也知道南宫世家，\n现在各门各派都去驰援，连你唐门的人都去了。
Story/D_2_4_4_1_013,竟连官兵都吃了败仗……泥教的人马究竟从哪里冒出来的？\n多到足以围城的兵马，平时都藏在哪里，怎能半点风声都不走漏？
Story/D_2_4_4_1_014,是丐帮。
Story/D_2_4_4_1_015,丐帮就是畜牲道。
Story/D_2_4_4_1_016,──丐帮，是魔教的人？
Story/D_2_4_4_1_017,难怪大义分舵的人都不见踪影了！
Story/D_2_4_4_1_018,不……不会吧。定是有什么误会了。\n那些丐帮的朋友虽然邋遢不拘小节，但都是行侠仗义的好汉啊。
Story/D_2_4_4_1_019,怎么可能？定是你听错了。\n那些丐帮的家伙抢菜最会，见到官兵捕快一溜烟就跑，哪有本事围城？
Story/D_2_4_4_1_020,唉唷喂，我说赵少侠。天下乞丐这么多，你识得几个？\n且不说知人知面不知心，就是一个娘亲生的崽也有好苗坏种。\n都当乞丐了，哪还有什么顾忌？
Story/D_2_4_4_1_021,丐帮弟子，不是一直都以行义为己任吗？
Story/D_2_4_4_1_022,咱们蜀中地方的乞丐，那还算是挺安份的。\n但中原辽阔，你也不能巴望天下乞丐跟你讲道义。
Story/D_2_4_4_1_023,这……确实。
Story/D_2_4_4_1_024,不好意思啊，我都忙不过来了，没空细说。\n详情你自己看报。
Story/D_2_4_4_1_025,多谢。
Story/D_2_4_4_1_026,承惠五十文。
Story/D_2_4_4_1_027,不是送我的吗？
Story/D_2_4_4_1_028,客官真爱说笑，小人与你老兄论交情最多就是见多几面脸熟。\n平白无故怎会送你东西？
Story/D_2_4_4_1_029,多谢客官打赏！
Story/D_2_4_4_1_030,可我没钱啊……这报纸你还是拿回去吧。
Story/D_2_4_4_1_031,连五十文都没有？你真窝囊，没钱打赏还混什么江湖。\n行了，那报纸我读完了，本来就要扔，你拿去擦屁股吧。
Story/D_2_4_4_1_032,读完的报纸居然还想卖我钱！
Story/N_2_4_4_1_001,据江湖快报所书，江陵之乱委实非同小可。
Story/N_2_4_4_1_002,畜牲道猝然发难之外，更有修罗道旧部潜伏在军中策应。\n趁马军司操练，假传号令从中分断，而丐帮则急袭粮仓，令其粮绝。
Story/N_2_4_4_1_003,为免兵马受饥疲弊，届时被人拿下，反为逆贼添翼。\n副指挥使迫不得已前往襄阳前线，归附守城将领赵方。
Story/N_2_4_4_1_004,丐帮中人旦夕在城外叫嚣、骚扰，令城中居民百姓人心惶惶。
Story/N_2_4_4_1_005,江陵府知府、指挥使俱受困于城中，几度率兵冲杀，\n那丐帮都是无赖、乞丐，哪能是官兵敌手，但他们也不傻，\n往往接战不久便即四散奔逃。
Story/N_2_4_4_1_006,官兵得理不饶人，想要乘胜分兵追击，却反中其陷阱，\n失陷于人，用以要挟交换粮食，屡试不爽。
Story/N_2_4_4_1_007,反之就算厢军捉到了俘虏，也不过是一些一文不值的乞丐。\n不用逼供就立刻投诚招供，反正说来说去也没秘密可言。\n杀又杀不得，还得养着供着，抓越多，城中粮食消耗越快。
Story/N_2_4_4_1_008,宋国江山皆仰仗襄阳前线抗金，以江陵为后援，\n如今后援出事，亦无余力派兵解围。
Story/N_2_4_4_1_009,各地官兵闻讯自危尚且不及，哪里还会派兵以卵击石？\n就算有，也寡不敌众，纷纷都被丐帮高手拿下当作人质。
Story/N_2_4_4_1_010,百里加急书信去临安，当朝天子嗤之以鼻，还道他英明神武，\n治国治得海晏河清，哪有乞丐围城这种荒谬事情？\n一来二去，情况就此僵持。
Story/N_2_4_4_1_011,你读完了江湖快报，结舌半晌说不出话来。
Story/D_2_4_4_1_033,……这事还真够离谱的。\n别说官家，连我都不信乞丐能造反，他们穷得连甲冑兵刃都买不起。
Story/D_2_4_4_1_034,江陵城有南宫世家坐镇，对丐帮礼数不可说不周到，\n没想到丐帮竟一点情份也不顾念。\n也不知泥教畜牲道猝然发难，究竟意欲为何。
Story/D_2_4_4_1_035,江陵城是南宫世家的地盘，没想到丐帮一点面子也不给。\n那群叫化子没事搞这么大动静，到底想干嘛？
Story/D_2_4_4_1_036,这就难怪各门各派要动员人马，前往江陵驰援了。\n这可不全是南宫世家的面子。
Story/D_2_4_4_1_037,若纵容丐帮胡来，令江陵不能善尽后援使命，\n导致抗金前线崩溃，那还得了？\n一但天子震怒，将来派兵扫荡中原，管你什么名门正派，全都倒霉。
Story/D_2_4_4_1_038,是以驰援江陵，也是江湖人自清的最后机会。
Story/D_2_4_4_1_039,也好在围的是江陵，凭南宫世家的面子，谁能装作没听见。\n丐帮再横也不过凭着人多，待武林豪杰齐聚江陵，他们就该知道厉害了。
Story/D_2_4_4_1_040,唉，就不知我那樊兄弟是不是也卷入其中。
Story/D_2_4_4_1_041,……不管了，我就算想去，也有心无力。\n一来风波恶，路上不太平；二来我盘缠有限；三来我武艺低微，\n去了白白送命而已，谁也不会真感谢我。
Story/N_2_4_4_1_012,你把报纸扔到一边，就算再担心，这事也不归你管。
Story/D_2_4_5_1_001,……。
Story/D_2_4_5_1_002,唉，我这没来由的又是怎了，无事一身轻，反而莫名不快活。\n总觉得飘在半空踏不着地似的不踏实，莫非我真的命贱，闲不下来吗？
Story/D_2_4_5_1_003,这就叫做过犹不及吧。
Story/D_2_4_5_1_004,唉，我这没来由的又是怎了，没被压着做事，反而不自在。\n就算去找事做，也不像从前踏实。
Story/D_2_4_5_1_005,不如今日叫些好酒好菜，奢侈一下吧。\n在唐门捱了那么多年清苦日子，难得有闲钱，合该狠狠滋补一下。\n然后……也许是时候该认真考虑去路了。
Story/N_2_4_5_1_001,你在客栈奢侈地叫了一桌子好菜，\n应叫你垂涎欲滴的美食放在跟前，却食难下咽，\n似还不如和师兄弟们一起吃清汤挂面来得香。
Story/D_2_4_5_1_006,唉，我像个暴发户般叫了满桌好菜，\n却因满腹愁肠，压根没有胃口，糟蹋了这桌好菜。
Story/N_2_4_5_1_002,你越吃越苦闷，一筷子、一筷子越吃越慢，终于再也吞下下去。
Story/D_2_4_5_1_007,这位老兄，你吃饭愁眉苦脸，当然不是滋味儿，平白糟蹋了好东西。
Story/D_2_4_5_1_008,蛤？
Story/D_2_4_5_1_009,敢问您哪位？
Story/D_2_4_5_1_010,萍水相逢，你就甭管我哪位了。
Story/N_2_4_5_1_003,这人说着，便在附近桌坐下了，也不招呼小二，便摊开包袱吃起自带的干粮。
Story/T_2_4_5_1_001,这人好生怪异，瞧他衣着褴褛，却英气勃发，乍看似是丐帮中的英雄好汉。\n但是丐帮中人不都在江陵打吗？
Story/T_2_4_5_1_002,何况他好端端的正门不走，却翻窗进来，恐怕来路不正。\n说不定真是魔教中人。
Story/T_2_4_5_1_003,不过听说大师兄游历江湖的时候，结交了很多朋友，\n就算他贪杯好色，闯出乱子也总有朋友情义相挺，\n我听多了，也不禁有点羡慕他那样，怪有江湖味的。
Story/O_2_4_5_1_001,邀请他一起吃饭。
Story/T_2_4_5_1_004,反正我一个人也吃不完这许多菜，莫要浪费了。
Story/D_2_4_5_1_011,那边那位大哥，诚如你所见，我一个人是收拾不了这许多佳肴的，\n如蒙不弃，可否跟你请教一下，这饭究竟该如何吃才会香？
Story/D_2_4_5_1_012,你想请我吃饭？
Story/D_2_4_5_1_013,正是。
Story/D_2_4_5_1_014,你又不认识我，不怕我是歹人？
Story/O_2_4_5_1_002,我也很坏没关系。
Story/O_2_4_5_1_003,误交损友，总比没有朋友要好。
Story/D_2_4_5_1_015,哈哈哈！好，那我就不客气叨扰你一顿饭了。
Story/N_2_4_5_1_004,你干了一件饶有江湖味的事，豪性顿发。
Story/O_2_4_5_1_004,还是默不吭声吃我的饭好了。
Story/T_2_4_5_1_005,我还是没事别自招惹麻烦好了。
Story/N_2_4_5_1_005,你自斟自酌喝了几杯酒，勉强吃多了几片蒜泥白肉，\n但觉浑身不自在，便打算离席而去。
Story/D_2_4_5_1_016,且慢。你这就不吃了？未免忒也浪费，当心遭天谴。
Story/D_2_4_5_1_017,呃。
Story/D_2_4_5_1_018,你既然不吃，便由我替你收拾了这桌残局，你看如何？
Story/D_2_4_5_1_019,这……你请便？
Story/D_2_4_5_1_020,好，很好。不过若你离开，岂不似我馋你残羹剩饭似的？\n你若左右无事，索性便陪我喝几杯如何？
Story/D_2_4_5_1_021,好吧。
Story/N_2_4_5_1_006,你虽不大乐意，但对方来势汹汹，由不得你不依。
Story/D_2_4_5_1_022,我便教你个乖，吃饭若要吃得香，饕客自有许多考究，\n我今儿个便偏不跟你讲那些考究。
Story/D_2_4_5_1_023,你满桌好菜，却自斟自酌，想必是胸怀忐忑，一颗心七上八下的无所适从，\n对着酒菜，心思却放在别人身上，焉能不使味如嚼腊？
Story/D_2_4_5_1_024,……唉，正是如此。
Story/D_2_4_5_1_025,你倒是坦荡。很好，合该如此。\n大丈夫理当胸怀坦荡，气吞山河，俯仰无愧于天地，才能睡得安、吃得香。
Story/D_2_4_5_1_026,我又何尝不想？命数天注定，我既生来如此，那也无法可想。
Story/D_2_4_5_1_027,你永远有选择。
Story/D_2_4_5_1_028,有些选择很艰难，有些选择会让我丢掉小命。
Story/D_2_4_5_1_029,难又如何？死又如何？\n朋友，你放眼望去，天底遍地都是人，你我这条性命又何异于旁人？\n值得几两重？
Story/D_2_4_5_1_030,人生在世若只为残喘，那又岂能算是个人物。
Story/D_2_4_5_1_031,莫不是你的心之所向，尚不值得你赌命去博？
Story/D_2_4_5_1_032,！？
Story/D_2_4_5_1_033,你若为道理、公义抛头颅洒热血，便得天下人敬重；\n你若贪生怕死，屈从命运，即使苟活到老也无人记住你姓名。
Story/N_2_4_5_1_007,听他一席正义凛然当头棒喝，你盘据心头的愁绪顿时烟消云散。
Story/D_2_4_5_1_034,听君一席……
Story/D_2_4_5_1_035,听君一席话，胜读十年书！\n龙大侠，我千面人魔杨某人今日服了你！发誓洗心革面做人！
Story/D_2_4_5_1_036,呃。
Story/D_2_4_5_1_037,千、千面人魔！\n传说中有一千种面貌的妖怪，竟然是真实存在的吗……？
Story/N_2_4_5_1_008,千面人魔的传说，就算不混江湖的乡民百姓都曾听过。\n你陡然间听到，不由得浑身一颤，冷汗直流。
Story/D_2_4_5_1_038,你拐着弯子点醒我，我杨某人焉有不知？
Story/D_2_4_5_1_039,我接获密令刺杀你，心知绝非易事。\n为保万无一失，我易容打扮，自贱为仆，在这寒酸客栈里做店小二。\n一做便是三年，做到街坊邻居全都认识我，自觉决计不会被识破。
Story/D_2_4_5_1_040,没想到还是瞒不住龙大侠你的火眼金睛，唉！惭愧！惭愧！
Story/T_2_4_5_1_006,惭愧！惭愧！
Story/D_2_4_5_1_041,我前半生都只知听从命令，千灯楼主命令我杀谁，我便杀谁。\n从未犹豫，我视人命如草芥，直到我在这客栈住了下来。
Story/D_2_4_5_1_042,龙大侠，你可知道当店小二虽然不必刀头舔血，生活却很艰难吗？\n什么杂事都得做，凭着那点微薄薪水虽不至于饿死，但也从来没吃饱过。
Story/T_2_4_5_1_007,听起来跟外姓弟子差不多贱，不过他还有薪水可领，略胜我一筹。
Story/D_2_4_5_1_043,倘若偷吃客人吃剩的残羹被发现，掌柜就会抄藤条狠狠修理我……。\n他宁可扔后街喂狗也不让我吃。\n也常受客人白眼，被呼来喝去、找碴出气。
Story/D_2_4_5_1_044,碰上烂醉的客人、爱逞凶斗狠的流氓客人，还会挨揍，\n我唯恐形迹败露，从不敢运气抵抗，挨的都是真打。\n最惨的一次，我被飞石帮的流氓打得头破血流，连续几天下不来床。
Story/D_2_4_5_1_045,若非如此，千面人魔也不会如此可怕。
Story/T_2_4_5_1_008,此人心性当真坚毅，能忍常人所不能忍。
Story/D_2_4_5_1_046,我自小在千灯楼受训成为杀手，种种疼痛早已习惯忍耐，\n反而伤得越重，我执行任务的决心越是坚毅。
Story/D_2_4_5_1_047,我疼得最厉害那晚，掌柜的忽然敲了房门，逼着闹事的人过来跟我道歉。\n原来，他亲上飞石帮讨公道，请帮主出面仲裁，将那小流氓给揪了出来。
Story/T_2_4_5_1_009,飞石帮主倒是个懂分是非曲直的好汉子，没有包庇自家人。\n不过掌柜的胆子也挺大的，他甚至不懂武功！
Story/D_2_4_5_1_048,之后，我才知道掌柜的对我用心良苦。\n他见不得我偷吃剩菜，是教我做人要有骨气。\n什么杂事都推给我，是有意让我磨练，将来得以继承他的客栈。
Story/T_2_4_5_1_010,难道说，掌门人迟迟不收我当入室弟子，也是对我有所期许吗？
Story/T_2_4_5_1_011,这个人的际遇跟我很像，有共鸣。
Story/D_2_4_5_1_049,最后……最后，我甚至和掌柜的女儿两情相悦。\n虽然未娶她过门，却已经约定了终生，她……她腹中已有了我的骨肉。
Story/T_2_4_5_1_012,收回前言，这个人跟我一点都不像，畜牲。
Story/D_2_4_5_1_050,渐渐的，我有了自己的喜怒哀乐，不再是一具傀儡。\n……不知不觉，我已不舍回去，比起千灯楼，这儿更像我的家。\n我已厌倦了扮演某个人，到这把年纪，才终于做回了我自己。
Story/D_2_4_5_1_051,如今听了大侠这一席良言，\n为了未过门的妻子，为了我未出世的孩儿，我决定痛改前非，金盆洗手。
Story/D_2_4_5_1_052,哦、哦！不枉我点化于你，很好。这才像样。
Story/D_2_4_5_1_053,大侠，我得向你致歉，更有一事相求。
Story/D_2_4_5_1_054,但说无妨，但教我能力所及，定当义不容辞，助你『一臂』之力。
Story/D_2_4_5_1_055,虽然我也只剩一臂就是了。
Story/T_2_4_5_1_013,这种笑话，实在让人笑不出来。
Story/D_2_4_5_1_056,哧，呵呵。抱歉。
Story/D_2_4_5_1_057,小兄弟，你很上道哦！
Story/D_2_4_5_1_058,如今我虽受龙大侠感化，不愿再为虎做伥，决心叛离千灯楼。\n但我始终不得不向龙大侠讨教一二，即便身败而死亦无怨尤，\n祈请成全。
Story/D_2_4_5_1_059,你这又何苦？你若死去，你所珍视的家人应该如何自处？
Story/D_2_4_5_1_060,实不相瞒，这也便是在下想求龙大侠的事情。\n我虽是千面人魔，但千面人魔并不是我。
Story/D_2_4_5_1_061,此话何解？
Story/D_2_4_5_1_062,千面人魔只是一个冠称，在我之前有前任，在我之后也必有继任。\n即便我死了，只要千灯楼尚在，千面人魔就会永远存在。
Story/T_2_4_5_1_014,难怪！我还道千面人魔的传说从小就曾听闻，他怎会如此年轻！\n原来这称号是承袭来的！
Story/D_2_4_5_1_063,即使是此时此刻，也有千灯楼杀手在暗中监视。\n一旦我死了，或者抗命，他都会清扫一切我生活在此的痕迹。\n必会杀我妻子、丈人消灭我的痕迹，甚至常照面的乡亲、熟客亦难幸免。
Story/D_2_4_5_1_064,那我岂不是很危险？
Story/D_2_4_5_1_065,从你与我和龙大侠同桌这一刻起，你就已经是死人了。
Story/D_2_4_5_1_066,请人吃饭也能请出人命来！
Story/D_2_4_5_1_067,总觉得……挺抱歉的。
Story/T_2_4_5_1_015,我认定你是千面人魔，就算你不请我，我也会凑过去。
Story/D_2_4_5_1_068,是龙大侠自己要凑过来的耶！
Story/D_2_4_5_1_069,抱歉，抱歉。
Story/D_2_4_5_1_070,杨某这一生造业无数，不敢奢望能够善终，命丧英雄掌底也算死得其所。\n但我妻儿又何辜？我身亡后，斗胆请龙大侠代我安置遗孤。
Story/D_2_4_5_1_071,……这个，恕难答应。\n你高看我了，我连自己的亲生骨肉都没能带在身边保护。\n怎么去照顾别人的妻儿呢？
Story/D_2_4_5_1_072,我知道是强人所难，还请大发慈悲，一定成全。
Story/D_2_4_5_1_073,你没想过挺身相抗？
Story/D_2_4_5_1_074,……龙大侠，你想必十分清楚『尸心丹』这玩意。
Story/D_2_4_5_1_075,……我再清楚不过。
Story/D_2_4_5_1_076,这便是我不能反抗的原因，凭我是无法保护家人的。
Story/D_2_4_5_1_077,就算我向武林正道投诚，捣毁了千灯楼也没有活路，因为他们无处不在。\n迟早会向我报复，我能忍受颠沛流离之苦，我妻儿却不能。
Story/D_2_4_5_1_078,不论我怎么想，都没有活路，更怕连累家人。
Story/T_2_4_5_1_016,……他把自己当作必死之人，来回都只为家人考虑。\n我……我又如何呢？
Story/D_2_4_5_1_079,……朋友，我早料到此事必定十分为难。\n我也告诉你一件事吧。
Story/D_2_4_5_1_080,大侠请说，在下洗耳恭听。
Story/D_2_4_5_1_081,我随着丐帮弟兄到江陵一游，顺道便去了南阳一趟，\n求得了杏梢锦囊。
Story/D_2_4_5_1_082,什么？！
Story/D_2_4_5_1_083,咦……真的假的？是我知道的那个杏梢锦囊吗？
Story/D_2_4_5_1_084,传说中，南阳杏花林中住着神仙，\n有缘人到此，偶尔会得到神仙所授的锦囊，趋吉避凶，无不灵验。\n我一直以为这不过是人编的故事。
Story/D_2_4_5_1_085,杏梢锦囊是什么玩意？
Story/D_2_4_5_1_086,客官您有所不知。\n传说中，河南南阳有一杏花林，林中住着神仙。\n行善之人有缘到此，会得到神仙所授的锦囊，趋吉避凶，无不灵验。
Story/D_2_4_5_1_087,原来如此。
Story/D_2_4_5_1_088,我十分笃定这并非谣言。\n要说为何，我千灯楼主生平最忌惮的，便是这位仙人。\n称其为『多智近妖，疑非人哉』。
Story/D_2_4_5_1_089,其实我本来也将信将疑，一直嗤之以鼻来着。\n没想到醉卧杏下一宿，醒来就发现头顶树梢上，挂着锦囊。
Story/D_2_4_5_1_090,以龙大侠的功力，按理说一点风吹草动也逃不出你耳目才对，\n竟有人能近身而未惊动你？
Story/D_2_4_5_1_091,惭愧，那日事情是当真古怪，我踏进杏林之中，似中了迷阵。\n越走越胡涂，我索性便灌了一肚黄汤，就地睡了。\n醒前不论如何走不出的杏林，睡醒后信步就走出去了。
Story/D_2_4_5_1_092,容在下拜见仙谕。
Story/N_2_4_5_1_009,千面人魔恭恭敬敬接过锦囊。
Story/D_2_4_5_1_093,里边有一张纸签……以及另一个锦囊？
Story/D_2_4_5_1_094,第一个锦囊的纸签是给我的，点名了千面人魔的行踪。
Story/D_2_4_5_1_095,无怪你在大义分舵蛰伏多年都没发现我，今日却会突然找上门来。\n原来是得了高人指点，这位杏花仙远在南阳，竟能看破我的行踪。\n莫非真有天眼通、天耳通吗？
Story/T_2_4_5_1_017,可叹祂神通广大，也没料到龙某如此蠢笨，闹了个大笑话。\n地方是找对了，却认错了人，我只道旁边这位小兄弟才是千面人魔。
Story/D_2_4_5_1_096,第二个锦囊中的信签，则是给你的。\n我也不瞒你，当中内容我已看过了。\n起初不解其意，听你一席话，这才豁然开朗。
Story/D_2_4_5_1_097,写给我的？
Story/D_2_4_5_1_098,……只有一行字：『劫去锦香宫』。
Story/D_2_4_5_1_099,劫去锦香宫……劫去锦香宫！
Story/D_2_4_5_1_100,对啊，我、我怎没想到呢？\n锦香宫庇护天下弱女，必能护我妻儿。\n我满心只想着中原正道不能容我，却想不到这个『劫』字，妙啊！
Story/D_2_4_5_1_101,若由我送去，锦香宫恐怕会疑心我家人，不肯收留。\n然而我若与龙大侠拼斗，你劫持我家人离去，再交锦香宫保护，\n意义就截然不同。
Story/D_2_4_5_1_102,锦香宫就会认为家人为我所欺，多得龙大侠出手，才得以脱离魔爪！\n她们能在我无法触及的地方平安度日，\n而我亦不算背叛组织，可以阳奉阴违，骗取解药继续残喘。
Story/D_2_4_5_1_103,依仙家所示，还是得请龙大侠赐教，\n只是还请大侠高抬贵手，留我小命。
Story/D_2_4_5_1_104,你可别太缩手缩脚，反被人看出端倪。\n谁都不知监视你的杀手藏身在哪，做戏还得有做戏的态度。
Story/D_2_4_5_1_105,正是。
Story/D_2_4_5_1_106,那我呢？我是不是该趁早溜掉比较好？
Story/D_2_4_5_1_107,客官，事到如今你已走不了啦，你若能全身而退，马上就会被盯上，\n捉去拷问我和龙大侠说了什么话语，拷问完再灭口。
Story/D_2_4_5_1_108,不要哇！
Story/D_2_4_5_1_109,小兄弟，你稍安勿躁，有龙某在此，保你没事。
Story/D_2_4_5_1_110,哦……好。
Story/N_2_4_5_1_010,龙大侠双眼盯着店小二，神情忽然凝肃起来。
Story/D_2_4_5_1_111,我若不知你行藏，猝然遭你暗算，防不胜防，恐怕无幸。
Story/D_2_4_5_1_112,此前，我曾有三次欲向龙大侠暗下杀手。
Story/D_2_4_5_1_113,我知道，你却何以不来打个痛快？
Story/D_2_4_5_1_114,因为我没有必胜把握。
Story/D_2_4_5_1_115,你若贸然下手，事情倒简单了。
Story/D_2_4_5_1_116,我埋伏多年，仍找不到你的破绽。
Story/D_2_4_5_1_117,你找不到。
Story/D_2_4_5_1_118,我找不到。
Story/T_2_4_5_1_018,这两个人干嘛突然这样说话？
Story/N_2_4_5_1_011,你听着心潮澎湃，稍微激动起来了。
Story/T_2_4_5_1_019,莫非此二人是神经病的吗？
Story/D_2_4_5_1_119,此刻我双眼盯着你，你想要一击得手，只怕更不容易。
Story/D_2_4_5_1_120,我被你看破真身，错失良机，任务失败了。
Story/D_2_4_5_1_121,可以这么说。
Story/D_2_4_5_1_122,我若回千灯楼复命，等我的将是死路一条。
Story/D_2_4_5_1_123,你必不会束以待毙。
Story/D_2_4_5_1_124,我不会。
Story/D_2_4_5_1_125,若要刺你，为今之计只剩一种可能。
Story/D_2_4_5_1_126,什么可能？
Story/D_2_4_5_1_127,佯装受到感化，突然下毒手行刺。
Story/D_2_4_5_1_128,即使我猝不及防，要避开致命伤依然绰绰有余。
Story/D_2_4_5_1_129,我知道，毕竟你是龙渊。
Story/T_2_4_5_1_020,龙渊？
Story/T_2_4_5_1_021,前任的武林盟主？！
Story/N_2_4_5_1_012,龙渊的大名如雷贯耳，只要是江湖中人，都曾听闻过他的名字。\n极乐教一役，剑侠龙渊与极乐教主巅峰决战，天觞剑破鬼莲王刀的故事，\n至今依然为人津津乐道。
Story/O_2_4_5_1_005,崇拜
Story/T_2_4_5_1_022,运气太好啦！\n我竟有幸见到活生生的武林传说！还请他吃了饭！\n回头够和唐门大伙说嘴的了！
Story/T_2_4_5_1_023,妈呀，好感动，我快哭了，噫噫。
Story/O_2_4_5_1_006,冷静
Story/T_2_4_5_1_024,堪称武林传说一般的男人，却原来是生这个模样！\n他怎会断了一只手臂、又怎会加入丐帮？
Story/O_2_4_5_1_007,害怕
Story/T_2_4_5_1_025,传说中的龙渊嫉恶如仇，闻有行恶之人，虽远必诛。
Story/T_2_4_5_1_026,……比起千灯楼杀手，我是不是更该怕他？
Story/D_2_4_5_1_130,你此刻行刺，我若不当场毙命，反手定能将你格杀。
Story/D_2_4_5_1_131,而我身死之前，必会依杀手准则，引爆唐门暗器『雷火弹』，\n与敌人同归于尽。
Story/D_2_4_5_1_132,你哪来的雷火弹？
Story/D_2_4_5_1_133,唐四爷卖我的，我自己拆解改良了。
Story/D_2_4_5_1_134,这无德胖子……。
Story/D_2_4_5_1_135,这客栈的桌椅看起来都挺油腻的，恐怕很容易烧起来。
Story/D_2_4_5_1_136,又发生杀人案，又起火，所有客人都会夺门而出。
Story/O_2_4_5_1_008,看破
Story/D_2_4_5_1_137,此时甘冒焚身之险，入火场来确定你二人生死的人，\n若非亲人，便是监视杨老兄的千灯楼杀手！
Story/D_2_4_5_1_138,小兄弟，你若不是那杀手，就是机敏过人。
Story/D_2_4_5_1_139,我才不是杀手咧！
Story/D_2_4_5_1_140,我知你不是，因为我最初怀疑的便是你。\n你睡得老香时，我已潜入你房中仔细观察过。
Story/D_2_4_5_1_141,真的假的？！吓死我了！
Story/O_2_4_5_1_009,蛤？
Story/D_2_4_5_1_142,你丈人与妻子不论，\n此时尚肯冒焚身之险，前来确定我等二人生死的家伙，\n便是千灯楼杀手无疑！
Story/D_2_4_5_1_143,正是如此。
Story/N_2_4_5_1_013,此时龙大侠看向了你。
Story/D_2_4_5_1_144,龙大侠，他不是。\n因为我最初怀疑的便是此人。\n他睡得老香时，我已潜入他房中仔细观察过。
Story/D_2_4_5_1_145,真的假的？！吓死我了！
Story/D_2_4_5_1_146,即便不是，他也听光了咱们的密谋，早在同一艘船上了。
Story/D_2_4_5_1_147,只怕就连杏花仙人，也逆料不到会有一个完全无关的人物，\n将这计划从头到尾给听了去。
Story/D_2_4_5_1_148,你们为什么笑得那么不怀好意，你想干嘛？
Story/D_2_4_5_1_149,难得有缘，请你陪我们演一场大戏吧。\n你自个儿想好，是要饰演无辜受害者，还是跟我们来一场三方大乱斗？
Story/D_2_4_5_1_150,唔……。
Story/D_2_4_5_1_151,龙大侠，我现在刺你与待会再刺你，只怕相去也不多，是吗？
Story/D_2_4_5_1_152,嗯，你有家事要交代，这便去吧，我和这位小兄弟便在这里等你。
Story/D_2_4_5_1_153,好。
Story/O_2_4_5_1_Break_01_001,龙湘
Story/D_2_4_5_1_Break_01_001,前辈，可否斗胆向您请教一件事。
Story/D_2_4_5_1_Break_01_002,但说无妨，对我也不必如此客气。
Story/D_2_4_5_1_Break_01_003,……你是不是有个女儿，名叫龙湘？
Story/D_2_4_5_1_Break_01_004,你认识她？
Story/D_2_4_5_1_Break_01_005,是。
Story/D_2_4_5_1_Break_01_006,是吗。
Story/D_2_4_5_1_Break_01_007,在你看来，她为人处世如何？
Story/O_2_4_5_1_Break_01_002,英姿飒爽，令人钦慕
Story/D_2_4_5_1_Break_01_008,是吗。很好，很好。
Story/O_2_4_5_1_Break_01_003,呆头呆脑，令人不放心
Story/D_2_4_5_1_Break_01_009,是、是吗，都交给温夫人教了……还这么不争气。\n像我什么不好，偏要像我笨……。
Story/D_2_4_5_1_Break_01_010,好在美貌遗传了她的娘亲。
Story/D_2_4_5_1_Break_01_011,这样更危险吧。
Story/D_2_4_5_1_Break_01_012,起码她武功算得上高强吧。
Story/D_2_4_5_1_Break_01_013,她可是连蒙汗药都不知道提防喔。
Story/D_2_4_5_1_Break_01_014,……这个给你，帮我转交给她。
Story/D_2_4_5_1_Break_01_015,此书我已经有了，我自会提醒她。
Story/D_2_4_5_1_Break_01_016,那改拿这本吧。
Story/D_2_4_5_1_Break_01_017,她若读不下去，便请小兄弟你多指点她。
Story/D_2_4_5_1_Break_01_018,知道了。
Story/D_2_4_5_1_Break_01_019,前辈，为何你将她留在锦香宫，不带在身边呢？
Story/D_2_4_5_1_Break_01_020,这是我的家事，小兄弟就别过问了。\n我瞒她至今，将来也不想让她知道她窝囊老子依然在世。\n请你替我保密吧。
Story/D_2_4_5_1_Break_01_021,……明白了。
Story/O_2_4_5_1_Break_01_004,千面人魔
Story/D_2_4_5_1_Break_01_022,没想到千面人魔居然是真的……。
Story/D_2_4_5_1_Break_01_023,想不到一日之中，见了两位传奇人物。
Story/D_2_4_5_1_Break_01_024,啊。
Story/D_2_4_5_1_Break_01_025,抱歉，小兄弟。说来都怪我有眼无珠。\n误会你是易容埋伏在此，准备刺杀我的千面人魔，这才冒昧与你搭讪。
Story/D_2_4_5_1_Break_01_026,我想也是。\n不过千灯楼为何要刺杀你？
Story/D_2_4_5_1_Break_01_027,因为极乐教。\n极乐教主生前曾向千灯楼买命，谁杀了他，千灯楼就要替他索回。\n我已经被追杀十几年啦。
Story/D_2_4_5_1_Break_01_028,原来如此。
Story/D_2_4_5_1_Break_01_029,我本想，千面人魔什么不扮，竟扮成唐门弟子，摆出此地无银三百两的阵仗来，\n一派请君入瓮的挑衅嘴脸，我索性便自己入套，\n当你的面把满桌下毒酒菜吃个杯盘狼藉。
Story/D_2_4_5_1_Break_01_030,我哪有挑衅你……我天生就长这样。
Story/D_2_4_5_1_Break_01_031,却没想到是以小人之心度了君子之腹，真的是万分抱歉。
Story/N_2_4_5_1_Break_01_001,龙大侠说着向你低下头去。
Story/D_2_4_5_1_Break_01_032,龙大侠何须如此？你是武林前辈，对后生无须多礼吧。
Story/D_2_4_5_1_Break_01_033,万事抬不过个理字，我既错了就认错，没什么丢脸的。
Story/D_2_4_5_1_Break_01_034,不过你也看到了，如今我身上压根没个子儿，看来真得给你请客了。
Story/D_2_4_5_1_Break_01_035,能请龙大侠吃饭，这是旁人羡煞不来的运气，倒不如说是我走运了。
Story/D_2_4_5_1_Break_01_036,好，你既抬举我，我却之不恭了。
Story/D_2_4_5_1_Break_01_037,前辈，你和龙姑娘还真是父女，一样磊落。
Story/D_2_4_5_1_Break_01_038,哈。
Story/O_2_4_5_1_Break_01_005,丐帮
Story/D_2_4_5_1_Break_01_039,前辈，你怎会加入丐帮的？
Story/D_2_4_5_1_Break_01_040,这个嘛，说来话长。
Story/D_2_4_5_1_Break_01_041,……我混迹丐帮，多年来浑浑噩噩，本想就此了此残生。\n没想到帮主召集仁义礼智信五大分舵，居然跑去攻打江陵城。\n连我都惊呆了。
Story/D_2_4_5_1_Break_01_042,连你都惊呆了吗？
Story/D_2_4_5_1_Break_01_043,我一路跟到江陵，怕被熟人认出来，都托词不出。\n丐帮也不来管我，我就干脆就独自走了。
Story/D_2_4_5_1_Break_01_044,那位杨老兄说是为了你才隐姓埋名，在此一住三年。\n敢情你是大义分舵的人吗？
Story/D_2_4_5_1_Break_01_045,我名义上该算是大智分舵的，住在南方。\n三年前替舵主送信来到蜀中，想着乞丐住哪都一样，索性就不回去了。
Story/D_2_4_5_1_Break_01_046,唐门和丐帮打过得交道也不少，竟然无缘得见前辈。
Story/D_2_4_5_1_Break_01_047,你家掌门是我旧日战友。\n我混成这样，还不够丢人吗？你们过来，我自然就躲起来了。
Story/D_2_4_5_1_Break_01_048,原来是这样。
Story/D_2_4_5_1_Break_01_049,小兄弟，还盼你能为我保密。\n此间事了之后，我将遁隐红尘，就再也不回蜀中了。
Story/D_2_4_5_1_Break_01_050,那却是为何？\n前辈昔日是武林盟主，登高一呼，别说千灯楼这等邪魔歪道不足为惧，\n就算是如日方中的泥教也不在话下。
Story/D_2_4_5_1_Break_01_051,呵，那是从前的事，如今我已是残废，又何来资格号令群雄？\n小兄弟无须多言，我胸中已有定见，这是人各有志，别再过问了。
Story/D_2_4_5_1_Break_01_052,噢……好吧。
Story/O_2_4_5_1_Break_01_006,准备好了
Story/D_2_4_5_1_Break_01_053,好。
Story/D_2_4_5_1_Break_01_054,杨兄一时片刻还未回来，趁这机会问你。
Story/D_2_4_5_1_Break_01_055,晚辈定当知无不言。
Story/D_2_4_5_1_Break_01_056,作为这桌饭菜的赔礼，加上久违以龙渊的身份结识晚辈，\n我作为前辈，该送你一件见面礼。\n只是我如今身无长物，你可有什么心愿，不妨说说。
Story/D_2_4_5_1_Break_01_057,咦？咦？真的可以吗？
Story/D_2_4_5_1_Break_01_058,咱们快人快语，无须推辞。\n但教我能力所及的范围，便帮你办成，但说无妨。
Story/O_2_4_5_1_Break_01_007,「我在唐门多年，都还在当外姓弟子，何等可怜。」
Story/D_2_4_5_1_Break_01_059,哦……我也听闻过你们有内外姓弟子之别。
Story/D_2_4_5_1_Break_01_060,不过这个嘛……家有家规，此事即令是我也很难置喙，\n恐怕无法仅凭言语改变你的处境。
Story/D_2_4_5_1_Break_01_061,我想也是，唉。\n看来我该绝了这个念想，这一生一世，也甭想一窥唐门武学的奥义了。
Story/D_2_4_5_1_Break_01_062,不如这样吧，我赠你一部秘籍如何？
Story/D_2_4_5_1_Break_01_063,咦？真的吗。
Story/D_2_4_5_1_Break_01_064,这样吧，我将生平七部拿手绝活之一赠你。\n这是一部专门克制暗器的指法，即使你练不成唐门武功，\n也不至输给你师兄弟们。
Story/D_2_4_5_1_Break_01_065,多谢前辈！
Story/D_2_4_5_1_Break_01_066,小兄弟，你看起来愁眉苦脸的样子。\n我以过来人赠你一言，人生在世多有不如意，武功再高亦如过眼烟云。\n眼下的日子能过得快活，那便不要自寻烦恼最好。
Story/D_2_4_5_1_Break_01_067,这一部拳谱便送赠于你。
Story/D_2_4_5_1_Break_01_068,观小兄弟的言行，似乎是个性情中人，便给你这一部刀谱吧。
Story/D_2_4_5_1_Break_01_069,我不知你擅长用何种兵器，总之勤练内功不会有错。\n这一部《混元童子炁》就赠给你吧。
Story/D_2_4_5_1_Break_01_070,这该不会是那种成亲以后就会散功的武功吧？\n我可不想孤独终老。
Story/D_2_4_5_1_Break_01_071,真没见识，所谓童子功，是指留守先天之气以养后天，\n故而由孩童时期起练最有效果的意思。
Story/D_2_4_5_1_Break_01_072,那我现在学起，还来得及吗？
Story/D_2_4_5_1_Break_01_073,亡羊补牢，也好过放弃。
Story/D_2_4_5_1_Break_01_074,说得也是。
Story/O_2_4_5_1_Break_01_008,「想要灵丹妙药」
Story/D_2_4_5_1_Break_01_075,那一种灵丹妙药？
Story/O_2_4_5_1_Break_01_009,可以增进功力的那种
Story/D_2_4_5_1_Break_01_076,这个容易，拿着。
Story/D_2_4_5_1_Break_01_077,多谢前辈惠赐，这几粒丹药色彩斑斓，不知这是什么灵丹？
Story/D_2_4_5_1_Break_01_078,是岭南派青脸天王亲赠的五彩龙砂丹。
Story/D_2_4_5_1_Break_01_079,我听说过这个，前辈你是想谋杀我吗！这不是有名的毒药吗？
Story/D_2_4_5_1_Break_01_080,姑且问一下，这不是毒药吧？
Story/D_2_4_5_1_Break_01_081,这是毒药没错，赫赫有名的那种。
Story/D_2_4_5_1_Break_01_082,你想谋杀我吗！
Story/D_2_4_5_1_Break_01_083,稍安勿躁，臭小子。\n这五彩龙砂丹分别代表五行，分开服用每一粒都足以致命。\n但若按着正确的顺序、时辰服用，则能相生相克，化其药力以为己用。
Story/D_2_4_5_1_Break_01_084,原来如此……。
Story/D_2_4_5_1_Break_01_085,然而多年前，我因为一时失手，不慎弄丢了一粒丹药，\n导致这五色丹药少了一粒，相克循环无法收束，所以迟迟不敢服用。
Story/D_2_4_5_1_Break_01_086,那你还给我！
Story/D_2_4_5_1_Break_01_087,我料天下人都服不得，唯有唐门中人服毒养气，可能受用此丹。\n这既是毒药，也是灵药，你有胆识、有福份，应该平安无事。
Story/D_2_4_5_1_Break_01_088,我若没那个福份……。
Story/D_2_4_5_1_Break_01_089,当然会死。
Story/D_2_4_5_1_Break_01_090,代价也太大了吧！就没有容易一点的机遇吗？\n别人都可以不费吹灰之力长进功力！
Story/D_2_4_5_1_Break_01_091,哪有那种好事，这药若是没问题，我早就自己吃掉了。
Story/O_2_4_5_1_Break_01_010,可以救命的那种
Story/D_2_4_5_1_Break_01_092,是为了唐掌门吗？
Story/T_2_4_5_1_Break_01_001,也有为了云裳。
Story/D_2_4_5_1_Break_01_093,小兄弟，你太大看老哥我了。\n我如今没权没势，说了也没人答理，何况关系到钱，大家都嘛六亲不认。\n况且我也不是学医的，打打架还行，让我医病救人，哪有法子？
Story/D_2_4_5_1_Break_01_094,说得也是……。
Story/D_2_4_5_1_Break_01_095,不过嘛，我早年对抗极乐教的时候，确实得过灵丹妙药的方子。\n反正我也看不懂，不妨就给你吧。
Story/D_2_4_5_1_Break_01_096,这丹方听起来怎么不大吉利的样子。
Story/D_2_4_5_1_Break_01_097,你可曾听闻极乐教九转轮回大法吗？
Story/D_2_4_5_1_Break_01_098,这门武功功力每深一层，就会面临一次生死大关，\n届时就得靠这九泉丹由死苏生，脱胎换骨。
Story/D_2_4_5_1_Break_01_099,放心吧，我服过，确实是灵丹。\n不过丹方给你，能否炼得成，我就不敢保证了。
Story/D_2_4_5_2_001,久等了，我已交代了家事，随时可动手。
Story/N_2_4_5_2_001,店小二满脸堆笑，一边添茶一边说话。
Story/D_2_4_5_2_002,好，待这壶茶漏尽，落下第三滴残汤之时，便是动手的时刻。
Story/O_2_4_5_2_001,从旁观战
Story/D_2_4_5_2_003,我自知武功低微，我还是站远点观战得了。
Story/T_2_4_5_2_001,那店小二当真是千面人魔，武功比我高强太多了。\n我之前还使唤他帮我倒洗澡水！
Story/T_2_4_5_2_002,龙大侠虽然断了一臂，可是依然应对自如，\n运内力卷起衣袖，攻守兼备，简直就像神仙打架一样。
Story/D_2_4_5_2_004,纳命来！
Story/D_2_4_5_2_005,来得好！
Story/D_2_4_5_2_006,客、客官！
Story/N_2_4_5_2_002,不知过了多久，你悠悠醒转来。
Story/D_2_4_5_2_007,这里是哪里？
Story/D_2_4_5_2_008,好像是医馆……床边有张字条，好像是留给我的。
Story/D_2_4_5_2_009,老夫出门采药，回家以前你若还没醒来滚蛋，\n老夫就抹开你的喉咙，直接埋掉。
Story/D_2_4_5_2_010,我的天！
Story/D_2_4_5_2_011,老夫出门采药，医馆不留人过夜，不吉利。\n你小子滚蛋时门窗记得关好，要是有事物失窃了唯你是问。
Story/D_2_4_5_2_012,喔。
Story/D_2_4_5_2_013,啊，有了。
Story/D_2_4_5_2_014,我的包袱全都在这……重要的事物和钱财都一分没少，\n还把押金退还我了，那位杨老兄还真细心啊。
Story/D_2_4_5_2_015,好好一间客栈，居然就这样烧掉了。
Story/D_2_4_5_2_016,店里没啥客人虽是万幸，掌柜和他女儿、小二却都没了。\n唉，也是可怜。
Story/D_2_4_5_2_017,究竟是谁那么缺德放的火？\n该不会是对街另一间客栈忌妒这间生意好，所以放火烧店？
Story/D_2_4_5_2_018,没凭没据，可不兴乱说，发生这种事情谁也不乐意。
Story/T_2_4_5_2_003,客栈已经烧掉了，看来我只好去住另一间客栈了。
Story/O_2_4_5_2_002,「龙大侠，我与你并肩作战。」
Story/D_2_4_5_2_019,那客官你可得留神了。\n龙大侠武功高强，我未必能分心对你留手。
Story/O_2_4_5_2_003,「龙大侠，我来向你讨教一番。」
Story/D_2_4_5_2_020,哈，勇气可嘉，放马过来便是。
Story/O_2_4_5_2_004,「老子要打死你们两个！」
Story/D_2_4_5_2_021,我今日就要一口气和正邪两派的顶尖高手打～架～！
Story/D_2_4_5_2_1_001,呼，呼。
Story/D_2_4_5_2_1_002,小兄弟，功夫不坏。
Story/D_2_4_5_2_1_003,差不多是时候了，看我的千灯雷火弹！
Story/D_2_4_5_2_1_004,哇干！
Story/N_2_4_5_2_1_001,你精疲力竭下，在爆炸中被震波炸晕了。
Story/N_2_4_5_2_1_002,不知过了多久，你悠悠醒转来。
Story/D_2_4_5_2_1_005,这里是哪里？
Story/D_2_4_5_2_1_006,好像是医馆……床边有张字条，好像是留给我的。
Story/D_2_4_5_2_1_007,老夫出门采药，回家以前你若还没醒来滚蛋，\n老夫就抹开你的喉咙，直接埋掉。
Story/D_2_4_5_2_1_008,我的天！
Story/D_2_4_5_2_1_009,老夫出门采药，医馆不留人过夜，不吉利。\n你小子滚蛋时门窗记得关好，要是有事物失窃了唯你是问。
Story/D_2_4_5_2_1_010,喔。
Story/D_2_4_5_2_1_011,啊，有了。
Story/D_2_4_5_2_1_012,啊，嘶……牵动了伤口，全身都痛。
Story/D_2_4_5_2_1_013,我的包袱全都在这……重要的事物和钱财都一分没少，\n还把押金退还我了，那位杨老兄还真细心啊。
Story/D_2_4_5_2_1_014,好好一间客栈，居然就这样烧掉了。
Story/D_2_4_5_2_1_015,店里没啥客人虽是万幸，掌柜和他女儿、小二却都没了。\n唉，也是可怜。
Story/D_2_4_5_2_1_016,究竟是谁那么缺德放的火？\n该不会是对街另一间客栈忌妒这间生意好，所以放火烧店？
Story/D_2_4_5_2_1_017,没凭没据，可不兴乱说，发生这种事情谁也不乐意。
Story/T_2_4_5_2_1_001,客栈已经烧掉了，看来我只好去住另一间客栈了。
Story/N_2_4_5_3_001,在那之后，你住进镇上另一间风评较差的客栈。
Story/N_2_4_5_3_002,你伤势比想象的重，每日请店小二代煎一些李大夫那儿抓来的药材，\n在房中将养着。
Story/O_2_4_5_3_001,养病
Story/D_2_4_5_3_001,药真苦……还好得慢。\n李大夫开这方子，都没二师兄的药方一半管用。
Story/D_2_4_5_3_002,唉，没法子，就是这样了。\n李大夫开的刘寄奴、红丝线、北杏、陈皮、甘草都是祛淤活血的药材。\n这才是正理，反观二师兄动辄以毒攻毒，玩弄人体，才是邪魔歪道。
Story/D_2_4_5_3_003,总算好了，这阵子偶尔还会吐血，我还以为自己会死呢。\n好久没下床活动，筋骨都变僵硬了。
Story/D_2_4_5_3_004,哈……假若我要退出江湖的话，那一战也足够我夸耀一辈子了。
Story/D_2_4_5_3_005,在唐门一混好多年，庸庸碌碌。\n要走了还能见证如此精彩的高手对决，也算我的机缘了。
Story/D_2_4_5_3_006,姓赵的客官，您有访客，请您出门相见。
Story/D_2_4_5_3_007,我有访客？谁会找我。
Story/D_2_4_5_3_008,哥哥！
Story/D_2_4_5_3_009,云裳妹子！你怎么来了？
Story/D_2_4_5_3_010,默铃也在。
Story/D_2_4_5_3_011,小、师妹，唐姑娘，你好。
Story/D_2_4_5_3_012,……？你好。
Story/D_2_4_5_3_013,小师妹、云裳妹子，你们怎么来了？
Story/D_2_4_5_3_014,妹子，你先退远点，可不能往我身上黏。\n男女授受不亲，会弄臭你名声的，何况是我。
Story/D_2_4_5_3_015,哦。
Story/D_2_4_5_3_016,师兄，师兄。
Story/D_2_4_5_3_017,小师妹！见到你可真欢喜。
Story/D_2_4_5_3_018,你们怎么来了？
Story/D_2_4_5_3_019,我们来找你，你怎么一点也不开心？
Story/D_2_4_5_3_020,岂敢，岂敢。
Story/D_2_4_5_3_021,想不到我都下山了，二位贵千金竟还追着下来。\n可有什么小人可以效劳的地方？
Story/D_2_4_5_3_022,……。
Story/D_2_4_5_3_023,你怎么说话这样怪腔怪调的。
Story/D_2_4_5_3_024,我原没想过世上还有人会找我，尤其是你们二位。
Story/T_2_4_5_3_001,这两位小美人还真是来找这丑八怪的。\n这什么道理？我觉得自己没比他差，怎么就光棍呢？
Story/D_2_4_5_3_025,师兄。
Story/D_2_4_5_3_026,小师妹……唐姑娘，你好。
Story/D_2_4_5_3_027,……？师兄好。
Story/D_2_4_5_3_028,小师妹！
Story/T_2_4_5_3_002,我还道这一生一世不会见面了，\n要走之前还能见到你，真是太好了。
Story/T_2_4_5_3_003,这位小美人还真是来找这丑八怪的。\n不过听她喊师兄，那就不奇怪了。
Story/O_2_4_5_3_002,我好了
Story/D_2_4_5_3_029,我好了！都说越躺越病，我哪用吃药，动一动身体就会自然好了。\n我精神得简直可以打一套拳！
Story/D_2_4_5_3_030,客官，请别在小店上窜下跳，楼下都……都……！
Story/D_2_4_5_3_031,死了？……出、出人命啦！掌柜的！快报官！
Story/O_2_4_5_3_Break_01_001,来意
Story/D_2_4_5_3_Break_01_001,你们怎么不在山上，竟找到镇上来。
Story/D_2_4_5_3_Break_01_002,这事说来话长。
Story/D_2_4_5_3_Break_01_003,然而默铃饿了。你不先上菜喂饱我们，\n我们是不会从实招供的。
Story/D_2_4_5_3_Break_01_004,对吗？
Story/D_2_4_5_3_Break_01_005,对。
Story/D_2_4_5_3_Break_01_006,这下你知道该怎么办了吧。
Story/D_2_4_5_3_Break_01_007,真不知你在得意什么。
Story/D_2_4_5_3_Break_01_008,……。
Story/D_2_4_5_3_Break_01_009,……。
Story/D_2_4_5_3_Break_01_010,店小二！
Story/D_2_4_5_3_Break_01_011,小娘子有何吩咐？
Story/D_2_4_5_3_Break_01_012,请你帮我将这朵珠花典卖了，沏壶香片，再炒几道精致小菜。\n拿两副碗筷，还要有甜品、水果、香饮子，剩下的我想到再吩咐。
Story/D_2_4_5_3_Break_01_013,好，好，好。
Story/D_2_4_5_3_Break_01_014,默铃，我请你吃饭。
Story/D_2_4_5_3_Break_01_015,我回家就还你。
Story/D_2_4_5_3_Break_01_016,不用，我们是好朋友嘛，你也帮我摘过果子呀。
Story/D_2_4_5_3_Break_01_017,你们饿了？
Story/D_2_4_5_3_Break_01_018,我们坐那边去，不要理他。\n有什么话，等我们吃饱再说。
Story/D_2_4_5_3_Break_01_019,怎么还生气了？
Story/D_2_4_5_3_Break_01_020,这不是当然的吗？\n客官，你有钱住店，却还问东问西，舍不得掏钱请两位小娘子吃饭。\n被讨厌也是合情合理。
Story/D_2_4_5_3_Break_01_021,二位小娘子，请入座喝茶。\n瓜子是掌柜的一点心意，果子饮子马上就来。
Story/D_2_4_5_3_Break_01_022,……。
Story/N_2_4_5_3_Break_01_001,二位姑娘这顿饭吃了足有半个时辰，\n旁人见两个及笄少女到客栈独自用餐，有说有笑，都不禁啧啧称奇。
Story/N_2_4_5_3_Break_01_002,吃饱了饭才消了气，回来与你说话。
Story/D_2_4_5_3_Break_01_023,哥哥，你这几日都跑哪儿去了？
Story/D_2_4_5_3_Break_01_024,你怎么反问起我来了。
Story/D_2_4_5_3_Break_01_025,你都不知道出了大事吗？我说的可不是江陵的事喔。
Story/D_2_4_5_3_Break_01_026,我还真不知，是出了什么事？
Story/D_2_4_5_3_Break_01_027,默铃，你跟他说。
Story/D_2_4_5_3_Break_01_028,有人晚上偷袭。
Story/D_2_4_5_3_Break_01_029,什么？谁？
Story/D_2_4_5_3_Break_01_030,说得太笼统啦！再加把劲，你行的。
Story/D_2_4_5_3_Break_01_031,泥教的人，还有六大派的。
Story/D_2_4_5_3_Break_01_032,泥教的怎会不动声色打上唐门？畜生道不是正在包围江陵吗？\n六大派的人又是怎么回事，怎么全天下的武林人突然都涌进唐门了！
Story/D_2_4_5_3_Break_01_033,不知道。
Story/D_2_4_5_3_Break_01_034,接下来请默铃说明，可怜的我为何流落在街头。
Story/D_2_4_5_3_Break_01_035,都是我不好……我追一个坏人追到山下，然后就迷路了。\n云裳出来找我，我们就在一起了。
Story/D_2_4_5_3_Break_01_036,没别的师兄姊出来找人吗？\n云裳，怎么敢自己出来找人的？
Story/D_2_4_5_3_Break_01_037,开玩笑，我忒勇的好不好？
Story/D_2_4_5_3_Break_01_038,可是你也迷路了，还哭。明明是我找到你的。
Story/D_2_4_5_3_Break_01_039,我要是没出来找你，你怎么能找到我？
Story/D_2_4_5_3_Break_01_040,也是。
Story/T_2_4_5_3_Break_01_001,云裳对小师妹还真讲义气啊。
Story/D_2_4_5_3_Break_01_041,后来灯笼灭了，我们怕野猪会吃人，就上树去等到天亮。\n碰到一位樵夫爷爷带我们到镇上，又听说你也在，就找过来了。
Story/D_2_4_5_3_Break_01_042,原来如此。
Story/D_2_4_5_3_Break_01_043,现在你要负责带我们回山上。
Story/D_2_4_5_3_Break_01_044,但是我已经……。
Story/T_2_4_5_3_Break_01_002,唉，好吧，我总不能丢下她们俩走人，再送她们一趟便是。
Story/T_2_4_5_3_Break_01_003,回头再向唐门讨要跑腿钱便是。\n我现在不是唐门弟子了，可不帮人干白活。
Story/D_2_4_5_3_Break_01_045,小师妹，你怎不在山上，却只身跑到山下来？
Story/D_2_4_5_3_Break_01_046,我追坏人，迷路了。
Story/D_2_4_5_3_Break_01_047,什么坏人？
Story/D_2_4_5_3_Break_01_048,不知道。半夜到家里来捣乱的。
Story/O_2_4_5_3_Break_01_002,你怎敢只身去追？太莽撞了！（训斥）
Story/D_2_4_5_3_Break_01_049,还好你只是迷路，万一敌人故意引诱你追击，其实设了埋伏怎办？
Story/D_2_4_5_3_Break_01_050,……对不起……。
Story/D_2_4_5_3_Break_01_051,……。
Story/D_2_4_5_3_Break_01_052,是我不好，师兄，你不要生气。
Story/D_2_4_5_3_Break_01_053,想让我不生气，光用嘴说可不行，必须拍拍。
Story/D_2_4_5_3_Break_01_054,好。
Story/D_2_4_5_3_Break_01_055,拍拍，不要生气。
Story/D_2_4_5_3_Break_01_056,这还差不多。
Story/D_2_4_5_3_Break_01_057,唐门树敌不少，外边多得是不怀好意的人。\n像这种莽撞的行动，再也不许做了，明白了吗？
Story/D_2_4_5_3_Break_01_058,明白了。
Story/O_2_4_5_3_Break_01_003,有追到人吗？
Story/D_2_4_5_3_Break_01_059,追到了……可是那个人又被大山猪撞死了。
Story/D_2_4_5_3_Break_01_060,八成是那人侵踏到山猪的领地，为了保护幼猪，山猪才攻击的。\n否则一般山猪见人至多威吓几声就跑了。
Story/T_2_4_5_3_Break_01_004,原来是山猪娘亲在保护小孩。
Story/D_2_4_5_3_Break_01_061,师兄，你不回唐门吗？
Story/D_2_4_5_3_Break_01_062,这……这问题，真是难回答，哈哈。
Story/D_2_4_5_3_Break_01_063,……。
Story/D_2_4_5_3_Break_01_064,我很为难。
Story/T_2_4_5_3_Break_01_005,小师妹因为我离开而感到很为难？\n莫非在小师妹心目中，我多少有一点份量的吗？
Story/D_2_4_5_3_Break_01_065,我不回去的话，你会很为难，是吗？
Story/D_2_4_5_3_Break_01_066,嗯。
Story/D_2_4_5_3_Break_01_067,我不知道上山的路。
Story/D_2_4_5_3_Break_01_068,原来是这样啊，说得也是！
Story/D_2_4_5_3_Break_01_069,……因为你不认得回家的路？
Story/D_2_4_5_3_Break_01_070,对。
Story/D_2_4_5_3_Break_01_071,我就知道。
Story/O_2_4_5_3_Break_01_004,首先投食
Story/N_2_4_5_3_Break_01_003,你请厨房大火快炒，张罗出了几色简单点心小菜。
Story/N_2_4_5_3_Break_01_004,二位小娘子流浪一夜，都饿得狠了。\n这时也不讲究菜式如何，白米饭吃着都香。
Story/D_2_4_5_3_Break_01_072,～～！
Story/N_2_4_5_3_Break_01_005,这姑娘吃得很欢，看来是饿得狠了。\n小脚在桌下不安份地乱踢。
Story/O_2_4_5_3_Break_01_005,绑票
Story/T_2_4_5_3_Break_01_006,……现在四下无旁人能阻止我。\n云裳鬼灵精怪，但身子孱弱；小师妹虽然武功高强，但是天真无邪。\n说不定我能绑票她们。
Story/O_2_4_5_3_Break_01_006,放弃
Story/T_2_4_5_3_Break_01_007,算了，算了。想着我自己都出了一身冷汗。\n这不妥妥的是玩命吗？机会从来不属于我。
Story/O_2_4_5_3_Break_01_007,继续
Story/T_2_4_5_3_Break_01_008,……现在四下无旁人能阻止我。\n小师妹虽然武功高强，但是天真无邪，没有防人之心。\n说不定我能拐走她。
Story/T_2_4_5_3_Break_01_009,算了，算了。想着我自己都出了一身冷汗。\n这不妥妥的是玩命吗？机会从来不属于我。
Story/O_2_4_5_3_Break_01_008,上山
Story/D_2_4_5_3_Break_01_073,你们俩准备好了吗？
Story/D_2_4_5_3_Break_01_074,我好了。
Story/D_2_4_5_3_Break_01_075,默铃你呢？
Story/D_2_4_5_3_Break_01_076,好了。
Story/D_2_4_5_3_Break_01_077,那轿子在哪？
Story/D_2_4_5_3_Break_01_078,什么轿子？
Story/D_2_4_5_3_Break_01_079,没轿子的话，我有信心走在半路吐血身亡喔。\n你要是做好准备承担后果，我也不是不能走。
Story/D_2_4_5_3_Break_01_080,我去找轿夫便是。
Story/D_2_4_5_3_Break_01_081,我可以自己走。
Story/D_2_4_5_3_Break_01_082,那可不行，不能厚此薄彼。
Story/D_2_4_5_3_Break_01_083,很是，很是。
Story/D_2_4_5_3_Break_01_084,不行，必须走路的只有哥哥一个人。\n大不了我们挤一个轿子，你坐我腿上。
Story/D_2_4_5_3_Break_01_085,喔。
Story/N_2_4_5_3_Break_01_006,你在乡里找了两顶轿子。
Story/N_2_4_5_3_Break_01_007,这种力气活现如今都被飞石帮独揽，轿子又新，人也精神。\n自己单干的半老轿夫生意惨淡，见你不找飞石帮，光顾自己生意，\n要抬的还是两个娇小玲珑的小娘子，无不大喜，没口子夸你慧眼。
Story/N_2_4_5_3_Break_01_008,小师妹第一次坐轿子，总觉得不大自在，对轿夫感到颇抱歉。
Story/D_2_4_5_3_Break_01_086,小师妹，你准备好了吗？
Story/D_2_4_5_3_Break_01_087,好了。
Story/D_2_4_5_3_Break_01_088,走吧。
Story/D_2_4_5_3_Break_01_089,到家了，去吧。
Story/D_2_4_5_3_Break_01_090,好。
Story/D_2_4_5_3_Break_01_091,云裳妹子睡着了啊。
Story/D_2_4_5_3_Break_01_092,嗯，嗯，颠了半天，我很困……好想睡。
Story/D_2_4_5_3_Break_01_093,可是你还没洗澡。
Story/D_2_4_5_3_Break_01_094,嗯～我想睡……你帮我洗吧。
Story/D_2_4_5_3_Break_01_095,好。
Story/D_2_4_5_3_Break_01_096,？！
Story/D_2_4_5_3_Break_01_097,这就别过了，云裳，小师妹。
Story/D_2_4_5_3_Break_01_098,好。
Story/D_2_4_5_3_Break_01_099,这就别过了，小师妹。
Story/D_2_4_5_3_Break_01_100,你要去哪里？
Story/D_2_4_5_3_Break_01_101,我也要回我家了。
Story/D_2_4_5_3_Break_01_102,……。
Story/D_2_4_5_3_Break_01_103,？
Story/D_2_4_5_3_Break_01_104,我们不是到家了吗？
Story/D_2_4_5_3_Break_01_105,小师妹……不是的，这里不是我的家。
Story/D_2_4_5_3_Break_01_106,你总算知道回来了。
Story/D_2_4_5_3_Break_01_107,二师兄。
Story/D_2_4_5_3_Break_01_108,我要你别追的时候，你没听见吗？
Story/D_2_4_5_3_Break_01_109,听见了。
Story/D_2_4_5_3_Break_01_110,那为何不听话？
Story/D_2_4_5_3_Break_01_111,对不起。
Story/D_2_4_5_3_Break_01_112,……明日到炼丹房找我领罚。
Story/D_2_4_5_3_Break_01_113,好。
Story/D_2_4_5_3_Break_01_114,嗯？说起来你这家伙……。
Story/D_2_4_5_3_Break_01_115,二、二师兄好。
Story/D_2_4_5_3_Break_01_116,唐二侠好。
Story/D_2_4_5_3_Break_01_117,……哼。原来是这么回事。
Story/D_2_4_5_3_Break_01_118,小师妹，你先行入内问候掌门吧。\n迟迟不见你回来，师父快急坏了。
Story/D_2_4_5_3_Break_01_119,好。
Story/N_2_4_5_3_Break_01_009,你望着她们的背影渐行渐远，怅然若失。
Story/N_2_4_5_3_Break_01_010,你望着她的背影渐行渐远，怅然若失。
Story/D_2_4_5_3_Break_01_120,还以为这辈子不必再看到你这张丑脸了。
Story/D_2_4_5_3_Break_01_121,哼，丑得清奇。
Story/D_2_4_5_3_Break_01_122,我也以为这一生都不会踏上唐家大院了。
Story/D_2_4_5_3_Break_01_123,……你有钱租赁轿子，竟没钱换一套干净衣衫。
Story/D_2_4_5_3_Break_01_124,啊……穿惯了，没意会到。\n我下山就买一套新衣衫换，不敢再以唐门弟子自居了。
Story/D_2_4_5_3_Break_01_125,师弟！是你送二位姑娘回来的吧？
Story/D_2_4_5_3_Break_01_126,师弟！是你送小师妹回来的吧？
Story/D_2_4_5_3_Break_01_127,三师兄也好久不见了。
Story/D_2_4_5_3_Break_01_128,唐三侠也好久不见了。
Story/D_2_4_5_3_Break_01_129,什么唐三侠，叫得这么生份。
Story/D_2_4_5_3_Break_01_130,护送小师妹，有劳了。\n三师弟，给他一盏灯笼和赏钱，这便请下山吧。
Story/D_2_4_5_3_Break_01_131,二师兄，你这未免不通人情。\n天黑山路难行，怎么也该留客住一晚。
Story/D_2_4_5_3_Break_01_132,随你们便吧。
Story/D_2_4_5_3_Break_01_133,师弟，你想必也听说昨夜本门出的事了。
Story/D_2_4_5_3_Break_01_134,大致听说了，详情却还不大清楚。
Story/D_2_4_5_3_Break_01_135,说来汗颜，一夜一日过去，我们也还摸不着头脑。\n有些人忙着收拾残局，有些人搜寻小师妹的下落。
Story/D_2_4_5_3_Break_01_136,损伤可严重吗？
Story/D_2_4_5_3_Break_01_137,万幸有六大派的侠士出手，才没给魔教钻了空子。\n虽然有人负伤，但性命都保住了。
Story/D_2_4_5_3_Break_01_138,那就好。
Story/D_2_4_5_3_Break_01_139,明日一早，掌门便要临时招开家会。\n你把小师妹带回来了，他老人家必有嘉勉。\n还有什么话，留待明日再说吧。
Story/T_2_4_5_3_Break_01_010,我可不敢再抱什么期望了。
Story/D_2_4_5_3_Break_01_140,师弟，你从前的床位一直空着。\n我内心深处总信你会回来。
Story/D_2_4_5_3_Break_01_141,是、是吗……。
Story/D_2_4_5_3_Break_01_142,……。
Story/T_2_4_5_4_1_001,心动不如行动！
Story/D_2_4_5_4_1_001,我去找两顶轿子送你们上山吧。
Story/D_2_4_5_4_1_002,我自己可以走。
Story/D_2_4_5_4_1_003,自己走哪有坐轿子舒服！哥哥真细心。
Story/N_2_4_5_4_1_001,你找了两顶轿子，故意瞒骗他们要去外地，\n四名轿夫看你形貌猥琐，隐约觉得你不怀好意，颇觉为难。\n可是给足了钱，登时就将良心喂狗吃了。
Story/D_2_4_5_4_1_004,辛苦了，就到这里吧。
Story/D_2_4_5_4_1_005,……。
Story/D_2_4_5_4_1_006,嘻嘻……
Story/D_2_4_5_4_1_007,嘿嘿嘿，我的新娘子，为夫来了……！
Story/D_2_4_5_4_1_008,默铃就是现在！
Story/D_2_4_5_4_1_009,好险，莫非你们早就在提防我了吗？\n可惜啊，小师妹，你是念旧情，所以手下留情了吗？\n发这么软弱的镖，怎能伤得了我呢？
Story/D_2_4_5_4_1_010,哇啊！
Story/D_2_4_5_4_1_011,你、你怎么会从背后……那轿子里的……。
Story/D_2_4_5_4_1_012,当然是我。
Story/D_2_4_5_4_1_013,你……你们居然暗算我……！
Story/D_2_4_5_4_1_014,然后呢？
Story/D_2_4_5_4_1_015,他把我们骗出来，图谋不轨，幸亏我聪明实时看破，否则后果不堪设想。\n这禽兽兽面兽心表里如一，活着就是个祸害，一刀了结他最好。
Story/D_2_4_5_4_1_016,……但是，但是我小时候，受他很多照顾。
Story/D_2_4_5_4_1_017,……说得也是，我也……。
Story/D_2_4_5_4_1_018,不如我们割他衣服料子，把他绑起来送到官府吧。
Story/D_2_4_5_4_1_019,好。
Story/D_2_4_5_4_1_020,这算不算是妇人之仁？
Story/D_2_4_5_4_1_021,可是我们本来就是女子。
Story/D_2_4_5_4_1_022,说得也是！
Story/D_2_4_5_4_1_023,醒了？
Story/D_2_4_5_4_1_024,二、二师兄！这里不是府衙牢房吗？你怎么来的？
Story/N_2_4_5_4_1_002,你左右张望，但见捕快、狱卒倒了一地，心下骇然。
Story/D_2_4_5_4_1_025,你……你别过来啊！
Story/D_2_4_5_4_1_026,小师妹心慈饶恕了你，我若取你性命，枉费了她的美德。
Story/D_2_4_5_4_1_027,妈、妈巴羔子的，想杀就杀，别猫哭耗子！
Story/D_2_4_5_4_1_028,对！对，别杀我！你杀了我，小师妹就白饶我了！
Story/D_2_4_5_4_1_029,你就在这牢房里，永远别出来了。\n无论是何情由，有朝你重见天日，便是死期。
Story/D_2_4_5_4_1_030,……走了。
Story/O_2_4_5_4_1_001,谁管你，趁狱卒倒了一地逃出生天！
Story/D_2_4_5_4_1_031,傻子才听你的话！我跑快点，躲到天涯海角，\n我就不信你会浪迹天涯追杀我！
Story/D_2_4_5_4_1_032,他把人都放倒，倒方便我逃狱，\n好久没见着太阳，自由真好。
Story/D_2_4_5_4_1_033,我……怎么……。
Story/D_2_4_5_4_1_034,无论是何情由，有朝你重见天日，便是死期。
Story/D_2_4_5_4_1_035,啊……那句话，是这个意思吗……！\n毒发的触媒，就是太阳光……。
Story/N_2_4_5_4_1_003,你想通了，可惜为时已晚，瘫痪、癫痫、浑身血液有如沸腾，\n被阳光照射的肌肤浮起水泡，最终凄惨的死去。
Story/O_2_4_5_4_1_002,留下
Story/D_2_4_5_4_1_036,……。
Story/N_2_4_5_4_1_004,你听了二师兄一席话，果真不敢稍离半步。\n就算县老爷想将你拿到堂中抑或释放，你都抵死不从。\n就这样在牢里过了几十载春夏秋冬。
Story/D_2_4_5_4_1_037,老实在这儿待着！等县老爷发落！
Story/D_2_4_5_4_1_038,可恶……你们这群狗官，就知道欺负老实人。\n要是我会武功，怎能受你们欺负！我迟早会让你们好看！
Story/D_2_4_5_4_1_039,只管在这儿妄想吧。
Story/D_2_4_5_4_1_040,可恶……要是我会武功……要是我变强的话……！
Story/D_2_4_5_4_1_041,……想学武功吗，少年？
Story/D_2_4_5_4_1_042,老爷爷，您是……？
Story/D_2_4_5_4_1_043,小师妹～你准备好了吗～？
Story/D_2_4_5_4_1_044,好了。
Story/D_2_4_5_4_1_045,那咱们走吧。
Story/T_2_4_5_4_1_002,到这里就差不多了吧？\n看我一通花言巧语，把小师妹骗入洞房。
Story/D_2_4_5_4_1_046,小师妹……。
Story/D_2_4_5_4_1_047,小师妹？
Story/D_2_4_5_4_1_048,刚刚还在的，怎么人就这样突然失踪了？小师妹！
Story/T_2_4_5_4_1_003,……怎么办，师兄走丢了。
Story/D_2_4_5_4_1_049,饿了……。
Story/D_2_4_5_4_1_050,哎唷，看看，这是谁呀。
Story/D_2_4_5_4_1_051,帮主，这小娘子穿的好像是唐门女弟子的衣饰。
Story/D_2_4_5_4_1_052,你们知道唐门？
Story/D_2_4_5_4_1_053,那当然，三大世家嘛，方今天下谁不认识？\n我和上官世家的大娘子可熟稔了，小丫头，你认识上官萤吗？
Story/D_2_4_5_4_1_054,嗯，认识。
Story/D_2_4_5_4_1_055,哈哈！那敢情好，你也是我朋友啦。\n乖乖跟我走一遭吧，请你吃鱼脍。
Story/D_2_4_5_4_1_056,……不认识。
Story/D_2_4_5_4_1_057,不认识就算了，谁让你是唐门弟子呢。\n乖乖跟我走一遭吧，请你吃鱼脍。
Story/D_2_4_5_4_1_058,鱼脍……！
Story/D_2_4_5_4_1_059,哎喂，你还真想跟来啊。
Story/D_2_4_5_4_1_060,嗯。
Story/D_2_4_5_4_1_061,你叫什么名字？
Story/D_2_4_5_4_1_062,唐默铃。
Story/D_2_4_5_4_1_063,我叫刘颚。
Story/D_2_4_5_4_1_064,那我叫你刘大哥……可以吗？
Story/D_2_4_5_4_1_065,呵。
Story/D_2_4_5_4_1_066,哈哈哈哈哈！
Story/D_2_4_5_4_1_067,……？
Story/D_2_4_5_4_1_068,走了，默铃，你看过海吗？我带你坐船、吃鱼脍，乘风破浪。\n再去上官世家串门子。
Story/N_2_4_5_4_1_005,刘颚带小师妹回鬼岛海盗洞，一住便是半年之久。
Story/N_2_4_5_4_1_006,小师妹后知后觉，好一阵子才知道这男人便是叱咤海上的饿鬼道法王。\n起初有点心慌，但看他对自己秋毫无犯，也不禁自己写信回家，\n一颗心便渐渐放下来了。
Story/D_2_4_5_4_1_069,多年不见，唐大哥。
Story/D_2_4_5_4_1_070,唐世伯好。
Story/D_2_4_5_4_1_071,上官家主，老夫是为女儿来的。
Story/D_2_4_5_4_1_072,那唐老侠应该直接找刘某人才对。
Story/D_2_4_5_4_1_073,刘颚……！
Story/D_2_4_5_4_1_074,姓刘的小贼，好大狗胆。\n三番两次闯进我上官世家，这回总该纳命来了。
Story/D_2_4_5_4_1_075,爹！
Story/D_2_4_5_4_1_076,铃儿！有吃苦吗？
Story/D_2_4_5_4_1_077,没有，我信上有说，刘大哥待我很好。
Story/D_2_4_5_4_1_078,真、真的吗？不是他逼你写的？\n难道他没有对你做什么坏事吗？
Story/D_2_4_5_4_1_079,……有。
Story/D_2_4_5_4_1_080,我画图，他一直嘲笑我。
Story/D_2_4_5_4_1_081,但是真的很好笑啊，我要找人刻成壁画，假装是上古遗迹。
Story/D_2_4_5_4_1_082,我说的不是这种，他没有逼你做什么不想做的事吗？
Story/D_2_4_5_4_1_083,没有。
Story/T_2_4_5_4_1_004,……为何对我就这么坏？
Story/D_2_4_5_4_1_084,因为我好声好气请你去作客，你却一直骂我啊。
Story/D_2_4_5_4_1_085,不要乱读别人心声！
Story/D_2_4_5_4_1_086,多谢刘小兄弟对我爱女诸多照拂。
Story/D_2_4_5_4_1_087,别讲那些虚的，唐老侠，想谢我就快把这丫头拎回去。\n再待下去，我白鲨帮都会给她吃垮。\n天晓得她这么小只，怎这么会吃，给啥吃啥，无底洞似的。
Story/D_2_4_5_4_1_088,……要你管。
Story/D_2_4_5_4_1_089,哈哈哈！
Story/D_2_4_5_4_1_090,我走啦，还想吃鱼再来找我加入白鲨帮吧。
Story/D_2_4_5_4_1_091,上官世家岂容你旁若无人，说来就来，说走就走？
Story/D_2_4_5_4_1_092,上官家主，既然铃儿没事，这里就卖老夫一个薄面吧。
Story/D_2_4_5_4_1_093,……早就听说唐家掌门是个怪杰，今日一见，似乎名不虚传。\n上官大叔，你一样是三大家主，格局怎就差这么多？
Story/D_2_4_5_4_1_094,哈哈哈哈哈！再会啦！
Story/D_2_4_5_4_1_095,大哥，慢走。
Story/N_2_4_5_4_1_007,江陵大战之后，六派相互猜忌，纷争不断，\n掌门木僵，大师兄命丧飞石帮主之手，二师兄叛逃，\n唐门被污指为魔教党羽，遭到武林盟围攻，危如累卵。
Story/D_2_4_5_4_1_096,小师妹……跑吧……再跑就来不及了。
Story/D_2_4_5_4_1_097,三师兄……三师兄。
Story/D_2_4_5_4_1_098,都怪我……优柔寡断，迟迟不忍心将你嫁离本门，\n害你遭到连累……我唐升愧对掌门嘱托……。
Story/D_2_4_5_4_1_099,这小娘子终于知道怕了，看她花容失色，真是我见犹怜。
Story/D_2_4_5_4_1_100,唐门余孽，都是坏胚，可这唐姑娘着实貌美。\n我这次出征有功，索性废她武功，向盟主将她讨来作妾好了。
Story/T_2_4_5_4_1_005,……好可怕……谁来……谁来救救我……。
Story/D_2_4_5_4_1_101,不孝有三！
Story/D_2_4_5_4_1_102,{size=60}？！！{/size}
Story/D_2_4_5_4_1_103,何方神圣！竟敢暗中伤人！
Story/D_2_4_5_4_1_104,你们口口声声说人家是魔教党羽，结果连饿鬼道法王都认不得吗？
Story/D_2_4_5_4_1_105,刘颚！
Story/D_2_4_5_4_1_106,刘大哥！
Story/D_2_4_5_4_1_107,……原来你会哭啊。
Story/D_2_4_5_4_1_108,来得好，饿鬼道法王刘颚是吧?\n今日徐某就要替天下诛此元凶巨恶！
Story/D_2_4_5_4_1_109,呵呵呵，哈哈哈。
Story/D_2_4_5_4_1_110,死到临头，还有什么好笑的？
Story/D_2_4_5_4_1_111,哈哈哈哈哈！
Story/D_2_4_5_4_1_112,来吧，来吧，来吧。\n不是要替天行道吗？人间至恶在此！
Story/D_2_4_5_4_1_113,大哥，你别怕，铃儿带你看大夫。
Story/D_2_4_5_4_1_114,别趁机摸我胸，你这女禽兽。
Story/D_2_4_5_4_1_115,这种时候，你在说什么啊……。
Story/D_2_4_5_4_1_116,──找到了。
Story/D_2_4_5_4_1_117,师兄！你、你快救救刘大哥，他快死了。
Story/D_2_4_5_4_1_118,刘老兄，我找了我小师妹足足半年之久，我要带她走，你没意见吧？
Story/D_2_4_5_4_1_119,妈的，我留这么多血才抢到手的宝藏，你想黑吃黑？
Story/D_2_4_5_4_1_120,堂堂泥教法王重伤至此，这岂不是千载难逢的好机会？\n我宰了你，就能成为大侠了！
Story/N_2_4_5_4_1_008,刘颚拉过襟口将脸上血渍抹去，运功推动气血，脸色顿时恢复如常，\n黑衣吸去血水，浑似没事人似的。
Story/D_2_4_5_4_1_121,你……你应该受了重伤才对。
Story/D_2_4_5_4_1_122,别以为我不知道，就是你这缺德玩意拐的人。受死吧。
Story/N_2_4_5_4_2_001,你被打败了之后，刘颚将你五花大绑，跟白鲨帮弟兄会合。
Story/N_2_4_5_4_2_002,白鲨帮一路带着你回到海上，再推你下海喂鲨鱼。\n小师妹不忍直视，躲进舱中哭泣。
Story/D_2_4_5_4_2_001,什么嘛，强弩之末，还敢猖狂？
Story/D_2_4_5_4_2_002,{size=60}啊！！{/size}
Story/D_2_4_5_4_2_003,呜！
Story/D_2_4_5_4_2_004,别乱跑，站我身边。
Story/D_2_4_5_4_2_005,看吧？
Story/D_2_4_5_4_2_006,你怎么会躲雷？
Story/D_2_4_5_4_2_007,我不会啊。我一看打雷，想自己作恶多端，就知要被劈死了。\n随即又想到雷公多半不会劈好人，所以拉你过来避雷。
Story/D_2_4_5_4_2_008,万一我也被劈到呢？
Story/D_2_4_5_4_2_009,哈哈哈，那算你倒霉！
Story/D_2_4_5_4_2_010,……。
Story/D_2_4_5_4_2_011,这种时候就该骂一声『妈的』，来，跟我说一遍，妈的。
Story/D_2_4_5_4_2_012,才不要。
Story/D_2_4_5_4_2_013,敢问姊姊，仙家芳踪何往？
Story/D_2_4_5_4_2_014,女道长如何叫我姊姊？小婢万不敢当。
Story/D_2_4_5_4_2_015,公主方才推演天机，忽然脸一寒，言道：『惟此竖逆不能容。』\n掷棋出门请天雷诛邪，结果请了半天也没见下雨呀。
Story/T_2_4_5_4_2_001,那当然，难道你还真当公主有法力吗。
Story/D_2_5_1_001,各门各派的朋友们，辛苦你们一路远来秦州。\n小弟是崆峒派飞天门的门人。\n奉师尊火龙仙君的仙喻，下山来接引诸位。
Story/D_2_5_1_002,不过你们用不着急着向小弟通姓名，崆峒那么大，半年那么久，\n你们此刻说了，我也未必记得，真有缘多见几次面自然就熟了。\n总之先随我上山来吧。
Story/D_2_5_1_003,哦哦——此处便是崆峒派啊！
Story/D_2_5_1_004,正确的说，你们现在人在崆峒派四象广场。\n小弟在这帮你们诸位点个醒，以免你们之中有人不常在江湖走动的，\n无端犯了忌讳被赶下山去，到时莫说我没事先讲清楚。
Story/D_2_5_1_005,众所周知，我崆峒山古来便是宝地，博纳中原、西夏、吐蕃武学。\n是以飞天门为首，与夺魄门、铁拳门、玄功门合并成的古老大派。\n各门皆有掌门，而负责统辖四门的，则称为『掌派人』。
Story/D_2_5_1_006,几位别派的师兄弟们既然来到崆峒，小弟我也不卖关子了。\n想必各位也知道，自崆峒派先掌派人仙去以来，我崆峒群龙无首。\n本是不愿多涉江湖闲事的。
Story/D_2_5_1_007,所幸为期半年的留学，与来年春天，掌派人选任大典不会冲突。\n看在南宫老太爷的面上，师尊才甘冒不讳，代崆峒上下应承了此事。
Story/D_2_5_1_008,你们能来留学，都是我师尊火龙仙君争取的。\n你们可别做那忘恩负义的小人，要对我师尊充满敬意，晓得了吗？
Story/D_2_5_1_009,如今四门弟子都想拿下新掌派人之位，成为领衔崆峒的第一宗门。\n日子越近，大家关系越紧张，地盘意识也日益严重。
Story/D_2_5_1_010,各位都还不知将会分派到哪一门下见习，切记别轻易得罪了人。\n小弟去通报这会儿，还请各位师兄弟在此稍候，不要胡乱走动。
Story/D_2_5_1_011,……我说，这崆峒派怎么光秃秃的？\n浑不似我青城派四季常青，风景怡人。\n要在这待上几个月，就怕我头发也一并愁秃了。
Story/D_2_5_1_012,行了，青城的道友。\n谁不知青城三十六峯葱翠连绵，不愧巴蜀第一名山呢？\n我又何尝不想去青城与道友谈经论道呢。
Story/D_2_5_1_013,是呀，既来之则安之。\n既是南宫老前辈的主意，再馊，咱们这些武林后辈也得卖他面子，\n陪着耍耍这猴戏。
Story/D_2_5_1_014,这位峨嵋派的师妹说得有道理。\n不过这一趟也不算徒劳，好歹我们几个素不相识的，今日不就结识了吗？\n说来也算是短暂的同门之谊了。
Story/D_2_5_1_015,道友此话正合我心意。\n待会即使分派到不同门下见习，也莫忘了今日友情。\n大家说好不好？
Story/D_2_5_1_016,好！
Story/D_2_5_1_017,好！
Story/O_2_5_1_001,好！
Story/D_2_5_1_018,好！
Story/D_2_5_1_019,……。
Story/D_2_5_1_020,谁跟你好，闪远点。\n你是个什么东西，能和我们六大派的门人相提并论？
Story/D_2_5_1_021,有道是相由心生，看你长这德性，想必也不是什么好东西。\n麻烦识相点，别自以为是，你够资格与我们论交吗？
Story/D_2_5_1_022,二位师兄，快别这样了。\n唐门和南宫是世交，南宫老前辈的美意，唐门焉能拂逆？\n这人怕也是身不由己，给推出来敷衍罢了。
Story/D_2_5_1_023,还是师妹心善，这般体贴。
Story/D_2_5_1_024,和这种三流货色结交，还是算了吧。\n没的辱没我们的身份，他一看就知道是迟早会犯事的主儿，\n到时我们的名声也不免受牵连。
Story/D_2_5_1_025,……这倒也是。\n便是这样，唐门的这位师兄，请站远一点，我们不与你一道。
Story/D_2_5_1_026,好吧，那也不强求。
Story/D_2_5_1_027,有什么好稀罕的？\n我又没得罪你们，用得着这样奚落人吗？\n走就走，我也不想和你们几位大侠结交。
Story/D_2_5_1_028,你看，火闪电。\n远处那个青衣服的好似被排挤了，他们不和他做朋友。
Story/D_2_5_1_029,咿咿啊啊啊————！
Story/D_2_5_1_030,哇，你真是天下叫声最难听的鹤了。\n行了，先别叫了，你这疯鹤。
Story/D_2_5_1_031,好～之后要是有缘碰上了，\n本梅就去和那个青衣服的做朋友吧。
Story/O_2_5_1_002,不好。
Story/T_2_5_1_001,我还是别自讨没趣了。\n我有九成把握，他们没把我包含在内，我一出声八成就会讨骂。
Story/N_2_5_1_001,你悄悄地退远了些，不与他们一道，\n由他们三人兴高采烈、旁若无人的说个没完。
Story/D_2_5_1_032,哦，不是要抽选门派吗？\n等了半天等不到看起来能管事的人，却等来了一个美貌的小娘子。
Story/D_2_5_1_033,那也不坏便是。
Story/T_2_5_1_002,这二人方才还对我百般讨好，\n这黄衣女子一出现，眼珠子登时就定在她身上了。\n她有什么好的？额头这么高！
Story/D_2_5_1_034,各位师兄、师姐好，辛苦你们千里迢迢，跋涉光临敝派。\n本派弟子不曾奉茶，实是我们招待不周，祈请见谅。
Story/D_2_5_1_035,那有什么好客气的，江湖儿女，不必多礼。
Story/D_2_5_1_036,既是如此，便由我捻信，请各位来抽签可好？
Story/D_2_5_1_037,好是好，可我们虽是平辈，好歹也是别派代表。\n贵派四门掌门自恃身份不来相迎也索罢了，\n连一位有地位的长辈也不来见面，多少寒暄几句吗？
Story/D_2_5_1_038,呵，这也未免不把咱们全真、青城、峨嵋、唐门四派代表当回事了。
Story/D_2_5_1_039,这……说得也是，咱们扛着自派名声在外行走，\n若太不讲排场，凡事草率，以后天下人都会笑话咱们。\n依我看，这位黄衣小娘子还是去找位有身份的长辈出来相见吧。
Story/D_2_5_1_040,我的意见也一样，这是门派之间的大事，马虎不得。\n绝不是对你个人有意见，还请小娘子莫见怪。
Story/D_2_5_1_041,这样啊……那，这位青衣的兄长，也是同样意见吗？
Story/D_2_5_1_042,那是自然，我们四派一道来，意见当然一致。
Story/O_2_5_1_003,为了师门名声赞同。
Story/T_2_5_1_003,我被算成同伙了！快趁机赞同一下。
Story/D_2_5_1_043,就是说啊！
Story/N_2_5_1_002,眼下是挣面子的时候，说不得，\n全真、青城二位代表也只能暂且按下心中鄙夷，与你同仇敌忾抗议。
Story/O_2_5_1_004,抱着被别派敌视的觉悟唱反调。
Story/D_2_5_1_044,且慢，请这位峨嵋女侠别随意把我算作同伴。\n我与你们三位道不同，不相为谋。\n你们不愿让这位师姐抽签，那在下就先抽了。
Story/D_2_5_1_045,承蒙少侠瞧得起，那便请少侠先抽签，\n其余三位，待小女子请来崆峒年长的长辈，再作定夺可好？
Story/D_2_5_1_046,唉，枉我们将你当作同道。\n你偏要自贬身价，连累师门，那便随你高兴吧。
Story/D_2_5_1_047,真蠢啊，完全没见识、没格局。\n你怎不想想，以后江湖传闻咱们三派由崆峒前辈接待，\n而你唐门只由一名平辈的崆峒女弟子负责，岂不是凭空矮了咱们一截？
Story/D_2_5_1_048,唐门会没落，倒也不是没道理，可笑。
Story/D_2_5_1_049,啊，抱歉，小女子匆忙赶至，没来得及自介。
Story/D_2_5_1_050,小女子名唤魏菊，虽说年纪尚轻，见识亦浅，\n姑且算是现任崆峒派玄功门掌门喔。
Story/D_2_5_1_051,{size=40}……哈？掌门！？{/size}
Story/D_2_5_1_052,师兄、师姐们若嫌小女子地位不尊，有辱贵派格调，\n那唯有等到来年决出掌派人，才能由他老人家亲自招待了。
Story/D_2_5_1_053,这位唐门的赵活赵师兄，请随我来。\n依我看，也不必抽签了，你中意哪一门，小妹可以出力促成。
Story/D_2_5_1_054,小女子私心推荐玄功门。
Story/D_2_5_1_055,咦，你、你竟认得我？
Story/D_2_5_1_056,那是自然，各位来访之前，早有拜帖先来。
Story/D_2_5_1_057,慢着！你……掌门岂能如此偏心？
Story/D_2_5_1_058,掌门……掌门这是故意戏耍晚辈吧。\n一直用『小女子』这样的谦称自称，\n你又那么年轻，当然……当然会以为你是平辈中人吧。
Story/D_2_5_1_059,我们是平辈，没有错呀。\n魏菊确是江湖资历浅薄的无德女子，我不觉得如此自称有何失妥。
Story/D_2_5_1_060,说到底，『掌派人』才是敝派的领袖，与别派掌门地位齐平。\n至于崆峒派中的掌门于各派而言，却有点儿像虚衔，是吧？
Story/D_2_5_1_061,我想你们也不愿无端被虚衔所压，显得敝派有意作态。\n决计没有刻意戏弄人的意思。
Story/D_2_5_1_062,呃……。
Story/D_2_5_1_063,对不起！掌门人，是我们错了，冒犯了您。\n大人不记小人过，我们都愿意抽签了。
Story/D_2_5_1_064,是吗？那可太好了。\n没什么冒犯不冒犯的，我可没有那样小心眼呢。
Story/D_2_5_1_065,那便请这位赵师兄先选，选剩的，再给各位抽签吧。
Story/D_2_5_1_066,怎么能这样？\n至少给我们一个公平抽签的机会！\n否则这事传出去，世人难免会嫌掌门处事不公啊！
Story/D_2_5_1_067,这也倒不是没有可能。\n只是身为掌门，说出去的话可不能当作不算数啊。
Story/D_2_5_1_068,我若与他们同样待遇，那才叫不公平呢。
Story/D_2_5_1_069,赵师兄说的也有道理。
Story/D_2_5_1_070,那不如这样吧，小女子以玄功门掌门身份，\n请问赵师兄一句：你可愿来我玄功门见习吗？
Story/D_2_5_1_071,如若不愿，再去和其他几位师兄、师姐一同抽签。\n这样也算是折衷公道吧。
Story/O_2_5_1_005,我要去玄功门
Story/D_2_5_1_072,好，那么就一言为定，请随我门下弟子去。\n她会为你安排住处，待小女子将此间事情办完，再与赵师兄叙话。
Story/N_2_5_1_003,其余三人瞪着你，恨得牙痒痒的，却也莫可奈何。\n在那之后，三人亦各自抽了签，由各门弟子领至招待所。
Story/O_2_5_1_006,无妨，我一起抽签便了，也省得令魏掌门为难
Story/D_2_5_1_073,真可惜，我以为你会答应的。
Story/T_2_5_1_004,不过，人不可貌相，这位赵公子还是很有骨气的。
Story/O_2_5_1_1_001,铁拳门
Story/D_2_5_1_1_001,啊，赵师兄抽中了铁拳门呀。
Story/D_2_5_1_1_002,铁拳门的职司比较驳杂，\n锻铁、农务、酿酒、腌制、打猎、宰割、民生器物等等，都由铁拳门包办。
Story/D_2_5_1_1_003,论人数的话，是四门之中最多的。\n不过人多也就鱼龙混杂，还有些小女子难以启齿的营生，\n且容我略过不谈。
Story/D_2_5_1_1_004,铁拳门弟子较难约束，只怕赵师兄难免会碰到不顺心事。\n若有招待不周处，请容小女子在此先赔个不是，多多担待。
Story/D_2_5_1_1_005,若有实在难办的事情，也可以托人传讯告知我。\n但教小女子力所能及，必不推辞。
Story/D_2_5_1_1_006,好，多谢掌门。
Story/O_2_5_1_1_002,玄功门
Story/D_2_5_1_1_007,哦，赵师兄竟抽到了我玄功门。
Story/D_2_5_1_1_008,兜来转去，还是有缘。
Story/D_2_5_1_1_009,可不是吗？
Story/D_2_5_1_1_010,请赵师兄先随我门下弟子前往招待所。\n待我此间事情办完，再与赵师兄叙话。
Story/D_2_5_1_1_011,好的。
Story/O_2_5_1_1_003,夺魄门
Story/D_2_5_1_1_012,是夺魄门。\n夺魄门在本门司任潜火、夜巡、缉凶，责任重大。
Story/D_2_5_1_1_013,只是敝派夺魄门，因为昼伏夜出，脸色往往比较憔悴；\n再者武功路数又与中原各派迥异，经常受误会，为人诟病。\n希望赵师兄见习后，可以识其本心，将来为夺魄门分说一二。
Story/D_2_5_1_1_014,这门派名字听起来怪吓人的。
Story/D_2_5_1_1_015,赵师兄说笑了。
Story/N_2_5_1_1_001,你要听的不是这种回答，魏掌门轻轻带过，不由得令人更不安了。
Story/D_2_5_1_1_016,没问题。
Story/D_2_5_1_1_017,{size=24}夺魄门的人往往比较冷淡，若受了冷遇，{/size}\n{size=24}希望赵师兄可以大人大量，不要往心里去。{/size}
Story/D_2_5_1_1_018,好，我知道了，我也不是头一天受人冷遇了。
Story/D_2_5_1_1_019,真是的，难得我亲自邀请你了，你偏不来。
Story/O_2_5_1_1_004,飞天门
Story/D_2_5_1_1_020,是飞天门呀～赵师兄手气真好。
Story/D_2_5_1_1_021,飞天门是崆峒第一门，历来崆峒掌派人多半出身于此。\n说是崆峒代表亦不为过，武林诸事相邀，也都是飞天门出面协调。\n此外亦持法统，定方策与三派掌门共商。
Story/D_2_5_1_1_022,请问魏掌门，相传飞天门懂仙法，会御剑飞天，此话当真吗？
Story/D_2_5_1_1_023,你、你怎么打断掌门说话？
Story/D_2_5_1_1_024,赵师兄不介意的话，小女子亦无妨。
Story/D_2_5_1_1_025,其实我也有点好奇。
Story/D_2_5_1_1_026,这个小女子就不好说了。\n毕竟我年纪也轻，就算住得近，也无缘得见御剑神技。
Story/D_2_5_1_1_027,结果谁也没见过吗，难道御剑术真的是痴心妄想？
Story/D_2_5_1_1_028,不过呢，先掌派人虽不会飞，但有一柄仙剑，可以飞剑伤敌。\n此剑正插在敝派半雨屏的洞顶，诸位得闲，可以去观览名胜。
Story/D_2_5_1_1_029,当真？
Story/D_2_5_1_1_030,当真。此外，现任飞天掌门的火龙道长，也以仙法闻名。\n我没见过他飞，但他会喷火喔。
Story/D_2_5_1_1_031,那无疑就是真仙了，这家伙何德何能，这般好运！\n去飞天门的机会，应该让给我才对！
Story/D_2_5_1_1_032,呵呵，愿赌服输，我可没有偏袒赵师兄喔。
Story/D_2_5_1_1_033,这……我当然知道，魏掌门说笑了。
Story/T_2_5_1_1_001,魏掌门这话里的太极功夫好厉害，既回护了我，自己也不受伤。\n令这家伙无力施为。
Story/D_2_5_1_1_034,就算想要偏袒，也是将赵师兄劝诱到玄功门下才对。\n怎么能把这样的人才拱手让人呢？
Story/T_2_5_1_1_002,魏掌门真的是处处顾我的面子，处处维护我。\n我从没这样给人关照过。
Story/T_2_5_1_1_003,就算只是为了藉我气一气这几个对她出言不逊的，我也算值了。
Story/D_2_5_1_1_035,天命如此，其他人想投飞天门，那就等半年以后吧。
Story/D_2_5_1_1_036,赵师兄，容小女子再唠叨几句。\n飞天门地处地势最高的一带，风景绝佳，就是要千万小心，别失足了。
Story/D_2_5_1_1_041,我这便请飞天门的弟子下来，领你去招待所。
Story/D_2_5_1_1_042,好，有劳魏掌门了。
Story/D_2_5_2_1_001,哎呀，小妹事多，累赵师兄久候，还请恕罪。
Story/D_2_5_2_1_002,哪里的话，魏掌门太客气了。
Story/D_2_5_2_1_003,都无人上茶吗？真是太简慢了。\n那么赵师兄请坐，小妹亲自泡茶陪礼如何？
Story/D_2_5_2_1_004,掌门师妹！你万万不可纡尊。\n你是玄功门的门面，而这人只不过是别派弟子，\n我听说他还是什么外姓弟子，说穿了就是打杂的。
Story/D_2_5_2_1_005,……。
Story/D_2_5_2_1_006,师姐这话，小妹可不敢苟同。\n职业岂分贵贱？若分了贵贱，人人都只愿做体面事，\n你我焉能有今日丰衣足食的好日子可过？
Story/D_2_5_2_1_007,可是──
Story/D_2_5_2_1_008,师姊，先别说了，请你去将十二茶具都取来。
Story/D_2_5_2_1_009,……遵奉掌门号令。
Story/D_2_5_2_1_010,魏掌门，你如何对我这般礼遇呢。\n我确如你师姊所说，只是个外姓弟子罢了。
Story/D_2_5_2_1_011,孔圣有云：『不学礼，无以立。』在小妹看来，\n赵师兄比之其他几位名门高足更懂人情世故，要成熟得多。
Story/D_2_5_2_1_012,……你果然还是生他们的气了？
Story/D_2_5_2_1_013,我哪有！赵师兄可别冤枉好人。
Story/D_2_5_2_1_014,茶具来了，我放这儿，掌门请用。
Story/D_2_5_2_1_015,多谢师姊。
Story/D_2_5_2_1_016,不过，小妹对赵师兄的客气，若说全是待客之诚，又显矫情了。\n只好承认，确实是想挫挫那些个名门高足的气焰，才借了赵师兄的势。
Story/D_2_5_2_1_017,且让小妹亲手奉茶一杯，向赵师兄告个罪，再说正事不迟。
Story/D_2_5_2_1_018,远来是客，是我没有言明在先，怎么怪得了你呢？\n况且尊师唐掌门是武林前辈，小妹尊敬都来不及，\n得他亲笔信吩咐，如何敢不从命呢？
Story/D_2_5_2_1_019,赵师兄既代表唐门，小妹若不礼敬，便是扫了唐门的脸面。\n这个罪名，小妹可担当不起。
Story/T_2_5_2_1_001,多亏了掌门，用心良苦。
Story/D_2_5_2_1_020,茶具来了，我放这儿，掌门请用。
Story/D_2_5_2_1_021,多谢师姊。
Story/D_2_5_2_1_022,喝完这杯茶，聊尽地主之谊，便说正事吧。
Story/D_2_5_2_1_023,请赵师兄品茗。
Story/D_2_5_2_1_024,多谢魏掌门赐茶。
Story/N_2_5_2_1_001,你端起茶碗，不急便饮，静看茶盏中汤花咬盏，再缓缓饮啜入喉。
Story/T_2_5_2_1_002,这位赵师兄，倒是懂茶的行家。
Story/N_2_5_2_1_002,你端起茶碗，稍微呵凉了些，便一饮而尽。
Story/D_2_5_2_1_025,好茶。
Story/T_2_5_2_1_003,赵师兄连品都不品，便一饮而尽，怎么知道是好茶呢？唉。
Story/D_2_5_2_1_026,玄功门在崆峒派、上掌典籍，下掌一切户籍、六畜、收支用度。\n赵师兄到此见习，吃穿用度倒不至短缺。\n只是想要习练高深武学，却有小小为难。
Story/D_2_5_2_1_027,这话怎么说呢？
Story/D_2_5_2_1_028,玄功门以内功见长，门中弟子均习练铁琵琶功。\n习练者要以单脚立桩，以腿托住铁琵琶，这是飞天门『鹤桩』的功夫；\n要掀动琴弦，又需夺魄门『霜刀破竹指』的指力。
Story/D_2_5_2_1_029,如此尚且不能发出声响，只能积累日月，静候玄功渐成。\n门中弟子以铁琵琶奏完一曲，才能算是过关，往往需要七、八年不等。
Story/D_2_5_2_1_030,那我怎么练？我在这儿只能待半年啊。
Story/D_2_5_2_1_031,这便是小妹所说的为难处了。\n不过赵师兄莫急，小妹可以为你借来别门秘籍。
Story/D_2_5_2_1_032,咦？可以吗？
Story/D_2_5_2_1_033,呵呵，多少滥用了一下掌门职权，别介意，别介意。
Story/O_2_5_2_1_001,飞天门秘籍《飞天脚》
Story/D_2_5_2_1_034,飞天脚是飞天门弟子人人皆会的轻功。\n其实是从另一部高深武学《仙鹤迷踪拳》简化而来。\n『鹤桩』的基本功，此书就有记载唷。
Story/O_2_5_2_1_002,夺魄门秘籍《无影爪》
Story/D_2_5_2_1_035,无影爪是夺魄门弟子无人不晓的奇门武功。\n如今都是请铁拳门打造有带铁爪护腕来施展，不过从前是用手指的。\n『霜刀破竹指』的诀窍，也并入了这部书中。
Story/O_2_5_2_1_003,铁拳门秘籍《铁臂神拳》
Story/D_2_5_2_1_036,铁臂神拳是外壮筋骨的苦功夫，和嵩山铁砂掌差不多道理。\n因为铁拳门良莠不齐，来的人多，去的人也多，其中难免有顺手牵羊之辈。\n因此此拳经早已流传到江湖上去了，铁拳门人反而不会用，呵呵。
Story/D_2_5_2_1_037,多谢魏掌门厚赐，我一定好好习练。
Story/D_2_5_2_1_038,赵师兄莫同小妹客气。\n只愿南宫老太爷的心愿当真能成，武林再无纷争吧。\n小妹事忙，请恕不能日日去关切，等过些时日，再去探望你。
Story/D_2_5_2_1_039,师姐，能否请你带这位赵师兄去招待所歇息？
Story/D_2_5_2_1_040,弟子遵奉掌门旨意。赵师兄，这边请。
Story/D_2_5_2_1_041,这处便是本派新建的招待所了，赵师兄请住北面执明厢房。
Story/D_2_5_2_1_042,多谢师姐。
Story/D_2_5_2_1_043,……我有一良言相劝于赵师兄。
Story/D_2_5_2_1_044,师姐请说，在下洗耳恭听。
Story/D_2_5_2_1_045,我玄功门掌门虽然年轻，但是地位崇高，备受敬重。\n她能以这年纪阅历，与三门掌门分庭抗礼，可想而知是何等人物。
Story/D_2_5_2_1_046,魏掌门对你十分客气，口口声声以小女子、小妹自居，\n赵师兄却不能习以为常，真以平辈资格与掌门论交，否则只怕后患无穷。
Story/D_2_5_2_1_047,……哦，好，我明白了。
Story/D_2_5_2_1_048,赵兄弟，我可是劝过你了，但愿你有听进去才好。
Story/D_2_5_2_1_049,师姐多虑了，我自然知晓分寸。\n礼贤下士是魏掌门的美德，我却不能不知好歹。
Story/D_2_5_2_1_050,赵师兄是知礼之人，看来确是我多虑，说话冒犯了。
Story/D_2_5_2_1_051,不，承蒙师姐的好意提醒，感激不尽。
Story/D_2_5_2_1_052,赵师兄在崆峒派期间，都是我派客人。\n诸事不敢有劳，吃穿皆有玄功门作靠山。\n只是崆峒派能人异士人多，入无色广场市集，请务必小心随身财物。
Story/D_2_5_2_1_053,那么我便告辞了，赵师兄请自便。
Story/N_2_5_2_1_003,自拜入唐门以来，头一次离家那么远，多少忐忑难免，\n但此刻你心中更多的是踌躇满志，满腔热血。\n你在崆峒派为期半年的留学生活正式展开了。
Story/D_2_5_2_2_001,哈哈哈哈，各位别派朋友，这可真是不好意思了。\n虽然自己这样说不好，不过铁拳门乃是崆峒最烂的一门啊！\n其他三门不要的人都尽往我们这里塞，所以闲杂人等特别多。
Story/D_2_5_2_2_002,掌门师伯，你这样说不好吧。\n再怎么样也别用『烂』这个字眼呀，别说我们一众同门听了不好受，\n别派的朋友听了又该作何感想？
Story/D_2_5_2_2_003,烂就是烂嘛，俺们铁拳门日子过得特别窝囊，也不是什么秘密。\n用不着什么矫饰，到时人家失望，反倒怪洒家不老实。
Story/D_2_5_2_2_004,说来也不怕各位笑话，铁拳门呢，就是专干没人爱干的粗鲁营生。\n打铁、修脚、剃头、裁缝、耕作、升秤、卖油、走卒，诸如此类。\n在场也有小娘子，更脏的洒家就不说了。
Story/D_2_5_2_2_005,顺带一提，洒家虽然是掌门，但是武功不怎么济事，\n教还是会教的，但最好别期待洒家会的是啥子厉害武功。
Story/D_2_5_2_2_006,掌门不要灭自己威风啊！
Story/D_2_5_2_2_007,那不然怎么办？洒家若是故作姿态，\n结果到时他们之中有人武功比洒家还高，把洒家给打了岂不是更难堪？
Story/D_2_5_2_2_008,呃……。
Story/D_2_5_2_2_009,对了，洒家是粗人，不懂绕弯子，丑话说在前头。\n铁拳门没有不要钱的酒肉米粮，招待不了金贵的高门子弟。\n你们既来了就得干活养活自己，要不就早早收拾，回贵派复命吧。
Story/D_2_5_2_2_010,有没有搞错？这算什么事？
Story/D_2_5_2_2_011,我早知南宫老爷子的想法实属强人所难，异想天开，\n崆峒派不将把真传示人，原也无可厚非，\n但掌门竟要我们自己下地干活，这逐客令也下得太粗鲁了些。
Story/T_2_5_2_2_001,……。
Story/O_2_5_2_2_001,忍辱负重
Story/T_2_5_2_2_002,虽然不甘心，但是若不妥协，\n我仍是只能回到唐门，永无翻身之日，须得忍辱负重才行。\n就算是粗浅的武功，好歹也是有人教的。
Story/D_2_5_2_2_012,既是如此，这闹剧就到此为止，绝非晚辈不顾念前辈颜面，\n实在是天生骨头硬，不能折腰，既然勉强不来，这就告辞！
Story/D_2_5_2_2_013,雷掌门，晚辈也不奉陪了。\n既然你也说铁拳门没啥本事可学，大伙犯不着浪费彼此时间！\n众位武林同道，若觉小弟说得有理，便一块走吧！
Story/N_2_5_2_2_001,各派年轻武林人均自忿忿，听了这话，纷纷下了山去。
Story/D_2_5_2_2_014,你小子怎么不走？洒家可不是同你说笑来着。\n你若想留，那便得做事。
Story/D_2_5_2_2_015,那倒无妨，我在唐门，杂活也做惯了。
Story/D_2_5_2_2_016,这可是你说的，别到时反怪咱们待客不周啊。\n洒家再不妨挑明点，南宫世家这回赞助的钱财，没一个子儿落到洒家手里，\n所以你也别怪老子吝啬。
Story/D_2_5_2_2_017,岂敢、岂敢。
Story/D_2_5_2_2_018,……。
Story/D_2_5_2_2_019,……。
Story/D_2_5_2_2_020,好你个小子，还不坏，天生一副苦命相，\n看起来倒是和我们铁拳门挺契合，叫啥名字？
Story/D_2_5_2_2_021,小子名叫赵活，请掌门多指教。
Story/D_2_5_2_2_022,别叫掌门了，老哥哥我掌门作得好心虚，又没啥本事。\n不过是怕铁拳门弟子再受其它三门欺压，这才硬着头皮上的。\n你随其他人一道，喊我作大哥便了。
Story/D_2_5_2_2_023,好，雷大哥！小子赵活，请多指教了。
Story/D_2_5_2_2_024,好，赵小子，这才够爽快。
Story/D_2_5_2_2_025,既然前辈执意如此，那便容小弟斗胆僭越了。
Story/D_2_5_2_2_026,说什么僭不僭的，别文邹邹的，爽快点！
Story/T_2_5_2_2_003,这位掌门看似为老不尊，却是一位热心的人。
Story/O_2_5_2_2_002,参与暴动
Story/D_2_5_2_2_027,岂有此理，我们也不是自己想来铁拳门的。\n你们崆峒派弟子去各派见习，也断没有被这样对待的道理！\n掌门此话，未免太寒江湖同道的心！
Story/D_2_5_2_2_028,这位兄弟说的对极，南宫家主分明捐了善款，\n崆峒派若不愿共襄盛举，当时又何必收了善款？\n既收了善款，就好好办事啊！
Story/D_2_5_2_2_029,这还算是六大派之一吗？简直是流氓！\n看我不到江湖上去大肆宣传，就说崆峒派将客人当奴役使唤！
Story/D_2_5_2_2_030,小兔崽子说啥！你们这帮小兔崽子倒是去啊！\n洒家不妨老实说，交换弟子留学别派这事儿，洒家本就极不看好的。\n只是火龙老道话都说出口了，洒家顾念同门之情才不得不奉陪。
Story/D_2_5_2_2_031,说敢提什么善款，老子咋就没见过一文钱？\n你不说老子还不生气，真有钱还不玄功门那小丫头掌着，哪曾轮得到铁拳门花用？\n众弟子！抄家伙！要干架了！
Story/D_2_5_2_2_032,什么！你、你竟要对别派弟子动粗吗！
Story/D_2_5_2_2_033,这哪里是动粗！妈巴羔子的，你不是来习武的吗？\n这是实战对练！是考核来着！\n看老子不一锤子敲醒你们这群不用烦恼生活、尽把江湖当儿戏的混蛋公子哥！
Story/D_2_5_2_2_1_001,今日洒家就传你一部整汇了本门外功与冶炼手艺的……的秘籍！\n你先自个儿学着来，不懂的到时到铁铺来，边做边学，越学越壮！\n过几日我再叫熟人过去，看看你学得怎样了。
Story/T_2_5_2_2_1_001,自己说自己写的书叫做秘籍，脸皮还真得厚点。
Story/D_2_5_2_2_1_002,多谢雷大哥。
Story/D_2_5_2_2_1_003,哎～咿，客气了！这破书是我自己写的，字丑别见怪呀。\n今日就这样吧，你好歹算客人，不做事的时候犯不着和咱们老粗混一块儿。
Story/D_2_5_2_2_1_004,二男，你带赵小子去新装潢的接待所。\n咱们出的力，自个儿享受不到，倒便宜了这小子。
Story/D_2_5_2_2_1_005,这处便是本派新建的招待所了，你住西面监兵厢房。\n你住归住，若有人喊你一块儿去饭堂吃饭，你便别跟他们客气。\n若没有，也不必意外，听见敲饭钟，便过来工地和我们一起吃饭吧。
Story/D_2_5_2_2_1_006,铁拳门向来是这么受苛待吗？
Story/D_2_5_2_2_1_007,那倒不是，就是我们祖上几代的掌门，都是热心肠。\n别派不要的人，都一古脑儿收了，久而久之人就变得很多。\n有些天生就懒，光吃饭不做事，很可恶。
Story/D_2_5_2_2_1_008,那四门的人都得吃饭呀，我们人多所需食粮、民生用品就多。\n其他三门就不乐意了，闹到最后，铁拳门便退让了一步，\n包揽其他三人不愿作的杂役，吃穿也都从简，能养活人就好。
Story/D_2_5_2_2_1_009,几代下来，就变成今日这个模样了。\n你要是碰到其他三门的人对你冷嘲热讽，不要理他们就好。\n回头告诉我们，我们在他们漂亮菜肴里放鼻屎报复。
Story/D_2_5_2_2_1_010,这招带劲儿，谁惹做吃的人谁蠢蛋，自讨屎吃。
Story/D_2_5_2_2_1_011,这话说的再对也没有了。
Story/D_2_5_2_2_1_012,哇干……这招未免也太缺德了点。
Story/D_2_5_2_2_1_013,哪能呢？没有用屁股直接朝菜肴上喷洒，已经算顾念同派情谊了。
Story/D_2_5_2_2_1_014,幸好我抽中了铁拳门！老天保佑！
Story/D_2_5_2_2_1_015,哈哈哈哈～！老咧，俺要走了。\n赵兄弟就代我们出口恶气，把这招待所当自己家弄得乌烟瘴气吧。
Story/N_2_5_2_2_1_001,自拜入唐门以来，头一次离家那么远，多少忐忑难免，\n但此刻你心中更多的是踌躇满志，满腔热血。\n你在崆峒派为期半年的留学生活正式展开了。
Story/D_2_5_2_2_2_001,我不玩了！我下山去就是了！\n混账东西，有什么好稀罕的！教武功就算了竟还会打人！
Story/D_2_5_2_2_2_002,我要告诉我师父！我要回家告诉我师父！\n你们走着瞧！
Story/O_2_5_2_2_2_002,我认输，不要打我。
Story/D_2_5_2_2_2_004,你小子方才不是挺不满的吗？何不随那群人一块下山去。
Story/D_2_5_2_2_2_005,掌门，我又不知道你们铁拳门没拿到钱，有话好好说嘛。\n我也是经常给人压榨，很能同理你们处境。
Story/D_2_5_2_2_2_006,呃……是、是吗？\n说得似也有理，这回是洒家莽撞了点，那啥……对不住了。
Story/D_2_5_2_2_2_007,不过洒家莽撞也不是一两日的事，\n你们这群小子，竟也不拦我，还一块起哄。\n你看把人家打成这样面目全非的，怎么赔罪才好？
Story/D_2_5_2_2_2_008,没有啊，掌门，他本来就长这样的。
Story/D_2_5_2_2_2_009,休得胡言，哪有人能长这样的？\n行了你别说，越说越不像话。
Story/D_2_5_2_2_2_010,小兄弟，这回是老哥哥不对。\n你若不嫌弃，也别叫我掌门了，喊我一声大哥得了。\n洒家也不过大你几岁，胡子多了些，给人掌门掌门的叫，怪别扭的。
Story/D_2_5_2_2_2_011,那怎么行？
Story/D_2_5_2_2_2_012,有什么不行？\n这叫那啥，什么臭猪……上不了台面？有这谚语吗？
Story/D_2_5_2_2_2_013,我哪知道，可能是你刚才自创的。\n大……掌门，没读书就不要逞强了。
Story/D_2_5_2_2_2_014,反正就是这个意思，你懂就好。\n谁叫洒家师兄弟都不管事呢？\n洒家再不出头，只怕铁拳门弟兄会给其他三门欺负得更惨。
Story/T_2_5_2_2_2_001,这位掌门看似为老不尊，却是一位热心的人。
Story/D_2_5_2_2_2_015,总之不打不相识，你也别见外了，\n实际上这群铁拳门人也是喊我大哥喊惯的。
Story/D_2_5_2_2_2_016,是真的，今日是有外人，怕给人见笑才叫掌门。\n喊得我们怪别扭的。
Story/D_2_5_2_2_2_017,好，雷大哥！小子赵活，请多指教了。
Story/D_2_5_2_2_2_018,好，赵小子，这才够爽快。
Story/D_2_5_2_2_2_019,既然前辈执意如此，那便容小弟斗胆僭越了。
Story/D_2_5_2_2_2_020,说什么僭不僭的，别文邹邹的，爽快点！
Story/D_2_5_2_3_001,晚辈唐门赵活，拜见前辈。
Story/D_2_5_2_3_027,呃……请恕在下眼拙，\n斗胆请问，哪一位是夺魄掌门姚前辈？
Story/D_2_5_2_3_002,都不是。\n掌门不在此间。
Story/D_2_5_2_3_003,赵兄弟，你有缘入我夺魄门，算是半个自己人。\n我们不妨开门见山把话说了如何？
Story/D_2_5_2_3_004,什么话？还请赐教。
Story/D_2_5_2_3_005,下届崆峒掌派人大选之事，想必你已有听闻。
Story/D_2_5_2_3_006,略有耳闻。
Story/D_2_5_2_3_007,这是本派三十年一度的大事。\n先掌派人任期未暨，便已仙游，本派向来多纳奇人异士，不可群龙无首。\n管他山摇地动，明年掌派人大选亦势在必行。
Story/D_2_5_2_3_008,嗯，理所当然，国不可一日无君。
Story/D_2_5_2_3_009,那飞天门中前去参军打仗的道法将军若不归来参选，\n那飞天门派出的人选，必是金乌上人无疑。
Story/D_2_5_2_3_010,那金乌上人的独门兵器烈阳锤，恰是我派武学之克星。\n掌门所以不在，是携本门菁英入山洞闭关，苦思应对之法的缘故。\n算来已足有半年之久，并非有意怠慢外宾。
Story/D_2_5_2_3_011,原来如此。
Story/D_2_5_2_3_012,既然二位都说我是半个自己人，那当然以夺魄门大事为重。\n我上山是想学武功没错，但说穿了是我自己一个人的事罢了。
Story/D_2_5_2_3_013,若没有缘分得到传授，那也没办法。
Story/D_2_5_2_3_014,不过我都千里迢迢到这里来了，总不会要我这就启程回家吧？
Story/D_2_5_2_3_015,放心，其余三门能为你做的，\n以我俩在门中的位份，想来也可以办到。
Story/D_2_5_2_3_016,这是本门入门秘籍，现在代掌门传授于你。
Story/D_2_5_2_3_017,本门以奇兵见长，本该由掌门带领，去铁拳门量身订作铁爪一副。\n现下掌门不在，我们俩又叫不动铁拳门的匠人，只好委屈你。
Story/D_2_5_2_3_018,不过你以指代爪习练此功，料来也无不可。
Story/D_2_5_2_3_019,多谢二位师兄。
Story/D_2_5_2_3_020,先别高兴得太早，先礼后兵罢了。\n既赠了你这部秘籍，便无人可说我夺魄门小气，还有丑话在后头。
Story/D_2_5_2_3_021,我们今日与你坦承之事，你若要向飞天门通报献媚，\n那也由得你，但若夺魄门得势，你有生之年便别想踏进崆峒山半步。
Story/D_2_5_2_3_022,明白了，我会铭记于心。
Story/D_2_5_2_3_023,这便请门内师弟带你去招待所吧。\n生活所需，一应皆有，过几日我们再去寻你叙话。
Story/D_2_5_2_3_024,这处便是本派新建的招待所了，你住东面孟章厢房。\n你自管在此专心修练，闲来无事，四处闲游亦无妨。
Story/D_2_5_2_3_025,只是下到无色广场，需慎防小偷。\n若无师长宣召，也尽量别往飞天门去。\n你去了，一来遭我们夺魄门疑心，二来难保不会受污辱，好自为之。
Story/D_2_5_2_3_026,多谢……啊，走掉了，连姓名也不和我说，真是冷漠。
Story/N_2_5_2_3_001,拜入唐门以来，头一次离家那么远，多少忐忑难免，\n但此刻你心中更多的是踌躇满志，满腔热血。\n你在崆峒派为期半年的留学生活正式展开了。
Story/D_2_5_2_4_001,晚辈唐门弟子赵活，拜见前辈火龙真人。
Story/D_2_5_2_4_002,呵，称呼本仙君为真人，\n你这玩意丑归丑，还算有点儿眼界的。\n不过你在此期间，和其他人一道称呼本仙君为前辈即可。
Story/D_2_5_2_4_003,分入飞天门的人中，也有全真教的。\n本仙君可不想为这虚名，徒惹世人非议。
Story/D_2_5_2_4_004,是。
Story/D_2_5_2_4_005,晚辈唐门赵活，拜见飞天掌门火龙仙君前辈。
Story/D_2_5_2_4_006,咿！？
Story/D_2_5_2_4_007,……哦，你这厮生得可真丑怪，吓我一跳。\n若不是本仙君定力非凡，及时收住仙法，\n你早已被本仙君三昧真火烧死了，还不快叩谢本仙君不杀之恩。
Story/D_2_5_2_4_008,呃……多谢前辈？
Story/T_2_5_2_4_001,为什么我差点被杀，还得向犯人道谢？
Story/D_2_5_2_4_009,你既抽到飞天门的签，也算是你福缘深厚。\n只是成仙之路，却非有数十载光阴潜心苦修不能成就。\n遑论区区半年？
Story/O_2_5_2_4_001,我没有，我只是想练些尘世的武功
Story/D_2_5_2_4_010,哼，恋栈尘世，目光短浅，可悲亦复可笑。\n罢了，俗世庸人的痴心妄想，本仙君便破例奉陪一回。
Story/O_2_5_2_4_002,拜托，我也想喷火
Story/D_2_5_2_4_011,大胆！三昧真火是我师父独门仙法！\n你一介凡人，竟敢觊觎仙术，是何居心！
Story/D_2_5_2_4_012,无妨，凡人崇拜本仙君的法门，原无不可。\n你若真有心求仙，供本仙君驱策，还得假以时日，看你造化。
Story/D_2_5_2_4_013,今日，本仙君先授你一部飞天门秘籍。\n你下去好生参悟，过些时日，自有人来点拨你书上武功。
Story/D_2_5_2_4_014,其他便没你甚么事了，退下去吧。\n在崆峒派的半年，你若不惹事生非，能刻苦精进，\n届时本仙君再传你高深武学。
Story/D_2_5_2_4_015,多谢前辈！我一定潜心修练！
Story/D_2_5_2_4_016,本仙君并没期待你，可以下去了。
Story/D_2_5_2_4_017,这处便是本派新建的招待所了，你住南面陵光厢房。\n你自管在此修练，闲来无事，也可以去无色广场市集走走。\n你记名在飞天门名下，这崆峒上下无处去不得，惜福吧，赵老兄。
Story/D_2_5_2_4_018,多谢，请问师兄如何称呼？
Story/D_2_5_2_4_019,我是『飞天烈火神鹰』许胜。
Story/T_2_5_2_4_002,好气派的外号！一定是自己取的！
Story/D_2_5_2_4_020,原来是飞天烈火神鹰许师兄，久仰久仰！
Story/D_2_5_2_4_021,好说，好说！那小弟我就先走一步。\n赵老兄你就请自便吧，告辞。
Story/D_2_5_2_4_022,这外号是否有点太长了，拗口？\n直接叫烈火神鹰比较顺，别人也容易记住。
Story/D_2_5_2_4_023,要你多事！
Story/N_2_5_2_4_001,自拜入唐门以来，头一次离家那么远，多少忐忑难免，\n但此刻你心中更多的是踌躇满志，满腔热血。\n你在崆峒派为期半年的留学生活正式展开了。
Story/D_2_5_3_1_001,好，被子叠好了。\n今天也要加把劲练功！
Story/D_2_5_3_1_002,先不要练了，那边那个蓝衣服的小子！
Story/D_2_5_3_1_003,谁？是谁在说话？
Story/D_2_5_3_1_004,看哪儿呢！这里。
Story/N_2_5_3_1_001,你顺着声音的方向看去，只见窗口有一只鹤型刁手在对你说话。
Story/D_2_5_3_1_005,对，就是我！
Story/D_2_5_3_1_006,……敢问阁下是何方神圣？
Story/D_2_5_3_1_007,吾乃此山上修行千年的灵鹤，人称……阿鹤侠！
Story/D_2_5_3_1_008,哦……不知前辈有何见教，为何不让我修练？
Story/D_2_5_3_1_009,嗨，没事，就是想问你要不要出来玩。\n我介绍一个美貌的小娘子给你认识，带你游览一下崆峒山的名胜景点。\n反正你在此多日，也没人来带你吧。
Story/O_2_5_3_1_001,咦，好啊！
Story/D_2_5_3_1_010,不过根据我的经验之谈，等我兴高采烈答应了……\n你就会推一位同样因为外貌丑陋而饱受欺凌的姑娘出来。\n接着一群人四面八方冲出来，一起取笑我们郎才女貌。
Story/D_2_5_3_1_011,我若回护那姑娘，你们便起哄叫我和那位无辜小娘子成亲；\n我若生气，就会成为你们翻脸打人的契机。
Story/D_2_5_3_1_012,这也太惨了吧……。\n你们唐门跟人开玩笑的法子可真不好笑。
Story/D_2_5_3_1_013,因为这不是开玩笑啊，对他们而言，我这人本身才是玩笑。
Story/D_2_5_3_1_014,……我没有要戏弄你，我不一样，你出来吧。
Story/D_2_5_3_1_015,我第二次、第三次中这种伎俩的时候，\n都是相信了『我不一样』这种鬼话。
Story/D_2_5_3_1_016,你那惨事居然发生了不只一次吗！
Story/D_2_5_3_1_017,已经数不清了，后来我索性碰到别人挑衅都不出去。\n但是想欺负人的家伙当然不会就此善罢干休。
Story/D_2_5_3_1_018,你不出去，他们还能怎样？
Story/D_2_5_3_1_019,他们能直接冲进来打人。\n骂我日上三竿还在睡，怎不去服杂役孝敬师门？
Story/D_2_5_3_1_020,欺人太甚！你师门的长辈都不理吗？
Story/D_2_5_3_1_021,告状也没用，那些弟子来了又走，通常都待不久的。\n我得自己茁壮到不会给人欺负才有用。
Story/D_2_5_3_1_022,也不必一定要茁壮。\n找到机会，把你那些爱欺负人的师兄推下楼梯就成了。
Story/D_2_5_3_1_023,寄人篱下，能忍则忍吧，退一步海阔天空。\n我纵使能告诉掌刑使，可告了一次，下次还会有别人来欺负我。\n我一个外姓弟子整天去投诉其他入室弟子，到最后连师长都会厌恶我。
Story/D_2_5_3_1_024,那你可以自己下手，就算打不过人，\n你还是可以趁人不注意从背后把人推下楼梯。
Story/D_2_5_3_1_025,楼梯是每个渴望复仇的可怜人最无私的帮凶。
Story/D_2_5_3_1_026,楼梯造出来的用途不是这样吧！\n何况楼梯也不是只帮好人的吧。
Story/D_2_5_3_1_027,楼梯就跟兵器一样，没有好坏之分。\n决定要做好事还是坏事的，还是站在楼梯上风处的人。
Story/D_2_5_3_1_028,不，就说楼梯不是这样用的啊……。
Story/D_2_5_3_1_029,真的吗～那你也不是这样用的。
Story/D_2_5_3_1_030,我？我怎样用来着？我是人又不是道具。
Story/D_2_5_3_1_031,你把你自己用得很苦闷啊，又委屈又生气。\n一直在忍耐，即使你知道明天不一定会变好？
Story/D_2_5_3_1_032,你名字叫赵活，对吗？\n如果你都不懂及时行乐，那你就名不符实了。\n你顶多只能叫赵呼吸而已。
Story/D_2_5_3_1_033,前辈开示得好有道理，晚辈简直五体投地。
Story/D_2_5_3_1_034,哇哈哈哈～！本梅说的话，自然是有道理的。
Story/D_2_5_3_1_035,昨天练功今天放松，这才叫做张弛有度，速速出来吧。
Story/D_2_5_3_1_036,好。
Story/O_2_5_3_1_002,太漂亮的还是不要比较好，男女授受不亲
Story/D_2_5_3_1_037,呃，严格来说，其实也没有很漂亮，马马虎虎吧！\n个性开朗活泼是优点，这样你满意了吧？
Story/D_2_5_3_1_038,太活泼也不好。
Story/D_2_5_3_1_039,太活泼也不好？莫非你喜欢文静的女子吗？
Story/T_2_5_3_1_001,确实是文静温驯，像棉花一样轻轻软软的比较好。
Story/D_2_5_3_1_040,那倒不是喜不喜欢的问题，这是为了那位姑娘着想。\n前辈说的那位姑娘若是太好心，和我打闹成一片，也会影响她自个儿的名声。
Story/D_2_5_3_1_041,就算都是江湖儿女不拘小节，你看……我毕竟长这样嘛。
Story/D_2_5_3_1_042,若她本人不介意呢。
Story/D_2_5_3_1_043,我介意啊，可想而知我会如何落人口实了──癞蛤蟆想吃天鹅肉之类的。
Story/D_2_5_3_1_044,你们心怀磊落，只是普通的交朋友，何须忌人闲言闲语。
Story/D_2_5_3_1_045,光是闲言闲语我自然不怕，但前辈说的那位姑娘，\n若是太美貌，或者人缘太好，我往往就会事后遭人忌妒毒打。
Story/D_2_5_3_1_046,哦……那你还真的有可能会被人从山上推下去呢。
Story/D_2_5_3_1_047,那还是请前辈高抬贵手吧，知道得越少命越长。\n我来崆峒只想好好学艺而已。
Story/D_2_5_3_1_048,那更要出来玩了。\n别想跑，我知道你叫什么名字，我知道你住哪。\n你不出来之前我会天天来纠缠你。
Story/D_2_5_3_1_049,出来玩～出来玩～出来玩～！
Story/T_2_5_3_1_002,这鹤手前辈的缠人劲跟大师兄有得拚。\n不，不一样……她好歹还在外边相请，大师兄会冲进来绑架我。
Story/D_2_5_3_1_050,出来玩～出来玩～出来玩～！
Story/D_2_5_3_1_051,好啦，好啦。我出去就是了。\n前辈快请收住声吧，还有好多人在睡觉未醒。
Story/D_2_5_3_1_052,哦好，抱歉，我经常忽略了旁人的感受。
Story/D_2_5_3_1_053,对不起～鼾声很大的人。\n对不起～睡觉不穿衣服的人。
Story/T_2_5_3_1_003,这前辈还真有趣。
Story/D_2_5_3_2_001,怎么样，阿鹤侠给你介绍的姑娘，可还满意吗？\n你的小心脏有扑通扑通不由自主地乱跳吗？
Story/D_2_5_3_2_002,……！
Story/D_2_5_3_2_003,嗯，姑娘果然有闭月羞花之容。
Story/D_2_5_3_2_004,明明是在称赞我却很冷淡！本梅大受打击！
Story/D_2_5_3_2_005,否则我该当如何？
Story/D_2_5_3_2_006,你应该情绪激动一点，像是其他师兄们见了我那样，\n流露出像狗一样急切想讨好我的脸色。
Story/D_2_5_3_2_007,在你眼中所有讨好你的人都像狗一样吗？
Story/D_2_5_3_2_008,不一样，我比较喜欢狗，没有那么喜欢人。
Story/D_2_5_3_2_009,不过值得庆幸的是，见了面以后，我有自信不把你当人看喔！
Story/D_2_5_3_2_010,这不是值得庆幸的事吧！
Story/D_2_5_3_2_011,哇哈哈哈～
Story/O_2_5_3_2_001,有
Story/T_2_5_3_2_001,这姑娘生得果然很美。\n就像雪里开的梅花一样，白里透红，清纯俏丽。
Story/T_2_5_3_2_002,着实令人心醉。
Story/D_2_5_3_2_012,哇哈哈，你的表情有点吓人，本梅受惊吓，已经想回家了。
Story/D_2_5_3_2_013,咦，真的吗？
Story/D_2_5_3_2_014,说笑的啦！
Story/O_2_5_3_2_002,还好嘛
Story/D_2_5_3_2_015,嗯，姑娘果然有闭月羞花之容。
Story/D_2_5_3_2_016,明明是在称赞我却很冷淡！本梅大受打击！
Story/D_2_5_3_2_017,否则我该当如何？
Story/D_2_5_3_2_018,你应该情绪激动一点，像是其他师兄们见了我那样，\n流露出像狗一样急切想讨好我的脸色。
Story/D_2_5_3_2_019,在你眼中所有讨好你的人都像狗一样吗？
Story/D_2_5_3_2_020,不一样，我比较喜欢狗，没有那么喜欢人。
Story/D_2_5_3_2_021,不过值得庆幸的是，见了面以后，我有自信不把你当人看喔！
Story/D_2_5_3_2_022,这不是值得庆幸的事吧！
Story/D_2_5_3_2_023,哇哈哈哈～
Story/D_2_5_3_2_024,那么正式自我介绍，初次见面，幸会。\n我是飞天门的嫡传女弟子，名字叫作虞小梅。
Story/D_2_5_3_2_025,我的师父是飞天门火龙道人，想必你已经见过了。
Story/D_2_5_3_2_026,是，我已拜见过火龙仙君，暂时挂名在飞天门见习。\n我还道阿鹤侠是哪位高人，原来是虞师姐来作弄我。
Story/D_2_5_3_2_027,不是我作弄你，阿鹤侠真实存在，牠是火闪电的朋友。\n牠摔死了，还魂寄宿在我右手，方才跟你说话的是阿鹤不是我，噗哧。
Story/D_2_5_3_2_028,哇哈哈哈！
Story/D_2_5_3_2_029,睁眼说瞎话！火闪电又是谁？
Story/D_2_5_3_2_030,是一头特有灵性，整日试图讲人话的疯鹤，等下也介绍给你。
Story/D_2_5_3_2_031,见过虞师姐。\n可我不是在飞天门留学，师姐怕不是寻错人了吧？
Story/D_2_5_3_2_032,没有啊，我爱和谁做朋友，便和谁做朋友，有什么关系。\n除非你嫌我，不愿和我结交。
Story/D_2_5_3_2_033,岂敢！
Story/D_2_5_3_2_034,就是……见了师姐，觉得自惭形秽罢了。\n像我这样品貌的人，如何有资格和虞师姐论交呢？
Story/D_2_5_3_2_035,嗯～我不喜欢以貌取人的人。\n你会因为相貌被人疏远，我也会啊。
Story/D_2_5_3_2_036,哪有可能？
Story/D_2_5_3_2_037,会就是会，我生得太好看了，身份也特殊。\n忌惮我的人很多，忌妒我的人也不少。\n而接近我的人，往往又别有用心。师兄弟姊妹很多，却都算不上真朋友。
Story/D_2_5_3_2_038,但你就不一样了，你只来半年，与崆峒恩怨无关。\n我对你很好奇，所以就来找你玩了。
Story/D_2_5_3_2_039,原来……如此？
Story/D_2_5_3_2_040,你不要叫我师姐了，你又不是真正的崆峒派弟子。\n你叫我小梅，我就叫你阿活吧。
Story/D_2_5_3_2_041,好啊！
Story/D_2_5_3_2_042,阿活真爽快，这一点本梅很欣赏喔！
Story/D_2_5_3_2_043,这样好吗？
Story/D_2_5_3_2_044,你对哪个部分不满意？你不想叫我小梅，觉得阿梅比较好？\n还是说，你不想被叫阿活？你想被我推下楼梯变得名不符实？
Story/D_2_5_3_2_045,……没有，就这样吧。\n请千万不要把我推下楼梯。
Story/D_2_5_3_2_046,那就这样说定啦！在山里碰到面的时候，可别装作不认识我唷！\n料你初来乍到，崆峒山还没游遍吧。\n今日就由本梅来担当向导，陪你游览一番。
Story/D_2_5_3_2_047,当真吗？那真是太好了。
Story/D_2_5_3_2_048,你可要用心记住我们走的路线唷，\n你不是想练功吗？下回开始你来飞天殿找我，我们就一起跑步吧。
Story/D_2_5_3_2_049,那更好了！
Story/D_2_5_3_2_050,本梅真是善解人意，哇哈哈！\n走吧阿活，先从市集开始。
Story/D_2_5_3_2_051,此处是无色市集，又名四象广场。\n顾名思义就是四门都不插手的绝对中立地带。\n话虽如此，在这里定居的人还是铁拳门居多。
Story/D_2_5_3_2_052,简直就像是个小村庄一样。
Story/D_2_5_3_2_053,你有什么生活所需可以到这里走走。\n缺钱花使，也可以打打零工。\n想赚快钱，赌场、擂台也有，适合想要沾染上不好习性的人们。
Story/D_2_5_3_2_054,好极！
Story/D_2_5_3_2_055,有你这样推荐人的吗？
Story/D_2_5_3_2_056,我又还不知道你阿活是黑是白。
Story/D_2_5_3_2_057,顺带一提，前面那一摊烧烤山味很好吃，但我不敢买。
Story/D_2_5_3_2_058,为何？
Story/D_2_5_3_2_059,你看摊主断了一条腿，对吧？\n那是他曾经试着绑我下山，结果被夺魄门的人拿住了，\n依山中法度砍掉了一条腿。
Story/D_2_5_3_2_060,我怕我去买，他会又起歹心，到最后两条腿都没了。
Story/D_2_5_3_2_061,以策安全，我再问一次，\n你带我散步这件事，没犯什么山中法度吧？
Story/D_2_5_3_2_062,如果阿活你意图拐卖我或者非礼我，那就犯了。
Story/D_2_5_3_2_063,我对小梅姑娘尊敬的很，完全没有一丝冒犯的念头！
Story/D_2_5_3_2_064,哇哈哈，那好啊。\n就算你有那种念头，也记得要作好万全准备再下手，不然会死的。\n走啰，下个地方。
Story/D_2_5_3_2_065,此处是铁拳门地盘，住了各种人，最主要营生莫过于铁铺。\n此际太早，不像无色广场那样为了赚钱，清早就有人迹。
Story/D_2_5_3_2_066,这里你也可以常来，都是力气活，长年缺人手。\n许多在赌场输一屁股、急缺钱的赌鬼会来作临时工，赚了钱再拿去输。
Story/D_2_5_3_2_067,崆峒中人生活若短缺什么器物，都会到此订制，前提是你要有耐心。\n咱们崆峒巧匠本事很大，什么稀奇古怪的玩意都弄得出来，\n坏就坏在生意太好，订单都排到明后年去了。
Story/D_2_5_3_2_068,我只来半年，除非插队，不然还是甭想了。
Story/D_2_5_3_2_069,有钱能使鬼推磨。\n你若出得起大钱，请别人将次序挪移一下，谅来亦非难事。
Story/D_2_5_3_2_070,难就难在我没钱。
Story/D_2_5_3_2_071,那不然，你便自己过来借用铁槌，付些材料钱自己敲敲打打也行。
Story/D_2_5_3_2_072,那倒可以考虑。
Story/D_2_5_3_2_073,走，接下来是半雨屏。
Story/D_2_5_3_2_074,这里是崆峒派的集会所。\n凡是四门有什么要事相商，或者祭祀、节庆都会来这里。\n明年的掌派人选任大典，也会在这举办。
Story/D_2_5_3_2_075,这地方好厉害，简直可说是巧夺天工。\n你们竟将山壁凿出一个凹洞来，又挖掘山洞作为通道。
Story/D_2_5_3_2_076,那是崆峒派先人的遗馈。\n说到遗馈，你抬头看看半雨屏洞顶？
Story/D_2_5_3_2_077,有一柄剑。
Story/D_2_5_3_2_078,莫非就是传说中，先掌派人所用的仙剑吗？
Story/D_2_5_3_2_079,你听过？莫非阿活也想修仙吗？
Story/O_2_5_3_2_003,容我拒绝。
Story/D_2_5_3_2_080,我连人都还没当好，岂敢不自量力去求仙？\n敬谢不敏，我还是老实本份当个人就好了。
Story/D_2_5_3_2_081,是吗，那也行吧，虽说我没把你当人看就是了。
Story/D_2_5_3_2_082,……那不然呢？是狗吗？
Story/D_2_5_3_2_083,是妖怪吧，哇哈哈！
Story/D_2_5_3_2_084,太过份了！
Story/O_2_5_3_2_004,若有机会当然想啊。
Story/D_2_5_3_2_085,是吗～那你倘若有缘拜入飞天门下，\n可得把握机会好好向飞天掌门请教。
Story/D_2_5_3_2_086,火龙前辈不也是你的师父吗？你又是嫡传，莫非你也懂仙术？
Story/D_2_5_3_2_087,本梅我略懂收妖。
Story/D_2_5_3_2_088,世上当真有妖怪吗？
Story/D_2_5_3_2_089,我本来也以为没有的，直到我遇见了你。
Story/D_2_5_3_2_090,哇哈哈哈～
Story/D_2_5_3_2_091,咦？你这是什么意思……
Story/D_2_5_3_2_092,你是说我妖怪吗？太过份了！
Story/D_2_5_3_2_093,这里是山上田地，崆峒派都是自耕自种，自给自足的。\n虽说实际上全都是铁拳门弟子在耕种就是了。
Story/D_2_5_3_2_094,唐门山上也有类似的药田。
Story/D_2_5_3_2_095,你入夜可别来这里闲晃，更千万别进旁边那片森林喔。
Story/D_2_5_3_2_096,为何？莫非有鬼吗？
Story/D_2_5_3_2_097,为、为何？莫、莫非是有不干净的东西？
Story/D_2_5_3_2_098,哈哈哈～不是啦！是怕你被误认成偷菜贼打死。
Story/D_2_5_3_2_099,原来如此。
Story/D_2_5_3_2_100,至于有鬼那是另外一回事。
Story/D_2_5_3_2_101,咦？等等，真的有鬼？你别跑啊。
Story/D_2_5_3_2_102,这里是玄功门的地盘～玄功洞。\n一洞接一洞，穿山连环，最是稀奇了。
Story/D_2_5_3_2_103,玄功门司书，掌一切典籍、收支、户籍、六畜。\n白天会开放，供崆峒弟子前来借阅书籍。
Story/D_2_5_3_2_104,不过嘛……
Story/D_2_5_3_2_105,你若打着前来借阅秘籍的主意，劝你还是早早死了心吧。\n要说为何──此处供人随意翻阅的书，都是些不希罕的迂腐文章罢了。
Story/D_2_5_3_2_106,我想也是，没人会把秘籍随意公开的。
Story/D_2_5_3_2_107,洞越深，藏书越贵重，非资历深、德望厚的本派前辈不得入。\n最后一洞，只有掌派人亲临或四掌门齐聚才能开启，说是禁地也不为过。
Story/D_2_5_3_2_108,啊，顺带一提，我们此刻所站的土地，就已经算是重地了喔。\n平时你没有玄功门弟子陪同，是不能随意闲逛的。
Story/D_2_5_3_2_109,那么你来就没问题吗？
Story/D_2_5_3_2_110,没那回事，其实我也是不能随意进出的。
Story/D_2_5_3_2_111,那你还明知故犯带我瞎逛！
Story/D_2_5_3_2_112,有什么关系，还那么早，又没人，也没锁。\n我们不妨去偷看架上都放着什么样的书吧。
Story/D_2_5_3_2_113,……小梅师妹此言差矣，此处有人喔。
Story/D_2_5_3_2_114,小、小、小菊……不，应该说是魏掌门。
Story/D_2_5_3_2_115,魏掌门早。
Story/D_2_5_3_2_116,赵师兄早。\n今日这么有闲心，在与小梅清晨散步吗？
Story/D_2_5_3_2_117,我想他人生地不熟，想带他到处走走，熟悉环境罢了。
Story/D_2_5_3_2_118,是吗？有劳小梅你了。\n可是如你所言，玄功洞系属要地，此处机密尤重，\n没有本门弟子陪同，纵是嫡传女弟子亦不该信步闲游。
Story/D_2_5_3_2_119,你是本派第一门的嫡传女弟子，除却丹霞子、夏侯师姐二人，\n当代弟子皆以你为榜样，如此侵门踏户，未免不合礼数吧？\n莫非你想告诉本座，这便是飞天门的作派吗。
Story/D_2_5_3_2_120,……对不起。
Story/T_2_5_3_2_003,魏掌门带着笑意，语气却好严厉，小梅都被震慑得说不出话来了。\n若魏掌门肯移驾唐门，治一治大师兄就好了。
Story/D_2_5_3_2_121,魏掌门，还请不要过于深责小梅，\n她只是看我在崆峒没有朋友，才出声唤我同游。\n带我来此，也是她认为玄功洞是足以自豪的名胜吧。
Story/D_2_5_3_2_122,赵师兄，你真会说话。\n行吧，既然赵师兄都出言回护你了，这次就算了。\n小梅师妹，下回再造次，可就不能这样轻轻带过了唷。
Story/T_2_5_3_2_004,想不到魏掌门在崆峒派还真是很有威严的。\n国有国法，家有家规，我还是不要随便说话。
Story/D_2_5_3_2_123,念在初犯，这回便不与你计较。\n再有下次，可别怪本座依门规处置你了哦？这就去吧。
Story/D_2_5_3_2_124,多谢魏掌门，弟子告辞。
Story/D_2_5_3_2_125,{size=24}阿活，我们快走吧。{/size}
Story/D_2_5_3_2_126,且慢。
Story/D_2_5_3_2_127,掌、掌门还有什么吩咐吗？
Story/D_2_5_3_2_128,对你没有了。但是赵活是玄功门记名的弟子，\n他到玄功洞来，该由本座来管才是。
Story/D_2_5_3_2_129,赵活，你到本座身边来。
Story/D_2_5_3_2_130,魏掌门……。\n他不过是外人，什么都不懂的，还请大人大量，不要为难他。
Story/O_2_5_3_2_005,到小菊身边去
Story/D_2_5_3_2_131,小梅，你先回去吧。\n魏掌门为人谦和，当然不会为难我，想必只是有事要和我说罢了。
Story/D_2_5_3_2_132,你……你怎么那么笨呀。
Story/D_2_5_3_2_133,那么小梅师妹，你先回去吧。
Story/D_2_5_3_2_134,但是，但是……。
Story/D_2_5_3_2_135,……虞小梅，本座与你好声好气的说话，也是有限度的。\n别忘了你我身份之别，你想以下犯上不成？
Story/D_2_5_3_2_136,是，弟子……弟子告退。
Story/O_2_5_3_2_006,你们不要为了我吵架
Story/D_2_5_3_2_137,我竟然也有被两个美人争夺的一日！\n行了，都别争了，把我劈成两半一人拿一半吧。
Story/D_2_5_3_2_138,噗哧，哈哈哈！你在说什么鬼话！
Story/D_2_5_3_2_139,……。
Story/T_2_5_3_2_005,不行，我不能笑出声，在小梅面前一定要镇定一点。
Story/D_2_5_3_2_140,算了，本座也不想弄脏玄功洞，既然你已有赴死觉悟，\n本座今日便退让一步，由你们去吧。
Story/D_2_5_3_2_141,太好啦，魏掌门不生气了，阿活快逃。
Story/D_2_5_3_2_142,唉，怎么办才好呢。
Story/D_2_5_3_3_1_001,吓～死我了！我还以为玄功洞一早都没人呢。
Story/D_2_5_3_3_1_002,想不到魏掌门也会这么凶，皮笑肉不笑的，好不吓人。
Story/D_2_5_3_3_1_003,别说她坏话，她也没有很凶吧，这叫做不怒自威。\n何况就算她生气也不什么奇事，她是掌门，\n太不和我们计较的话，她门下弟子也会不安的。
Story/D_2_5_3_3_1_004,不管怎么说都是你明知故犯的错吧，还连累了我。
Story/D_2_5_3_3_1_005,哈哈哈～对不起嘛～我要是知道她在，哪里还敢乱闯。
Story/D_2_5_3_3_1_006,可是还是从前好啊，我小时候，玄功洞就像我家后院一样。\n我爱去就去，爱闯就闯，唉，长大了反而这个也不行、那个也不行的。
Story/D_2_5_3_3_1_007,不提这个了，今日闲逛得够久了。\n已经过了早点的时间，我要去弄点吃的祭五脏庙。\n下回再与你一起跑步吧。
Story/D_2_5_3_3_1_008,要用赛跑的吗？\n飞天门以轻功见长，我怎么能跑得赢你。
Story/D_2_5_3_3_1_009,我听说唐门的轻功也不差啊。
Story/D_2_5_3_3_1_010,那你还得看唐门肯不肯教我武功啊。
Story/T_2_5_3_3_1_001,不过唐门的轻功大概是真的不简单。\n大师兄能以飞侠的外号闯出名堂，小师妹的轻功更是高得离奇。\n不知他们和小梅相比，鹿死谁手？
Story/N_2_5_3_3_1_001,你想起了心上人，心中一阵温暖。
Story/D_2_5_3_3_1_011,那这样，你这半年内若跑赢了我，本梅就送你一件宝物。
Story/D_2_5_3_3_1_012,我输了可没东西给你唷。
Story/D_2_5_3_3_1_013,我又不要你身上什么东西，顶多要你命吧。\n我一看你快跑赢我的时候，就把你从楼梯上推下去。
Story/D_2_5_3_3_1_014,那我才不要跟你跑！
Story/D_2_5_3_3_1_015,我开玩笑的！改天见啦，阿活。
Story/D_2_5_3_3_1_016,半年要跑赢你，简直强人所难。
Story/D_2_5_3_3_1_017,反正跑输了，你也没损失，陪我跑步，就当是练轻功啊。\n不知有多少人想和我一块跑步，我都不肯呢！\n就你个区区阿活，还在那边不情不愿。
Story/D_2_5_3_3_1_018,好、好啦，跑就跑。
Story/N_2_5_3_3_1_002,你虽心有属意之人，仍给这美貌的妙龄少女巧笑倩兮勾得心猿意马，\n有点飘飘然忘乎所以。
Story/N_2_5_3_3_1_003,你心有属意之人，意志坚如盘石。\n纵是眼前这美貌的妙龄少女巧笑倩兮，亦不为所动。\n不过你头一次和这样开朗活泼的姑娘做朋友，也不禁心怀大畅。
Story/T_2_5_3_3_2_001,这三位一脸凶神恶煞，就不知这里哪一个倒霉鬼开罪了他们。
Story/T_2_5_3_3_2_002,我先闪远点，免得遭受池鱼之殃。
Story/T_2_5_3_3_2_003,我先回房间擦把汗，等着出来看热闹。
Story/D_2_5_3_3_2_001,！？
Story/D_2_5_3_3_2_002,你好好笑，装作没看见我们三人，便没事了吗？
Story/D_2_5_3_3_2_003,你们三位是来找我的？我可没得罪你们呀。
Story/D_2_5_3_3_2_004,虽说要找你这丑八怪麻烦压根不需要理由，\n但这一次还真不是没有理由的，咬紧牙关挨打吧！
Story/D_2_5_3_3_2_005,什么理由，你们倒是先说出来让我作个明白鬼啊！
Story/D_2_5_3_3_2_006,还说不知道？你刚刚和谁在一起来着？
Story/D_2_5_3_3_2_007,小梅？
Story/D_2_5_3_3_2_008,你说话放尊重一点，是我小梅师姐！
Story/D_2_5_3_3_2_009,是大家的小梅仙子！\n你可知这崆峒山上，最大的忌讳是什么？\n那就是觊觎梅兰竹菊崆峒四姝！
Story/D_2_5_3_3_2_010,你道这崆峒山上，有多少男子爱幕小梅师姐，\n又为何都敬而远之，只将她当作仙子下凡，放在心里尊敬？
Story/D_2_5_3_3_2_011,还不因为梅兰竹菊都是未来掌派人的女人，此事崆峒上下人尽皆知！\n你初来乍到，怎么也不去打听清楚谁可以碰，谁碰不得？
Story/D_2_5_3_3_2_012,连我们崆峒中人都不敢染指，你区区留学的丑八怪，\n还敢和我派小梅师妹攀交！怎不撒泡尿照照你自己丑怪模样！
Story/D_2_5_3_3_2_013,她来找我，也怪得了我吗？
Story/D_2_5_3_3_2_014,你少装无辜，你分明心虚了！\n你若有点自知之明，师姐去搭讪你的时候，就应该给她闭门羹！\n别得了便宜还想卖乖！
Story/D_2_5_3_3_2_015,今日你爷爷我不敲断你几根骨头，就不姓黄。
Story/D_2_5_3_3_2_016,咦？你姓黄吗？我以为你姓庄。
Story/D_2_5_3_3_2_017,上个月赌钱时，我跟人说我要是输了这把，就跟他姓。\n所以我现在姓黄了。
Story/D_2_5_3_3_2_018,还有这样的？你庄家祖宗怎么办？
Story/D_2_5_3_3_2_019,庄家祖宗关我屁事，我本来又不姓庄！
Story/D_2_5_3_3_2_020,……。
Story/D_2_5_3_3_2_021,……。
Story/D_2_5_3_3_2_022,……。
Story/D_2_5_3_3_2_023,讲这么多干嘛，还打不打了？
Story/D_2_5_3_3_2_024,我怎样攀交了？我一不巴结，二不垂涎，\n与小梅今日初见，不过就是一块闲游说话而已，这也叫攀交？
Story/D_2_5_3_3_2_025,好哇，你还敢顶嘴狡辩？\n我看是不打一顿不行了！
Story/D_2_5_3_3_2_026,你们干嘛？想仗着人多欺负人吗！
Story/D_2_5_3_3_2_027,崆峒四门，同气连枝！当然一起上！\n师兄弟们，咱们一起上！使用崆峒迷踪阵弄他！
Story/D_2_5_3_3_2_028,组合脚和腿～
Story/D_2_5_3_3_2_029,组成躯干和手臂！
Story/D_2_5_3_3_2_030,我来组成头部！
Story/D_2_5_3_3_3_001,就是现在！
Story/D_2_5_3_3_3_002,夺魄飞爪！动弹不得了吧！
Story/D_2_5_3_3_3_003,哇！好卑鄙！
Story/D_2_5_3_3_3_004,就用这一击决胜负！绝招．仙鹤剑！！
Story/D_2_5_3_3_3_005,──！
Story/D_2_5_3_3_3_006,呃啊──！！
Story/D_2_5_3_3_3_007,干得好，红色的家伙。
Story/D_2_5_3_3_3_008,哈哈哈不愧是我们的队长！
Story/D_2_5_3_3_3_009,哪里，这都是有大家的齐心协力，是团队合作的战果！\n正义永远不灭，从今以后，也让我们一起保卫崆峒派的和平吧。
Story/N_2_5_3_3_3_001,这三人包含日后才会加入的黄色女队员，在后世被尊称为崆峒战士。\n有时会合作无间，有时会争吵，有笑有泪有青春汗水。
Story/N_2_5_3_3_3_002,而你死了。
Story/D_2_5_3_3_3_010,喝啊！
Story/D_2_5_3_3_3_011,这、这家伙究竟什么来头？\n长得一脸瘪三样，我以为他好对付来着！
Story/D_2_5_3_3_3_012,好痛，不、不要打我！
Story/D_2_5_3_3_3_013,喂！绿色的家伙！你这胆小鬼，竟逃了！
Story/D_2_5_3_3_3_014,你们俩都拿他作挡箭牌，这回不妨亲自过来接我绝招！
Story/D_2_5_3_3_3_015,这回就放过你了！快走！
Story/D_2_5_3_3_3_016,──我赢了，我是凭自己实力赢的，哈哈！\n我再也不是那个谁都能欺负的软柿子了！
Story/N_2_5_3_3_3_003,你可有多坎坷刻苦，才有今日的本领，只有你自己知晓。\n此战以后，你也不是无名之辈了。
Story/D_2_5_3_3_3_017,……一打三也赢，人不可貌相，江湖果真大得很啊。
Story/D_2_5_3_3_3_018,这个穿白衣服的好厉害！\n轻描淡写就把我等三人的绝招都接了去！
Story/D_2_5_3_3_3_019,不不，我也是拚了命的啊。\n你们到底跟在下有何过节，出手这么狠辣？
Story/D_2_5_3_3_3_020,也没有，我们是见到你的脸才急怒攻心的。
Story/D_2_5_3_3_3_021,敢情竟是针对我来的！
Story/D_2_5_3_3_3_022,天下不是只有长得丑的人会无端被打，长得太好看的也会。
Story/D_2_5_3_3_3_023,呃……多谢夸奖？
Story/D_2_5_3_3_3_024,今日既然尊驾出手，我们三人便卖你一个面子得了。\n那边那个蓝色的家伙给我听好了！
Story/D_2_5_3_3_3_025,干嘛？
Story/D_2_5_3_3_3_026,不是你！我不很明显是叫唐门的家伙吗！\n我正要讲几句狠话好下台，你为何偏要拆我的台？\n和你们俩蠢材一起混，弄得我就像丑角似的！
Story/D_2_5_3_3_3_027,每个门派中都有特别蠢的人，放在飞天铁拳，说的就是你们俩。\n红配绿，就是狗臭屁。我是蓝的，跟你们本来就不是一挂。
Story/D_2_5_3_3_3_028,现在是怎样？要拆伙了是吗？好的很。\n把我上回画给你们的春宫图还给我！
Story/D_2_5_3_3_3_029,{size=40}死也不还！！{/size}
Story/D_2_5_3_3_3_030,多谢少侠拔刀相助！今日若没有你及时出手，\n只怕我免不了要完蛋。
Story/D_2_5_3_3_3_031,小事一桩。\n在下是孤云山派的瑞笙，别叫我什么少侠了，怪不好意思的。
Story/T_2_5_3_3_3_001,从没听过孤云山派，应该是哪个名不见经传的弱小门派吧。
Story/D_2_5_3_3_3_032,我是唐门的赵活，幸会。
Story/D_2_5_3_3_3_033,不知赵兄和那三人，是怎么起的纠纷？\n据我所知，崆峒四门往往都是明争暗斗，互看不顺眼才对。\n老兄到底干出了什么大事，才让他们化敌为友的？
Story/D_2_5_3_3_3_034,我都想问了，崆峒派决定下手杀人的道德门坎怎么如此低。\n我不过就是应邀和小梅姑娘一起散步了。
Story/D_2_5_3_3_3_035,什么，赵兄，你……你跟小梅姑娘一起散步？！
Story/D_2_5_3_3_3_036,……我是不是帮错人了？
Story/D_2_5_3_3_3_037,瑞兄，你说笑的吧！
Story/D_2_5_3_3_3_038,当然是说笑的，哈哈。
Story/D_2_5_3_3_3_039,……不过小梅可是许了终生给人的小娘子呀。\n你们这样肆无忌惮的走到一块，不，崆峒掌派人压根还没个影……。
Story/D_2_5_3_3_3_040,换言之，可以问责于你的人，根本还不存在……！\n原来还可以这样想啊……！
Story/D_2_5_3_3_3_041,……。
Story/N_2_5_3_3_3_004,你无意间给这尚算得上单纯的少年郎开启了稍微不妙的思路。
Story/D_2_5_3_3_3_042,姑且不论道德问题，赵兄，我劝你还是多打听一下比较好。\n免得开罪了人，自己也不知道。
Story/D_2_5_3_3_3_043,这回算是知道了，唉，无妄之灾。
Story/D_2_5_3_3_3_044,我初听闻此事的时候，也是又妒又恨的。\n算我多事，也和你说说吧，不能只有我露出忌妒的丑陋脸孔。
Story/D_2_5_3_3_3_045,瑞兄看起来不像是需要烦恼的人啊。
Story/D_2_5_3_3_3_046,我曾经也这样以为，然则自我入江湖以来，\n已经接连给女子拒绝到没有自信了。
Story/D_2_5_3_3_3_047,先是我远亲的族妹，再来是锦香宫有名的的美人画中仙，\n昨天碰见了号称江湖第一美人的夺魄幽兰，喜孜孜的靠近，\n还没说话便被打了一巴掌。
Story/T_2_5_3_3_3_002,会不会是目标的难度都太高了？
Story/D_2_5_3_3_3_048,先别说这些了。\n据说崆峒派掌派人大典当日，便会决出四夫人的地位高低。
Story/D_2_5_3_3_3_049,第一位迎娶的，是为第一掌派夫人，她的师门必也因此显贵。\n第二、三、四位则娶作平妻，也算是巩固了师门的地位。
Story/D_2_5_3_3_3_050,巩固？这说法何来。
Story/D_2_5_3_3_3_051,这是因为从前崆峒山上门派林立的缘故。\n山中有宋人、西夏人、辽人、吐蕃人，你说该听哪一国法律才好？
Story/D_2_5_3_3_3_052,于是各门各派经常互相争斗，死伤无数。\n这样看来，这座崆峒山，不就是江湖的缩影吗？
Story/D_2_5_3_3_3_053,最后创派祖师立下山中法度，与三位掌门齐心协力，\n以武力消灭其他中、小门派，才终于统一崆峒山，创设如今的崆峒派。
Story/D_2_5_3_3_3_054,之后祖师的儿子继任掌派人，将三门长女娶为妻室。\n崆峒山除他们四家以外，再也不许旁人妄自为尊。
Story/D_2_5_3_3_3_055,先掌派人任期未满，便已仙去了。\n四门除了栽培有望能争下任掌派人的得意弟子，也培养嫡传女弟子。\n算是后手吧？万一夺权失利，还能保师门在崆峒安身立命。
Story/D_2_5_3_3_3_056,原来是这样……还真是有很深的缘由。
Story/D_2_5_3_3_3_057,怎么样，忌妒了吗？
Story/O_2_5_3_3_3_001,我嫉妒得面目全非
Story/D_2_5_3_3_3_058,我都没有……！恨！\n这些机会从来不属于我……！太不公平了！
Story/T_2_5_3_3_3_003,哦……哇，我是不是不该跟这兄弟开这种玩笑啊？\n忌妒果然能够令人变得面目可憎，我得引以为鉴才行。
Story/O_2_5_3_3_3_002,真羡慕
Story/D_2_5_3_3_3_059,……我说不羡慕，一定是自欺欺人的，你也不会信。\n不过这样的好事，反正和我无缘的，多想也无益，不如本份点。
Story/D_2_5_3_3_3_060,我也不敢奢求太多，得一人心足矣。
Story/D_2_5_3_3_3_061,是吗，看来你心上有人了啊。
Story/D_2_5_3_3_3_062,还是早点洗洗睡吧，我定要在梦里作一个受小娘子欢迎的人。
Story/D_2_5_3_3_3_063,这不还是大白天吗？
Story/D_2_5_3_3_3_064,正是要发白日梦啊。
Story/T_2_5_3_3_3_004,这位瑞兄弟倒是个坦率的人。
Story/O_2_5_3_3_3_003,还好啊
Story/D_2_5_3_3_3_065,何等淡泊自抑的超然态度。
Story/D_2_5_3_3_3_066,反正这样的好事，肯定与我无缘。
Story/D_2_5_3_3_3_067,由爱故生忧，由爱故生怖，若离于爱者，无忧亦无怖。
Story/D_2_5_3_3_3_068,这像是和尚会说的话。真能办到的话，\n世上虽无忧怖，但也不会有侠骨柔情可歌颂了。
Story/D_2_5_3_3_3_069,那倒也是，人若无情，还不如一块木头。\n反正我说归说，还是万万办不到的，最多就少点奢念，免得失望吧。
Story/D_2_5_3_3_3_070,那也是难能可贵了。
Story/D_2_5_3_3_3_071,毕竟我有过太多到底求不来的奢念，拿命来换也不肯退让的那种。\n结果到头来，还是不得不妥协继续过日子。\n总不能又丢了那些，又没了命，两头空。
Story/D_2_5_3_3_3_072,那倒也是，你年纪轻轻，感慨却很深啊。
Story/T_2_5_3_3_3_005,等等，这人年纪应该和我差不多吧？越看越不清楚年纪啊。
Story/D_2_5_3_3_3_073,赵兄心性超然，我自愧弗如。\n虽说我一身白衣，心却还是红的，还想再多游历江湖，\n人生百味，酸甜苦辣都想试一遍，才算不枉人间走一遭。
Story/D_2_5_3_3_3_074,那我进度比你快，酸甜苦辣，我就只剩甜不知道是什么滋味了。
Story/D_2_5_3_3_3_075,哈哈，倒啃甘蔗，苦尽甘来。\n你尝尽苦楚，剩下的不就只剩好事了？
Story/D_2_5_3_3_3_076,但愿如此，多谢瑞兄赠我吉言。
Story/D_2_5_3_3_3_077,好说，那便就此别过啦，吃饭吃饭～
Story/T_2_5_3_3_3_006,这位瑞兄弟倒是个坦率的人。
Story/D_2_5_3_4_1_001,对不住，赵师兄。\n方才小妹多有得罪，万望海涵，不要见怪。
Story/D_2_5_3_4_1_002,哦、哦。
Story/D_2_5_3_4_1_003,你一定觉得我前倨后恭，阴晴不定，很是古怪对吗？\n这是有缘由的。
Story/D_2_5_3_4_1_004,我相信。若是难以启齿的事，也不必一定要告诉我。\n魏掌门立身处世，自有道理。
Story/D_2_5_3_4_1_005,赵师兄……你的气量真大，小妹自叹弗如。\n换作是我，不论如何也会想讨个说法的。
Story/T_2_5_3_4_1_001,我往往是想讨说法，也讨不到的啊。
Story/D_2_5_3_4_1_006,原来如此……所以是什么原因？
Story/D_2_5_3_4_1_007,……这是崆峒派上下都心照不宣的秘密。\n小妹脸薄不便启齿，此际又太早，还没人可传唤。\n请再稍等片刻，待我玄功门的弟子早点名后，细细说与你知。
Story/D_2_5_3_4_1_008,在那之前……
Story/O_2_5_3_4_1_001,不妨先练一套拳
Story/T_2_5_3_4_1_002,魏掌门这是要考较我的武功进境了！
Story/T_2_5_3_4_1_003,没问题，我有练习的。
Story/N_2_5_3_4_1_001,你信心十足，向掌门一行礼，拉开架式便使出新学的武功。\n虽说无人指点，好在秘籍上都有图例，你记得熟了，打起来也似模似样。
Story/D_2_5_3_4_1_009,弟子演练完毕，恭请魏掌门指点。
Story/D_2_5_3_4_1_010,赵师兄，你学得真快。秘籍上的武功，已练得差不多了，是吗？
Story/D_2_5_3_4_1_011,毕竟没有人从旁指点，我也不知练得对不对，\n书上怎么写，我就怎么比划了，贻笑方家，难堪得很。
Story/D_2_5_3_4_1_012,自学尚能努力不懈，赵师兄既聪明，又很用功呢。\n进境神速，再不多久，这套武功便滚瓜烂熟了。
Story/D_2_5_3_4_1_013,哈哈……魏掌门别太夸我了，我会得意忘形的。
Story/T_2_5_3_4_1_004,师兄他们都说我资质平庸，难道我其实是有天份的？\n否则魏掌门怎么这样夸我？
Story/T_2_5_3_4_1_005,怎么办？我就草草翻看了一两遍，还不熟练，\n更别说后半部都没记全呢。魏掌门会不会怪我偷懒？
Story/N_2_5_3_4_1_002,你心底发虚，一招一式打出去都触发自我怀疑，\n但魏掌门正盯着你看，只能硬着头皮把一整套武功打完。\n后半部记不清楚，就顺势胡乱挪用别派武功来拚接，竟还打得十分滑顺。
Story/D_2_5_3_4_1_014,弟、弟子演练完毕，恭请魏掌门指点。
Story/D_2_5_3_4_1_015,嗯……。
Story/T_2_5_3_4_1_006,完了完了要挨骂了。
Story/D_2_5_3_4_1_016,表现得还不坏喔。
Story/D_2_5_3_4_1_017,……啥？
Story/D_2_5_3_4_1_018,起先有点缩手缩脚，后半部动作就变快了。
Story/T_2_5_3_4_1_007,那是因为我使的是别派武功啊。\n都是……都是那个后山黑衣前辈乱教，害我习惯性就乱接招了。\n偏离了武学正宗，魏掌门该不会是生气了，正在讥讽我吧。
Story/D_2_5_3_4_1_019,赵师兄，自学能进步如此之快，你大可不用这般心虚的。
Story/D_2_5_3_4_1_020,这样吧，你若无自信，那便更应旁征博引才是。
Story/T_2_5_3_4_1_008,惨了，上回得的秘籍，我连翻都没翻过！
Story/D_2_5_3_4_1_021,……。
Story/D_2_5_3_4_1_022,……。
Story/D_2_5_3_4_1_023,……赵师兄，可是有什么难言之隐吗？
Story/D_2_5_3_4_1_024,对不住，魏掌门，贵派秘籍太过深奥，\n因我资质愚钝，一招半式都没学会，不敢在掌门面前现眼。
Story/D_2_5_3_4_1_025,是、是这样吗！
Story/T_2_5_3_4_1_009,若魏掌门还要怪罪，我就说因为崆峒派武功高深莫测，\n我已练了几遍，却越练越胡涂，烦恼到头，最终竟似没练过一样。
Story/T_2_5_3_4_1_010,若她强要我演示，我就乱舞一通。\n然后推说，是一个不认识的崆峒派师兄过来将我胡乱指点，\n害我练成了这德性，我也好生纳闷怎么跟秘籍写的不一样！
Story/T_2_5_3_4_1_011,啊……他在唐门也是外姓弟子，没人点拨基本功。\n所以就连本派入门的武功，也达不到修练门坎吗？
Story/T_2_5_3_4_1_012,……是我思虑不周。
Story/T_2_5_3_4_1_013,赵师兄远来崆峒，为的不外乎便是习得一身武艺，\n令他同门从此不敢小觑于他。\n若非记名在我玄功门下，这心愿未尝不能实现，唉。
Story/N_2_5_3_4_1_003,你满肚子推诿的借口蓄势待发，殊不知魏掌门心思比你绕得还快。\n不过她起意良善，虽高估了你的人品，推理的终点却很接近真相。
Story/D_2_5_3_4_1_026,对不住，魏掌门，上回你所赠的秘籍，我还没读过。\n自知心态怠慢，甘愿领罚。
Story/D_2_5_3_4_1_027,是吗？
Story/D_2_5_3_4_1_028,无妨，想来赵师兄新到，还有许多琐事要忙。\n小妹半点帮不上忙，赵师兄没怪罪我礼数不周，该是我谢你呢。\n至于领罚云云，从此千万莫提了，赵师兄又不是真的受小妹管束。
Story/D_2_5_3_4_1_029,既然如此，那便不练功了。
Story/O_2_5_3_4_1_002,赵师兄用过晨食了吗
Story/D_2_5_3_4_2_001,算来差不多要到时辰了。\n赵师兄，早餐以前，不妨先喝杯淡茶垫胃吧，这才不易吃多。\n早点名晨操时，小妹再唤一名弟子过来和你说道。
Story/D_2_5_3_4_2_002,魏掌门莫非又要亲自点茶吗？
Story/D_2_5_3_4_2_003,小妹确有此意，莫非是上回的双井白芽，你喝不惯吗？
Story/D_2_5_3_4_2_004,我这样的粗人，哪分得出好坏，更别说习不习惯了，都好喝。
Story/D_2_5_3_4_2_005,是吗。
Story/D_2_5_3_4_2_006,双井白芽与我唐门常喝的梅岭茶相比，确实风味相异。\n正因不是喝惯的滋味，反觉新鲜，我是求之不得啊。
Story/D_2_5_3_4_2_007,是吗。
Story/D_2_5_3_4_2_008,魏掌门赐茶，感激都来不及。
Story/D_2_5_3_4_2_009,只是每回都劳掌门亲自点茶，未免纡尊了。
Story/D_2_5_3_4_2_010,唉，师姊妹们也老说我太讲究，费事，劝我少做这些事情。
Story/D_2_5_3_4_2_011,还说江湖豪杰快意恩仇，喝酒尚能喝个满襟都是，哪有闲情逸致品茶？\n热水冲开还不一样能喝？听说还有人能生嚼茶叶，滚水往嘴里冲的人呢。
Story/D_2_5_3_4_2_012,那招我早就会了。
Story/D_2_5_3_4_2_013,是吗？那、那可真厉害呢，不怕烫吗？
Story/D_2_5_3_4_2_014,当然不能太烫的。
Story/N_2_5_3_4_2_001,你把嘴里泡茶视为一门绝活沾沾自喜，魏掌门却不大能苟同的样子。
Story/D_2_5_3_4_2_015,那是真的，实不相瞒，就连我也试过。
Story/D_2_5_3_4_2_016,是吗？那、那可真厉害呢，不怕烫吗？
Story/D_2_5_3_4_2_017,掌门误会了。这可不是什么值得夸耀的事。\n不只江湖人，市井生活匆忙的百姓、赶路的行脚商人多半都试过。
Story/D_2_5_3_4_2_018,唐门山腰有间茶铺，是唐门前辈开设的小事业。\n专门奉茶给行人解渴，夏日消暑，冬日暖身，\n我刚拜入唐门的时候，经常被叫过去帮手。
Story/D_2_5_3_4_2_019,奉茶？不收钱的吗？
Story/D_2_5_3_4_2_020,茶水不收钱，面点、馒头还是要收的。\n我就招呼过不少客人，他们不是正要回家，或是去往某处的路上，\n压根没有闲心坐下来品味茶香。
Story/D_2_5_3_4_2_021,时间宽裕一点的，还能叫碗面吃了才走，但也不会逗留；\n至于那些归心似箭的，连屁股也不沾板凳，\n仰脖子对壶饮干了，铜钱拍桌上就走。
Story/D_2_5_3_4_2_022,我那时还不知道他们为何如此，直到我自己也变成其中一个行色匆匆的人。\n那茶铺后来卖掉了，我每回被师门指派下山办事，都会路过。
Story/D_2_5_3_4_2_023,我行经茶铺时，要不太晚，要不就是累得要死了，只想赶快回家倒头大睡。\n那茶铺由旁人顶去后，茶水已经要收钱了，最便宜的一壶也要十钱。\n也不是点茶，不过是茶叶往壶里一放，叫客人自己去舀热水冲开而已。
Story/D_2_5_3_4_2_024,舍不得花钱就口渴，花了钱又舍不得茶叶，又得赶路回山复命。\n于是就只好妥协，茶叶嚼烂，热水兑点凉水含着，一路上慢慢咽下。
Story/D_2_5_3_4_2_025,这就是人逐渐变得粗鲁的原因了，给魏掌门见笑了。
Story/D_2_5_3_4_2_026,……原来如此。
Story/T_2_5_3_4_2_001,昔日斋主有训：济世文章不在庙堂，在乡野，在水田，在民间。\n我听着似懂非懂，今日才知道是这个意思，给赵师兄上了一课呀。
Story/N_2_5_3_4_2_002,魏掌门点的茶，视乎季节天气，浓时有如泼墨挥毫厚，淡时又似江上烟雨薄。\n茶中有四季，有山水，亦有岁月无忧。
Story/D_2_5_3_4_3_001,虽说以长远来看，操之过急怕有揠苗助长的风险。\n但赵师兄只来半年，还是稍微加紧脚步为好，最多你先收着不练吧。
Story/D_2_5_3_4_3_002,魏掌门的意思是……？
Story/D_2_5_3_4_3_003,我的意思是，你再挑一本秘籍去吧。
Story/O_2_5_3_4_3_001,飞天门秘籍《飞天脚》
Story/O_2_5_3_4_3_002,已持有《飞天脚》
Story/D_2_5_3_4_3_004,飞天脚是飞天门弟子人人皆会的轻功。\n其实是从另一部高深武学《仙鹤迷踪拳》简化而来。\n『鹤桩』的基本功，此书就有记载唷。
Story/O_2_5_3_4_3_003,夺魄门秘籍《无影爪》
Story/O_2_5_3_4_3_004,已持有《无影爪》
Story/D_2_5_3_4_3_005,无影爪是夺魄门弟子无人不晓的奇门武功。\n如今都是请铁拳门打造有带铁爪护腕来施展，不过从前是用手指的。\n『霜刀破竹指』的诀窍，也并入了这部书中。
Story/O_2_5_3_4_3_005,铁拳门秘籍《铁臂神拳》
Story/O_2_5_3_4_3_006,已持有《铁臂神拳》
Story/D_2_5_3_4_3_006,铁臂神拳是外壮筋骨的苦功夫，和嵩山铁砂掌差不多道理。\n因为铁拳门良莠不齐，来的人多，去的人也多，其中难免有顺手牵羊之辈。\n因此此拳经早已流传到江湖上去了，铁拳门人反而不会用，呵呵。
Story/D_2_5_3_4_3_007,居然还送我别的秘籍吗！
Story/D_2_5_3_4_3_008,加入玄功门真是太好了……！
Story/D_2_5_3_4_3_009,能听见你这么說，小妹也很高兴。
Story/D_2_5_3_4_4_001,弟子向掌门问早安──咦？
Story/D_2_5_3_4_4_002,赵师弟，你怎么会在玄功洞洞府之中？\n此处未得传召，外人不得擅入，你不知道吗。
Story/D_2_5_3_4_4_003,师姊，本座就在这里，那自然是我请他来的。
Story/D_2_5_3_4_4_004,是掌门师妹亲自过去请的？那怎么能够。\n您可是玄功门的掌门呀！凡事都该符合身份才行。
Story/D_2_5_3_4_4_005,怎么会呢，是飞天门的小梅师妹带他过来的唷。
Story/D_2_5_3_4_4_006,原来是这样！您早说呀。\n想不到连崆峒第一门的嫡传女弟子，也乖乖听掌门使唤。\n这可太有面子了。
Story/D_2_5_3_4_4_007,{size=24}赵师兄，小妹可没撒谎啊。{/size}\n{size=24}请睁一只眼闭一只眼，就当是这样吧。{/size}
Story/D_2_5_3_4_4_008,掌门师妹，玄功门中的弟子都在洞中道场集合了，请您过去训话。
Story/D_2_5_3_4_4_009,好。与此同时，本座也有件事想劳烦师姐。
Story/D_2_5_3_4_4_010,掌门请吩咐便是，没什么劳烦不劳烦的。
Story/D_2_5_3_4_4_011,请你在此和赵师兄，说说咱们崆峒派不成文的习俗吧。
Story/D_2_5_3_4_4_012,……我能说到什么地步呢？
Story/D_2_5_3_4_4_013,就按你的意思办吧，你认为适合说到什么地步，便说到什么地步。
Story/D_2_5_3_4_4_014,遵奉掌门谕令。
Story/D_2_5_3_4_4_015,赵师兄，小妹先告辞了，稍晚吃过早饭再走吧。\n来日你还有闲心，也可时时来玄功洞寻我说话解闷。\n不过此处是玄功门人起居之处，稍有不便，下回便在外边聊吧。
Story/D_2_5_3_4_4_016,好，一言为定。
Story/D_2_5_3_4_4_017,一言为定。
Story/D_2_5_3_4_4_018,恭送掌门。
Story/D_2_5_3_4_4_019,……。
Story/D_2_5_3_4_4_020,师姐，在下洗耳恭听。
Story/D_2_5_3_4_4_021,不急，在那之前，咱们先过个招吧。
Story/D_2_5_3_4_4_022,怎么突然？
Story/D_2_5_3_4_4_023,莫紧张，你也算是半个玄功弟子，大家此际都在晨练，\n只有你们这些外派来的男弟子没份，我在这演示几招给你看罢了。
Story/D_2_5_3_4_4_024,原来如此。
Story/D_2_5_3_4_4_025,你全力施为即可，无须忌惮，来吧。
Story/D_2_5_3_4_5_001,就打到这边吧。
Story/D_2_5_3_4_5_002,好，多谢师姊赐教。
Story/D_2_5_3_4_5_003,就打到这边吧，赵师弟，你武功没有我料想的差劲呀。\n能和我打得有来有往，还让你胜了一手。
Story/D_2_5_3_4_5_004,那还不是多亏师姐点到为止。
Story/D_2_5_3_4_5_005,你可知道，玄功门在崆峒四门之中，最重内功。
Story/D_2_5_3_4_5_006,素有耳闻。
Story/D_2_5_3_4_5_007,方才我与你过招，所运使的内功，不足五成。
Story/D_2_5_3_4_5_008,当、当真吗！五成便这么厉害了！
Story/D_2_5_3_4_5_009,我又何须骗你呢。\n铁拳门擅长外功、夺魄门擅长奇门兵器、飞天门擅长轻功剑法。\n你若与此三门中稍有资历的弟子相斗，便已讨不了好去。
Story/D_2_5_3_4_5_010,遑论是那些真正的佼佼者呢。\n飞天门的道法将军丹霞子师兄、夺魄门的夺魄幽兰师姐、我派掌门师妹。\n这些都是我自忖全力以赴，亦难抗衡的人物。
Story/T_2_5_3_4_5_001,……我距离这些人，究竟还有多远的距离啊。
Story/D_2_5_3_4_5_011,说回正事吧。\n想必你也知道敝派明年就要举办掌派人大典了。\n那你可知作掌派人，除了领衔四门以外，还有什么天大好处？
Story/D_2_5_3_4_5_012,我不知。
Story/D_2_5_3_4_5_013,──新任掌派人可以迎娶四门的嫡传女弟子为妻。\n梅、兰、竹、菊皆是未来掌派人的未过门新娘子啊。
Story/D_2_5_3_4_5_014,是、是这样吗！那小梅……魏掌门……。
Story/D_2_5_3_4_5_015,正是你想的那样。\n第一位被迎娶的，是为第一掌派夫人，她的师门必也因此显贵。\n第二、三、四位则娶作平妻。
Story/D_2_5_3_4_5_016,从前崆峒山上门派林立，经常互相争斗，死伤无数。\n创派祖师不忍生灵涂炭，便与其它三杰率领四门通力合作，\n吞并了其他中、小门派，创建崆峒派。
Story/D_2_5_3_4_5_017,祖师又令其子继任掌派人，与三杰的长女联姻，巩固同盟。\n此举等若声明：崆峒山除了此四门以外，再无正宗。
Story/D_2_5_3_4_5_018,掌派人不能连任，亦不能徇私传子，三十年任期一到便须还剑退位。\n掌派人若生了儿子，便随母亲在自家门派修炼，\n若生了女儿，便一律送进玄功门扶养，培养成下任掌门。
Story/D_2_5_3_4_5_019,这么说，魏掌门莫非就是先掌派人的血脉？
Story/D_2_5_3_4_5_020,赵师弟，也会有掌派人没生女儿的情况呀。\n那时候便会由崆峒门中推选出最为杰出的年长女弟子担任掌门了。
Story/D_2_5_3_4_5_021,说得也是，原来如此，抱歉，多嘴了。
Story/D_2_5_3_4_5_022,先掌派人任期未满，便已仙去。\n这掌派人之位已空缺多年，终于到了明年大典，才能决出新掌派人。\n四门除了培育有望角逐的才俊之外，对自家嫡传女弟子亦看管的很严格。
Story/D_2_5_3_4_5_023,这是崆峒上下人人皆知、心照不宣的秘密。\n纵使对四姝心怀仰慕，亦不敢存有非分之想，敬而远之则吉。\n她们四位将来也是要争个你死我活的，用不着假惺惺搞好关系。
Story/D_2_5_3_4_5_024,竟然有这样的内情……。
Story/D_2_5_3_4_5_025,这便是我那日奉劝你和我家掌门保持距离的原因了。\n掌门师妹读太多书了，对这传统颇有成见，见了外人，难免有失分寸。
Story/D_2_5_3_4_5_026,不仅是我家掌门与赵师兄，任一男子和崆峒四姝亲近，\n于你、于她都不是好事，将来新掌派人闻知此事，恐会怀恨。\n届时与你师门交恶，绝非大家所乐见的事情。
Story/D_2_5_3_4_5_027,但在那之前，还要你有本事活着走下崆峒山才行。\n崆峒派龙蛇混杂，不是人人都讲道理，以你的武功，只怕自保亦难。\n哪一朝若有高手来寻你晦气，就怕我家掌门也保不住你。
Story/D_2_5_3_4_5_028,我言尽于此，赵师兄好自为之吧。
Story/D_2_5_3_4_5_029,……。
Story/N_2_5_3_4_5_001,在玄功门弟子晨操之后，魏掌门又在洞中加设一席，\n令你得与其余弟子同坐用膳。
Story/N_2_5_3_4_5_002,玄功门膳食与其余三派不同，吃得较清淡，少油少肉。\n虽然焚香奏乐，别具一番清雅妙趣，饶是如此，你仍是食不知味。
Story/D_2_8_1_001,呼，总算忙完了，累死我。
Story/D_2_8_1_002,伤员都悉数治疗了？
Story/D_2_8_1_003,是的，二师兄改良的这个药膏止血真的很管用耶。
Story/D_2_8_1_004,很好。剩下的药膏，你就留着用吧。\n你看起来随时会被人砍，好似挺需要的。
Story/D_2_8_1_005,不要说这种不吉利的话啦！
Story/D_2_8_1_006,二师兄……假若我现在去拜见掌门的话……\n不，没事。
Story/D_2_8_1_007,你不说，我来说。
Story/D_2_8_1_008,二师兄，俺想拜见掌门，可以直接过去正心堂吗？
Story/D_2_8_1_009,我、我也去。
Story/D_2_8_1_010,……哼。
Story/D_2_8_1_011,脚长在你们自己身上，问我干甚么？\n想去就去吧。
Story/D_2_8_1_012,他们才刚包扎好，这么急着找掌门干嘛？
Story/D_2_8_1_013,你也过去。
Story/D_2_8_1_014,哦、哦。
Story/D_2_8_1_015,但是我之前不告而别，我怕掌门生气。
Story/D_2_8_1_016,自以为是。\n你是什么货色，掌门这当儿八成已不记得你了。
Story/D_2_8_1_017,说得也是。
Story/D_2_8_1_018,这么多人要去哪里？
Story/D_2_8_1_019,用得着你管。
Story/D_2_8_1_020,我的屁股好痛！
Story/D_2_8_1_021,不要逼我再出第二脚。
Story/D_2_8_1_022,好啦好啦。
Story/T_2_8_1_001,掌门要召集门人去正心堂议事，我也站远点听吧。
Story/T_2_8_1_002,不是要集合吗？怎么还往山下去。
Story/D_2_8_1_023,不要挡路，碍眼的东西。
Story/D_2_8_1_024,二师兄早。
Story/T_2_8_1_003,练武场路那么宽，我怎能挡得了你。
Story/D_2_8_1_025,掌门召集，你何以徘徊在外？
Story/D_2_8_1_026,我本来是想去的，但看这么多人往外走，有不禁诧异。\n他们可是奉命下山办事的吗？
Story/D_2_8_1_027,管好你自己。
Story/D_2_8_1_028,我的屁股好痛！
Story/D_2_8_1_029,不要逼我再出第二脚。
Story/D_2_8_1_030,好啦，好啦。
Story/D_2_8_1_031,弟子叩谢掌门知遇之恩，今日便向掌门辞行了！
Story/D_2_8_1_032,徒儿自知资质鲁钝，难以承担掌门厚望，\n今日起便向掌门辞行了，万望恩允。
Story/D_2_8_1_033,……。
Story/D_2_8_1_034,掌门……唉。
Story/D_2_8_1_035,三师兄，这么多人在这里是……。
Story/D_2_8_1_036,无情新人走，有义旧人回。\n不过可现在不是闲谈的时候，师弟，你我且退一边，待此桩事情了结。
Story/D_2_8_1_037,慢着，你拉他干什么？\n他是该站在这堆人里面的。
Story/D_2_8_1_038,啊……原来如此，确实是我胡涂了。
Story/D_2_8_1_039,你前些日子不辞而行，虽说唐门不会计较，于你个人名声却有损。\n其它江湖门派断不会收留这等不懂尊师重道之人。
Story/D_2_8_1_040,说、说得也是──我当时气得很，没想这么多。
Story/D_2_8_1_041,今日正好，你若想走，就与这些人一块一并向掌门辞行吧。
Story/D_2_8_1_042,……明白了。
Story/D_2_8_1_043,弟子……
Story/D_2_8_1_044,我乏了。\n剩下的人不必再一一来拜别，这便去吧，想走的，本座一律准了。\n从今往后，尔等再也不许以唐门弟子身份自居，亦不得姓唐，知道了吧？
Story/D_2_8_1_045,多谢掌门成全！
Story/O_2_8_1_001,真正且永远离开唐门
Story/D_2_8_1_046,……我也走了。往昔种种，就此恩怨两清，余生再无拖欠。\n掌门，二位师兄，就此别过了。
Story/D_2_8_1_047,滚吧。
Story/O_2_8_1_002,浪迹天涯
Story/N_2_8_1_001,你落拓江湖，一路漫无目的。\n浪迹天涯之远，走过山，看过海，起初想落地生根的念头也渐渐淡了。
Story/N_2_8_1_002,你曾在金国住过，也到过蒙古。\n每处都住过一段时光，可是到头哪儿也不是你的家。
Story/N_2_8_1_003,某一年旅途中，你身染难症逝于道中，结束了你潇洒又孤独的一生。
Story/O_2_8_1_003,改投别派
Story/N_2_8_1_004,你试着改投峨嵋派，但峨嵋以你资质平庸，温言婉拒。
Story/N_2_8_1_005,你试着改投峨嵋派，但你恶名昭彰，\n峨嵋非但不收，还要派弟子替天行道！
Story/O_2_8_1_004,退隐江湖
Story/D_2_8_1_048,我都到这年纪了，文不成，武不就，干啥啥不行。\n再不警醒点踏实过日子，就来不及了。
Story/N_2_8_1_006,你封剑退隐，一生不再与人动武，活到天命之年。\n偶尔有人对你友善，但有更多的人无端厌恶你、仇视你、嘲讽你。\n恶意无处不在，离了江湖亦然，人间就是这样。
Story/O_2_8_1_005,先不急着走
Story/D_2_8_1_049,……你们几个都上前来。
Story/T_2_8_1_004,不妙，我也被喊上了。
Story/D_2_8_1_050,走了多少人？
Story/O_2_8_1_006,就方才那几个
Story/D_2_8_1_051,回禀掌门，走的便只有方才那几名留学时新拜入门的。\n他们平时就要好，一齐来辞行，想来是已经商量好后路了。
Story/D_2_8_1_052,其余弟子都还在正心堂外听候掌门谕令。
Story/D_2_8_1_053,好。
Story/O_2_8_1_007,不少人
Story/D_2_8_1_054,回禀掌门，着实走了不少。\n余下弟子都在正心堂外静候，还有些都是伤员，难以走动，\n无法过来参见掌门。
Story/D_2_8_1_055,无妨，让他们将养着，\n待伤势复原，能够行走时，若想离去的也无须强留。
Story/O_2_8_1_008,剩下的人不多了
Story/D_2_8_1_056,回禀掌门……弟子实在难以启齿……。
Story/D_2_8_1_057,这个……这个……着实走了不少人。\n带头的都是留学期间新入门的弟子，不知不觉间游说了好多人，\n所以……就都跟着走了。
Story/D_2_8_1_058,不过师弟没走。
Story/T_2_8_1_005,三师兄，你干嘛让掌门注意到我！这下我还怎么走。
Story/D_2_8_1_059,原是老太爷异想天开，什么留学，根本胡闹。\n让这些底细不明的外人到本门学艺，改宗姓唐，心仍系在原本门派。
Story/D_2_8_1_060,说穿了他们只想得到好处，一遇到事，谁愿与我们同进同退？
Story/D_2_8_1_061,二师兄此话，未免严厉了些。
Story/D_2_8_1_062,新人拜师，多数武功还不到家，对本门也尚未树有十足信心，\n不幸碰上前夜那场袭击，心怯亦无可厚非。\n也许过些日子冷静下来，又会回心转意，也未可知。
Story/D_2_8_1_063,三师弟，你也在胡言乱语。\n这可是掌门座前，冷静点再开口。
Story/D_2_8_1_064,唐门是什么地方，容这些乡巴佬说来就来，说走就走？
Story/D_2_8_1_065,这……二师兄训的是，我失言了。
Story/D_2_8_1_066,哼，这些人本就应该淘汰的，倒省了我一番力气。
Story/D_2_8_1_067,如斯懦夫一吓就跑，足见他们压根不知闯荡江湖，意味着何事。\n他们都在作梦，从不相信自己可能会死。
Story/D_2_8_1_068,今日不过受了点轻伤、听闻三言两语便吓得做鸟兽散，\n你还能期待这群窝囊废派上用场？
Story/D_2_8_1_069,说穿了，他们眼里的江湖，不过是场游戏，与蹴鞠无异。
Story/D_2_8_1_070,这等连觉悟皆无的毛孩，滚蛋了也好，省得枉死沙场。
Story/T_2_8_1_006,二师兄说话虽不留情面，倒是一针见血。
Story/N_2_8_1_007,良久，无人发出声响，寂静笼罩了空荡正心堂。
Story/T_2_8_1_007,好尴尬，我错过了拜别的时机，这下很难开口。
Story/N_2_8_1_008,小师妹悄没声息地来了，掌门见到爱女无恙，脸色才稍微和缓。
Story/D_2_8_1_071,前天夜里，有两拨人马擅闯唐门互斗，随后又逃逸而去，\n这事理清眉目了吗？
Story/D_2_8_1_072,弟子无能，虽然率人追赶，可是他们显然有备而来，\n撤退时派遣死士服毒断后，致令弟子一无所获。
Story/D_2_8_1_073,……唐升，本门可有什么重要事物失落？
Story/D_2_8_1_074,我里里外外点过一遍，没有遗失什么事物。
Story/T_2_8_1_008,话说本门也没剩什么值钱事物可以偷就是了。
Story/D_2_8_1_075,这些宵小显然不是为财物而来。
Story/D_2_8_1_076,看来魔教围攻江陵是假，调虎离山是真，\n看准大师兄、四师弟带人驰援江陵，趁虚而入。\n而南宫世家看出端倪，伙同六派侠士，及时解了本门之危。
Story/D_2_8_1_077,……真是如此吗。\n那些正派人士来示警，却被泥教打得落荒而逃，\n竟连邀功、客套话都没说，这事着实令人生疑。
Story/T_2_8_1_009,正派侠士视金钱如粪土的在所多有，无非求名而已。\n沉得住气，不居功的就少得多，但也不是没有。\n可是都不客套几句再走，那可当真蹊跷得紧了。
Story/D_2_8_1_078,既然如此，本座致书往南宫世家及六大派相询便是。\n铃儿既然回家，本门典籍亦没失窃，剩余的就都是小事。\n江陵那儿可有来信？
Story/D_2_8_1_079,四师弟每十五日，便会传信一封。\n听说各路英雄在江陵集结，力挽颓势，可以说是稳操胜券了。\n再要不了几日，就能赶走丐帮了。
Story/D_2_8_1_080,好。
Story/D_2_8_1_081,铮儿唐升，你们可以退下各自去忙。\n铃儿，赵活，你两人留下。
Story/D_2_8_1_082,呃，我？
Story/D_2_8_1_083,弟子告辞。
Story/D_2_8_1_084,弟子告辞。
Story/D_2_8_1_085,赵活，你带铃儿回家，解我心头之忧，功劳很大。
Story/D_2_8_1_086,还有云裳。\n师兄租了轿子，送我们上山的。
Story/D_2_8_1_087,是吗，你怎就这么娇贵，自己走不动，还要人扛。
Story/D_2_8_1_088,……。
Story/D_2_8_1_089,这、这没有什么。
Story/D_2_8_1_090,你在本门多年，既有功劳，也有苦劳，本座很欣慰。\n铃儿，你上楼去爹卧房，将架上木匣子拿来。
Story/D_2_8_1_091,是。
Story/T_2_8_1_010,莫非……莫非掌门终于要收我入室了吗！
Story/N_2_8_1_009,你怦然心跳，口干舌燥。
Story/D_2_8_1_092,来了。
Story/D_2_8_1_093,拿给你师兄。
Story/D_2_8_1_094,掌门……请问这是……？
Story/D_2_8_1_095,此物赠你，以示嘉勉。下去歇息吧。
Story/D_2_8_1_096,是……。
Story/D_2_8_1_097,铃儿，随爹进来，让爹看看你。
Story/T_2_8_1_011,……就这样吗？\n可我要的不是这些，我又不贪图赏赐。\n只想要容身之处，想要公平罢了。
Story/T_2_8_1_012,唉。
Story/T_2_8_1_013,掌门说不定都不知道我离家出走了。\n我看我还是死了这条心，收收东西走吧。
Story/N_2_8_1_010,你灰心至极，捧着木匣退出正心堂。
Story/D_2_8_1_098,恶心，谁半夜出恭把尿壶用了又不拿去倒掉，都满出来了啊！
Story/D_2_8_1_099,怪、怪我啰，大家都有用，怎么能赖我一人？\n我充其量只是压垮骆驼的最后一根稻草。\n要怪也应该怪赵活没把尿壶拿去倒！平时都是他负责的！
Story/D_2_8_1_100,那小子最近不知死哪去了，放着一堆工作不做。\n我练功已经够累了，还被叫去帮忙晒菜干。\n妈～的，迟早我要让他知道偷懒的下场。
Story/D_2_8_1_101,没错，说来练武场上一堆落叶，给雨一浇全都腐烂，\n弄得地板又脏又滑，那臭小子到底多久没给我扫地了？\n他偷懒，到时就得一块一块将地砖上的污渍给我刷起来。
Story/D_2_8_1_102,说人人到！喂，姓赵的，你到底还想不想在唐门混了？
Story/D_2_8_1_103,怎、怎么了，各位师兄，我干什么了？
Story/D_2_8_1_104,问题就是你啥事也没干！都死哪去了？
Story/D_2_8_1_105,这……我……。
Story/D_2_8_1_106,还抱着一个木匣子，什么玩意？给我拿来！
Story/N_2_8_1_011,众师兄弟气恼你偷懒，想给你点颜色瞧瞧，强行抢去了木匣。
Story/D_2_8_1_107,我也不知是何物。
Story/N_2_8_1_012,众师兄弟气恼你偷懒，想给你点颜色瞧瞧，强行抢去了木匣。
Story/D_2_8_1_108,还我！那可是我的退休金啊！
Story/D_2_8_1_109,快打开看看，是钱就分了大家喝酒，当作赵活的陪罪。
Story/N_2_8_1_013,方才还怒不可遏的师兄们一打开匣子，顿时呆若木鸡。
Story/D_2_8_1_110,怎么……不是钱？匣子里没钱？
Story/D_2_8_1_111,我有看错吗？是我想的那件东西吗？
Story/D_2_8_1_112,我也看到了，八成真是。
Story/D_2_8_1_113,{size=24}快还他，快还他，我可没碰喔，是你抢的喔。{/size}
Story/D_2_8_1_114,噫，噫～师弟，我要去晒菜干了！
Story/D_2_8_1_115,我要去刷地！
Story/D_2_8_1_116,我要去倒夜壶，順便清洗茅厕！
Story/D_2_8_1_117,……大家这是中邪了吗？\n莫非这小剑有涂了什么乱人心智的毒物？
Story/O_2_8_1_009,端详一下
Story/D_2_8_1_118,好旧的兵器，打磨一下或许能用，倒似没什么特别的。
Story/D_2_8_1_119,嗯，和本门弟子所用的小剑不太一样，里边也有小球，是柄机关剑无疑。
Story/D_2_8_1_120,但是拿在手里怎会如此古怪，重心好似无时不刻都在变化。
Story/D_2_8_1_121,喂，你若闲着没事，就过——
Story/D_2_8_1_122,……你手里的兵器……！
Story/D_2_8_1_123,二师兄，你知道这小剑的来历吗？
Story/O_2_8_1_010,舔舔看
Story/D_2_8_1_124,没啥味道，我舔另一面试试。
Story/D_2_8_1_125,喂，你若闲着，就过——
Story/D_2_8_1_126,你个杂种立刻给我住手！
Story/D_2_8_1_127,二师兄，你何必发这么大火。
Story/D_2_8_1_128,你可知道这是什么事物吗？
Story/D_2_8_1_129,一柄小剑。
Story/D_2_8_1_130,……这是一柄『传承小剑』。\n掌门从先掌门手里继承而来，持之以横行江湖的兵器。\n铸法失传，无双无对，普天之下只此一柄。
Story/D_2_8_1_131,那、那掌门如何以此物赠我？莫不是小师妹拿错匣子了？
Story/D_2_8_1_132,你问我，我问谁？哼！
Story/D_2_8_1_133,你给我正经听着。\n此物虽非掌门信物，却是向来都与掌门令牌、碧血玉一起传给新任掌门。\n已经历朝数代，比你一条贱命都贵重百倍！
Story/D_2_8_1_134,掌门既然恩赐于你，你便应心怀感激，慎重保管。\n倘若遗失，那可不是拿命来抵就能了事的。
Story/D_2_8_1_135,这……这……我……我定当小心翼翼的藏好，\n或者我干脆拿回去还给掌门吧。
Story/D_2_8_1_136,蠢材，掌门既然赐你，你就该妥善使用，捍卫师门！\n你若将此剑束之高阁，那算什么意思？
Story/D_2_8_1_137,是。
Story/D_2_8_1_138,……我再奉劝你一件事。\n别拿那剑在我面前招摇，否则我可能会按捺不住动手杀了你。
Story/D_2_8_1_139,掌门竟然将这等重宝赐我……原来不是没把我放眼里吗。
Story/N_2_8_1_014,在那之后，你拿着传承小剑到处显摆，越有资历的师兄姐越是惊骇。\n你得意忘形，离家出走的事也抛诸脑后，忘得一干二净。
Story/N_2_8_1_1_001,峨嵋派出的弟子败下阵来，余下的也不再追击。
Story/N_2_8_1_2_001,随后你到青城山拜师，掌门打量你相貌，惊为天人，当即应允。\n你欣喜若狂，还道从此改运，可以学成一身高强武功，行侠仗义。
Story/N_2_8_1_2_002,殊不知人家说你根骨上佳，可不是看中你武学资质。
Story/N_2_8_1_2_003,身是苦本，学道者唯有忘弃红尘，宠辱不惊，方能了断烦恼。\n观你面貌，注定尘世缘薄，试问天底还有谁比你更适合学道呢？
Story/N_2_8_1_2_004,若干年后，你依然武艺低微，可是道学底蕴已足睥睨当世。\n你开坛讲道，天下道家门徒无论派别，都来洗耳恭听。
Story/D_2_8_1_2_001,……。
Story/N_2_8_1_2_005,你一言不发，指天，指地，指人，指自己，\n一句话也没说，又像说了很多。
Story/N_2_8_1_2_006,诸人各自感悟，有人莫名其妙，有人热泪盈旷，伏身下拜。\n而你究竟说了什么话，只有你自己知晓。
Story/N_2_8_1_2_007,你讲道以后，便下山云游，此后再也无人见过你的踪影。
Story/N_2_8_1_2_008,你到青城山拜师，但你心慕荣利，为俗世所染已深，不是学道的料子，\n因此遭到婉拒。
Story/N_2_8_1_2_009,你最终被崆峒铁拳门收留，为了餬口饭吃，日夜忙碌。\n习武的梦想渐渐就淡忘了。某日崆峒新掌派人金乌上人看你不顺眼，\n随手一掌打死了扔山沟里，也没人发觉。
Story/D_2_8_2_001,怎么都没人！该不会……！掌门！
Story/D_2_8_2_002,废话。\n人马都给你们带去江陵了，你道留在山上这点人还能清闲度日？
Story/D_2_8_2_003,二师兄，还有师弟！山上没事吗？没人来偷袭吗？
Story/D_2_8_2_004,看来是听说本门被袭的事了。
Story/D_2_8_2_022,你这话问得未免太蠢，我倒要问你唐老四：\n你道那些见不得光、甚至不如六派门人的乌合之众，动得了唐门吗。
Story/D_2_8_2_023,那必然动不了！
Story/D_2_8_2_024,就是这样。
Story/D_2_8_2_025,哼……说来你这回颇有一点用处，不算废物透顶。\n我就姑且当你是个优质废物吧，赵氏蠢猪。
Story/D_2_8_2_026,二师兄，我觉得你这应该算不上在夸人。
Story/D_2_8_2_027,我知道，师弟是属于那种看着不起眼，又占地方碍眼，\n关键时刻拿来通茅厕发现意外管用的废物吧。
Story/D_2_8_2_028,四师兄，我要跟你拼了！
Story/D_2_8_2_029,你先入内拜见掌门，详细的，到掌门座前再行禀报。
Story/D_2_8_2_005,我很忙，没空和你废话，就只说结论吧──\n掌门没事，小师妹也没事。
Story/D_2_8_2_006,我也没事。
Story/D_2_8_2_007,你给我闭嘴，没人在意你的死活。
Story/D_2_8_2_008,万幸，那其他人呢？
Story/D_2_8_2_009,没出人命，被吓破胆拜别下山的却不少。\n也罢，唐家大院就这么点大，没事尽塞垃圾，叫人气闷。\n如今清净多了。
Story/D_2_8_2_010,……。
Story/D_2_8_2_011,唐升正在忙着收拾烂摊子，无暇理会你。\n你先入内拜见掌门，详细的，到掌门座前再行禀报。
Story/N_2_8_2_001,入正心堂拜见掌门，四师兄遂将此行经过娓娓道来。
Story/N_2_8_2_002,江陵大战，集中原正派之力合斗畜生道，并以正派武林大捷告终。
Story/N_2_8_2_003,丐帮李富贵大义灭亲，畜牲道法王王二壮终于伏诛。\n丐帮旧派奋起，驱逐泥教脓血，回归武林正道行列。
Story/N_2_8_2_004,怎奈一夕风云突变，情势急转直下。\n南宫老太爷疑似忧思过重，竟然心竭而逝。
Story/N_2_8_2_005,如斯祸事，自得归咎于泥教，正派武林与泥教嫌隙益深，然而祸不单行，\n泥教更趁正道集结江陵，率众突袭各派本山。
Story/N_2_8_2_006,万幸各地南宫族人似乎未卜先知，率领六派弟子前往示警、支持，\n令泥教偷袭诡计功败垂成。
Story/D_2_8_2_012,──事情经过，就是如此。
Story/D_2_8_2_013,……本座听明白了。
Story/D_2_8_2_030,看来案情并不单纯，有必要深入追究。
Story/D_2_8_2_031,嗯，你去追查此事，切勿莽撞。\n存祸心相害的，以牙还牙，虽远必诛。\n但也不能尽信片面之词，倘若冤枉了朋友，不免令人心灰意冷。
Story/D_2_8_2_032,弟子领命，定当谨慎行事。
Story/D_2_8_2_014,……与本门遭遇情况如出一辙。\n南宫世家被围，竟然有还余力兼顾全局，同时救援六派与唐门……？
Story/T_2_8_2_001,南宫世家还有这么厉害的人物吗？简直再世诸葛一样。
Story/D_2_8_2_015,……我在想啊，我纯粹是猜的。\n这事该不会和大师兄有关吧？他和我一同出门，路上就跑得不见人影了，\n到现在都不回家。
Story/D_2_8_2_016,决计不会。你们大师兄虽然聪明顶，却没能耐统率六派门人。\n以南宫族人策应六派者，必然另有其人。
Story/D_2_8_2_017,说得也是，一针见血。
Story/D_2_8_2_018,掌门英明。
Story/D_2_8_2_019,尚幸我唐门弟子，都得凯旋而归，本座很欣慰。\n今日伙房开大灶，山上还有什么吃食，便都煮了炖了，好好热闹一番。
Story/D_2_8_2_020,多谢掌门恩赐～！
Story/D_2_8_2_021,多谢掌门！
Story/D_3_10_1_001,爹，爷爷，孩儿今日出城，必将带领江湖侠士，全歼恶贼，凯旋而归，\n光耀我南宫世家门楣，令家名再次响彻江湖。\n请家主、太上家主坐镇在府，等孩儿好消息。
Story/D_3_10_1_002,好，这便是我孩儿扬名天下的首战，为父在家等你好消息。
Story/D_3_10_1_003,爹……爷爷，我、我也会努力。
Story/D_3_10_1_004,好，你去吧。
Story/D_3_10_1_005,浅儿，你量力而为，别要贪功鲁莽。
Story/D_3_10_1_006,是，是。
Story/D_3_10_1_007,爹，你未免杞人忧天，这孩子能不丢脸世家的脸面，我便偷笑了。
Story/D_3_10_1_008,远儿，你这个做爹的，怎么就那么偏心？\n孩子要上战场，你不能多几句宽慰的话。
Story/D_3_10_1_009,……孩儿本就不想认这儿子。
Story/D_3_10_1_010,唉，冤孽。
Story/D_3_10_1_011,南宫老侠，且请留步。
Story/D_3_10_1_012,你是……？
Story/D_3_10_1_013,晚辈是锦香宫人，贱名不足挂齿。\n此来特为传讯，有贵人将至，请老侠知悉。
Story/D_3_10_1_014,哦，什么样的贵人，要老朽亲自迎接。\n莫不是你家宫主改变心意，莅临江陵府了？
Story/D_3_10_1_015,非也。贵人名讳，晚辈不敢轻言。\n大驾来时，老侠便知。
Story/D_3_10_1_016,老朽正想上城楼观战，不如你请那位贵人移驾，上城楼见老朽吧。
Story/D_3_10_1_017,可是那位贵人不欲声张，还得请老侠在府中静候。
Story/D_3_10_1_018,这可难办了，我若执意不肯，你如何是好？
Story/D_3_10_1_019,……老侠请稍候。
Story/N_3_10_1_001,那女子说不动老太爷，正感为难，从怀里拿出一个锦囊。
Story/N_3_10_1_002,只见锦囊中字条，如是写道：『以锦囊示之』。\n她错愕难当，左右翻看，再无其他线索。\n无法可想，只得硬着头皮，按签上所示，将空锦囊交给南宫横。
Story/D_3_10_1_020,──！
Story/D_3_10_1_021,这可真是……这一日终于来了吗……。\n请女侠敬禀那位贵人，便说南宫横在府扫榻相迎，恭迎大驾。
Story/D_3_10_1_022,请老兄代为传达，姑且按兵不动。\n待大公子到场，代家主发布号令，与指挥使配合。
Story/D_3_10_1_023,好。
Story/D_3_10_1_024,对面也有动静了，该不会是打草惊蛇了吧？
Story/D_3_10_1_025,放心，就算他们有所察觉，亦无所谓。\n大公子料事如神，今日这些臭乞丐，一个也别想好过。
Story/D_3_10_1_026,阿丁，各派人马各就各位了吗？
Story/D_3_10_1_027,大公子，一切就定位了。\n按您吩咐的，请各派人马潜伏于各处要道上，只待您一声号令。
Story/D_3_10_1_028,好，你去传讯吧。
Story/D_3_10_1_029,是。
Story/D_3_10_1_030,赵兄弟，也请你去向唐门──
Story/N_3_10_1_003,南宫深下颏昂扬，远眺彼方，彻底无视你。
Story/D_3_10_1_031,大公子！
Story/D_3_10_1_032,萤儿，你怎么来了？\n我不是要你在家老实待着吗？
Story/D_3_10_1_033,萤儿实在放心不下你，便去庙里礼佛，捐了好多香油钱，\n求得一串佛珠，想让大公子佩在身上，以保平安。
Story/D_3_10_1_034,萤儿，南宫世家是信道的，和上官世家不一样。\n你看青城年年都送爷爷丹药，还不明白吗？
Story/D_3_10_1_035,……我关心则乱，没意会到这层。\n还请公子见谅，念在萤儿心诚，便戴上吧。\n即便你不信，也好令人安心。
Story/D_3_10_1_036,不戴。你将来入我家门，也不许再拜了。\n南宫世家虽不禁人信仰，但本公子忌讳。
Story/D_3_10_1_037,公子，你在这儿，妾身追得好苦。
Story/D_3_10_1_038,乐小娘子？你怎么出城来了？此处危险，你速速回去。
Story/D_3_10_1_039,妾身情知大公子要建功立业，可是心里实在放心不下。\n连夜缝制了这个香包，还请大公子佩在身上，就似妾身与你同在。
Story/D_3_10_1_040,乐小娘子的心意，本公子便收下了。
Story/D_3_10_1_041,……。
Story/D_3_10_1_042,……。
Story/T_3_10_1_001,虽说男子三妻四妾，事属寻常，但宁有当着未婚妻的面，\n与红颜知己说体己话的道理？大公子未免忒也过份。
Story/D_3_10_1_043,妾身祝公子旗开得胜，马到成功。\n请务必保重自己，倘若您有个万一，妾身……妾身也不知怎活了。
Story/D_3_10_1_044,乐小娘子是绝代佳人，即便舍了大公子，\n等着一亲芳泽的翩翩公子亦大有人在，你大可不必操心后半生。
Story/D_3_10_1_045,萤儿，你说这什么话！\n你明知乐小娘子身世乖舛，还恶意出言讥讽。\n这是三大世家该有的风度吗？
Story/D_3_10_1_046,──大公子当着我的面，和一贱籍女子打情骂俏，\n却将我置于何处？这难道才是三大世家该有的风度？
Story/D_3_10_1_047,你这什么态度？还没嫁进门，便想骑到丈夫头上了吗！
Story/D_3_10_1_048,大公子贤能，为何唯独此事令你智昏？\n公子莫非想惹天下英雄笑话，说南宫礼教不修，有失体统吗？
Story/D_3_10_1_049,好个有失体统，你就是这点不招人喜欢。
Story/D_3_10_1_050,什、什么？我哪里错了？
Story/D_3_10_1_051,你很好，你没错。\n你就是尽知指指点点，半分不惹人怜罢了。\n若非为了两大世家的交情，本公子一刻也不想听你唠叨。
Story/D_3_10_1_052,你、你怎能这样说？\n我还不都是为了大公子你好，作为一个贤内助……
Story/D_3_10_1_053,够了。
Story/D_3_10_1_054,乐小娘子，你回城以后，莫回乐坊。\n去南宫世家，寻我父亲庇护。我担心有人善妒，起意害你。
Story/D_3_10_1_055,是，妾身都听公子安排。
Story/D_3_10_1_056,萤大小姐！快回来！去不得呀！\n您若有三长两短，南宫上官两家姻亲不成反要成仇啊！
Story/D_3_10_1_057,……临阵还闹家变，怕不是要影响士气。\n算了，别人的家事，我少掺和。
Story/D_3_10_1_058,大公子！
Story/D_3_10_1_059,萤姑娘！使不得，再往前便是战场了。
Story/D_3_10_1_060,赵活！你拉我干嘛！
Story/D_3_10_1_061,……。
Story/D_3_10_1_062,唉，这一拳好轻，却比平时还痛得多。
Story/D_3_10_1_063,要你这下人多管闲事！
Story/D_3_10_1_064,唉，这一拳好轻，却比平时还痛得多。
Story/D_3_10_1_065,你这死人，尽杵在那看我笑话！\n一句话也不为我分说！
Story/D_3_10_1_066,你希望我插嘴吗？
Story/D_3_10_1_067,……。
Story/D_3_10_1_068,此处很多人，别哭了，免得堕了你上官世家的威风。
Story/D_3_10_1_069,废话，还用你说。
Story/D_3_10_1_070,……。
Story/D_3_10_1_071,呜呜……呜呜。
Story/D_3_10_1_072,别哭啦，你不如打我好了。\n打多几下就不伤心了。
Story/D_3_10_1_073,蠢货，笨嘴的木头，有你这样安慰人的吗！
Story/D_3_10_1_074,狼心狗肺，负心人！去死！
Story/D_3_10_1_075,……。
Story/D_3_10_1_076,好点了吗？
Story/D_3_10_1_077,好了。
Story/D_3_10_1_078,不愧是上官姑娘，一下就镇静下来了。\n换作是我碰上这种事，起码要哭三天。
Story/D_3_10_1_079,……我回去了，你自己小心点。\n我方才说的去死，只是气话，不是对你。
Story/D_3_10_1_080,知道了。
Story/D_3_10_1_081,……。
Story/D_3_10_1_082,萤姑娘，你是千金之躯，尊贵之人。\n焉能轻易受人挑衅？你若贸然闯入战场，致使憾事发生，如何是好？
Story/D_3_10_1_083,大公子不信我是为了他好，还怀疑我会挟怨报复那乐妓。\n我便上战场为他拚杀，死掉算了。
Story/D_3_10_1_084,你平时很聪明的，怎么今日那么笨呢。\n你若真死了，那乐小娘子只会偷笑而已，此后谁来与她相争？
Story/D_3_10_1_085,她敢！区区贱籍女子，也敢妄图嫁入南宫世家！
Story/D_3_10_1_086,再说，你都未嫁过门，何必一股脑儿把自己赔进去？\n你自己想想，这买卖到底划不划算。
Story/D_3_10_1_087,感情事，又不是买卖。\n我便是一心一意待他，从没计较得失，哪知落得如此下场。\n我……我还是不活了。
Story/T_3_10_1_002,有萤姑娘这么好的女子倾心相待，不知几世修来的福气。\n换作是我，作皇帝也不换，大公子有此良缘，却不惜福。
Story/D_3_10_1_088,你不必舍命，我趁乱去捅大公子几刀，你再替他治伤。\n他便知道感激你了。
Story/D_3_10_1_089,你胡说八道什么！你敢动他，我就跟你没完！
Story/D_3_10_1_090,那我去捅死那叫乐屏的总可以吧？
Story/D_3_10_1_091,那不就应了大公子的话，我也不许你害她！
Story/D_3_10_1_092,我可不听你的，你敢上战场，我就一定要捅死他们其中一个。
Story/D_3_10_1_093,你……不可理喻！
Story/D_3_10_1_094,这下子不哭了吧？\n冷静下来就回去吧，你总得好好活着，才能从我魔爪之下保护她们。
Story/D_3_10_1_095,你这人真的是……唉。\n学谁不好，学了刘颚那混蛋的无法无天。
Story/D_3_10_1_096,我上阵去了。
Story/D_3_10_1_097,保重。
Story/D_3_10_1_098,好。
Story/D_3_10_1_099,……。
Story/D_3_10_1_100,大公子着紧那女子，怜她身世也是有的，未必便是真心。\n扶弱济贫之心，人皆有之，何况以仁德享誉的南宫世家。\n连我见了她，都不禁暗暗惋惜。
Story/D_3_10_1_101,连你也……那样矫揉造作的样子，我、我就是学不来啊。
Story/D_3_10_1_102,你何必学她呢？你有你的好。\n她只等着旁人见怜施舍，满心迎合；你却能犯颜极谏，与丈夫齐头并进。\n你的好，是一生一世的，日久见人心，别怕，大公子迟早会明白的。
Story/D_3_10_1_103,……呜，咕，嗯……。
Story/D_3_10_1_104,你说的有道理，我是名门之后，如此方寸大乱，\n宛如泼妇一般，与端庄大方半点沾不上边，实在有失体统。
Story/D_3_10_1_105,给你添麻烦了，多谢。
Story/D_3_10_1_106,不谢。冷静点，就回去吧，我也该出阵了。
Story/D_3_10_1_107,保重。
Story/D_3_10_1_108,……。
Story/D_3_10_2_001,捍卫正道！齐心诛邪！\n齐聚江陵的众位将士、侠士，决一死战的时刻到了！
Story/D_3_10_2_002,{size=60}捍卫正道！齐心诛邪！{/size}
Story/D_3_10_2_003,传令，击鼓！
Story/D_3_10_2_004,本公子要入阵冲杀，抢立头功，谁愿与我同生共死的！都来吧！
Story/D_3_10_2_005,杀杀杀～！
Story/D_3_10_2_006,赵活，你快闪边，别挡路了！
Story/D_3_10_2_007,上啊！虎战车试作一号机！
Story/D_3_10_2_008,走吧！
Story/D_3_10_2_009,好！
Story/D_3_10_2_010,上啊！霹雳车！
Story/N_3_10_2_001,霹雳车，尖端科技的结晶，是一部没人性的万能杀戮车。\n出现在我们这个无奇不有的人间，刀枪不入，无所不能。
Story/D_3_10_2_011,──！
Story/T_3_10_2_001,太俊啦！不愧是我的杰作！
Story/D_3_10_2_012,走吧！
Story/D_3_10_2_013,好！
Story/D_3_10_2_014,上啊！赵活蹂躏者！
Story/D_3_10_2_015,我差点就被你的车辗死！
Story/D_3_10_2_016,……失手。
Story/D_3_10_2_017,走吧！
Story/D_3_10_2_018,好！
Story/D_3_10_2_019,听到了没？他们要决一死战了。\n兄弟们都听着，本帮主只有一个命令──别死。\n万不得以取人性命，便往北去六道峡避难，听懂了没？
Story/D_3_10_2_020,……那么，走吧。
Story/N_3_10_2_002,第一阵
Story/D_3_10_3_001,赢啦！
Story/D_3_10_3_002,来呀！有种再来呀！哈～？哈～～？
Story/D_3_10_3_003,这厮还有气，踩扁他！
Story/D_3_10_3_004,唐门好样的！丐帮第二阵要围过来了，赶紧准备！\n我们来助阵！
Story/N_3_10_3_001,第二阵
Story/D_3_10_3_005,很好，唐门的，老看你们不顺眼了！\n就你们那点人，日子清贫还不认命，自居三大世家，好不要脸！
Story/D_3_10_3_006,废话少说，通通放马过来！
Story/D_3_10_3_007,我们就是穷，也有气节，你们会是乞丐，只因你们想当乞丐！
Story/D_3_10_3_008,臭乞丐，吃本娘子的金钱镖！
Story/D_3_10_3_009,萤姑娘！你、你怎会……话说那不是金钱镖吧！\n哪有人把整贯铜钱拿去扔人的，根本是钝器啊！
Story/D_3_10_3_010,要你管。赵活，我第一次打群架，你可得照看着我！冲啊！
Story/D_3_10_3_011,不要冲啊！
Story/D_3_10_3_012,呀干！这个紫衣婆娘好猛的拳劲！\n大家小心点！她会乱打人！
Story/D_3_10_4_001,收拾干净啦！
Story/D_3_10_4_002,萤小娘子好猛！
Story/D_3_10_4_003,她十招里面没一招是守势，当然猛！
Story/D_3_10_4_004,我要防守干嘛？有你们护着我啊！
Story/N_3_10_4_001,上官萤犹如虎入羊群，见人就殴。\n苦恼拳在她手里威力暴增，加上重型金钱镖的威力，当者披靡。\n伤在她手下的人，只怕比你还多，打倒了一票人，还意犹未尽。
Story/D_3_10_4_005,哈哈～刚才好痛快。
Story/D_3_10_4_006,只不知南宫公子要是知道我为他涉险，会生我的气，还是夸奖我呢。
Story/T_3_10_4_001,你终究是为了他……。
Story/T_3_10_4_002,快死心吧，赵活。\n你也看到我今日犯险，是一心一意为了南宫公子。
Story/T_3_10_4_003,你要争功名，要名动天下我都管不着，只要你不是为我就可以。\n你倘若因我而受伤，那是半点也不值，盼你早点醒悟过来吧。
Story/D_3_10_4_007,唐门的各位，请到中央会师──
Story/D_3_10_4_008,咦？上官大小姐？您怎么会在战场中？
Story/D_3_10_4_009,你甭管我，军情要紧。
Story/D_3_10_4_010,准备受死吧，丑八怪！
Story/D_3_10_4_011,要你命，肥猪！
Story/D_3_10_4_012,哼哼……。
Story/D_3_10_4_013,知道我们的厉害了吧？\n唐门双贱合璧，所向披靡。
Story/D_3_10_4_014,不，你才贱，本人高贵的很。
Story/D_3_10_4_015,师弟，你都没意会到自己说话多贱吗。
Story/D_3_10_4_016,……运气好，我本来是吃了一惊，转身想打你的。
Story/D_3_10_4_017,我也是，结果打错人，歪打正着，真是惊险。
Story/D_3_10_4_018,唐门的各位，请到中央会师，要决一死战了。
Story/D_3_10_4_019,战况推进到高潮，如大公子所料，只要杀得够狠，\n军中潜伏的修罗道便按捺不住一一浮上水面，回护丐帮中人。\n大公子安排的伏兵发动，势要将他们一网打尽！
Story/D_3_10_4_020,好！我们这就去！
Story/N_3_10_4_002,第三阵
Story/D_3_11_1_001,好痛！咦……四师兄！怎么是你！
Story/D_3_11_1_002,你干嘛打我！
Story/D_3_11_1_003,你也打我啊！
Story/D_3_11_1_004,这不是没办法的吗？兵荒马乱，谁分得清谁是谁？
Story/D_3_11_1_005,胡说，制服不就是为了此刻用的？你分明就没看来人便打！
Story/D_3_11_1_006,你还不是一样！
Story/D_3_11_1_007,二位大侠──
Story/D_3_11_1_008,哇干！
Story/D_3_11_1_009,你又打错人了！这个是自己人来着！
Story/D_3_11_1_010,谁、谁叫他肩甲戳到我了，我还以为是敌人。
Story/D_3_11_1_011,喝……？我方才怎么晕过去的？
Story/D_3_11_1_012,你被丐帮的暗器偷袭，幸亏我在附近，及时出手救了你的小命。
Story/T_3_11_1_001,真亏你说得出来！
Story/D_3_11_1_013,原来是这样，多谢大侠相救之恩！
Story/D_3_11_1_014,呃……。
Story/D_3_11_1_015,算了，不管了。
Story/D_3_11_1_016,大公子有令，唐门势弱，不宜孤军奋战，还请退居后方，守望侧翼。
Story/D_3_11_1_017,这是要我们撤退吗？
Story/D_3_11_1_018,也可以这么说。
Story/D_3_11_1_019,没门儿！我还要继续冲杀！
Story/D_3_11_1_020,师弟，你找死不打紧，师兄弟们都撑不住啦。
Story/D_3_11_1_021,四师兄，我们退吧，师兄弟们都撑不住了。
Story/D_3_11_1_022,……退吧，就算胜不得，我唐四好歹要把大家带回家。\n唐门的师兄弟们，咱们风紧，扯呼啦！
Story/D_3_11_1_023,哇！救命！
Story/D_3_11_1_024,萤姑娘，你喊救命就喊，干嘛还打我！
Story/D_3_11_1_025,我、我这不是吓坏了吗！都不体谅人家一下！
Story/D_3_11_1_026,会怕你就不要逞强啊，我送你回城。
Story/N_3_11_1_001,在那之后，两军鏖战，大公子伏兵之计发动，使丐帮节节败退，\n潜伏于廂军中的修罗道余孽为了回护丐帮弟子撤退，一一浮出水面。\n战况到了最后阶段。
Story/D_3_11_2_001,喝！
Story/D_3_11_2_002,大公子！你没事吧？
Story/D_3_11_2_003,兄长，你、没没没事吧？
Story/D_3_11_2_004,要你多管闲事！
Story/T_3_11_2_001,这群臭乞丐，既不杀人，也不顽抗，一触即走。\n可恨的是那丐帮帮主指挥若定，我苦心安排的埋伏，竟被他临阵破解了。
Story/T_3_11_2_002,但你再得意也没有多久了，本公子设了多重埋伏。\n待包围圈收紧，就算跑得了无关紧要的小卒，你王二壮却插翅也难飞。
Story/D_3_11_2_005,退。
Story/D_3_11_2_006,南宫世家的未来家主，不外如是。
Story/T_3_11_2_003,──话是这么说。
Story/T_3_11_2_004,这大公子一副纨绔作派，差点让他给骗了。\n他倒还懂伏兵之计，只可惜江湖人不似军中将士，焉能老实听你使唤。\n凭我的应变，连消带打，还不在话下。
Story/T_3_11_2_005,是时候了吗──呼。
Story/N_3_11_2_001,王二壮鼓足真气，蓦地一声爆喝。
Story/D_3_11_2_007,{size=60}中原正道侠士，江陵守城将领都听着！{/size}
Story/D_3_11_2_104,{size=60}本人泥教法王，暨丐帮帮主在此，名唤王二壮的便是！{/size}
Story/D_3_11_2_008,这、这是声波功？
Story/D_3_11_2_009,好浑厚的内力！丐帮帮主，内功深不可测啊。
Story/N_3_11_2_002,王二壮一声咆哮，声震平野，两边人马俱为之震动。\n此声有如虎啸，正道人尽皆骇然，反之丐帮则面有得色，信心大振。
Story/D_3_11_2_010,……！
Story/D_3_11_2_011,萤姑娘，你还好吗？
Story/D_3_11_2_012,我……还好，就是被骇着，有点儿腿软。
Story/D_3_11_2_013,难得幸会天下英雄。这般瞎打一气，可有多扫兴？\n是个豪杰，就站出来，一对一，手底见真章如何？
Story/D_3_11_2_014,王某不躲也不逃，便在此处候教。\n车轮战亦无所谓，只消你们之中有一人能胜，王某甘心引颈就戮！\n丐帮上下，亦都伏首称臣，束手就缚。
Story/D_3_11_2_015,如若没人，哼，王某也不为难你们。\n只是中原各大派的招牌，都给我回家撤了吧！
Story/D_3_11_2_016,！……。
Story/N_3_11_2_003,南宫深回头见了未婚妻关心情切的脸色，微微一怔，便别过头去不理。
Story/D_3_11_2_017,萤姐！你怎会……？
Story/D_3_11_2_018,你别吵嚷，扰你大哥思虑。
Story/D_3_11_2_019,是。
Story/D_3_11_2_020,大公子，那王法王好大口气，竟是要单挑天下英雄，如何是好？
Story/D_3_11_2_021,哼，他打的如意算盘，垂死挣扎罢了。\n我军胜券在握，再斗下去，丐帮只有死路一条。\n便用这种下作手段僵住局面，妄图逃生。
Story/D_3_11_2_022,江湖人不比军队，最重名声。倘若避战，往后便抬不起头来了。
Story/D_3_11_2_023,……。
Story/D_3_11_2_024,王法王好气魄，我来领教高招！
Story/N_3_11_2_004,正当一筹莫展之际，忽有人发喊，越众而出。
Story/O_3_11_2_001,不知斤两的家伙
Story/D_3_11_2_025,我乃崆峒派．飞天门火龙仙君座下弟子，\n江湖人称火狐狸．胡离火的便是！
Story/D_3_11_2_026,好名字，老子名字这么难听，生平最恨有人名头响亮。\n放马过来！
Story/D_3_11_2_027,好汉子，谁知道那胡离火是何方神圣？\n本公子需得记下他的高姓大名。
Story/D_3_11_2_028,那胡离火是──
Story/D_3_11_2_029,啊。
Story/D_3_11_2_030,一招就分胜负了。
Story/D_3_11_2_031,岂有此理，敢伤我『飞天五杰』的么弟！\n我『秋老虎』绝不放过你！
Story/D_3_11_2_032,这秋老虎可不同于那火狐狸，乃是──
Story/D_3_11_2_033,一拳加一脚，又倒了。
Story/D_3_11_2_034,师弟──！师弟──！好你个王二壮，\n接下来就让我『暑吏』夏岚来会一会你！
Story/D_3_11_2_035,暑吏是夺魄门转拜飞天门下最擅长使用内功逼供的人！
Story/D_3_11_2_036,啊啊啊啊啊啊──放开我！放开我啊啊！
Story/D_3_11_2_037,那人……竟烧起来了。
Story/D_3_11_2_038,飞天门的师兄接二连三的败下阵来，\n我好歹也是记名飞天门的，看了都觉汗颜。
Story/D_3_11_2_039,暑吏是吧，还算有点意思。\n可你这点热力，比之赵法王的焦热神威掌，天差地远。\n被我以掌力一逼，便自食恶果了吧。
Story/D_3_11_2_040,哈哈！崆峒派的跳梁小丑，总算吃到苦头了吧！\n还总嚷嚷什么仙剑、修真，吃屎去吧。
Story/D_3_11_2_041,那边青城派的，你得意什么？\n人家好歹有胆子来挨揍，你不上阵，就闭上嘴，给老子老实点。
Story/D_3_11_2_042,好啊，你道我怕你不成！看我青城～
Story/D_3_11_2_043,什么？
Story/D_3_11_2_044,峨嵋弟子，木达领教王帮主高招！
Story/D_3_11_2_045,好，这招是你峨嵋派的武功，叫猿王崩山靠，你且记住了。
Story/D_3_11_2_046,点苍弟子卢笛，请王帮主指点指点剑法。
Story/D_3_11_2_047,你欺我没带剑？好的很。\n我便拿这钓竿，使一套绿林好汉人人会用的五虎断门刀，会一会你。
Story/T_3_11_2_006,……！
Story/T_3_11_2_007,点苍派的那位仁兄，剑法已经不差了，\n没想斗不几回合，手里的长剑竟被竹钓竿生生击成两截！
Story/T_3_11_2_008,竹竿至柔，力与时会，击点精准，亦能坚如钢铁；\n反之铁剑再韧，力到穷时，也难免露出弱点。\n以弱者最强时，攻强者最弱时，所以铁剑才会给竹竿击断的。
Story/T_3_11_2_009,想不到那钓竿那般柔韧，在王帮主手里，竟似厚重铁器一般。\n这一定是灌注了内力导致的，内力到处，再平凡的兵器都能成为神兵利器。
Story/N_3_11_2_005,眼看六派弟子接连挫败，正道灰头土脸，没了先前的锐气。
Story/O_3_11_2_002,不妙的人出手了
Story/D_3_11_2_048,小女子魏菊拜见王法王。
Story/D_3_11_2_049,你……？
Story/D_3_11_2_050,小女子无德，忝为崆峒派，玄功门的掌门。
Story/D_3_11_2_051,本来自知位份尚浅，不敢冒失踰矩，只是王法王豪情万丈，盛意拳拳，\n而我中原正道的前辈、高手却都自重身份，互相谦让，不免要扫法王的雅兴。\n情非得已，只有先打头阵，抛砖引玉。
Story/D_3_11_2_052,还请王法王念我是一介弱女子，手下容情。\n小女子斗胆，请法王与我对击三掌，比拚内力可好？
Story/N_3_11_2_006,此言一出，众人均吓出了冷汗。
Story/N_3_11_2_007,特别是你，一时难以置信，直比自己上场还要紧张。
Story/N_3_11_2_008,那王法王适才声震平野，内力何等雄浑，有耳共闻，\n这小娘子看起来弱不禁风，却恁地不知轻重。\n别说对上三掌，她能接一掌而不死，已算得上奇谈。
Story/D_3_11_2_053,哈，哈哈哈哈哈～！
Story/D_3_11_2_054,好个弱女子，天下豪杰在此，论胆识皆不及你的十分之一。\n三言两语既自谦得体，又抬高你中原人士的地位，还暗暗踩低了王某。\n这都不提，最后还拿话框我，逼我不得不留情。
Story/D_3_11_2_055,你这小妮子，聪明绝顶啊。
Story/D_3_11_2_056,不敢当，王法王谬赞了。
Story/D_3_11_2_057,魏掌门，你是女中大丈夫，王某便接你三掌，请。
Story/D_3_11_2_058,请。
Story/D_3_11_2_059,怎么，我没上你当，很惊讶，是吗？
Story/D_3_11_2_060,王法王说笑了。
Story/N_3_11_2_009,方才那一掌，魏菊虽不打算伤人，却想趁王帮主轻敌、惜弱之际，\n运使崆峒铁琵琶功震慑于人，好令他不至小觑天下英雄，\n为正道侠士占得先手。
Story/N_3_11_2_010,却不知魏掌门越是显得纤纤柔弱，王二壮心下越犯嘀咕。\n掌力吐三分，留七分，将对手内力反激回去，\n将魏掌门震得腾腾连退几步，虽然没受内伤，却已骇得花容失色。
Story/D_3_11_2_061,你内力虽强，却不懂运用，绝非王某对手。\n依我之见，剩下二掌，便不对了吧。\n否则你这样的奇女子，就此香消玉殒，未免可惜。
Story/D_3_11_2_062,……。
Story/D_3_11_2_063,说、说好三掌……便是三掌。\n请王法王赐掌吧。
Story/D_3_11_2_064,好，可别想我会妇人之仁，看掌！
Story/D_3_11_2_065,赵、赵师兄！你怎么……。
Story/D_3_11_2_066,没人……能在我面前伤你。\n王法王……还有一掌，我一并接了……。
Story/D_3_11_2_067,赵师兄，你何苦如此！
Story/D_3_11_2_068,……好，我记得你叫赵活，是吧？\n其貌不扬，却是个人物，接掌吧！
Story/D_3_11_2_069,这一掌，瑞某来接！
Story/T_3_11_2_010,──哪来的小子，年纪轻轻，内力恁地深厚。
Story/T_3_11_2_011,六道法王，名不虚传，只一掌，便令我内息一滞，差点没脚软。
Story/D_3_11_2_070,瑞公子！
Story/D_3_11_2_071,……小菊，你退回阵中，调息养伤，此处交我便是。
Story/D_3_11_2_072,赵兄，你有轻身重义之节，我好生佩服。
Story/D_3_11_2_073,与你这样的侠士结交，是在下的荣幸。
Story/D_3_11_2_074,瑞公子，务必当心。
Story/D_3_11_2_075,王帮主，小子斗胆，向你讨教佛门正宗『那由它劫指』的神通。
Story/D_3_11_2_076,你眼力不坏啊。\n嗯，孤云山派也有传人了啊。
Story/D_3_11_2_077,……！
Story/D_3_11_2_078,怎么，只许你眼光凌厉，王某就不能看出你家数吗？
Story/D_3_11_2_079,不敢。
Story/D_3_11_2_080,虽说与孤云山传人交手的机会难得，但今日犹有要事。\n王某只出三十二招，你且留心看着，莫要死了。
Story/O_3_11_2_003,想挽回名声的高手
Story/D_3_11_2_081,峨嵋派，风神解无尘，还请王帮主不吝赐招。
Story/D_3_11_2_082,我道是谁，原来是刘颚小子的手下败将。
Story/D_3_11_2_083,那是我生平最大耻辱，请王帮主别再提了。
Story/D_3_11_2_084,很好，你败给饿鬼道法王，想拿我这个畜牲道法王讨回颜面？\n未免想得太美，放马过来！\n今日便让王某见识你『很是用力踢』到底有多用力！
Story/D_3_11_2_085,那一定不让王帮主失望，看我风雷……踢！
Story/D_3_11_2_086,是风神解无尘！\n我还道他已再无脸面在江湖行走了。
Story/D_3_11_2_087,想必是要趁此一战，讨回脸面吧。
Story/D_3_11_2_088,……他惨败于刘颚之手，宛如猴儿般戏耍，我还道他沽名钓誉，\n今日一见，功夫很是了得啊。
Story/T_3_11_2_012,那解无尘好厉害，双腿连环，借力使力，\n连踢数十脚都不落地，这身法、腿法，当真绝了。\n不愧是与大师兄齐名的人物。
Story/T_3_11_2_013,那解无尘好厉害，双腿连环，借力使力，\n连踢数十脚都不落地，这身法、腿法，当真绝了。\n世上竟有如斯腿功，今儿个真是开了眼界。
Story/N_3_11_2_011,见解无尘请缨上场，两军都不禁嗤笑出声。\n待见他展露绝技《很是用力踢》，才知他并非浪得虚名。\n试问若非王二壮，在场有多少人能堪当其风雷神行的赫赫威势？
Story/D_3_11_2_089,有破绽！
Story/D_3_11_2_090,咕哇！
Story/D_3_11_2_091,又、又输了……。\n我要退隐……我这次真的要退隐。
Story/D_3_11_2_092,妈的，打输就打输了，连场面话都不用说吗？\n用不着心灰气馁，你这后生，功夫还算不坏。
Story/D_3_11_2_093,王帮主，败军之将，何足言勇？\n我自知技不如人，你想把我绝招改什么名，便请直说吧。
Story/D_3_11_2_094,我才没那种羞辱人的恶劣兴趣。
Story/D_3_11_2_095,你轻功腿法俱臻一流，假以时日，必有大用，\n你可知你如今缺在何处？
Story/D_3_11_2_096,不知。
Story/D_3_11_2_097,……是兵器吗？我该找一把趁手兵刃？
Story/D_3_11_2_098,那你到头只会被强迫改名为很是用力劈而已。
Story/D_3_11_2_099,我就知道！
Story/D_3_11_2_100,你缺在心思单纯，沉不住气。\n心无尘埃固然是好，但与人相斗，却不能不留心眼。\n刘颚可以把你玩弄于股掌间，便是拿住了你性情的弱点。
Story/D_3_11_2_101,暂时别练武功，去打坐修心吧。
Story/D_3_11_2_102,……王帮主，你其实是个好人？
Story/D_3_11_2_103,妈的，你到底几岁，滚吧。
Story/D_3_11_3_001,魏掌门，停，再远我便看不真切了。
Story/D_3_11_3_002,说什么傻话，看你伤得多重，现在是说这种话的时候吗？
Story/D_3_11_3_003,我想看。
Story/D_3_11_3_004,……！小、小妹运功，替你镇压伤势可好？
Story/O_3_11_3_001,好
Story/T_3_11_3_001,替人运功疗伤，该怎么做呀？早知道就不偷懒，多和师姐讨教了。\n将赵师兄的身体当作手炉就好了吗？
Story/N_3_11_3_001,魏掌门小小手掌搭在你背上，一股柔顺、祥和的暖流便流入体内。\n令你内伤不再火辣辣的难受。
Story/T_3_11_3_002,魏掌门的内力果然很高，感觉好受多了──哦，哦哦？
Story/T_3_11_3_003,等等，魏掌门，不是那样，我要给你弄死啦！
Story/N_3_11_3_002,魏掌门真气一吐，你顿时惊觉不妙，\n只是在她内力压制下，半句话都说不出来。
Story/N_3_11_3_003,崆峒铁琵琶功的大成内功何等精深，你自己瞎练的内功宛如螳臂挡车，\n被她内力一冲，登时溃不成军，被驱出丹田，迫至周身诸穴，\n铁琵琶功动如响弦，震颤不休，你苦练的内功竟被磨灭殆尽。
Story/O_3_11_3_002,爆体而亡
Story/D_3_11_3_005,咕耶哎～～～！
Story/D_3_11_3_006,……。
Story/D_3_11_3_007,赵、赵、赵──
Story/N_3_11_3_004,你死了，死状吓坏了魏掌门，害得她的心落下了病根。\n此间大事了却以后，她回归崆峒，交卸了掌门之职，就此遁入空门。\n一生为你诵经念佛，求你原谅她的无心之过。
Story/O_3_11_3_003,没死
Story/D_3_11_3_008,吼哦哦～～！
Story/D_3_11_3_009,啊！
Story/D_3_11_3_010,我这是……怎么了？忽然之间，四肢百骸都畅通了。\n体内瘀血一扫而空，似乎还比先前健旺几分。
Story/D_3_11_3_011,当真吗？
Story/D_3_11_3_012,动如响弦，其声弥久不衰，\n这、这岂不是崆峒铁琵琶功的内力吗？
Story/D_3_11_3_013,我为何会有铁琵琶功的内力？\n那不是非有数十寒暑的苦练才能略有小成的神功吗？
Story/D_3_11_3_014,我才想问你呢！
Story/N_3_11_3_005,你因祸得福，一身内功被磨尽，反得了极难起步的铁琵琶功内力。\n连忙调息收敛周身真气，手上的细微震颤才消失。
Story/D_3_11_3_015,还是请师姐来为你把脉诊疗吧。
Story/D_3_11_3_016,晚点，现在要紧的是那二人的对决……啊，他们打完了。
Story/N_3_11_3_006,你错过了一场百年难逢的高手对决，不禁为之扼腕。
Story/O_3_11_3_004,我劝你不要乱来喔
Story/D_3_11_3_017,说、说得也是，说起来我根本不懂运气疗伤的法门。
Story/D_3_11_3_018,别担心，你看我这不一点事也没吗？
Story/D_3_11_3_019,你只是把血擦了啊。
Story/D_3_11_4_001,……！
Story/N_3_11_4_001,那边厢，王二壮与瑞笙之战一触即发。\n王二壮弹指连环，气度恢弘，妙诣层出。\n瑞笙执剑在手，圆转自如，变化无方。
Story/N_3_11_4_002,时而快如闪电，揉身近战，转瞬互拆十数攻防；\n时而纹风不动，两相对峙，数息之间，只出一招，\n却又偏是险到极处，妙到毫巅。
Story/N_3_11_4_003,自嵩山派败破后，世人已多年未曾一睹嵩山派神功的真貌。\n如今王二壮使来，气象森严，神威凛凛，哪有半分邪魔歪道的影子？\n便即誓不两立的仇家，亦不禁佩服他一身绝世武功。
Story/N_3_11_4_004,再论那名不见经传的少年剑侠，一袭缟衣穿梭于掌影之间。\n剑舞雄奇烂漫，意境清新俊逸，优雅而奔放，行云流水，浑然天成，\n宛如剑仙再世，不仅精绝，而且艳绝，令人忍不住喝采。
Story/T_3_11_4_001,太……太厉害了，不是亲眼所见，\n难以置信，世上竟有如此神妙的武功。\n我只道自己已略窥门径，今日才知不过是井底之蛙！
Story/T_3_11_4_002,看、看不懂，虽然看不懂，但是好厉害！
Story/D_3_11_4_002,──！
Story/D_3_11_4_003,三十二招已过，你收剑吧。
Story/D_3_11_4_004,啊。
Story/D_3_11_4_005,是，多谢王帮主指点迷津，晚辈受益匪浅。
Story/D_3_11_4_006,你们这一代，能出你这样的俊材，还算不赖。\n方才三十二招，能感悟多少，就看你悟性了。
Story/D_3_11_4_007,只是你要知道，人外有人，天外有天，切勿骄矜自满。\n我知你要全力施为，尚须凭借三分酒意。\n然则，我也藏有压箱绝招未出。
Story/D_3_11_4_008,是吗？据我所知，那由它劫指，便是嵩山派至高武学了。
Story/D_3_11_4_009,看着。
Story/D_3_11_4_010,古今四大绝技──
Story/D_3_11_4_011,对，金刚神枪指。
Story/D_3_11_4_012,多谢前辈手下留情。
Story/D_3_11_4_013,嗯，你退下吧。
Story/N_3_12_1_001,在那之后，王帮主一夫当关，接连挫败正道好手，依然不见疲态。
Story/N_3_12_1_002,江陵正邪之战，竟变为他王二壮一人的战场。\n对全体丐帮没针对性的仇视，此刻有了可以着落的对象，\n无不恨他王二壮入骨，偏生又没人打得过他。
Story/D_3_12_1_001,这妖怪……气力彷佛无穷无尽，\n若不一拥而上，只怕在场所有人轮番上阵，都不够他打。
Story/D_3_12_1_002,就像三国的吕布一样，锐不可当，万夫莫敌。
Story/D_3_12_1_003,你岂能长他人志气，灭自己威风。\n各派的师长、前辈自重身份，还有许多未曾出手呢。
Story/T_3_12_1_001,已被打杀了的前辈也不在少数吧。\n再来，就该是各派掌门、帮主出马了。\n可是王帮主这般神勇，谁还敢轻易接战？
Story/T_3_12_1_002,真气消耗得好生剧烈，再多几人，便再难强装镇定了。\n……差不多了吗，那就开始吧。
Story/D_3_12_1_004,{size=60}中原武林诸位侠士的武功，王某今日算是领教了。{/size}
Story/D_3_12_1_005,{size=60}可是坐镇江陵的武林和事佬，南宫世家怎就没人过来挑战？{/size}
Story/D_3_12_1_006,{size=60}莫不是怕败给王某，颜面尽失，才当个缩头乌龟！{/size}
Story/D_3_12_1_007,{size=60}烂柯子，烂柯子──我数十声，是个汉子，即刻出来见我！{/size}
Story/D_3_12_1_008,{size=60}否则你便是没骨气、没担当的伪君子！十！{/size}
Story/D_3_12_1_009,{size=60}无灾笑作风流郎，有难呼来别人挡，九！{/size}
Story/D_3_12_1_109,{size=60}你只管瑟缩在墙后，当你的南宫家主吧，八！{/size}
Story/N_3_12_1_003,王二壮扬声大喝，言道烂柯子，人皆面面相觑，不知究竟何许人也。\n只有老一辈的武林人隐约听过，直到他提及南宫家主，方才恍然大悟。\n原来烂柯子说的便是方今南宫家主南宫远。
Story/D_3_12_1_010,这混蛋，好歹毒的居心，他打伤了这么多武林侠士，\n原来是为了将火星搧到南宫世家头上，此刻爹若不出城接战，\n只怕再也无颜涉足江湖。
Story/D_3_12_1_011,那、那可怎么办？我回城去叫爹？
Story/D_3_12_1_012,你这不安好心的杂种，你没见那王二壮何等野蛮，\n你去喊爹，是存心想害死家主吗？
Story/D_3_12_1_013,深儿，你也未免将爹瞧得太矮了。
Story/D_3_12_1_014,爹，你怎么来了？孩儿不是请您坐镇城中吗？
Story/D_3_12_1_015,敌人头子都指名道姓了，我怎么能坐得住？爹去去就回。
Story/D_3_12_1_016,爹，去不得，你没见那姓王的魔头方才打伤打死多少人！
Story/D_3_12_1_017,{size=60}二──！{/size}
Story/D_3_12_1_018,王帮主，不必喊了，南宫某人在此。
Story/D_3_12_1_019,你是南宫远？
Story/D_3_12_1_020,正是。
Story/D_3_12_1_021,你……还真老。
Story/D_3_12_1_022,王帮主何出此言？
Story/D_3_12_1_023,……你可认得我是谁？
Story/D_3_12_1_024,王帮主大名，南宫某人素来景仰，可惜缘悭一面，今日才知庐山真面目。\n只不知王帮主是从何得知，我『烂柯子』的外号？
Story/D_3_12_1_025,你再看真切一点。
Story/D_3_12_1_026,……。
Story/D_3_12_1_027,……。
Story/D_3_12_1_028,……定远郎，王公子？
Story/D_3_12_1_029,当真是你！天可怜见，教你我兄弟睽违二十载，今日再逢！
Story/D_3_12_1_030,你还好意思笑我老，你自己不也邋遢的不得了！
Story/D_3_12_1_031,世局如烂柯，岁月韶逝，人事已非。\n你不再是昔日烂柯子，我亦非定远郎。
Story/D_3_12_1_032,你这是什么话，我找了你那么多年！\n还求到了耕阳读书斋去，登报寻人，也没你音讯。\n想不到大名鼎鼎的丐帮帮主便是──
Story/D_3_12_1_033,你这是做什么？
Story/D_3_12_1_034,打从你辜负迎香那一刻，你我便再也没有交情。\n你是南宫家主，正道领袖，老子是泥教六道法王，统帅畜牲道包围江陵。\n你说我想做什么？
Story/D_3_12_1_035,我……我确是对不住温夫人，对不住你。\n当年我亦有苦衷，不是存心令她错付。
Story/D_3_12_1_036,你的苦衷，无非就是门不当，户不对，\n嫌她出身低微，配不上你南宫世家的高门大户。
Story/D_3_12_1_037,你明知不是，何苦拿话相激？\n你又如何呢，你若不负气远走，她焉能孤苦无依。
Story/D_3_12_1_038,你怪我？你是赢家，她随了你，你是个儿郎便该负责任。\n风花雪月时，那些花言巧语，全是假话吗？
Story/D_3_12_1_039,多言无益，往事已矣，我今日归来，便是要替她讨回公道。
Story/D_3_12_1_040,……你竟是为了私怨，才率众围攻江陵？
Story/D_3_12_1_041,我若说是，你便如何？
Story/D_3_12_1_042,有多少人都因此死了啊。
Story/D_3_12_1_043,关我屁事，你马上也要死了，进招吧。\n二十年前，你便不是我对手，如今也不是。
Story/N_3_12_1_004,旁人与那王二壮一战，多半是上场便被雷霆手段打得落花流水，\n此时却见二人有来有往，精妙招数层出不穷，一时之间竟拚得不相上下。
Story/D_3_12_1_044,爹好厉害，竟然能与王帮主不分轩轾。
Story/D_3_12_1_045,我南宫世家武学博大精深，最重守心，有如棋奕，进退有度。\n自非寻常贪功冒进武林人可比。\n王贼掌力刚猛有余，可遇着爹的刚柔并济，便不能轻易讨巧。
Story/N_3_12_1_005,世人只知南宫世家向为江湖和事佬，德高望重，武功却未必高明。\n如今见家主出手，法度森严，攻守兼备，亦无愧名家风范。\n本来不服的人，今日也服气了。
Story/T_3_12_1_003,南宫家主使的是本门前辈打造的机关棋盘。\n原来与人过招，是这样用法，既能砸打，又能防御，\n棋盘上的子捻来便作暗器挥掷，端的是变化莫测。
Story/T_3_12_1_004,南宫家主招数虽然精妙，毫无疑问是当代高手，可还远不及王帮主。\n怎么能与他拆得有来有回？莫非是王帮主消耗过度，力不从心吗。\n总不能是刻意放水，有意给对手脸上添金吧。
Story/T_3_12_1_005,王公子，你真要与我反目吗？
Story/T_3_12_1_006,你心怀江湖大义，而她只心怀你一人而已。\n你舍下她，便如你舍了家主之位，舍下亲朋好友、荣华富贵，\n舍下一切你重视的事物，如我一般，孓然一身。
Story/T_3_12_1_007,那能有什么办法呢？那年大战，我中了极乐教陷阱，身陷重围，\n若非温大哥舍命救了迎香与我，我们焉能有今日？
Story/T_3_12_1_008,若非为了成全你们，我怎会抛下一切，远走他乡？\n你当年是怎么答应我的，你说你会爱她、护她。\n无论风霜雨雪，酷暑严冬，一生一世，不变不移。
Story/T_3_12_1_009,温大哥对迎香情根深种，如你我一样。\n他伤重卧榻，反复梦呓，唤的都是迎香的名，形销骨立，\n我怎能忍心看他含恨而终，相思至死？
Story/T_3_12_1_010,我知道，你其实不在乎门第。\n追根究柢，你讲的是义气，老子最恨你这么讲义气，他妈的。
Story/T_3_12_1_011,追根究柢，我讲的是义气，我对温大哥讲义气，对你也讲义气。\n若你当真恨我，我将性命拱手相送，有何不可？
Story/D_3_12_1_046,咕──哇。
Story/D_3_12_1_047,不妙！
Story/D_3_12_1_048,爹！
Story/D_3_12_1_049,……有何遗言？
Story/D_3_12_1_050,迎香在锦香宫。
Story/D_3_12_1_051,我知道，我见过她了。
Story/D_3_12_1_052,那你为何──？
Story/D_3_12_1_053,她说，要与我结为异姓兄妹，因为她一生只能爱一人。\n许了人的心，便再也不收回了。
Story/D_3_12_1_054,遗言就这样了？
Story/D_3_12_1_055,帮主手下留情！
Story/D_3_12_1_056,别杀我爹！
Story/N_3_12_1_006,那对兄弟仓皇越众而出，向此处奔来。\n可他们终究远水救不了近火──
Story/D_3_12_1_057,王兄弟！
Story/D_3_12_1_058,唔，呃。
Story/D_3_12_1_059,你这卑鄙的小鬼，你都干了什么好事！
Story/D_3_12_1_060,唔，呃。
Story/D_3_12_1_061,别怪他，这是我筹划的事。
Story/D_3_12_1_062,你说什么？
Story/D_3_12_1_063,唯有如此……才能将丐帮还给正道武林。
Story/D_3_12_1_064,兄弟，你、你这又是何苦？\n莫非你身在泥教，却仍心系正道吗？
Story/D_3_12_1_065,哈，正你妈，你可别太自以为是了。\n我将泥教带走……是因为你们不配。\n我死在这，车老爷再心慈……也会绝了与你们相互理解的念想。
Story/D_3_12_1_066,得让泥教……离你们这群嗜血的疯子远点才行。\n我们的桃源乡……我灵魂的清净地……不能蒙尘。
Story/D_3_12_1_067,干爹……。
Story/D_3_12_1_068,孩儿，这样就好，别让人看见你哭，说你该说的话。
Story/D_3_12_1_069,各位英雄明鉴！我乃丐帮旧派李富贵，\n旧派向与新派不睦，只因恪守帮规，遵奉帮主号令，才与天下英雄为敌！\n却没想到这丐帮帮主竟是万恶不赦的泥教法王！
Story/D_3_12_1_070,我李富贵虽然贪生怕死，但此人想害南宫大侠，我头一个不肯！\n丐帮的众位兄弟，若甘心再为泥教卖命的，不妨来杀我报仇！
Story/D_3_12_1_071,他奶奶的，李兄弟，刺的好！\n造反算我一个，我再也不愿为虎作伥！
Story/D_3_12_1_072,丐帮旧派的弟兄都站出来！\n今日誓要将魔教脓血，从丐帮挤出去不可！
Story/N_3_12_1_007,以数名长老为首，丐帮旧派突然发难，显然早有预谋。\n转眼间众丐便内哄打起架来。
Story/D_3_12_1_073,兄弟，撑着点，我带你去看大夫，城里最好的大夫。
Story/D_3_12_1_074,不必啦……我已自绝心脉，再活也不过几息光阴了。
Story/D_3_12_1_075,啰嗦！
Story/T_3_12_1_012,年少时，总是我背的你。
Story/T_3_12_1_013,那是。我们常打赌，谁能博迎香一笑，输的人作马骑。\n她总是偏袒我，从来只对我笑。
Story/T_3_12_1_014,老子真恨你，想一拳打扁你得意的脸。\n可你是我最好的朋友，是我兄弟，我能怎么办呢。
Story/T_3_12_1_015,你我阔别二十年，好不容易才重逢，你怎么这就急着要走？
Story/T_3_12_1_016,你少年时不是老是想当武林盟主吗？\n这许多人都为你而来，同仇敌忾，你面子老大了。
Story/T_3_12_1_017,我们不是说好，要效仿那红蓬王与曾文先生，\n相互扶持，济拔颠危，匡扶社稷吗？\n你怎能抛下我一人？没有你，谁来为我出谋划策？
Story/T_3_12_1_018,阿远……我依约替你把人找齐了……。\n天下豪杰都供你驱策……剩下的事，就看你了。\n你得……你得练好武功，要强过我才行……等我们都长大……。
Story/D_3_12_1_076,琵琶声……啊啊，你来送我了，迎香。\n大哥好欢喜。
Story/N_3_12_1_008,{size=60}凄凉宝剑篇，羁泊欲穷年。{/size}\n{size=60}黄叶仍风雨，青楼自管弦。{/size}\n{size=60}新知遭薄俗，旧好隔良缘。{/size}\n{size=60}心断新丰酒，销愁斗几千。{/size}
Story/N_3_12_1_009,王二壮只身独作万人敌，揽尽天下仇恨，伏诛于义子剑下。
Story/N_3_12_1_010,失却领袖，以王二壮为马首是瞻的新派或逃或降，畜牲道受驱逐，\n围城之势土崩瓦解，丐帮内斗以旧派全胜告终。
Story/N_3_12_1_011,世人皆赞李富贵大义灭亲，此后丐帮改头换面，重归正道之列。\n江陵危机解除，全城欢庆，家家户户点上灯笼，入夜了，仍旧灯火通明。
Story/D_3_12_1_077,王大哥，一路好走，迎香欠你的，来世再还。
Story/D_3_12_1_078,……湘儿，这里。
Story/D_3_12_1_079,师父！\n徒儿刚到江陵，便见围城困局已解。\n听闻您的琵琶曲，便匆匆过来相会了。
Story/D_3_12_1_080,嗯，本宫看看，你清减不少，怕是吃了不少苦头吧。
Story/D_3_12_1_081,啊～师父，我都不小了，别再掐我脸颊！
Story/D_3_12_1_082,你来得正好，随本宫一同回锦香宫去吧。\n此间事已了，无须久留。\n回头炖一盅蔘鸡汤，两条鸡腿都给你独享，养胖回来。
Story/D_3_12_1_083,可是师父，您不去见一见故人吗？
Story/D_3_12_1_084,遥遥望一眼，便已够了。
Story/D_3_12_1_085,明明相思那么苦，为何不干脆原谅他呢？
Story/D_3_12_1_086,因为不可原谅！
Story/D_3_12_1_087,……徒儿下回不敢胡言了，师父，您别生气。
Story/D_3_12_1_088,下不为例，别再口无遮拦，尽问这种傻话，徒惹为师不快。
Story/D_3_12_1_089,是，徒儿知错啦。
Story/D_3_12_1_090,那你又如何呢？你说要沿着你爹的走过足迹，\n逐一寻访他从前闯荡江湖时结交的旧友，\n自离锦香宫，出外游历至今，可有斩获？
Story/D_3_12_1_091,嗯，爹果然了不起，无论黑白两道都服他。\n无论是看起来凶神恶煞的人、阴森恐怖的人，\n只要我一道出身份，马上就变得和蔼可亲了。
Story/D_3_12_1_092,我搜集了好多关于他的故事，谁都在夸他。\n我……我也感觉很骄傲。
Story/D_3_12_1_093,毕竟是当过武林盟主的传奇人物。
Story/D_3_12_1_094,好多前辈都很慷慨，硬是要将他们毕生绝技、秘籍传我。\n我都婉拒了。
Story/D_3_12_1_095,为何要婉拒？
Story/D_3_12_1_096,徒儿自知资质驽钝，记不了那么多武功。\n爹传我的龙渊七绝，至今还没参悟透彻呢，\n我还是别太贪心，专心致志练我的就好。
Story/D_3_12_1_097,你资质并不驽钝，只是心思单纯，望去见不着人间一切不好的事物。\n本宫既盼着你精明点，又不舍得你变精明。
Story/D_3_12_1_098,……不过，师父，徒儿还不能随你回锦香宫。\n我想了很久，爹曾结交的挚友之中，还有最后一人没见着。
Story/D_3_12_1_099,你说的，可是那人吗？
Story/D_3_12_1_100,正是那人。\n最想见我，我却最不愿见的那人。
Story/D_3_12_1_101,有襄阳这道壁垒，有锦香宫作你归宿，有本宫当你靠山。\n只要你不乐意，那人便再位高权重，也别想见你一面、碰你一根毫发。
Story/D_3_12_1_102,多谢师父，徒儿平安长大成人，都是托您的庇护。
Story/D_3_12_1_103,不过，我已经下定决心，要去汴京见他。\n问他为何背信弃义，怎么不守昔年与我爹定下的誓约？
Story/D_3_12_1_104,人一旦有权了，就会变得面目全非。
Story/D_3_12_1_105,哪有，师父你不就始终如一？
Story/D_3_12_1_106,那是你不知道罢了。\n为着那负心薄情的坏人，本宫历经万般磨难，眨眼二十年。\n从无忧无虑的小娘子，变成了天下心机最深沉的恶毒妇人。
Story/D_3_12_1_107,师父，你哪里恶毒了，怎么能这样说自己呢？
Story/D_3_12_1_108,你莫因本宫偏宠你，就是非不分。\n本宫没说自己是坏人，但心机深沉却是真的。
Story/T_3_12_1_019,若非城府深沉，一介女流，怎能司掌人间道呢？
Story/D_3_12_2_001,赵大侠辛苦了。\n您且请稍歇片刻，待您沐浴更衣，再请移驾大厅。
Story/D_3_12_2_002,今日大胜，举城欢庆，南宫世家既是东道主，\n稍晚少不了要大摆宴席，酬谢各路大侠，扬振我正道威风！\n知府大人、指挥使大人都纡尊亲临，这么大场面，我也不曾见过。
Story/T_3_12_2_001,王帮主，你所图的大事，从遥不可期的未来，拉近到了今天。
Story/T_3_12_2_002,王帮主智勇双全，端的是好样的。\n天下侠士云集江陵，都不似你顾盼生威，活得精采。
Story/T_3_12_2_003,命都没了，就算朝野和睦，你难道真能泉下有知？\n我虽不敢苟同，但也不得不佩服，王法王有勇有谋，着实是个人物。
Story/D_3_13_1_001,──你好得很，从今以后，崆峒派必将誓死追杀你。\n师妹，我们走！
Story/D_3_13_1_002,……。
Story/D_3_13_1_003,赵……赵少侠，你往后，自己多保重吧。\n小妹……小女子从今以后，是不能再见你面了，告辞。
Story/D_3_13_1_004,魏掌门！
Story/N_3_13_1_001,你拒绝了魏掌门的邀请，成为通缉对象。\n从今往后，崆峒派便是你的仇敌了。
Story/O_3_13_Break_Start_01_001,丐帮易主
Story/T_3_13_Break_Start_01_001,丐帮旧派拥立李富贵为新任帮主，就像老早就安排好了似的，\n毫不拖泥带水，拟定了新帮规，重回正道行列。
Story/T_3_13_Break_Start_01_002,大公子、二公子感念李帮主大义灭亲，救了家主一命，着意结交，\n言谈之间好生热络，直将他夸成了第一功臣，令其他各派都相形失色。
Story/T_3_13_Break_Start_01_003,长老言道，丐帮百废待兴，虽然包围江陵是受泥教操纵，并非本意，\n但毕竟滋扰民生，无颜面对武林同道与江陵百姓。\n非要干下几件替天行道的大好事，才敢再以正道自居，就此退去了。
Story/O_3_13_Break_Start_01_002,大师兄
Story/T_3_13_Break_Start_01_004,大师兄去金国，怎么都没一点消息……。
Story/T_3_13_Break_Start_01_005,也对，他是去行刺的，有消息就惨了。没消息才是好消息。
Story/T_3_13_Break_Start_01_006,他远在异乡，若也听说江陵解围的事，多少能壮几分胆气。
Story/T_3_13_Break_Start_01_007,……说起来大师兄究竟到哪里去了？\n我还道他就算平时不见踪影，好歹决战会现身。\n怎料打完了架，都没见他一袂袍影，究竟是上哪厮混去了？
Story/T_3_13_Break_Start_01_008,最好不要让我抓到他等下在酒席上左拥右抱、狂歌痛饮哦！
Story/O_3_13_Break_Start_01_003,盥洗赴宴
Story/N_3_13_Break_Start_01_001,你将家丁打来的水沾湿毛巾，擦了把脸，又抹去一身大汗，\n换了干净的备用制服，准备赴宴。
Story/D_3_13_Break_Start_01_001,赵师兄，请问你在休息吗？
Story/D_3_13_Break_Start_01_002,魏掌门？我来了。
Story/D_3_13_Break_Start_01_003,魏掌门请进。
Story/D_3_13_Break_Start_01_004,赵师兄，方才小妹不得不暂离，指挥崆峒弟子。\n此刻才来问候，祈请恕罪，你身子可还好吗？
Story/D_3_13_Break_Start_01_005,你为了小妹受了重伤，实在教人好生难安。\n万一你有事，我真不知该如何补偿。
Story/D_3_13_Break_Start_01_006,补偿？有人说了补偿？你大可以身相许啊。
Story/D_3_13_Break_Start_01_007,你、你还有心开玩笑，没个正经。
Story/D_3_13_Break_Start_01_008,小妹请玄功门的师姐，为你诊脉治疗可好？
Story/D_3_13_Break_Start_01_009,那倒不必，我略通医理，自己的情况，自己明白。
Story/D_3_13_Break_Start_01_010,不必啦，我并没大碍。
Story/D_3_13_Break_Start_01_011,我当时虽然吐血，但这血吐的着实蹊跷。\n实际上，伤得不如看上去那么重，想是王帮主手下留情了。
Story/D_3_13_Break_Start_01_012,是这样嘛……你可千万别逞强。
Story/D_3_13_Break_Start_01_013,……。
Story/D_3_13_Break_Start_01_014,赵师兄，你为何笑吟吟的盯着小妹，却不说话？
Story/D_3_13_Break_Start_01_015,我从前受过比这更重的伤，差点就一命呜呼的情况也曾有过。\n但从来没人似你这般着紧我，心中好生感激。
Story/D_3_13_Break_Start_01_016,该是小妹感谢你才是。\n赵师兄，承蒙你舍身相救，小女子永铭五内。
Story/D_3_13_Break_Start_01_017,日后若有用得上崆峒派援手的地方，小妹定当不遗余力，\n以报赵师兄今日恩情。
Story/D_3_13_Break_Start_01_018,既然赵师兄没有大碍，那小妹便不妨碍你休息了。\n来日自当再备薄礼，送上唐门，以表谢意。
Story/D_3_13_Break_Start_01_019,礼物倒是不用，你带了来，只会累得我遭人眼红。\n魏掌门若有缘行经蜀中，差人唤我去见你一面，我便心满意足了。
Story/D_3_13_Break_Start_01_020,我不会无缘无故行经蜀中的。
Story/D_3_13_Break_Start_01_021,小妹若是去了，定是专程找你的。\n……你可一定要来见我哦。
Story/N_3_13_Break_Start_01_002,魏掌门说了这番话，自觉不得体，羞赧难抑，夺门而出。
Story/T_3_13_Break_Start_01_009,魏掌门好可爱呀。\n平时落落大方，不时又流露出这样羞怯的模样，教人心头为之一紧。
Story/T_3_13_Break_Start_01_010,要是她真肯以身相许就好了，我一定半点也不跟她客气。
Story/T_3_13_Break_Start_01_011,啊～～～魏菊啊魏菊，你知也不知羞？
Story/T_3_13_Break_Start_01_012,就算是救命之恩，毕竟男女有别，你还是未出阁的少女，\n怎能轻言说出这种不知廉耻的话语来，你枉读圣贤书，\n孔夫子都要被你气死。
Story/D_3_13_Break_Start_01_022,魏──
Story/D_3_13_Break_Start_01_023,我没有！不是我！别把我浸猪笼！
Story/D_3_13_Break_Start_01_024,……猪笼？
Story/D_3_13_Break_Start_01_025,……。
Story/D_3_13_Break_Start_01_026,看来是轮不到我关心了吧。
Story/T_3_13_Break_Start_01_013,……。
Story/T_3_13_Break_Start_01_014,想甚么呢，我。\n崆峒四姝的宿命，不早就有定论了吗？
Story/D_3_13_Break_Start_01_027,小妹阅历浅薄，唯恐误判。\n特此请了玄功门的师姐为你搭脉，我这便请她入内可好？
Story/D_3_13_Break_Start_01_028,好。
Story/D_3_13_Break_Start_01_029,师姐，请进。
Story/D_3_13_Break_Start_01_030,是，赵少侠，容我失礼，向你请借腕脉一听。
Story/D_3_13_Break_Start_01_031,师姐，你叫我少侠，可真不习惯。
Story/D_3_13_Break_Start_01_032,……还真，可是，怎会？……可以了。
Story/D_3_13_Break_Start_01_033,如何？
Story/D_3_13_Break_Start_01_034,触如击弦，鸣响于脉，其声良久不衰。\n虽然尚且微弱，但此脉息，确是我崆峒派玄功门不传之秘，\n『铁琵琶功』无疑。
Story/D_3_13_Break_Start_01_035,掌门师妹，这究竟是怎么一回事？\n你莫非私传此人铁琵琶功秘籍吗？
Story/D_3_13_Break_Start_01_036,即便小妹私传，他不具三门基本功，没有十余载勤修苦练，\n岂能习练成功？铁琵琶功极难成就，你是再清楚不过的。
Story/D_3_13_Break_Start_01_037,这倒也是。\n你自身的功力呢？可有衰弱的迹象？
Story/D_3_13_Break_Start_01_038,经你那么一说，确实有点力不从心的样子。\n我还道是身子乏了，睡一觉便好，莫非……？
Story/D_3_13_Break_Start_01_039,老天啊……冤孽，你、你失贞了？
Story/D_3_13_Break_Start_01_040,什么？
Story/D_3_13_Break_Start_01_041,师姐，你在胡说八道些什么？我、我我可是要生气的！
Story/D_3_13_Break_Start_01_042,没有吗？
Story/D_3_13_Break_Start_01_043,没有！本座定要狠狠罚你不敬之罪。
Story/D_3_13_Break_Start_01_044,若弟子言语有失，自当甘心领罚。\n只是崆峒传承，竟流落在外人田地，这……这教弟子如何不心生疑窦？
Story/D_3_13_Break_Start_01_045,……我懂了，你是疑心本座将崆峒秘宝，传予赵师兄了？
Story/D_3_13_Break_Start_01_046,实不相瞒，正是如此。
Story/D_3_13_Break_Start_01_047,本座能以先掌派人之名起誓，绝无此事。\n我自承袭衣钵，便谨守分际，只待传承此宝。\n若与赵师兄私通，焉能厚颜请来师姐相询？
Story/D_3_13_Break_Start_01_048,……掌门师妹所言在理，是弟子失言，该打。
Story/D_3_13_Break_Start_01_049,本座稍后再按山中法度，降罚于你。\n此刻重要的是究明事情真相。
Story/D_3_13_Break_Start_01_050,你们二位所说的崆峒秘宝，究竟是……？
Story/D_3_13_Break_Start_01_051,赵师兄，请你稍安勿躁。
Story/D_3_13_Break_Start_01_052,是。
Story/D_3_13_Break_Start_01_053,本座问你，按崆峒法典，该作何处置？
Story/D_3_13_Break_Start_01_054,秘宝乃维系道统、纲常之关键，不得外传。若失于他乡，则崆峒覆矣。\n秘宝只传掌派人，及至退任，交诸玄功嫡传女弟子，藏于玄功禁地。\n惟新任掌派人接掌印信，方得开启，入室取宝，以为己用。
Story/D_3_13_Break_Start_01_055,还有呢。
Story/D_3_13_Break_Start_01_056,凡有觊觎而行窥探者，刺聋双耳，戳瞎双眼，令其不得染指；\n凡有知情而行泄密者，剪去舌根，斩断十指，令其不得传闻。\n非我派者得之，四门该当齐心，纵远必诛，灭其三族。
Story/T_3_13_Break_Start_01_015,老天，崆峒派好狠辣！
Story/T_3_13_Break_Start_01_016,慢着……她对我说这些做甚么？\n我这是不是要倒大楣了？
Story/N_3_13_Break_Start_01_003,你瞟了一眼，确认窗口位置，只待这二名黄衣女子向你发难，\n你立时就夺窗而逃。
Story/D_3_13_Break_Start_01_057,还有没有？
Story/D_3_13_Break_Start_01_058,剩下的……就是启用秘宝的法门，您是知道的。
Story/D_3_13_Break_Start_01_059,嗯。赵师兄，你可都听见啦。\n这下没事了，你大可放心，山中法度用不到你身上了。
Story/D_3_13_Break_Start_01_060,掌门师妹，非我派者得之，纵远必诛。\n你可不能徇私包庇啊。
Story/D_3_13_Break_Start_01_061,果然是想杀我吗！我可没图谋你们什么秘宝啊！\n连那秘宝是啥玩意，长什么样都不知道！
Story/D_3_13_Break_Start_01_062,如今说与你知，谅必无妨。\n崆峒秘宝，便是铁琵琶功。\n或者应该说，是小妹的铁琵琶功。
Story/D_3_13_Break_Start_01_063,──小妹此身所宿玄功，其真相便是崆峒历代掌派一脉承传的内力。
Story/D_3_13_Break_Start_01_064,掌门师妹！
Story/D_3_13_Break_Start_01_065,历代……！？
Story/D_3_13_Break_Start_01_066,正是。这便是小妹不懂武功，却内力宏大的原因。\n先掌派人将小妹召至崆峒，亦是为此。\n他老人家仙逝前，将一身功力交我代掌，只等新掌派人继任，便行传功。
Story/D_3_13_Break_Start_01_067,玄功洞禁地所藏，其实空无一物。\n新掌派人携四姝入内，由铁拳护持，将飞天至阳、夺魄至阴以玄功调和，\n遂成神通，这才是崆峒传承的真相。
Story/D_3_13_Break_Start_01_068,你、你怎能连这些秘密都告诉他！
Story/D_3_13_Break_Start_01_069,有何不妥？本门每一名习练铁琵琶功，功成者均得由掌门面授玄机。\n你当年功成，不也是前掌门招到面前，与你秉烛夜话，授以护法之责吗？
Story/D_3_13_Break_Start_01_070,那是因为铁琵琶功极难成就，非得下莫大恒心不可。\n有此恒心，足证忠诚，才得以知情的。\n这小……赵少侠不知是何机缘，竟得了此功，岂能与我一概而论。
Story/D_3_13_Break_Start_01_071,本座可不管你私人见解，法典上如何记载，我便只认这死理。
Story/D_3_13_Break_Start_01_072,唔，呃。但、但他不是崆峒弟子，须饶他不得。
Story/D_3_13_Break_Start_01_073,为何饶他不得，他不是留学崆峒了吗？算是半个崆峒弟子了。\n他并非心怀不轨，贪图秘宝，而是机缘巧合，何况亦非全得。
Story/D_3_13_Break_Start_01_074,掌门师妹！你一定要保此人，是吗？
Story/D_3_13_Break_Start_01_075,……正是。
Story/D_3_13_Break_Start_01_076,赵师兄，你可愿投入崆峒派玄功门？\n小妹愿虔心上祷先掌派人牌位，代他老人家将你收入门墙，\n此后，你便是真正的崆峒弟子了。
Story/O_3_13_Break_Start_01_004,当了崆峒弟子，还能留在唐门吗？
Story/D_3_13_Break_Start_01_077,只要唐掌门同意，当然可以。\n崆峒派也不少弟子在江湖走闯，不在山上的。\n你若投入玄功门，你想在哪，还不是小妹说了算？
Story/D_3_13_Break_Start_01_078,姑且问一下，倘若我拒绝的话……？
Story/D_3_13_Break_Start_01_079,{size=24}……会被杀掉的。{/size}
Story/D_3_13_Break_Start_01_080,弟子赵活，愿意投入崆峒玄功门。
Story/D_3_13_Break_Start_01_081,太好啦！
Story/D_3_13_Break_Start_01_082,师姐，这下你没话说了吧？
Story/D_3_13_Break_Start_01_083,唉，掌门师妹，你这……忒也胡来。
Story/D_3_13_Break_Start_01_084,有何不可呢，当代玄功门，挑不出一个可以角逐掌派人的男弟子，\n如今我们有赵师兄，岂不正好？
Story/D_3_13_Break_Start_01_085,你还想让他当掌派人？你看看他这张脸，你肯嫁吗！
Story/D_3_13_Break_Start_01_086,……若他有本事当掌派人……。
Story/D_3_13_Break_Start_01_087,{size=24}小妹自然肯的。{/size}
Story/T_3_13_Break_Start_01_017,我没听错吧！
Story/D_3_13_Break_Start_01_088,完了，玄功门完了，先掌门、先掌派啊～\n你们怎么就挑了这样一个读书读到头壳坏掉的小娘子作嫡传女弟子？
Story/D_3_13_Break_Start_01_089,赵师兄，此时不在崆峒，事宜从简。\n请你随我到院中，向西叩拜，以示虔诚。\n来日回到崆峒山，再向先掌派人上香。
Story/D_3_13_Break_Start_01_090,岂有此理……岂有此理，冤孽呀。
Story/D_3_13_Break_Start_01_091,赵师兄，如今你既是崆峒传人，这本秘籍，便传授给你吧。
Story/D_3_13_Break_Start_01_092,铁琵琶功！
Story/D_3_13_Break_Start_01_093,正是铁琵琶功，功成只是开始，铁琵琶功的长处，乃是积累。\n你不在崆峒，得自己想法子打造铁琵琶，按书习练。\n莫要……莫要辜负小妹这番苦心。
Story/D_3_13_Break_Start_01_094,多谢魏掌门。
Story/D_3_13_Break_Start_01_095,{size=24}不谢。{/size}
Story/D_3_13_Break_Start_01_096,大事不好──你们是怎么回事？
Story/D_3_13_Break_Start_01_097,没、没什么，什么不好了？
Story/D_3_13_Break_Start_01_098,小竹师妹，方才本门掌门师妹，代先掌派人收了赵少侠为徒。\n要令他将来去竞争那掌派人之位，你说可悲不可悲？唉！
Story/D_3_13_Break_Start_01_099,……。
Story/D_3_13_Break_Start_01_100,小竹师妹？
Story/D_3_13_Break_Start_01_101,啊，哦，今日太、太操劳了，一时脚软。
Story/D_3_13_Break_Start_01_102,吓我一跳，还以为你们是在拜天地来着。
Story/D_3_13_Break_Start_01_103,哪有那种事……连你也瞎说。
Story/T_3_13_Break_Start_01_018,要是真的，那就好了。
Story/D_3_13_Break_Start_01_104,哈哈……哈。
Story/D_3_13_Break_Start_01_105,我有事先走了！
Story/D_3_13_Break_Start_01_106,小竹……到底什么事啊。
Story/D_3_13_Break_Start_01_107,……。
Story/N_3_13_Break_Start_01_004,小竹蓦地将额头贴在小菊额头上。
Story/D_3_13_Break_Start_01_108,没发烧呀，还是，你中了什么唐门的迷魂散？\n混蛋，姓赵的，快拿解药出来！不然我捶死你！
Story/D_3_13_Break_Start_01_109,冤枉啊！
Story/T_3_13_Break_Start_01_019,我是想下药弄魏掌门没错，但我没下啊！还没下！\n她是自己疯的！不关我的事！
Story/D_3_13_Break_Start_01_110,我清醒的很，小竹师妹，请你冷静点。
Story/D_3_13_Break_Start_01_111,这怎么冷静啊！这人间是出了什么大事！\n丐帮帮主突然被捅死都没这事荒唐！\n趁事情还没发展到无法收拾的地步，快让我捶死这臭妖精！
Story/D_3_13_Break_Start_01_112,本门外力与内力最强的两个人终于交锋了……！
Story/D_3_13_Break_Start_01_113,魏掌门，你玩真的？
Story/D_3_13_Break_Start_01_114,小妹确是十分认真，但并不是在玩。
Story/D_3_13_Break_Start_01_115,我不信……我一定在作梦……睡一觉起来就没事了……。\n等我睡一觉起来，这个姓赵的八成就自动死了。
Story/D_3_13_Break_Start_01_116,……所以她方才所说的大事不好，究竟什么事啊。
Story/D_3_13_Break_Start_01_117,赵师兄，那小妹先行告退，稍晚夜宴再见了。
Story/O_3_13_Break_Start_01_005,我才不要当什么崆峒弟子
Story/D_3_13_Break_Start_01_118,……这、这可怎么办才好？
Story/D_3_13_Break_Start_01_119,还能怎么办？掌门师妹，请让一边，\n师姐我要按法典所谕，行使护法之责！
Story/D_3_14_1_001,宴席还没开始吗？我肚子都要饿扁了。
Story/D_3_14_1_002,怎么厅中那么冷清？不是说知府大人、指挥使都来了吗？
Story/D_3_14_1_003,师弟，你可来了。这回出大事了，赶紧跟我过来。
Story/D_3_14_1_004,你还没听闻吗？此刻谁还管什么宴席。\n谁曾想到，兴丐帮万千之众围攻江陵，引各派驰援，竟是调虎离山计呢？
Story/D_3_14_1_005,调虎离山？那怎么可能，你是说──
Story/D_3_14_1_006,咱们在江陵期间，各门各派都同时遭遇了泥教偷袭！\n我们非即刻回返师门不可。
Story/D_3_14_1_007,你、你说什么！这怎么可能呢？\n那王法王可是……啊，说来，泥教六道是互不干预彼此的。
Story/T_3_14_1_001,莫非有人趁机而动，糟蹋了王大侠的壮举？太可恶了！
Story/D_3_14_1_008,你、你说什么！\n泥教当真如此势大，围攻江陵，同时还有余力袭击各派？
Story/D_3_14_1_009,我原也不知他们底细，如今见了畜牲道的排场，难保魔教还有多少潜力。
Story/D_3_14_1_010,总之，你也去致哀，咱们就要连夜动身了。
Story/D_3_14_1_011,致哀，是要致谁的哀？
Story/D_3_14_1_012,二公子，你可回来了。
Story/D_3_14_1_013,我爷爷呢！
Story/D_3_14_1_014,老太爷他……已仙游了，你也快去送他老人家一程吧。
Story/D_3_14_1_015,老、老太爷仙游了！怎么会？白天不还好好的吗？
Story/D_3_14_1_016,我还想请教各位唐门大侠呢。
Story/D_3_14_1_017,爷爷他精神健旺，无病无痛，怎会无端急病骤逝？\n我疑心定是有人下毒暗害，诸位都是行家，还请助我南宫世家，找出真凶。
Story/D_3_14_1_018,爷爷他精神健旺，无病无痛，怎会无端急病骤逝？\n我疑心定是有人下毒暗害，猜猜看，此刻江陵，谁是使毒第一能手？
Story/D_3_14_1_019,这……。
Story/D_3_14_1_020,大公子，在下略懂医理，能否领在下去瞻仰老太爷遗容？
Story/D_3_14_1_021,不必了。
Story/D_3_14_1_022,深儿，你莫要胡言。
Story/D_3_14_1_023,家父辞世前，无左寸脉，阳反独留，是心绝症状。\n我南宫世家家传内功，根基便是护心，没有半分心绝可能，\n唯独弥留之际散功，方有此症。
Story/D_3_14_1_024,家父……家父这是天寿尽了啊。
Story/D_3_14_1_025,又或者，是有人下毒暗害，害爷爷散功而死。
Story/D_3_14_1_026,住口，深儿。
Story/D_3_14_1_027,生有时，死有时。山川草木，虫鱼鸟兽，人皆有寿。\n百岁之龄，天下至寿也。\n你爷爷考终命，一生乐善，方始含笑善终，是、是福气来的……。
Story/D_3_14_1_028,{size=24}……师弟，快说点什么。{/size}
Story/D_3_14_1_029,二位请节哀，老太爷德配天地，积德之厚，逝而不朽。\n如今魂归泰山，必登金桥，往生天道。
Story/D_3_14_1_030,……赵少侠此言，再吉利也没有了。\n没错，必是如此。
Story/D_3_14_1_031,二位请节哀。
Story/D_3_14_1_032,深儿，人生在世，再多不舍，终有要道别的一日，\n无论是爷爷，还是爹娘，都不会永远守在你身边。\n你是未来家主，肩上扛着世家的兴亡重任，必须坚强。
Story/D_3_14_1_033,爹，这些道理，孩儿又非稚儿，岂能不知？
Story/D_3_14_1_034,是了，你已是堂堂成人。\n为父一日之中，既失手足，又失怙，神智昏聩，一时忘了。\n你在为父眼中，永远是少年，唉。
Story/T_3_14_1_002,爹有护心诀，尚且方寸大乱，失魂落魄，足见伤心。\n再操劳下去，不单言行有失体面，更怕忧思过度，大病一场也未可知。
Story/D_3_14_1_035,爹，既是如此，那孩儿这便去吩咐下人，张罗红灯笼，\n发讣闻召集分家堂表叔伯兄弟，五代同堂，送爷爷最后一程。
Story/D_3_14_1_036,好……好，我的好儿子。\n你们这些小辈，都戴红孝，欢欢喜喜送爷爷最后一程。
Story/D_3_14_1_037,是。
Story/T_3_14_1_003,大公子都是堂堂成人了，家主对他说话，仍像呵护稚儿，耳提面命。\n足见关心情切，他自然脸薄听不下去。\n可我却连这种关心都不曾听过……。
Story/D_3_14_1_038,唐家贤侄，你们勿因我家丧事而滞足。\n须以武林大局为重，这便速速归去吧。\n我已命人备好骏马，你们星夜兼程，不日即可归还蜀中。
Story/D_3_14_1_039,多谢世伯体谅，那便请先容小侄们告退，待尘埃落定，再向世伯请罪。
Story/D_3_14_1_040,何罪之有？缘分稍纵即逝，各自珍重吧。\n我们来日江湖再逢，请了。
Story/D_3_14_1_041,……师弟，去收拾东西，一炷香后，大门口见。
Story/D_3_14_1_042,明白了。
Story/D_3_14_1_043,不是说一炷香后大门口见吗？我都还没来得及上茅厕。\n就算不上茅厕，总要让我去和熟人打声招呼吧！
Story/D_3_14_1_044,呃。
Story/D_3_14_1_045,赵活，你已听说了吧。\n老太爷的事……魔教调虎离山的事。
Story/D_3_14_1_046,都听说了，我正打算去向你辞行。
Story/D_3_14_1_047,……你不先上茅厕吗？
Story/D_3_14_1_048,我方才只道是我四师兄来催赶，一恼之下信口胡说的。\n什么茅厕，我从来不上茅厕的。
Story/D_3_14_1_049,从来不上茅厕，人还能活吗？别瞎说了。
Story/D_3_14_1_050,崆峒派也来了急报，详情不得而知，只是魏掌门脸色大变，\n情况不乐观的样子，我们也要即刻动身了。
Story/D_3_14_1_051,是吗……。
Story/D_3_14_1_052,……。
Story/D_3_14_1_053,……。
Story/D_3_14_1_054,那，我走了。
Story/D_3_14_1_055,小竹，我唐门事情一了，便去崆峒找你。
Story/D_3_14_1_056,你没事跑过来干嘛？只怕你连关口都进不来。
Story/D_3_14_1_057,看你有什么用得上我的地方，过去供你驱策啊。
Story/D_3_14_1_058,你没来之前，我一个人也好好的，哪用得着你来帮什么忙。
Story/D_3_14_1_059,说得也是。
Story/D_3_14_1_060,不过，等到风平浪静，我想去唐门留学，学你们机关锻冶之术。
Story/D_3_14_1_061,到时再请你多照拂啦，你到时可别装作不认识我。
Story/D_3_14_1_062,哪能呢？我最认识你了。
Story/T_3_14_1_004,……你这话，说不定并没说错呢。
Story/D_3_14_1_063,到时我必扫榻欢迎。
Story/D_3_14_1_064,扫什么榻？别阴阳怪气了，我粗生粗养，又不讲究那些。
Story/D_3_14_1_065,你多保重。
Story/D_3_14_1_066,啊啊，你也保重。
Story/D_3_14_1_067,不是说一炷香后大门口见吗？我都还没来得及上茅厕。\n就算不上茅厕，总要让我去和熟人打声招呼吧！
Story/D_3_14_1_068,呃。
Story/D_3_14_1_069,上什么茅厕，先把你的臭谷道给堵上，听老子说话要紧。
Story/D_3_14_1_070,兄台请讲。
Story/D_3_14_1_071,我也不跟你唠叨，简单一句话。\n魏掌门接获本派飞鸽传书，此刻已在回返崆峒的途中。\n她老人家派遣我来，是因为我轻功高，跑得快，报完了讯，便去会合。
Story/D_3_14_1_072,……是吗，我还想着，去和她打一声招呼再走呢。
Story/D_3_14_1_073,你若想见她，也不是不行，与我赛一赛脚程。\n跟得上我，我便领你过去。
Story/D_3_14_1_074,不了，本门的师兄弟也正在整装，准备回返唐门。
Story/D_3_14_1_075,那就算了。
Story/D_3_14_1_076,……喂，赵活。
Story/D_3_14_1_077,咦，你、你记得我名字啊。
Story/D_3_14_1_078,还不都你的错？长这么诡异，害人过目难忘，想不记住都难吧。
Story/D_3_14_1_079,哈哈，莫非魏掌门还有什么见示？
Story/D_3_14_1_080,没有了，就是我私人有话要说。
Story/D_3_14_1_081,好歹短暂同门，我就说几句肺腑话，盼你别随便死了。
Story/D_3_14_1_082,何出此言？
Story/D_3_14_1_083,经此一役，老子颇有感触。\n就是武功强如姓王的狗贼，或者德高望重如南宫老太爷，终有一死。\n那还是他们的命重于泰山，才引人注目。
Story/D_3_14_1_084,似你我这种无名小卒，眨眼就倒一片。\n身后谁也记不住姓名，挖个大坑，就一股脑埋了。\n你不珍重，谁来替你惜命？
Story/D_3_14_1_085,……老兄此言甚是，多谢你的良言。
Story/D_3_14_1_086,我一看便知你八成是从小被弃养的命，就你这副尊容也讨不到老婆。\n我好歹还有个相好的玄功门师妹在家等我，不算没人牵挂。\n哪像你！拚了命也只能孤独终老啦哈哈哈～！
Story/D_3_14_1_087,她奶奶的，你好胆别跑！
Story/N_3_14_1_001,那人跑得倒是真的很快，你追了几步，怕耽误行程，只得悻悻然作罢。
Story/D_3_14_1_088,好吧，就是孤独终老，好歹也活够本了。
Story/D_3_14_1_089,你她妈，最好离我们魏掌门远一点。\n那可是掌派人的新娘，你一个别派的丑八怪，撒泡尿照照镜子吧。
Story/D_3_14_1_090,……用不着你说，我也知道，唉。
Story/D_3_14_2_001,唐四侠，事急不能巨细，简慢勿怪。\n本公子且命下人准备了些便于携带的吃食、茶水，都系在马儿鞍上了。
Story/D_3_14_2_002,承蒙大公子美意，真难为你家逢剧变，还想得如此周到。
Story/D_3_14_2_003,爷爷心忧天下，必不乐见不肖儿孙为了他一人后事，罔顾武林大局。
Story/T_3_14_2_001,老太爷确实会这么想，那位老人家，是真正的大侠啊。
Story/T_3_14_2_002,……赵活，你不欲人知的悲切看来是真心实意的，我代爷爷心领了。
Story/D_3_14_2_004,唐四，你们事急，便省了客套吧。\n本公子也正忙得不可开交，无暇搭理你们。
Story/D_3_14_2_005,待此间事了，本公子再向贵掌门请教便是。
Story/D_3_14_2_006,好吧，有话你去对掌门说，我能说的，都说完了。
Story/D_3_14_2_007,{size=24}这位大公子，似乎还在怀疑我们是下毒凶手的样子。{/size}
Story/D_3_14_2_008,……他心中悲切，也是有的。\n南宫世家走了一位老英雄，我们多担待着点便是，清者自清，浊者自浊。
Story/D_3_14_2_009,他奶奶的，真是莫名其妙，不讲道理。\n咱们与南宫世家世代交好，怎会无端去害老太爷。
Story/D_3_14_2_010,大公子！我、我都听说了，爷爷他真的……？
Story/D_3_14_2_011,嗯，爷爷已遁化登仙了。
Story/D_3_14_2_012,……！
Story/D_3_14_2_013,你也去进去向爷爷叩头吧。
Story/D_3_14_2_014,是。
Story/D_3_14_2_015,……然后再回到我这里，商量解除婚约的事。
Story/D_3_14_2_016,什么？大公子，你、你方才说什么？\n我、我没听清楚……。
Story/D_3_14_2_017,上官世家与南宫世家的婚约，是我们年幼时，\n爷爷一力主持订下的。如今我看，你我实在性情不相投合，\n此事还需从长计议。
Story/D_3_14_2_018,我、我们进去再谈，好吗？
Story/D_3_14_2_019,不，就在这里说吧。\n你指谪我哪里不是，不也从没顾忌人前人后？
Story/D_3_14_2_020,{size=24}师弟，我们甭管他们家事，走吧。{/size}
Story/D_3_14_2_021,但是……。
Story/D_3_14_2_022,{size=24}有道理，再不走，就怕待会儿走不了了。{/size}
Story/N_3_14_2_001,你们向南宫世家辞别，快马加鞭，星夜兼程，归返唐门。
Story/D_3_14_2_023,……抱歉，四师兄，你先去牵马，我再等一下。
Story/D_3_14_2_024,师弟，旁人的家务事，你在此旁观，未免不懂人情世故。
Story/D_3_14_2_025,我便只远远守望她，她若没事，我就走了。
Story/D_3_14_2_026,我不管你了哦？后果自己负责。\n我也不求你别的，只求你千万别在人家谈到一半就冲出去，\n你找死也就算了，千万别连累本门。
Story/D_3_14_2_027,我、我……是我不好，下回、下回会改的。
Story/D_3_14_2_028,不，你不会改，你我心知肚明。\n从来只有你唠叨，本公子的话语，你一个字也听不进去。
Story/D_3_14_2_029,我忌讳你从商，一个女流在外抛头露面，招惹多少垂涎，你是知道的。
Story/D_3_14_2_030,那件事，我们不是说过了吗？我还不是为了……
Story/D_3_14_2_031,你总有苦衷。本公子能体谅，既是江湖儿女，也不细究。\n真正使我确信与你无缘的，乃是你的倨傲性子。
Story/D_3_14_2_032,我的性子？
Story/D_3_14_2_033,本公子一再推延婚事，就为了磨一磨你这性子。\n怎料没能磨去你一点棱角，反将我的耐心磨耗光了。
Story/D_3_14_2_034,我、我改了，我马上就改。\n我以后再也不顶嘴了，你喜欢乖顺可人的女子，我也会听话得不得了。\n像、像那乐屏娘子一样。
Story/D_3_14_2_035,你若早肯服软，可有多好？可惜迟了。\n爷爷登仙，南宫世家五代丁忧，守孝三年。\n三年之内不为官、不娶嫁、不赴宴、不应考。
Story/D_3_14_2_036,上官娘子秀外慧中，乃是名门大家的闺秀，盼得你眷顾的青年才俊，\n在所多有，何况今时今日，你已是官宦千金，我等江湖草莽配不上你。\n还是请你另觅良缘吧。
Story/D_3_14_2_037,我可以等你。
Story/D_3_14_2_038,我耽误不起。
Story/D_3_14_2_039,家主……爹知道这事吗？
Story/D_3_14_2_040,知道，此事由我作主。
Story/D_3_14_2_041,我们……我们从小一块长大，你半分情分也不顾吗？\n小时候，你说长大要给我凤冠霞帔，八抬大轿迎我进门……\n要令江陵城中挂满灯笼，家家户户都向我道贺祝福的……。
Story/D_3_14_2_042,……。
Story/D_3_14_2_043,那都是几岁说的事，你还真信？
Story/D_3_14_2_044,我信了，我信了啊！
Story/D_3_14_2_045,如今江湖人谁不知道你被刘颚劫掠了去，已非清白之身！\n失了贞节，我哪里还有脸将你八抬大轿迎进门？
Story/D_3_14_2_046,我没有！他没有碰我！守宫砂都还在，我跟你说过的！
Story/D_3_14_2_047,赵活也和我在一块，不信你问他！
Story/D_3_14_2_048,他说的话，天下能有谁信？\n你要他发声为你正清白，未免异想天开！
Story/D_3_14_2_049,真相如何，无关紧要，即令我信了，你想天下人信不信？\n我早叫你不要把江湖当儿戏，你偏偏不听！\n活受了罪不只，还连累我名声，竟半分悔意也无，好生无耻！
Story/D_3_14_2_050,我懂了……你早已怨我拖累你名声，只是不说。\n只怕在你心底，也早已当我是残枝败柳。
Story/D_3_14_2_051,你若不蛮缠，本来不必把话说到这种地步。
Story/D_3_14_2_052,……我进去向爷爷叩头再走。
Story/D_3_14_2_053,那我问你一句话，求你真心答我。
Story/D_3_14_2_054,你且问，本公子愿答便答。
Story/D_3_14_2_055,你对那那乐屏娘子，可是真心的吗？\n她虽非本愿，但出身可怜，亦难免向人曲意逢迎，何尝不是抛头露面？\n她与我有何不同？
Story/D_3_14_2_056,……起初本公子只是为了磨一磨你的傲性，才去寻她听曲。\n她的狡猾心思、谄媚手段，我岂有不知？\n可若非如此，脱籍从良便遥遥无期，说到底，她只是想求依靠的弱女子。
Story/D_3_14_2_057,你上官世家势力雄厚，没了我，你一样锦衣玉食，养尊处优。\n可她不同，她若没有我，便会万劫不复，我岂忍心见她沦落火窟？
Story/D_3_14_2_058,……我明白了。\n大公子，我从前争风吃醋，说了许多轻贱她的话，\n请你代我向乐屏娘子道歉，其实我并非真心的。
Story/D_3_14_2_059,好。
Story/T_3_14_2_003,萤儿，原谅我故意说这些不好听的话，赶你离开。\n爷爷曾对我说，你像他亲孙女，若我不懂珍惜，便不要耽误你大好年华
Story/T_3_14_2_004,妻贤如斯，我何尝不心悦你呢？只是我辈侠道中人，以武犯禁。\n我既当家，便当有一番作为，你大好前程，莫要被我连累了才好。
Story/T_3_14_2_005,如今我将你的青春还你了，你恨我也罢，愿你早日觅得如意郎君。
Story/D_3_14_2_060,……。
Story/D_3_14_2_061,……你怎么还在这？让开啦。
Story/D_3_14_2_062,看我笑话看够了吧！滚！
Story/D_3_14_2_063,唉。
Story/N_3_14_2_002,你守望在旁，到头却一个字也说不出口，落寞踏上归途。
Story/O_3_14_2_001,要我去打他帮你出气吗？
Story/D_3_14_2_064,你们聊完了，接下来就换我找他有事了。
Story/D_3_14_2_065,要不然，你打我也可以。
Story/D_3_14_2_066,现在不想。
Story/D_3_14_2_067,……你带我去没人的地方，快点。
Story/D_3_14_2_068,哦。
Story/D_3_14_2_069,呜呜……呜……。\n我明明为了他，一直在努力着……太过份了，我好不甘心！
Story/T_3_14_2_006,我总怨自己贫寒，用心从没有回报。\n可是萤姑娘出身尊贵，依然努力不懈，苦心到头，也难遂心愿。\n此时此刻，她与我何尝不是一般可怜呢。
Story/N_3_14_2_003,你从来只见她好强矜贵的模样，难以想象她也会肆无忌惮的嚎啕大哭。\n劝也劝不住，哪管什么端庄仪态，此刻每一滴眼泪都是真情流露。
Story/D_3_14_2_070,赵活。
Story/D_3_14_2_071,我在这。
Story/D_3_14_2_072,你敢说出去，我就杀了你。
Story/D_3_14_2_073,我绝不走漏半个字。
Story/D_3_14_2_074,……多谢你了，赵、赵兄弟。
Story/D_3_14_2_075,用不着那么客气。
Story/D_3_14_2_076,好了，我已没大碍了。\n再去向爷爷叩头，便回福建去。\n你不也正急着赶路吗？别耽误时辰了。
Story/D_3_14_2_077,真的没事了吧。
Story/D_3_14_2_078,你当我是谁？我可是上官萤……。
Story/D_3_14_2_079,上官世家的……独生女……。
Story/D_3_14_2_080,……萤姑娘，别哭啦。
Story/D_3_14_2_081,……傻子，发乎情，止乎礼，你倒还算君子。\n你真敢乱来，我这一拳就要朝你鼻梁骨上招呼下去了。
Story/D_3_14_2_082,生死一瞬间！
Story/D_3_14_2_083,哈哈哈哈！
Story/D_3_14_2_084,……我说真的，别再这样了。\n如果你还想和我做朋友的话。
Story/D_3_14_2_085,……明白了，抱歉，我很恶心吧。
Story/D_3_14_2_086,嗯，很恶心。
Story/D_3_14_2_087,呃啊！
Story/D_3_14_2_088,不过你好与不好都无所谓，是我心里有人的缘故。\n即使那人不要我了，我的心也收不回来。
Story/D_3_14_2_089,萤姑娘，你这又是何苦呢。
Story/D_3_14_2_090,我也不想，唉。\n从小我就是这样的性子，认定是该我的，便拿千金也不换。\n再好的我也不想要，我怎么就那么傻呢？
Story/D_3_14_2_091,真好啊，我怎么就没那种福气呢。
Story/D_3_14_2_092,总会有的，迟早有一天，我做主替你寻觅一门好亲事吧。
Story/D_3_14_2_093,这算什么狗屁倒灶的事？免了，多谢你好意。\n我也一样随心所欲，就是我烂命一文不值，也不想迁就。
Story/T_3_14_2_007,就你这尊容，还敢挑三拣四呢，倘若非我不可，你就一辈子光棍吧。
Story/D_3_14_2_094,算了吧，你无端去祸害别人干嘛。
Story/D_3_14_2_095,那你就可以祸害我吗？
Story/D_3_14_2_096,你不是信佛吗？佛家有云：我不入地狱，谁入地狱？\n你知道该怎么办了吧？
Story/D_3_14_2_097,我一拳送你下去，不也一样。
Story/D_3_14_2_098,……女侠饶命。
Story/D_3_14_2_099,哈哈哈哈～！
Story/D_3_14_2_100,你该回去了吧，唐门师兄弟不都在等你吗？\n来日方长，徐图后会吧……珍重，再见。
Story/D_3_14_2_101,嗯，那么萤姑娘，我走了，你多保重。
Story/D_3_14_2_102,你也是。
Story/N_3_14_2_004,你忍不住想伸手将她揽入怀中，好生安慰。\n只是自惭形秽，终究不敢唐突佳人，伸出手去摸了摸她的头。
Story/D_3_14_2_103,你干什么乱摸我的头？你道我是三岁小孩吗。\n滚啦你！回你的唐门去啦！
Story/D_3_14_2_104,……。
Story/N_3_14_2_005,上官萤摸了摸方才被你碰过的头顶，意外感觉还不坏。
Story/D_3_14_2_105,爹也不曾这样摸我的头，你竟敢摸我，臭家伙。
Story/O_3_14_2_002,要来唐门玩吗？
Story/D_3_14_2_106,……。
Story/D_3_14_2_107,……。
Story/D_3_14_2_108,我可是说错话了吗？
Story/D_3_14_2_109,不，我要去。
Story/D_3_14_2_110,真的吗？
Story/D_3_14_2_111,我想去，想拜见唐世伯，想、想见默铃妹子。\n等、等我到了，你要亲自下厨炒菜、泡茶招待我，要把我当贵宾……。\n我若想住久一点，你们再也不能露出不耐烦的脸色。
Story/D_3_14_2_112,你肯莅临，这些小事自然都不在话下。
Story/D_3_14_2_113,我可是信你了哦……。
Story/D_3_14_2_114,一言为定。
Story/D_3_14_2_115,好，一言为定。\n倘若连你也敢对我食言，本姑娘一定把你揍到你爹娘都不认识。
Story/D_3_14_2_116,这个你不用揍也办得到，我爹娘只怕恨不得忘了有我这儿子。
Story/D_3_14_2_117,我先去向爷爷告别，再回家一趟。\n你也快回唐门去吧，等到尘埃落定，我再拜访唐门。
Story/D_3_14_2_118,萤姑娘，你保重。
Story/D_3_14_2_119,你也是。
Story/T_3_14_2_008,爷爷……您不在，我的容身之处一下子就没了。
Story/D_3_16_1_001,怎么都没人！该不会……！掌门！
Story/D_3_16_1_002,废话。\n人马都给你们带去江陵了，你道留在山上这点人还能清闲度日？
Story/D_3_16_1_003,二师兄！山上的大家都没事吗？
Story/D_3_16_1_004,看来是听说本门被袭的事了。
Story/D_3_16_1_005,我很忙，没空和你们废话，就只说结论吧──\n掌门没事，小师妹也没事。
Story/D_3_16_1_006,……就这样？其他人呢？
Story/D_3_16_1_007,其他人怎么样都无所谓，小师妹没事就好。
Story/D_3_16_1_008,师弟……你这人可真是无情的很。
Story/D_3_16_1_009,没出人命，被吓破胆拜别下山的却不少。\n也罢，唐家大院就这么点大，没事尽塞垃圾，叫人气闷。\n如今清净多了。
Story/D_3_16_1_010,……。
Story/D_3_16_1_011,……。
Story/D_3_16_1_012,唐升正在忙着收拾烂摊子，无暇理会你们。\n你们先入内拜见掌门，详细的，到掌门座前再行禀报。
Story/N_3_16_1_001,入正心堂拜见掌门，四师兄遂将此行经过娓娓道来。
Story/T_3_16_1_001,是小师妹！好久不见的小师妹！
Story/T_3_16_1_002,师兄回来了。
Story/T_3_16_1_003,她向我挥手！我的心脏要麻痹啦！
Story/D_3_16_1_013,{size=24}小师妹在向我招手，真可爱。{/size}
Story/D_3_16_1_014,{size=24}少臭美，她分明是向我招手。{/size}
Story/T_3_16_1_004,无论是向谁，总之不会是向我吧。
Story/D_3_16_1_015,{size=24}胡说，明明就是向我挥的手！{/size}
Story/D_3_16_1_016,{size=24}嗯，说得也是，一路辛苦你了，师弟。{/size}
Story/D_3_16_1_017,{size=24}明日起还有好多事要偏劳你，至少今天就好好作梦吧。{/size}
Story/N_3_16_1_002,你被同门用怜悯的眼神守望着，却一点也开心不起来。
Story/D_3_16_1_018,{size=24}放屁，就你。{/size}
Story/D_3_16_1_019,{size=24}就你这癞蛤蟆还想吃天鹅肉，不如去吃屎吧。{/size}\n{size=24}小师妹能看上你？她若看上你，我就钓竿塞幽门钓鱼给你看。{/size}
Story/T_3_16_1_005,过份！
Story/D_3_16_1_020,……。
Story/T_3_16_1_006,师兄都不理我……。
Story/N_3_16_1_003,小师妹因为某人而变得消沉了。
Story/D_3_16_1_021,──事情经过，就是如此。
Story/D_3_16_1_022,……本座听明白了。
Story/D_3_16_1_023,尚幸我唐门弟子，都得凯旋而归，本座很欣慰。\n今日伙房开大灶，山上还有什么吃食，便都煮了炖了，好好热闹一番。
Story/D_3_16_1_024,多谢掌门恩赐～！
Story/D_3_16_1_025,多谢掌门！
Story/D_3_16_1_026,无事便都下去洗漱歇息吧。\n铃儿，待你日课做完以后，也去玩吧。
Story/D_3_16_1_027,好。
Story/D_3_16_1_028,掌门，弟子告退。
Story/D_3_16_1_029,那掌门，弟子先行告退了。
Story/D_3_16_1_030,惟元，你留下，本座还有事问你。
Story/T_3_16_1_007,想必是要询问大师兄的去向吧。\n再怎么样，我也该向掌门禀报才是。
Story/D_3_16_1_031,启禀掌门，弟子也有要事禀报，关于大师兄的去向。
Story/D_3_16_1_032,你知道大师兄去向？你怎么不早说？
Story/D_3_16_1_033,这自然是事出有因了，是大师兄嘱咐，掌门知情以前，谁也别说。
Story/D_3_16_1_034,这样做也有点道理，若是重大要事，本就该先禀报掌门定夺。\n只是大师兄几时这么尊师重道了……？
Story/D_3_16_1_035,既然如此，惟元，你先下去休息吧。\n明日本座再召你说话。
Story/D_3_16_1_036,是，弟子告退。
Story/N_3_16_1_004,你遂将王二壮夜访南宫世家、大师兄决行刺金一事前因后果禀报掌门。
Story/D_3_16_1_037,本座知晓了。
Story/D_3_16_1_038,好，多亏王帮主点化，这小子才不至一生都懒懒散散。\n只可惜本座近年寡出，与这位王帮主素来仅有神交。\n若早知他是这样的豪杰，病得再重也要结识，方慰生平。
Story/T_3_16_1_008,掌门心情好似不坏。
Story/D_3_16_1_039,赵活，布衣只将此事告诉你，足见你可信。\n一路辛苦了，这便下去休息吧。
Story/D_3_16_1_040,是，弟子告辞。
Story/N_3_16_1_005,得掌门亲口慰问，纵是只字词组，也胜过白花花的金银。\n你浑身是劲，心想说不定转正入室，指日可待。
Story/T_3_16_1_009,想必是要询问大师兄的去向吧，我也不管了。\n大师兄等着跪到死吧。
Story/D_3_16_1_041,且慢，惟元，赵活，你们两留下。
Story/D_3_16_1_042,咦？师弟也……？
Story/D_3_16_1_043,弟子在，不知掌门有何吩咐？
Story/D_3_16_1_044,惟元，本座本来是将弟子交由你大师兄带领的，他人呢？
Story/D_3_16_1_045,啊，原来是要问大师兄的去向。
Story/D_3_16_1_046,这个嘛……弟子也好奇。\n刚下山不久，大师兄就一溜烟地消失无踪了。
Story/D_3_16_1_047,启禀掌门，弟子知道大师兄的去向。
Story/D_3_16_1_048,你知道大师兄去向？你怎么不早说？
Story/D_3_16_1_049,这自然是事出有因了，是大师兄嘱咐，掌门知情以前，谁也别说。
Story/D_3_16_1_050,这样做也有点道理，若是重大要事，本就该先禀报掌门定夺。\n只是大师兄几时这么尊师重道了……？
Story/D_3_16_1_051,既然如此，惟元，你先下去休息吧。\n明日本座再召你说话。
Story/D_3_16_1_052,是，弟子告退。
Story/N_3_16_1_006,你遂将王二壮夜访南宫世家、大师兄决行刺金一事前因后果禀报掌门。
Story/D_3_16_1_053,本座知晓了。
Story/D_3_16_1_054,胡闹！刺金这样的事，哪是轻易可成的？
Story/T_3_16_1_010,掌门果然生气了！
Story/D_3_16_1_055,唉。
Story/D_3_16_1_056,掌门切勿忧心，大师兄处世豪爽，却非莽夫，遇有危险，自然便逃了。
Story/D_3_16_1_057,没错，定是这样。\n他从前心血来潮想干大事，结果一看情势不妙，跑得比谁都快。\n他认真想跑，就是金人策马也追不上。
Story/D_3_16_1_058,……你说得这也倒是。\n他要是个能够老实就范的崽，本座也不会这么多忧虑。
Story/D_3_16_1_059,行了，你也别穷紧张。\n等他回来，本座再重重责打。
Story/D_3_16_1_060,是，请掌门务必要往死里打。
Story/D_3_16_1_061,掌门请、请保重。
Story/D_3_16_1_062,本座真不知是该感激王帮主点化本门劣徒，还是恼他陷我徒儿于水火。
Story/D_3_16_1_063,赵活，布衣只将此事告诉你，足见你可信。\n一路辛苦了，这便下去休息吧。
Story/D_3_16_1_064,是，弟子告辞。
Story/D_3_16_1_065,这个嘛……弟子也好奇。\n刚下山不久，大师兄就一溜烟地消失无踪了。
Story/D_3_16_1_066,唉，难为你了。
Story/D_3_16_1_067,赵活，你也不知他去了何处吗？
Story/D_3_16_1_068,弟子曾在江陵见过大师兄一面。\n那时……弟子与人有点儿纠纷，大师兄出手帮忙，随后又消失无踪了。
Story/D_3_16_1_069,怎么……大师兄竟然没回山上吗？
Story/D_3_16_1_070,……布衣的武功，已臻入一流，罕逢敌手，自不必担心他安危。\n怕就只怕他到处惹事生非，唉，都这么大人了，真不知他几岁才能消停。\n行了，你们也都累了，都去歇吧，本座也乏了，要小睡一忽儿。
Story/D_3_16_1_071,……我看掌门有一半的白发，是大师兄造的孽。
Story/D_3_16_1_072,全部的白发都是吧，放眼江湖，谁见过这么不让人省心的浪子。
Story/D_3_16_1_073,不说了，我要把行李放一放，把江陵买来的蔬菜种子拿去种。
Story/D_3_16_1_074,既然没事，我也放松一会儿吧，明日起又得忙了。
Story/D_3_16_2_001,二师兄，你这莫非是在等我？
Story/D_3_16_2_002,你随我来一趟。
Story/D_3_16_2_003,师兄。
Story/D_3_16_2_004,小师妹！你也找我，有事吗？
Story/D_3_16_2_005,没事。
Story/D_3_16_2_006,二师兄，你这莫非是在等我？
Story/D_3_16_2_007,你随我来一趟。
Story/D_3_16_2_008,师兄。
Story/D_3_16_2_009,小师妹！你也找我，有事吗？
Story/D_3_16_2_010,没事。
Story/D_3_16_2_011,既然你找他没事，那我就把这人带走了。
Story/N_3_16_2_001,小师妹无声抗议，拉住了你衣角。
Story/D_3_16_2_012,……那我也一起去。
Story/D_3_16_2_013,……。
Story/O_3_16_2_001,我先随二师兄商议正事要紧。
Story/D_3_16_2_014,……那我走了。
Story/N_3_16_2_002,小师妹分明面无表情，你却彷佛看出她一脸落寞。
Story/O_3_16_2_002,天下没什么事能比小师妹优先。
Story/D_3_16_2_015,哼，好得很，公私不分，你挺有长进的啊。\n那我也用不着你了。
Story/N_3_16_2_003,你在练武场上呆立片刻，江湖的风雨连天，都已离你远去。\n你回家了，晴空万里。纵使明日风云幻变，亦非只你一人承担。\n总嫌无聊的平凡日子，也变得弥足珍贵。
Story/N_3_16_3_1_001,二师兄领你进炼丹房，亲自监督你捣药添水合香，\n先以武火烧炙，再用文火燠养。\n又考较你视乎药性，何时该进火、何时应当退符等诸般见解。
Story/D_3_16_3_1_001,本门炼丹制药，不似青城道家讲究坛式，以象天地人。\n但择地却至关重要。
Story/D_3_16_3_1_002,蜀地夏时燠热，水气蒸腾，祖师爷将炼丹房与讲经楼筑高，\n便是为了隔绝地气。\n你往后炼丹时，也须时刻留心火候。
Story/D_3_16_3_1_003,明白了。
Story/D_3_16_3_1_004,不过二师兄，你拉我过来，就为叫我做事吗？\n我这才刚回到唐门呢，都不让人喘口气的吗。
Story/D_3_16_3_1_005,我哪知你明日又有什么杂七杂八的事不见人影。\n何况我明日也未必得空点拨于你。
Story/D_3_16_3_1_006,这是……唐门失传的药典！你怎会将此物交我？
Story/D_3_16_3_1_007,这并非从前的药典。\n是我按毒经药理、揉合外丹法、医理、自身经验见解写就的杂记。\n即使外姓弟子翻阅，亦不受门规所限。
Story/D_3_16_3_1_008,多谢二师兄！想不到你这般看重我。
Story/D_3_16_3_1_009,你先别得意太早。
Story/D_3_16_3_1_010,既然从我这里拿了书，那便不能丢我的脸。\n你此后若有将活人医死的情事，我一定不远千里去清理门户。
Story/D_3_16_3_1_011,我有、有没有不收此书的选择？
Story/D_3_16_3_1_012,有，收此书并习练之，或者就地受死。你选吧。
Story/O_3_16_3_1_001,收此书并习练之
Story/D_3_16_3_1_013,那我还是收下好了，医书多好啊，可以救人性命。\n我都还没读，光只收下便救了自己性命，傻子才不收呢。
Story/D_3_16_3_1_014,总算还没蠢到家。
Story/D_3_16_3_1_015,你既习武，能辨人身经络穴道、关节肌理；\n又在炼丹房出入多年，医毒同源，于诸般毒物药草的药性熟稔于心。\n习之必不似旁人艰涩。
Story/D_3_16_3_1_016,遑论山中无老虎，猴子当大王，当代弟子不学无术，\n除我与掌门之外，竟是你这厮医术最为精湛，此书舍你其谁？
Story/D_3_16_3_1_017,没、没有啦～《左传》有云：『三折肱，知成良医。』\n我也不过就是吃过的苦头比旁人多了一点，才无师自通的。
Story/D_3_16_3_1_018,……人间疾苦，你再明白不过了。\n盼你莫忘仁心，悬壶济世。
Story/D_3_16_3_1_019,没、没有啦～我就是胡乱弄弄罢了。
Story/D_3_16_3_1_020,胡乱糟蹋你自己无所谓，倒不如说我喜闻乐见。\n可你若行医也这般草率，不如早点去死，省得祸害旁人。
Story/D_3_16_3_1_021,我方才是胡说的，我谨慎的很。
Story/D_3_16_3_1_022,没别的事了，你走吧。
Story/D_3_16_3_1_023,是。
Story/N_3_16_3_1_002,你意外得此秘籍，欢天喜地而去。
Story/O_3_16_3_1_002,就地受死
Story/D_3_16_3_1_024,没别的事了，你走吧。
Story/D_3_16_3_1_025,是。
Story/N_3_16_3_1_003,你意外得此秘籍，欢天喜地而去。
Story/D_3_16_3_2_001,咕哎恶～
Story/N_3_16_3_2_001,你以为他在开玩笑？二师兄从来不跟你开玩笑。
Story/D_3_16_3_2_002,抵抗到这步田地……罢了。\n既非门规所限，你不愿担此重责，也就由你。
Story/N_3_16_3_2_002,二师兄收回了秘籍。
Story/D_3_16_3_2_003,你走吧。
Story/D_3_16_3_2_004,哦。
Story/D_3_16_4_001,师姐，看我捉的这条鱼，可肥了。
Story/D_3_16_4_002,简直就像四师兄一样肥！快生火烤来吃了！
Story/N_3_16_4_001,归家的唐门弟子们，都不约而同聚到后山，\n赤脚到溪里捉鱼玩水，烧烤唱歌，好不快哉。
Story/D_3_16_4_003,可以吃了，小心烫。
Story/D_3_16_4_004,谢谢师兄。
Story/T_3_16_4_001,结果也不知道小师妹找我何事，\n我又没带色纸回家，只好为她捉鱼补偿一下了。
Story/D_3_16_4_005,……。
Story/D_3_16_4_006,……。
Story/T_3_16_4_002,是我的错觉吗？小师妹好像在逼近我。
Story/D_3_16_4_007,师兄，你去江陵打仗，很害怕吗？
Story/D_3_16_4_008,我怎么会害怕呢？我超勇的啦。
Story/D_3_16_4_009,喔。
Story/D_3_16_4_010,我若说全然不怕，那定是假话。\n可是行走江湖也就是那么回事，随波逐流，再怕也得奋勇向前拚。\n就是我不济事，总也得为师兄弟撑撑场面。
Story/D_3_16_4_011,你好勇敢。
Story/T_3_16_4_003,被小师妹……夸奖了……。
Story/D_3_16_4_012,嗯，虽然很丢脸，但那场面真是吓坏人了。\n千军万马不是说假的，只怕一不小心跌倒，就被人给踩死了。\n连武功都没机会施展，所以说打仗跟比武，还真不能混为一谈。
Story/D_3_16_4_013,我每晚都作恶梦，就怕回不到唐门来了。
Story/D_3_16_4_014,最怕是再也见不到你。
Story/D_3_16_4_015,……嗯。
Story/D_3_16_4_016,可怜，拍拍。
Story/D_3_16_4_017,啊啊～～被小师妹……安慰了……。
Story/D_3_16_4_018,小师妹，我不在唐门的期间，你可还好？
Story/D_3_16_4_019,还好。
Story/D_3_16_4_020,这样啊。
Story/D_3_16_4_021,你呢？
Story/D_3_16_4_022,你说我吗？我碰上的事情可多了。
Story/N_3_16_4_002,你遂将这将近半年的所见所闻、生活趣事都巨细靡遗说与她听。\n小师妹恬静的听着，虽不应声答话，却目光炯炯，显然兴致勃勃。
Story/D_3_16_4_023,下回还有的话，我也想去。
Story/D_3_16_4_024,只怕掌门不放心让你出门。
Story/D_3_16_4_025,……。
Story/T_3_16_4_004,小师妹不高兴了，我得快点儿岔开话题。
Story/D_3_16_4_026,那、那你呢？可有别派留学的弟子见你美貌，向你搭讪？哈哈。
Story/D_3_16_4_027,……。
Story/D_3_16_4_028,有。
Story/D_3_16_4_029,什么！当真有吗？
Story/D_3_16_4_030,哪一门、哪一派的，你告诉我，我要去宰了他！
Story/D_3_16_4_031,都有。
Story/D_3_16_4_032,看来我赵某人要屠戮中原，让生灵涂炭了！
Story/D_3_16_4_033,……。
Story/D_3_16_4_034,……？
Story/T_3_16_4_005,心跳变响了……？
Story/N_3_16_4_003,小师妹见你发怒，却莫名有点儿高兴的样子。
Story/D_3_16_4_035,看上我们家小师妹的少年侠士可不少呢，\n好在通通都被二师兄打发走了。
Story/D_3_16_4_036,是这样吗？
Story/D_3_16_4_037,嗯。二师兄不许我和陌生人说话。
Story/D_3_16_4_038,那就好。
Story/D_3_16_4_039,二师兄也不许我和你说话，说你狼子野心。
Story/D_3_16_4_040,{size=60}二师兄！！{/size}
Story/D_3_16_4_041,可是我都不理他。
Story/D_3_16_4_042,小师妹～
Story/N_3_16_4_004,你去江陵不过二个多月，却似隔三秋。\n与小师妹并肩而坐，彷佛已是很久以前的事情。\n直到此刻见着她恬静淡漠的侧脸，才真正意识到，你已到家了。
Story/N_3_16_4_005,此时无声胜有声，千言万语也不胜她一抹浅笑。
Story/N_3_16_4_006,你与同门师兄弟姊妹一块度过了平凡又珍贵的下午。\n此际江湖风雨，都已离你远去，任凭云波诡谲，也与你无关。\n你回家了。唐门的今天，晴空万里。
Story/D_3_2_1_001,啊……下雨了。\n小梅没来，那就是说今天不跑步了吧。
Story/D_3_2_1_002,难得清闲，我回房再睡会儿，洗把脸再用早饭。
Story/T_3_2_1_001,那几人行色匆匆，表情凝重，不知有甚么要事，大清早便冒雨出门。
Story/D_3_2_1_003,喂，你。
Story/D_3_2_1_004,老兄叫我吗？
Story/D_3_2_1_005,旁边还有别的人吗？少说废话了。\n快帮忙将记名飞天门下的朋友们都叫醒，到半雨屏去集合。
Story/D_3_2_1_006,现在？现在不还大清早，何事如此突然。
Story/D_3_2_1_007,我也不知，师长传唤，咱们小辈就是不明所以，总不能不去。\n四门弟子都要去，你也快点吧。
Story/D_3_2_1_008,赵少侠早。
Story/D_3_2_1_009,呃，师兄早，恕我眼生，不记得你高姓大名。
Story/D_3_2_1_010,崆峒弟子何其多，你不过匆匆过客，记不得也无可厚非。
Story/D_3_2_1_011,请问兄台，一上来便喊住在下，莫非是专程来找我的吗？
Story/D_3_2_1_012,是，也不是。我奉师长之命，前来知会记名夺魄门的弟子，\n速往崆峒半雨屏集合，四门弟子齐聚，料师长必有要事布达。\n我通知了你，接着还得去通知别人，少陪了。
Story/D_3_2_1_013,既是要事，我也来助你通知吧。\n反正就是敲门说几句话的工夫。
Story/D_3_2_1_014,如此多谢了。
Story/D_3_2_1_015,赵师弟清晨好，这厢有礼了。
Story/D_3_2_1_016,师姐早，你清晨造访招待所，还真稀罕，不知有何要事？
Story/D_3_2_1_017,嗯，奉掌门之命，到此知会记名玄功门的外派师兄弟，\n齐往本派半雨屏相会，有重要机宜相告。
Story/D_3_2_1_018,这么早？
Story/D_3_2_1_019,正是，我还得去知会旁人，告辞。
Story/D_3_2_1_020,赵──活。
Story/D_3_2_1_021,早，小竹，怎么见了我一脸吃惊样？
Story/D_3_2_1_022,就是没料到你起得这么早。\n快帮我个忙，将记名铁拳门的众位师兄弟都唤起来。\n我去喊师姐妹起床。
Story/D_3_2_1_023,等等，你还没说什么事呀？\n无端扰人清梦，我可是会被打死的。
Story/D_3_2_1_024,啊，抱歉，急起来忘了说。\n四掌门有命，崆峒弟子除掌火、掌书等要职者，齐聚半雨屏集合，\n说是有要事宣布的样子，详情我也还不清楚。
Story/D_3_2_1_025,原来如此。
Story/D_3_2_1_026,总之就拜托你啦，快快快。
Story/T_3_2_1_002,一大清早便召集众人，看来事情非比寻常啊。
Story/D_3_2_1_027,离我远一点，就你这怪家伙排在我屁股后头，总让人心慌慌的。
Story/D_3_2_1_028,呃……。
Story/D_3_2_1_029,那阿活，你跟我站一块儿。
Story/D_3_2_1_030,小梅师姐，你可是嫡传女弟子，怎能不靠前一点？
Story/D_3_2_1_031,还不都你们这群眼神不正派的家伙排我屁股后头，总让我心慌慌的。\n少啰嗦，安静点，再交头接耳，待会惊动师父，有你好受的。
Story/D_3_2_1_032,是……。
Story/D_3_2_1_033,像我这种眼神正派的家伙排你后头，你难道就不心慌吗？
Story/D_3_2_1_034,噗哈哈，臭家伙，本梅替你打抱不平，你还害我笑出声，住口啦。
Story/D_3_2_1_035,你不必如此的。
Story/D_3_2_1_036,是不必，但本梅偏要如此如此。
Story/D_3_2_1_037,快先别说话了，四掌门齐聚半雨屏，必有要事，务须肃穆以待。
Story/D_3_2_1_038,好。
Story/D_3_2_1_039,嗯，赵少侠，你便在我们夺魄弟子行列中待着。\n四掌门正在商议要事，切忌喧哗。
Story/D_3_2_1_040,是。
Story/T_3_2_1_003,师父似乎不在此处。
Story/D_3_2_1_041,{size=24}弟子，你探头探脑，是在找为师吗？{/size}
Story/D_3_2_1_042,师父？方才的声音是你吗？
Story/D_3_2_1_043,{size=24}为师正用传音入密的内功和你说话。{/size}\n{size=24}你用不着答我，反正我也听不见，你若听懂了，就点一点头。{/size}
Story/D_3_2_1_044,{size=24}很好。相隔太远，最多就能发出这种程度的响声。{/size}\n{size=24}你屏气凝神，自然就听得真切了。{/size}
Story/D_3_2_1_045,{size=24}四掌门齐聚半雨屏，必有大事。{/size}\n{size=24}你别胡乱出声，若有状况，拔腿便跑即是，且安静听任发落吧。{/size}
Story/D_3_2_1_046,赵师弟，请你在玄功门列中静候。\n本门魏掌门正在和本派其他三位师长共商要事，稍后便有发落。
Story/D_3_2_1_047,是。
Story/D_3_2_1_048,你排我前面。
Story/D_3_2_1_049,喔，不过为何？
Story/D_3_2_1_050,是怕太矮被人推倒踩扁吗？
Story/D_3_2_1_051,你是想被我踩看看吗？
Story/D_3_2_1_052,咦？
Story/O_3_2_1_001,我会死
Story/D_3_2_1_053,知道就好。
Story/O_3_2_1_002,好啊
Story/D_3_2_1_054,等、等等，我收回，不要用那种表情看我！\n恶心！太恶心了！
Story/D_3_2_1_055,不要吵啦，没看到四掌门都在商议要事吗？
Story/D_3_2_1_056,{size=24}都是你害我被骂。{/size}
Story/D_3_2_1_057,这样你还看得到前面吗？
Story/D_3_2_1_058,看不到，无所谓就是了。
Story/D_3_2_1_059,……我向来不站人群中间的，万一推挤的话，会很危险。\n我不想失手杀人。
Story/D_3_2_1_060,原来如此。
Story/D_3_2_2_001,如此，吾等对此事都有定见了是吧？
Story/D_3_2_2_002,勾魂叟，你夺魄掌门还在闭关，你出现在此，\n本仙君可以将你的发言，视作贵掌门的意思吧？
Story/D_3_2_2_003,火龙老道，事到如今，何须多此一言，还怕老朽阴你不成？
Story/D_3_2_2_004,铁拳雷掌门、玄功魏掌门的意思也不作更动了？
Story/D_3_2_2_005,洒家烦恼的都说了，你们硬要干，洒家只好跟着干。
Story/D_3_2_2_006,玄功门的主张不会变动。
Story/D_3_2_2_007,如此便好。来人──
Story/D_3_2_2_008,弟子在此听凭仙君差遣。
Story/D_3_2_2_009,去请南宫二公子来此。
Story/D_3_2_2_010,弟子领命。
Story/D_3_2_2_011,我、晚辈在这，不、不知四位掌门前辈，有何教诲？\n莫非是晚辈无知，无心触犯了山中法度吗？
Story/D_3_2_2_012,二公子稍安勿躁，请站到小妹身侧。
Story/D_3_2_2_013,是。
Story/D_3_2_2_014,稍后无论听见什么，还请千万镇定。\n火龙掌门，这便请你布达此事吧。
Story/D_3_2_2_015,嗯。
Story/D_3_2_2_016,崆峒弟子皆听着，我派弟子寅夜飞鸽来报。\n中原武林如今出了一件大事，今日半雨屏所商，便是为此──
Story/D_3_2_2_017,此刻，南宫世家所在的江陵城，正遭受魔教匪众包围！\n正道一脉，唇亡齿寒，我崆峒位列六大正派一席，焉能坐视不管？
Story/D_3_2_2_018,四掌门议定，本仙君临危暂代掌派人，崆峒弟子皆听本仙君号令。\n本仙君宣布：我派即刻起进入戒严，编列队伍，即刻前往救援。\n此间四门严禁相斗，违者按山中法度处置，严惩不贷。
Story/D_3_2_2_019,四门弟子皆有，受传唤者上前听令！
Story/D_3_2_2_020,什──！这是真的吗？！
Story/D_3_2_2_021,二公子请定心，据消息，战况胶着，此刻尚无破城危险。
Story/D_3_2_2_022,只是他们也无法突围出去便是。
Story/D_3_2_2_023,怎、怎么可能？江陵城可是有官兵驻守的啊。\n魔教中人想要包围江陵城，那该有多大阵仗？
Story/D_3_2_2_024,你说对了，那阵仗大得骇人。\n听说连城郊驻军都吃了败仗。
Story/D_3_2_2_025,连官兵都被打退了？
Story/D_3_2_2_026,……据说是在官兵操练时突然发难，使军旅横断，\n连主帅在内一半退守城中，一半又受天气、地形所逼，迫不得已往襄阳前线会师。
Story/D_3_2_2_027,是怎么样能够突然发难，将驻军从中横断的？\n那不是多到足以围城的人吗？怎能凭空冒出来的？\n那横行无忌的地狱道、饿鬼道再狠再恶，也不至如此神通广大才是。
Story/D_3_2_2_028,对，所以围攻江陵者并非地狱道，亦非饿鬼道。
Story/D_3_2_2_029,你是说……？
Story/D_3_2_2_030,是丐帮──或者应该说，是泥教畜生道才对。
Story/D_3_2_2_031,──丐帮，是魔教的人？\n但、但是，那些丐帮弟子，不都是行侠仗义的好汉吗？
Story/D_3_2_2_032,正是因为他们行侠仗义，深得城中百姓敬重。\n所以无人设防，使丐帮弟子无处不在，防不胜防。
Story/D_3_2_2_033,怎、怎么可能？我不信。\n丐帮中好多好心的叔叔伯伯，经常来世家探望我、勉励我的。\n那丐帮帮主王大爷，也是磊落的好汉啊！
Story/D_3_2_2_034,傻小子哎，都当乞丐了，哪来的牵挂？又有啥恶事做不出来？\n要洒家说，你们吃饱穿暖的好命人，偏要强求乞丐讲信用才奇怪。\n天下本就没好听的话，能比白米饭更实在。
Story/D_3_2_2_035,你在崆峒派，念你二公子身分，抢着巴结你的人也不在少数吧？
Story/D_3_2_2_036,唔。
Story/D_3_2_2_037,单只有丐帮，还不足以成事。\n另一个关键是城郊驻军之中，有修罗道旧部潜伏策应，这才一举成功。
Story/D_3_2_2_038,连军队也……。
Story/D_3_2_2_039,江陵驻军本就在操练，被有心人操纵信息，致使自相残杀。\n主帅号令被阻断，指挥瘫痪；余下部将受欺，往襄阳会师搬救兵，\n肯定被抗金前线牢牢捉着，再也无法脱身，遑论带兵救援了。
Story/D_3_2_2_040,魔教用心竟如此险恶！\n这……这还是江湖人的手段吗？
Story/D_3_2_2_041,洒家不怕告诉你，洒家年轻时为了挣钱，和极乐教打过交道。\n那群疯子生怕旁人不知自己是魔教弟子，成日打着魔教旗帜作威作福。\n你反倒不用怕他们，躲远一点就没事了，反正都是没长脑子的。
Story/D_3_2_2_042,但是泥教不一样。\n他们之中，必有深谙权谋算数，城府深沉之人。\n能为了这一步棋潜伏至今，心机委实可怕。
Story/D_3_2_2_043,若今日受袭的不是世居江陵的南宫世家，\n换作任何一支孤立无援的山中门派，都难以当此突袭。\n只要消息封锁严实，中原正道被逐一剪去羽翼也非奇事。
Story/D_3_2_2_044,那他们干嘛非要找我家麻烦？
Story/D_3_2_2_045,……这小妹就不得而知了。\n兴许有重大图谋，也未可知。
Story/T_3_2_2_001,实则光我猜得到的可能性就不下三种。\n这等轰动武林的大事，公主不可能不知。\n我可得慎言，以免坏了公主殿下的谋略。
Story/T_3_2_2_002,……在符合道义的范围内，以玄功掌门的身份略尽绵力便是。\n二公子，小妹只能为你祈祷，欲灭南宫世家幕后黑手，不是公主吧。\n那样的话，就还有救。
Story/D_3_2_2_046,总之你小子就别闹腾了。\n洒家知道你急，可说句不好听的，一个不好，你就是南宫世家最后血脉。\n崆峒派可不能由着你乱闯。
Story/D_3_2_2_047,前辈你在胡说什么！我爹、我大哥何等英雄，怎么会死？
Story/D_3_2_2_048,就说是一个不好了，行行行，当洒家说错话了行不？\n总之你就老实跟着崆峒大队，别想着轻骑独行了，免得让人不省心。\n出了事将来莫要怪罪到崆峒头上。
Story/D_3_2_2_049,雷掌门，请自重身份，谨言慎行。
Story/D_3_2_2_050,这下连魏小掌门都恼了，洒家还是闭嘴吧。
Story/D_3_2_2_051,众位朋友，小弟接获师门来信，要先一步下山，\n与师兄弟道上会合，齐往江陵驰援，先走一步了，告辞。
Story/D_3_2_2_052,我也是，这事当真骇人听闻。\n泥教连中原武林的芯都敢动，我点苍派就是地方远，也不能置身事外。\n各位朋友，请。
Story/D_3_2_2_053,这么多人都要先走一步吗？
Story/D_3_2_2_054,不然怎么办？事到如今，还谈甚么留学吗？\n你想留便留吧，我也要走先一步，趁这机会扬名立万。
Story/D_3_2_2_055,扬名立万，我倒是没想过。\n我是顾念武林道义、以大局为重。
Story/D_3_2_2_056,少装正人君子了，没人看见的。\n你得先闯出名堂来，才有人管你是好人还是坏人，否则你便是个路人。
Story/D_3_2_2_057,……说得对。
Story/T_3_2_2_003,……一下子就走得冷冷清清了，真要出大事了啊。
Story/D_3_2_2_058,师父！
Story/D_3_2_2_059,嗯。\n虽说半年之期未至，看来你下山的日子早些到了。\n为师破例来送你。
Story/D_3_2_2_060,我方才听见火龙掌门喊你的名字了，师父也要带队去江陵吗？
Story/D_3_2_2_061,笑话，为师连夺魄掌门也不放在眼里，凭甚么听他号令？\n自然是不去了，麻烦得要死。
Story/D_3_2_2_062,呃。
Story/D_3_2_2_063,你却是不得不去的吧？\n你是想先下山和唐门师兄弟会合呢，\n还是打算跟随崆峒人马，一道前往江陵？
Story/O_3_2_2_001,先回唐门
Story/D_3_2_2_064,嗯，也好。\n现在兵荒马乱的，你这学艺不精的弟子可别逞能乱出风头。
Story/D_3_2_2_065,风头是一定要出的，不然天下人怎知道我师父的厉害。
Story/D_3_2_2_066,哈，你顾全自己小命，就是孝敬为师了。\n虽说是短暂的玩闹，我也不想听见熟人的死讯。
Story/D_3_2_2_067,师父多虑了，出风头也轮不到我啦。
Story/D_3_2_2_068,说得也是。就你那胆子，与其担心你逞能，\n不如担心你倒地装死时给人践踏，假死变真死。
Story/D_3_2_2_069,我再怎么样也不至于装死啊！
Story/D_3_2_2_070,……不，认真想了想，情况不妙的时候装死也是情非得已的。
Story/D_3_2_2_071,……没志气，令人心寒的弟子。
Story/D_3_2_2_072,那么，为师这就与你别过了。\n你到了关口，向把关的夺魄弟子报我姓名，多半便得放行了。
Story/D_3_2_2_073,多谢师父，承蒙您关照，弟子感激－－
Story/D_3_2_2_074,停，你可别唠叨，又拜又哭，麻烦得要死。\n此事告一段落，捎封信来报平安即可。
Story/D_3_2_2_075,谨遵师命。
Story/N_3_2_2_001,你口是心非，夏侯兰背影去后，你仍对着她的去向下拜。\n就算她没把师徒情份当真，你也没失了礼数。
Story/N_3_2_2_002,在那之后，你在关前见了一道人龙，都在关口排队受检方得放行。
Story/N_3_2_2_003,夺魄门的弟子不等你报出夏侯兰的姓名，便客客气气渡你出关去了，\n临行还赠了路费，直妒得旁人牙痒痒的，偏不解何以就你面子恁大。
Story/D_3_2_2_090,赵活！你怎还在这儿！\n山上乱哄哄的，市集的马儿价钱都翻倍了，你还傻愣愣的，\n莫非是不打算下山吗？
Story/D_3_2_2_091,呃……。
Story/O_3_2_2_003,正打算走，先和唐门中人会合
Story/D_3_2_2_092,现在外派的人一窝蜂全挤在山口，排队受检才放行。\n此刻去排队，得排到黄昏才下得了山，入夜不知还赶不赶得上住店。
Story/D_3_2_2_093,这也太离谱了，至于吗？
Story/D_3_2_2_094,毕竟山上宵小不少，就怕有人趁乱盗窃山上宝物。
Story/D_3_2_2_095,说得也是，这可怎么办才好？
Story/D_3_2_2_096,还能怎么办呢，老实排队吧。\n你再拖拖拉拉，就怕天黑都下不了山。\n更甚者号牌发完，你还得等到明天。
Story/D_3_2_2_097,好吧，我收拾包袱，这就去排。
Story/D_3_2_2_098,……。
Story/D_3_2_2_099,干嘛？
Story/D_3_2_2_100,没事，就是此去遥远，不知何时再见。
Story/D_3_2_2_101,我会跟着大队，到江陵不就见着了？\n就算没见着，我迟早也会上唐门讨教锻冶手艺的。
Story/D_3_2_2_102,那我们不见不散。
Story/D_3_2_2_103,……好，不见不散。
Story/N_3_2_2_005,在那之后，你在关前见了一道人龙，都在关口排队受检方得放行。
Story/N_3_2_2_006,你果真从早排到傍晚，可与旁人怨声载道不同，你有小竹相伴。\n她与你说说笑笑，还捏了饭团给你果腹，直陪到你出关去。\n对着黄昏残霞轻声道别，才回返冷清铁铺去。
Story/D_3_2_2_117,赵师兄，太好了，你还没走。
Story/D_3_2_2_118,魏掌门，你神色匆忙，找我莫非有事差遣吗？
Story/D_3_2_2_119,差遣岂敢？就是怕你也急着下山，这才匆匆赶来的。
Story/D_3_2_2_120,小妹心知赵师兄忧心忡忡，就是不先去向唐门诸位英雄会合，\n也恨不得插翅孤身疾往江陵驰援。
Story/T_3_2_2_006,孤身前往江陵的打算倒是没有，魏掌门把我想得太过正气浩然了。
Story/T_3_2_2_007,知我者莫若魏掌门。
Story/D_3_2_2_121,小妹斗胆，想请赵师兄留步，与崆峒派大队齐赴江陵，不知可否答应？
Story/D_3_2_2_122,这是为何？
Story/D_3_2_2_123,此去江陵路遥，小妹唯恐生变，故有此请。
Story/D_3_2_2_124,魏掌门可是忧心，泥教那未现行踪的法王另有图谋吗？
Story/D_3_2_2_125,可以这么说。\n泥教六道看似各行其是，但这次围攻江陵，非但畜牲道浮出水面，\n沉寂多时，潜藏在宋军中的修罗道也随即曝光，显有深谋，非同以往。
Story/D_3_2_2_126,……将这次围城，假设成泥教六道的协同作战比较妥当吗？
Story/D_3_2_2_127,小妹亦有同感。
Story/D_3_2_2_128,那确实不宜轻举妄动，尤忌落单，焉知其余四道没有路上设伏。\n毕竟各派赶往江陵的路，都很好预测。
Story/D_3_2_2_129,正是，就算不半路埋伏，万一是调虎离山该如何是好？\n所以过度分散人力，也是极其凶险的事情。
Story/D_3_2_2_130,那就是说……？
Story/D_3_2_2_131,先做好最坏的打算吧，畜牲、修罗能里应外合，\n谁说地狱、饿鬼、人间、天道一定会袖手旁观呢？
Story/D_3_2_2_132,万一泥教围攻江陵只是第一手。\n围城乃有意拖延，诱引中原各派前往救援，\n实则半路设伏，将各派各个击派，那该如何是好？
Story/D_3_2_2_133,那可不妙！
Story/D_3_2_2_134,崆峒派胜就胜在人多，也勾心斗角惯了。\n火龙掌门已派遣飞天、夺魄门弟子担任斥侯探路。\n与崆峒一道，最是稳妥，否则赵师兄若遭遇危险，小妹于心难安。
Story/D_3_2_2_135,泥教若要伏击正道侠士，也不会挑我这种人下手吧。
Story/D_3_2_2_136,若我是泥教策士，一定将你列为头号诛杀对象。
Story/D_3_2_2_137,为什么！我哪里得罪你了？是脸吗？
Story/D_3_2_2_138,噗哧，赵师兄说笑了，小妹见识再浅薄，也绝非以貌取人之辈。
Story/D_3_2_2_139,那究竟有什么理由，要先杀我这种无名小卒？
Story/D_3_2_2_140,因为赵师兄你是个好人，至少比崆峒派多数的人要好得多。\n你这样的人不死去，天地就还有一缕正气尚存。\n正道纵使一时溃败，日久必有侠士挺身而出，框扶正义。
Story/D_3_2_2_141,哦……魏掌门这也太夸我了。
Story/T_3_2_2_008,令人怪不好意思的。
Story/D_3_2_2_142,所以小妹优先杀你，放走锦衣玉袍的华服公子。
Story/D_3_2_2_143,果然是因为脸吧。
Story/D_3_2_2_144,都说了不是，真是的！
Story/D_3_2_2_145,所以放他，是因为越讲究排场门面的人，往往越是矫揉虚荣。\n武林、江湖不过是那类人卖弄潇洒的游乐场罢了。
Story/D_3_2_2_146,……我真想不到这种话能从别人口中听见。
Story/D_3_2_2_147,赵师兄，小妹更信你这样即使吃了很多苦，依然选择善良的人。\n可叹的是世人往往更倾向于相信皮相好看、衣饰华贵风光的人。
Story/D_3_2_2_148,就像衣服不好好穿，弄个肩甲的那种怪胎。
Story/D_3_2_2_149,这小妹可不敢说，你别害我，我没特别指谁唷。
Story/D_3_2_2_150,那样的俊朗少侠就算武功高，骨子里多半也是自私自利的。\n只会在声势大好的时候逞威风。\n稍微吃点苦头就会躲起来了，所以不能太早动他。
Story/D_3_2_2_151,刻意给他一点甜头吃，将他塑造成正道救星，\n他就会为了巩固权势，去抑制同道中人的名声，使正道内斗不休。
Story/D_3_2_2_152,接着泥教或是休养生息，或是想方设法投毒、利诱、威胁控制此人，\n中原正道不就万劫不复了吗？
Story/D_3_2_2_153,……魏掌门，你应该是正道中人对吧？\n你的真面目应该不是什么人间道法王之类的吧？
Story/D_3_2_2_154,当然不是！我才几岁，怎能──
Story/T_3_2_2_009,等等，公主与我年纪相若，她说自己是谁，我都不会讶异。\n莫非在赵师兄眼里看来，我也是这般高深莫测的吗？
Story/D_3_2_2_155,赵师兄，赵公子。
Story/D_3_2_2_156,你突然叫我赵公子的时候，我就感觉事情要不妙。
Story/D_3_2_2_157,小妹我，就是你眼前的人哦。
Story/D_3_2_2_158,此刻是玄功门的魏菊掌门，以前是读书斋的魏招弟。\n我在崆峒山无一日不在虚张声势，却不愿有分毫见疑于你。
Story/D_3_2_2_159,哦……。
Story/D_3_2_2_160,小妹与君知交，胸怀坦荡。\n我不是人间道法王，真的。\n小妹虽不见得是好人，但我想成为好人。
Story/O_3_2_2_005,我信(真诚)
Story/D_3_2_2_161,……我和你说笑呢，我怎能不信？怎么突然认真起来了。
Story/D_3_2_2_162,我有个很敬畏的人，总觉得她高深莫测。\n小妹不希望当你看着我，像我仰望她那样遥不可及，我会感到寂寞的。
Story/O_3_2_2_006,我早怀疑你戴人皮面具了，哪有人长这么好看(戏弄她)
Story/D_3_2_2_163,你少来，我早看穿你真面目了。\n你就是那个吧，传说中的杀手．千面人魔！
Story/D_3_2_2_164,这美若天仙的面貌不过是伪装，我就说世上怎能有人这么好看。\n让我揭开你的假面！
Story/D_3_2_2_165,我、我的脸是真的啦！
Story/D_3_2_2_166,赵师兄，小妹好歹是掌门，虽未出阁，已等如待嫁。\n你切莫再说这等轻薄话调戏小妹，下回我可当真要生气了。
Story/D_3_2_2_167,{size=24}但还是……还是多谢你夸我……。{/size}\n{size=24}我不认为自己相貌出众，虽然知道你不过同我说笑，还是多谢你抬举。{/size}
Story/T_3_2_2_010,魏才女平日高深莫测的样子，实际上脸皮却这么薄。\n既好笑，又莫名惹人怜惜。
Story/D_3_2_2_168,那么我修书一封，请人交递唐门，就跟随崆峒人马前往江陵吧。\n反正不用等回信，也料定唐门必会赴江陵施援。
Story/D_3_2_2_169,如此便好，不怕赵师兄见笑，其实也是小妹胆子小。\n如您所知，我在崆峒山虚张声势惯了，到江湖闯荡却是头一遭。\n面上泰然自若，其实心里慌张得很，很多江湖规矩都不懂。
Story/D_3_2_2_170,一路还请你多多担待、提醒，千万不要任我闹笑话了。
Story/D_3_2_2_171,明白了，交给我吧。
