Story/D_4_6_10_001,……其实能助大师兄的方法，未必没有。
Story/D_4_6_10_002,大师兄受伤虽沉，却没有身受暗劲的迹象，经络无损。问题在于药泥导致内力涣散，不受丹田所控，周身恣意游走。
Story/D_4_6_10_003,若我能以内功推动他气循流转，大师兄多半就能熬过生死大关。等到那药泥的药效消褪，他就能凝神聚气，将溢散于周身的真气收回。
Story/D_4_6_10_004,之后慢慢休养，康复可期。
Story/D_4_6_10_005,……按理如此，然则疑难有二。
Story/D_4_6_10_006,其一，大师兄并非内力全失，只是不受控。贸然运气相助，恐怕他自身的内力会受刺激，逆流倾泻而出。不只他身受其害，连我也无法全身而退，最坏的情况……
Story/D_4_6_10_007,我会被当场震死。
Story/D_4_6_10_008,可要是换作别的师兄、师姊，即使内力强胜于我，多半也无济于事。因为本门内功乃是日夜服毒所养，掌力中自带毒性。一旦入体，还不立刻为药泥所化？平白添乱而已。
Story/D_4_6_10_009,……唯有我，既是唐门弟子，却又不是唐门弟子。根基相同，却没有歌诀化纳毒性，导致内功进境停滞不前，事倍功半，只能靠着自己勤奋苦练，才终于养成内力。
Story/D_4_6_10_010,估计我十成内力，也有七、八成会被五色泥消灭，最起码还有二、三分能起效用吧。
Story/D_4_6_10_011,……以我的内功修为，最怕拿命去换都不够，到时救人不成，反而白白搭上性命。
Story/D_4_6_10_012,似乎也挺在理，我这烂命，如何能和大师兄相比呢。
Story/D_4_6_10_013,……赌上性命，成败之数亦未可知。至多不过五成把握，而我即便不死，也必身受其害。
Story/O_4_6_11_001,迟疑
Story/D_4_6_11_001,他占尽了好处，相貌武功都是上上之选，我却啥也没有，卖命就有。莫不是我上辈子欠了他的？
Story/O_4_6_11_002,大师兄不能死
Story/O_4_6_11_003,我为自己着想怎能算错？
Story/T_4_6_11_001,……没有我，唐门一样能存续，没了他，本门就危殆了。但我的性命，难道就无关紧要吗？我生来不得富贵，没有好看皮囊，就想安分活着，不算贪心吧。
Story/O_4_6_11_004,大师兄不能死
Story/O_4_6_11_005,我为自己着想怎能算错？
Story/T_4_6_11_002,……我大可一走了之，可我就是舍不得这些，这些人、这些房子、这片土地，这些岁月。
Story/T_4_6_11_003,就算不是我的，我也希望他们好好的。那怕要为此行恶，当不成大侠，放弃梦想也在所不惜。
Story/T_4_6_11_004,我亲生爹娘，抛弃了宛如残疾般丑陋的我。我很小就没了家，是唐门收留了我，我怎么舍得唐门衰败。
Story/O_4_6_11_006,决意
Story/N_4_6_12_001,夜渐深，你听大师兄的鼻息渐低，知道他将要离去。既哀伤，却又无可奈何。
Story/D_4_6_12_001,……抱歉了，大师兄。我不过是个外姓弟子，江湖小虾米，实在无能为力。
Story/D_4_6_12_002,你我虽然不对盘，我还不只一次咒过你死。但是我后悔了，你果然还是别死比较好。
Story/D_4_6_12_003,你我虽然不对盘，我时时盼你挨骂、盼你倒霉。但是我不希望你死啊。
Story/D_4_6_12_004,我们打闹时，我曾叫你去死，那些都不是真的盼着你死，你知道吧？你一向把我说话当放屁，这次你也千万别当真才好。
Story/D_4_6_12_005,你皮相好看，身姿挺拔，天赋绝佳，人缘也好，就是仇敌也不敢看轻你。
Story/D_4_6_12_006,掌门对你虽然严厉，那也是因为对你期望很深，独门绝招唯独传你一人，连二师兄都妒恨你得掌门偏宠。
Story/D_4_6_12_007,你游戏人间，四处留情，好多小娘子对你念念不忘。
Story/D_4_6_12_008,掌门还要将小师妹许配给你。小师妹可是人间至宝，你还爱要不要，推三阻四。
Story/D_4_6_12_009,我曾想着，你们成亲那一日，我八成就会心痛至死。我是多么羡慕你啊，我这一生吃那么多苦，也换不来一个她。
Story/D_4_6_12_010,你是本门的大师兄，人人敬仰，追着你的脚步。你怎么能死呢？你死了，一众师兄弟姊妹该追逐谁的背影？
Story/D_4_6_12_011,……你怎么能死呢？你可是飞侠唐布衣。
Story/D_4_6_12_012,你应该永远玩世不恭，游刃有余。该出手的时候就会出手，不一定天下无敌，但是谁也对付不了你。这才应该是你。
Story/D_4_6_12_013,我可不是你想的那种人……我只是一介凡人而已。
Story/D_4_6_12_014,大、大师兄！
Story/D_4_6_12_015,咳呃。
Story/D_4_6_12_016,你醒转了？我这就去和三师兄说！
Story/D_4_6_12_017,不必了，你在这听着……回头再告诉他们就好。
Story/D_4_6_12_018,……好，我听着，你说吧。
Story/D_4_6_12_019,小师妹很好……但是我性子野，静不下来，非她良配。要是与她成亲，不免令她经常伤心落泪。
Story/D_4_6_12_020,我虽然不舍得她哭……但是……但是……我还是要出门捻花惹草的，哈哈……咳。
Story/D_4_6_12_021,你……事到如今还尽说这些干话……我真服了你。
Story/D_4_6_12_022,总之小师妹，我是无福消受。你要是能够，就多护着她……我怕她迷路，回不了家。
Story/D_4_6_12_023,……知道了。
Story/D_4_6_12_024,我会照顾好小师妹，你不必担心。
Story/D_4_6_12_025,我只是一介俗子，有血有肉，会病会死，与你一样是个肉体凡胎。今日不死，迟早也会没命，本来混江湖的，就没几个人寿终正寝。越是出名，死得越早。
Story/D_4_6_12_026,所以我早就想退隐江湖了啊……偏生这么多牵挂。你也……你也趁早想想才好。
Story/D_4_6_12_027,……。
Story/D_4_6_12_028,大师兄，你……你吐血了！你的伤势……！
Story/D_4_6_12_029,别、别大惊小怪的。不过就是死掉而已。
Story/D_4_6_12_030,我还是叫人过来吧！你快别说话了！
Story/D_4_6_12_031,不，我的情况，我自己知道，已经没救啦。别让别人知道我死了……直到你们茁壮起来，不然别人要来欺侮本门。
Story/D_4_6_12_032,可惜我没能……扶持本门……报恩……师父这下要气坏了……。谁叫他看走眼呢，我本来……就不是那块料。
Story/D_4_6_12_033,师弟……接下来看你的了。我先退场，到戏台下看着你们……为你们喝采鼓掌……。
Story/D_4_6_12_034,好……恭送大师兄。
Story/D_4_6_13_001,……。
Story/D_4_6_13_002,保险起见，我是不是应该先写封遗书啊？
Story/D_4_6_13_003,还是算了吧，感觉写了，就真的会死。我可没打算把小命赔掉。
Story/D_4_6_13_004,我一看情况不妙，就立刻撒手，让大师兄自生自灭去。
Story/D_4_6_13_005,我会救回大师兄，全身而退。
Story/D_4_6_13_006,要上了！
Story/N_4_6_13_001,你将大师兄扶正，将双掌搭在他背上，运使内功，缓缓输入真气。
Story/T_4_6_13_001,！！
Story/T_4_6_13_002,天下果然没有那么好的事啊，大师兄真气受激，果然逆流了。
Story/T_4_6_13_003,不能硬碰硬，必须顺势引导，形成循环。
Story/T_4_6_13_032,不好，大师兄的内力涌向我心脉，恐怕会导致我心血逆流。
Story/T_4_6_13_033,我果然办不到吗……早知道就……。
Story/T_4_6_13_034,不，做不到和不去做是两回事，我可不想老来含恨。伤则伤矣，人我是一定要救回来的，大不了心脏不跳！
Story/T_4_6_13_035,最惨不过同归于尽，我仁至义尽，起码该葬在唐门山头。
Story/T_4_6_13_036,如我所料，大师兄的内力涌向我心脉。
Story/T_4_6_13_037,不怕，我南宫护心诀可不是练假的。且意守玄关，降服思虑，虚怀若谷，万物齐一。我心跳我的，他真气自流。
Story/T_4_6_13_004,……咦？怎么不来了？亏我提心吊胆……原来大师兄的内力，还尚且不如我深厚吗……！
Story/T_4_6_13_005,也是，本门武功本就不重内力，倒是我多虑了。好……没问题，我办得到，十拿九稳！
Story/T_4_6_13_006,幸好本门不以内力为长，大师兄的内功修为较之于我，只略胜一筹，撑过方才一阵急流，已经渐趋平稳。
Story/T_4_6_13_007,能行……！
Story/T_4_6_13_008,幸好本门不以内力为长，大师兄内力虽非我能相比，较之寻常内家高手，似还略逊一筹，否则我此刻早已经脉寸断而亡。
Story/T_4_6_13_009,逆流之势已竭，我没死成，那就能行！好！
Story/T_4_6_13_010,我果然还是办不到吗……早知道就……。
Story/T_4_6_13_011,不，做不到和不去做是两回事，我可不想老来含恨。伤则伤矣，人我是一定要救回来的。
Story/T_4_6_13_012,最惨不过同归于尽，我仁至义尽，起码该葬在唐门山头。
Story/D_4_6_13_007,白天才打了我，没想到我又来了吧？
Story/D_4_6_13_008,你挣扎得还真是勤劳啊。
Story/T_4_6_13_013,……！这人来做甚么？负责镇守的师弟呢？
Story/T_4_6_13_014,正在紧要关头，我得收心，不能被他乱了心神。
Story/D_4_6_13_009,运功时最忌开口，以免乱了呼吸。丑兄不必理会我，听我说就好。
Story/D_4_6_13_010,我说啊，你不觉着所谓江湖，很是可笑吗？翻来覆去，都是自己打自己。
Story/D_4_6_13_011,其实青城崆峒，两边都是好人来着，就是可惜，都不带脑子。稍微煽动一下，马上就义愤填膺，为名为利为情义，水里来火里去，好摆弄得不得了，岂不是无知愚昧至极吗？
Story/T_4_6_13_015,什么……？
Story/D_4_6_13_012,想通了？我这种人呢，就是所谓的内鬼了。你接着又想问我图的是什么，是吗？图的是搅乱一池春水，掀起江湖大浪，让中原各派互相残杀。
Story/T_4_6_13_016,！？
Story/D_4_6_13_013,本来呢，江湖就有深有浅。肤浅如你，不可语冰；深沉如那位大人，能综观古今。这还是同一个人间，只是让你窥见了另一面而已，不必觉得陌生。
Story/D_4_6_13_014,……。
Story/D_4_6_13_015,别想了，没人来的，都在你家正心堂一个劲儿的争论是非呢。屋外两个看守的唐门弟子，也拖到悬崖边上，扔下去毁尸灭迹了。又不是高唱忠孝节义的迂腐老故事，哪来的奇迹、反转？
Story/D_4_6_13_016,……定力不错啊，我都说到这份上了，你怎么还没岔气而死？倒叫我白费这么多口舌，还得亲自动手，事后有人验尸，必生疑窦。上级又要怪我事情干的不够干净利落，唉，都是你害的。
Story/D_4_6_13_017,要是你不做多余的事，我就不必来了，怪你自己吧。
Story/T_4_6_13_017,不妙，他要下杀手了，我若不及时收功御敌，只怕就要命丧于贼手，但是此刻收手，又怕前功尽弃。
Story/D_4_6_13_018,来世别当人了，你这丑东西，安分当条畜牲多好。
Story/D_4_6_13_019,喂你干嘛！
Story/D_4_6_13_020,你……虞小梅？
Story/D_4_6_13_021,认错人了，我才不是你说的人呢。
Story/D_4_6_13_022,放屁！我还能认不出你？
Story/D_4_6_13_023,认出了你还问，你是不是猪啊！
Story/D_4_6_13_024,你怎么此刻才来！
Story/D_4_6_13_025,唉唷～我忙嘛。
Story/T_4_6_13_018,小梅……？
Story/D_4_6_13_026,分明给你发了下手的信号，却三番两次无视，我逼不得已才自己出手，怎么，你姗姗来迟还拦我，是背叛了，还是想抢功劳？
Story/D_4_6_13_027,哎唷～你非要这么大声吗，这下他们不都知道我是卧底了吗？
Story/D_4_6_13_028,……。
Story/D_4_6_13_029,这是嘻皮笑脸的时候吗！
Story/D_4_6_13_030,你不喜欢我笑？那我不笑便是。不过话说回来，请问师兄捻几炷香呢？
Story/D_4_6_13_031,……。
Story/D_4_6_13_032,怎么不说呢，是想对切口吗？
Story/D_4_6_13_033,不用了……我烧二柱香。
Story/D_4_6_13_034,啊，本梅捻的是四柱香哦，算来比你高了足足两级呢。那我爱笑就笑，似乎不用听你施令，是吗？
Story/D_4_6_13_035,……你只不过是没有实权的杀手。论地位，跟我相去不远。
Story/D_4_6_13_036,你知道千灯楼的铁律，实权也罢，虚衔也罢，我职级就是比你高，你怎敢对我这么没大没小呢。你老兄是不是活得不耐烦，很想被我杀害是吗？想下楼梯是吗？
Story/T_4_6_13_019,千灯楼？！这人和小梅，莫非都是千灯楼的刺客吗？
Story/D_4_6_13_037,……属下知错。属下忤逆上级，死不足惜。但是任务必须完满达成，您总不会是存心拖延吧？倘若五炷香的大人物怪罪下来，只怕就是您也担待不起。
Story/D_4_6_13_038,我哪有拖延～别乱说。那飞侠唐布衣身受重伤，神仙难救。难道我还能为了这个丑八怪，违逆楼主施令吗？
Story/D_4_6_13_039,说得也是，是属下多心了，还道你要抢我功劳呢。
Story/D_4_6_13_040,先前没能立刻响应信号，是我不好。你既然挺身而出，这场大功劳就让给你了，去吧。
Story/D_4_6_13_041,属下领命。
Story/D_4_6_13_042,哇！你……你做什么！
Story/D_4_6_13_043,杀人啊，首先从你开始。
Story/D_4_6_13_044,阿活，你都听见了。小梅我啊，是卧底来着。
Story/D_4_6_13_045,哇哈哈哈～本梅在千灯楼烧四柱香，是新一代的千面人魔喔。吓到了吧？地位高得很，我非但来唐门不怀好意，在崆峒派也是卧底。
Story/D_4_6_13_046,真遗憾呢，我也想说『我是说笑的』，然而并不是，我真的是坏人啊。
Story/T_4_6_13_020,小梅……！
Story/D_4_6_13_047,看你皱着眉头～真丑。别胡思乱想啦，没的扰惑了自己心神，当心内伤。快集中精神，救治大师兄要紧。
Story/D_4_6_13_048,……实在救不回的话，起码你自己要保住性命。
Story/D_4_6_13_049,……我和你说啊，大师兄是非死不可的。你不要多管闲事，否则连我也帮不了你。
Story/D_4_6_13_050,你选吧，你想要即刻死了干净呢，还是立刻收手，保住自己小命？
Story/D_4_6_13_051,……。
Story/D_4_6_13_052,你不选的话，我就帮你选了哦？
Story/D_4_6_13_053,我会用力推你一把，害你运功没曾圆满便遭中断，好一点你就吐点血，运气坏点，你就终生瘫痪。至于大师兄呢，下场可想而知。
Story/O_4_6_13_001,收功
Story/O_4_6_13_002,不收功
Story/D_4_6_13_054,……你别小看我，我真的要下手了喔，要下手了喔。
Story/D_4_6_13_055,……。
Story/D_4_6_13_056,气死我了……你这臭阿活，非要这样是吧！我可是千面人魔，杀人不眨眼，多少人给我推下楼梯摔死了，你还道我能对你这丑八怪心慈手软？
Story/D_4_6_13_057,……。
Story/D_4_6_13_058,啊～气死！
Story/D_4_6_13_059,好，本梅服你了，我迟早报复回来，你给我记住。
Story/T_4_6_13_021,咦？
Story/D_4_6_13_060,咦？
Story/D_4_6_13_061,万古寺葬谁家郎，千灯楼烧几炷香？
Story/D_4_6_13_062,百年寿封汗青榜，千灯楼阁二炷香。
Story/D_4_6_13_063,我烧四炷香，听令转身。
Story/D_4_6_13_064,太笨啦！
Story/T_4_6_13_022,小梅这是在保护我们吗？
Story/D_4_6_13_065,事情不是很明显吗？你家小梅不外乎就是心血来潮，改邪归正，真心投靠你们了啊。待我们过了这一关，你可得帮我向三师兄说情，别赶我走。
Story/D_4_6_13_066,这……。
Story/D_4_6_13_067,万古寺葬谁家郎，千灯楼烧几炷香？
Story/D_4_6_13_068,百年寿封汗青榜，千灯楼阁三炷香。
Story/D_4_6_13_069,我烧四炷香，听令转身。
Story/D_4_6_13_070,……我还道怎么杀一个重伤垂死的人，竟接连两人有去无回，原来千灯楼竟出了个不要命的叛徒。
Story/D_4_6_13_071,哎唷，来了个脑袋灵光的，不好骗。
Story/D_4_6_13_072,不过还是要死的。
Story/D_4_6_13_073,……！
Story/D_4_6_13_074,只可惜我也不知道还有哪些人是卧底，只能在这里守株待兔。你就甭管啦，交给本梅吧。
Story/D_4_6_13_075,我来保护你们。
Story/D_4_6_13_076,交给你？你应付得来吗。
Story/D_4_6_13_077,……教头，你也来了。
Story/D_4_6_13_078,我可是给唐门请进正心堂去议事的。为了找借口离开监视，还运气逼出了屁来，差点都脱肛了。
Story/D_4_6_13_079,真恶心。
Story/D_4_6_13_080,我既然来了，你便该死心了吧？
Story/D_4_6_13_081,连烧五炷香的大人物都亲自来杀你，阿活，你面子可真大啊，待遇等同一派之长，死掉了也面上有光。
Story/T_4_6_13_023,这种殊荣，我还是敬谢不敏了！
Story/T_4_6_13_024,我才不想死！
Story/D_4_6_13_082,这小子即使收功与你连手，也非我敌手，今日该死的人，一样会死。
Story/D_4_6_13_083,那可未必，你死胖子吃那么肥，早已不是当年的『九命豹子』啦。我早就不怕你了，想虚张声势吓唬我，没那么容易。
Story/D_4_6_13_084,小梅，你是个聪明小娘子，尸山血海里爬出来的。紧要关头，可得给我清醒点。别要熬到了今日，都快苦尽甘来了，才给我良心发现哦？
Story/D_4_6_13_085,别忘了你身上的红，都是血染的，事到如今才想回头，未免晚了。
Story/D_4_6_13_086,你怎么说得好像我有路可选似的。
Story/D_4_6_13_087,对，是我说错了，你当年就走投无路，今日也是一样没得选。来吧，这几人的尸首，我来替你善后。你去杀了这两个唐门的，今日之事，我便当作没有发生过。
Story/D_4_6_13_088,我若选择不呢？
Story/D_4_6_13_089,就我而言，当然舍不得，可是你不听话，我有什么办法呢？至多飞天门就只能换一个新的小梅吧。
Story/D_4_6_13_090,……没想到好人这么难当，风光片刻，就被打回原形。
Story/D_4_6_13_091,没办法了，阿活。事到如今，我只有说声抱歉了。
Story/D_4_6_13_092,这就对了，来，安静的处理掉吧。
Story/D_4_6_13_093,{size=60}小师妹！！快来帮忙，有刺客！！{/size}
Story/D_4_6_13_094,你……！
Story/D_4_6_13_095,你找死是吧，还叫来一个垫背的！
Story/D_4_6_13_096,你不知道吧？孤陋寡闻的死胖子。小师妹是本门的秘密武器，恐怕比大师兄都还要强。
Story/D_4_6_13_097,笑话，那小娘子这般娇小，按在床上都能压死。你让她来对付我──
Story/D_4_6_13_098,师姐，我来了。
Story/T_4_6_13_025,什么鬼，一点声息也没有。
Story/T_4_6_13_026,……我先虚晃几招，趁她们心存忌惮，不敢抢攻，打死了唐布衣再说。
Story/D_4_6_13_099,小师妹，这胖子是坏人，我们合力斗他。务须小心他的兵器，挨上了不得了，必须以快打快。
Story/D_4_6_13_100,好。
Story/D_4_6_13_101,好，好，好，就别给我捉到，不然当场娶了你们俩小女娃。
Story/D_4_6_13_102,妈的！
Story/T_4_6_13_027,妈的，小梅也就算了，这唐门小女娃出手全然没声响的，比杀手还像杀手，若非我皮糙肉厚，早被她弄死了，这可不妙！
Story/T_4_6_13_028,没办法，只能撤退了，反正闹成这样，唐布衣八成也活不了！
Story/D_4_6_13_103,{size=60}崆峒派的都起来！唐门设陷阱要围杀咱们！{/size}
Story/D_4_6_13_104,{size=60}大伙一块杀出重围！{/size}
Story/D_4_6_13_105,死胖子，哪里跑？小师妹，我们快追！
Story/D_4_6_13_106,好。
Story/N_4_6_13_002,说时迟，那时快，情势压根不容你细想。
Story/O_4_6_13_003,收功
Story/D_4_6_13_107,咳呃──！
Story/D_4_6_13_108,你……真是好生凉薄啊，不顾你大师兄死活了吗？
Story/D_4_6_13_109,是你逼我的。
Story/D_4_6_13_110,该你拿命来赔！
Story/D_4_6_13_111,笑话，你道我是一般的武林人士，容易打发吗？
Story/D_4_6_13_112,从来没人见过千灯楼杀手的真容，还能幸还，你也不例外。
Story/D_4_6_13_113,千灯楼！？
Story/D_4_6_13_114,怕了吗？这便纳命来吧！
Story/O_4_6_13_004,不收功
Story/D_4_6_13_115,你看，我就说吧？世上没有奇迹。就算有，也不会发生在你这种无足轻重的小角色身上，你没那种命。
Story/D_4_6_13_116,……看你宁死也不愿自保，倒让我改变主意了，心怀感激吧。特意留你一口气，好让你细细回味你那卑微的人生。尽情感受绝望再死，看你的眼泪和血，哪边会先流干。
Story/N_4_6_13_003,他一剑刺穿你和大师兄胸口，将血渍抹在你衣上，还剑入鞘，悠然而去。
Story/T_4_6_13_029,啊。我就要这么死了吗？
Story/N_4_6_13_004,你眼中倾斜的视野被血染红，一片血泊蔓延开来。
Story/T_4_6_13_030,……好红，好红，好黑，好黑……。已经……什么也看不见了。
Story/D_4_6_13_117,有时命运就是这么玄。人好端端的走在街上，一个眨眼小命就丢了，半点不容情。也有时候你料定自己要死，乖乖～居然活了。
Story/D_4_6_13_118,那种好运八成轮不到我，我这样的人，死就死了。
Story/D_4_6_13_119,你就这么认份，半点也不觉得不甘心吗？
Story/D_4_6_13_120,……当然是很不甘心啊。
Story/D_4_6_13_121,这什么狗屎人生，我这一生，什么好事都没有！想做的事都做不到，许下的愿望没有一件实现，太不公平了吧。
Story/D_4_6_13_122,师弟，你信吗？人的运气，有好有坏，等你尝尽了苦头，剩下的就都是好事了。
Story/D_4_6_13_123,喇逼雕。
Story/D_4_6_13_124,就当是被我骗吧，尽可能活得长久一点。等你活到比师父都大岁数，棺盖论定，细数从前，便知此话是对是错了。
Story/D_4_6_13_125,我还有得活吗？
Story/D_4_6_13_126,真拿你没办法。来吧，我送你一程。
Story/D_4_6_13_127,大师兄，等等我。
Story/D_4_6_13_128,你记得吗？师弟，你拜入唐门的头几年，曾经在挑水时脚滑摔进山涧里，大家都以为你终于忍受不住，不告而别了。
Story/D_4_6_13_129,……我几乎快忘记了，为什么要让我想起那种糗事？
Story/D_4_6_13_130,是啊，你说这是为什么呢？
Story/D_4_6_13_131,……我不知道。
Story/D_4_6_13_132,别把我当准绳了，别再死死盯着我的背影，擅自把我想象得很强大。我也只是血肉之躯而已，与你一模一样。
Story/D_4_6_13_133,我、我没有，我才没有。
Story/D_4_6_13_134,我最讨厌的就是你了，好吗？
Story/D_4_6_13_135,我才没有仰慕你，一点也不佩服你。想成为你的念头，一星半点也没有……。
Story/D_4_6_13_136,那就好。别再梦见我了。
Story/D_4_6_13_137,你究竟是真的，还是假的？
Story/D_4_6_13_138,我自然是假的，是你的心魔、幻想来着。每当你深陷绝望之际，我就会冒出来，哈哈哈哈哈！
Story/D_4_6_13_139,……。
Story/D_4_6_13_140,知道的话，就割舍掉这种天真的想法吧。你有你的旅途，接下来的路，没人可以指引你，回去吧。
Story/D_4_6_13_141,……知道了。
Story/D_4_6_13_142,师弟。
Story/D_4_6_13_143,干嘛？
Story/D_4_6_13_144,保重。
Story/D_4_6_13_145,大师兄……？喂，你怎么能……！
Story/D_4_6_13_146,这里是……。
Story/D_4_6_13_147,好痛，好痛，我的脚断了……。我的眼睛也看不见，这里好黑……我快死了……拜托，谁来救救我……。拜托……求求你们……神明……菩萨……我还不想死……。
Story/D_4_6_13_148,是我当年摔落的山涧。我的手脚都折断了，有东西遮住了我的眼睛，我只道自己瞎了，一个劲的哭，可是大家都以为我离开了，谁会来找我。
Story/D_4_6_13_149,我怎么这么命苦，什么倒霉事都有我的份？
Story/D_4_6_13_150,啊，找到了。二师弟，快来！
Story/D_4_6_13_151,没死吗？那就让我宰了他！
Story/D_4_6_13_152,……对了，那时是大师兄、二师兄找到了我。
Story/D_4_6_13_153,大师兄？还有二师兄！呜呜……我、我手脚好像都断了，而且我……我还瞎了。
Story/D_4_6_13_154,你没瞎，别大惊小怪的。只是一片水草沾在你眼睛上而已，揭开就没事了。
Story/D_4_6_13_155,那我的手脚……呃啊！
Story/D_4_6_13_156,手脚是真的断了，哈哈哈哈哈！没办法，我背你回去吧，把鼻涕眼泪擦擦，别沾我背上，很恶心。
Story/T_4_6_13_031,难怪我会梦见大师兄。
Story/D_4_6_13_157,废物，你要在那自伤自怜，哭鼻子到几时？废物长大了也是大型废物，给我收泪。
Story/D_4_6_13_158,──二师兄。
Story/D_4_6_13_159,不是尽力就好，你必须做到。现在，立刻！给我挺起胸膛，保护家人。
Story/D_4_6_13_160,……全力以赴来杀我吧。
Story/D_4_6_13_161,不用你说，我也会去，你等着。
Story/D_4_6_13_162,很好。
Story/D_4_6_13_163,{size=60}！！{/size}
Story/D_4_6_13_164,……我还活着。
Story/D_4_6_13_165,太好了，师弟，我还道连你也……。
Story/D_4_6_13_166,是吗……大师兄已经……。
Story/D_4_6_13_167,是……大师兄已经辞世而去了。
Story/D_4_6_13_168,……你和大师兄受到袭击之后，有师妹进去探望，才勉强救活了你。崆峒、青城都坚决否认行凶，还反诬我们设伏请君入瓮，在大院之中恶斗起来，三方都折损了不少人。
Story/N_4_6_13_005,和青城派、崆峒派进入敌对状态。
Story/D_4_6_13_169,拍拍，拍拍，师兄不哭。
Story/D_4_6_13_170,师兄，你睡着，铃儿在这陪你，好吗？
Story/D_4_6_13_1_001,击败了贼人。
Story/D_4_6_13_1_002,大师兄或许还有救，我得捉紧。
Story/D_4_6_13_1_003,怎么回事？
Story/D_4_6_13_1_004,你们是……。
Story/D_4_6_13_1_005,擅闯贵门宝地，少侠莫怪。
Story/D_4_6_13_1_006,我等在外碰到贵门两位居士身受重伤，奄奄一息，出声请我们相助。唯恐事情刚谈完，偃兵息鼓不到半刻，又出乱子。于是就相偕过来看看，也好互证清白。
Story/D_4_6_13_1_007,原来如此……太好了，扔下山谷云云，只是为了乱我心神胡说的。
Story/D_4_6_13_1_008,不过事态紧急，不能详说，还请二位拿此人去正心堂，交我三师兄发落。我得把握机会，运功救治大师兄。
Story/D_4_6_13_1_009,好。
Story/N_4_6_13_1_001,你背过身去，见不到二人阴恻恻的笑。
Story/D_4_6_13_1_010,我就知道你不怀好意！
Story/D_4_6_13_1_011,你……你做什么！你们与这贼人是一伙的！
Story/D_4_6_13_1_012,扔下山谷那事，是真的哦？就是我俩下的手。点了你二位同门的穴道，提到悬崖边，他们是神智清醒的被扔下去的。死前坠落，连手脚都挥不动，一定死得很委屈吧。
Story/D_4_6_13_1_013,你这恶贼！
Story/D_4_6_13_1_014,你这王八蛋！
Story/D_4_6_13_1_015,敢害我师兄弟，我也让你尝尝唐门折磨人的本事！斩去你四肢再灌药，养你到八十岁也不让你死！
Story/D_4_6_13_1_016,妈、妈的……这厮真够毒辣。
Story/D_4_6_13_1_017,速战速决，宰了这厮，别让那三派看出端倪。
Story/O_4_6_13_1_001,青城杀手
Story/O_4_6_13_1_002,崆峒杀手
Story/D_4_6_13_2_001,喝！
Story/D_4_6_13_2_002,呼……呼……。
Story/D_4_6_13_2_003,两派之中都有卧底，就怕中原六大派，甚至三大世家都已遭到渗透。事情非同小可，我得即刻去正心堂，向三师兄和两派示警。
Story/D_4_6_13_2_004,那～可不行。
Story/D_4_6_13_2_005,还有？
Story/D_4_6_13_2_006,还想送死的，就放马过来！老子一股脑儿解决了！
Story/D_4_6_13_2_007,好气魄。
Story/D_4_6_13_2_008,放心，老子就是最后一个刺客。你只要胜得了我金乌上人手中一对烈阳槌，不单你等二人无恙，更能瓦解将来武林中一场浩劫。
Story/D_4_6_13_2_009,什么浩劫？
Story/D_4_6_13_2_010,你得靠自己的本领问出来。老子虽然身不由己要做坏事，生平却最敬英雄好汉。你连战三人，我也不想占你便宜，单手让你，敢不敢来战一场？
Story/O_4_6_13_2_001,不敢
Story/D_4_6_13_2_011,你少来，想也知道你不怀好意！
Story/D_4_6_13_2_012,{size=60}师兄弟们快来！有刺客想害大师兄！{/size}
Story/D_4_6_13_2_013,你……！嘿，长得寒碜，却还不笨。
Story/D_4_6_13_2_014,{size=60}崆峒派的都站出来！{/size}
Story/D_4_6_13_2_015,{size=60}唐门与魔教勾结！想冤枉咱们！{/size}
Story/D_4_6_13_2_016,放屁！
Story/D_4_6_13_2_017,刺客！
Story/D_4_6_13_2_018,小师妹来得好快！
Story/D_4_6_13_2_019,方才那红衣服的胖子，就是主嫌！需得拿下他不可。
Story/D_4_6_13_2_020,好。
Story/O_4_6_13_2_002,敢
Story/D_4_6_13_2_021,单手让我？你可别后悔！
Story/D_4_6_13_3_001,唔……好样的，是你赢了。
Story/D_4_6_13_3_002,按照约定，你走吧。
Story/D_4_6_13_3_003,若非你单手相让，我怎能得胜？你既存心相让，何必拦我。
Story/D_4_6_13_3_004,……你这是什么意思，当真是自寻死路吗？
Story/D_4_6_13_3_005,你也是个江湖人，该知道人人都有身不由己的时候。小子，别让江湖风雨给吞没了……别像我……。
Story/D_4_6_13_3_006,……大师，请安息吧。
Story/D_4_6_13_3_007,你自己选的路，可别怪我。
Story/T_4_6_13_3_001,大师兄情况危急，我应当先抢救，还是发一声喊，向师兄弟们示警？
Story/O_4_6_13_3_001,救大师兄
Story/T_4_6_13_3_002,顾不了其他人了！必须立刻运功护住大师兄心脉！
Story/O_4_6_13_3_002,示警
Story/T_4_6_13_3_003,兹事体大，当先以师门存亡为念！
Story/D_4_6_13_3_008,嘻嘻，傻子，真够蠢的，头壳里都装屎吧。
Story/D_4_6_13_3_009,你怎会……我分明刺中你要害了……！
Story/D_4_6_13_3_010,你小子虽然其貌不扬，可是能胜我三名手下，足见实力不俗。傻子才和你明刀明枪打。
Story/D_4_6_13_3_011,好卑鄙！原来方才那些话都是欺我来着！
Story/D_4_6_13_3_012,是又如何？你赢是赢了，可惜江湖阅历太浅，连诈死这种寻常伎俩都不晓得，到头还是栽在和尚手里。
Story/D_4_6_13_3_013,你先别得意得太早，方才偷袭那下没能要我性命，这回我定要将你──
Story/D_4_6_13_3_014,怎么，呕～
Story/D_4_6_13_3_015,突然很晕，是吧？
Story/D_4_6_13_3_016,教你个乖，这是和尚独门武功烈阳槌，听起来挺阳刚、正派哈？
Story/D_4_6_13_3_017,可老子还现役那会儿啊，这武功还不叫烈阳槌，九命豹子的「夺魂杵」，你可曾听过？
Story/D_4_6_13_3_018,一叩兮胎光黯，二叩兮奭灵散，三叩兮幽精涣。给我这丧魂杵的真气窜入脑门，胡天胡地一番，你猜会怎样？
Story/D_4_6_13_3_019,管你忠臣孝子、贞洁烈女，全都会变作成言听计从的痴哑废人。
Story/D_4_6_13_3_020,难道和尚杀了你，就算残忍了？不不不，我要将你变作废人。将你这丑陋的躯壳当作牢笼，令你偶尔清醒，连自杀都不能，受尽折磨几十年，才绝望孤独、一事无成，悔恨交加的死去。
Story/D_4_6_13_3_021,哇啊──这、这是什么！羽毛……？
Story/D_4_6_13_3_022,正是羽毛。
Story/D_4_6_13_3_023,大师兄！
Story/D_4_6_13_3_024,唐布衣！你……你不是中了五色泥，散功垂危吗？
Story/D_4_6_13_3_025,哼。
Story/N_4_6_13_3_001,大师兄擦去了嘴角血污。
Story/D_4_6_13_3_026,多亏我师弟，我活了。方才不过是学你诈死，躺着不动而已，中计了吧！
Story/D_4_6_13_3_027,太好啦！
Story/D_4_6_13_3_028,岂、岂有此理……！
Story/D_4_6_13_3_029,九命豹子是吧？久仰久仰，且看我将你斩成九块，会不会从九块尸体上重新长出九个人。
Story/D_4_6_13_3_030,唔，唔哇！崆峒派的都来！唐、唐布衣是装死的，唐门设陷阱要围杀咱们！大伙一块杀出重围！
Story/D_4_6_13_3_031,往哪里走！
Story/D_4_6_13_3_032,……别追，师弟，你来，我有话和你说。
Story/D_4_6_13_3_033,可是……。
Story/D_4_6_13_3_034,来就是了。
Story/D_4_6_13_3_035,你、你不是好了吗？
Story/D_4_6_13_3_036,嘿，连你也信了？我果然有当戏子的天赋吧。我若当真好了，方才那下就真把他切成九块了，可惜。
Story/D_4_6_13_3_037,大师兄，你……你吐血了！你的伤势……！
Story/D_4_6_13_3_038,别、别大惊小怪的。不过就是死掉而已。
Story/D_4_6_13_3_039,我还是叫人过来吧！你快别说话了！
Story/D_4_6_13_3_040,不，我的情况，我自己知道，已经没救啦。别让别人知道我死了……敌人才不敢恋战……。直到你们茁壮起来，不然别人要来欺侮本门。
Story/D_4_6_13_3_041,可惜我没能……扶持本门……报恩……师父这下要气坏了……。谁叫他看走眼呢，我本来……就不是那块料。
Story/D_4_6_13_3_042,师弟，难为你耗损元气救我……我很承你情。
Story/D_4_6_13_3_043,到头还是没救成啊！
Story/D_4_6_13_3_044,有……好歹我阖眼，见到的是家……还是这里睡去，才够安心。
Story/D_4_6_13_3_045,接下来看你的了。我先退场，到戏台下看着你们……为你们喝采鼓掌……。
Story/D_4_6_13_3_046,好……恭送大师兄。
Story/N_4_6_13_3_002,眼看金乌上人落荒而逃，崆峒人马亦骇然色变，不敢稍停，夺门而出。唐门、青城均不便强留，只有任由他们离去。
Story/N_4_6_13_3_003,有此一出，青城亦觉唐门似乎不怀好意，大院危机四伏，便藉夜色已深为由，谢绝三师兄留客之意，客套一番，匆匆下山。
Story/N_4_6_13_3_004,不久之后，江湖传闻都说唐门设鸿门宴，力邀崆峒、青城到唐家大院，美其名曰共商江湖大事，实则欲为魔教说客，想劝两派归降。二派代表均有气节，不肯屈服，三方不欢而散。
Story/N_4_6_13_3_005,两派归途中，又遭到唐门与魔教勾结设伏，死伤惨重。幸存者均言之凿凿，控诉唐门乃武林祸患、魔教党羽。
Story/T_4_6_14_001,趁现在凝敛心神，或许还能亡羊补牢。
Story/D_4_6_14_001,可恶！我就知唐门卑鄙无耻，还能安什么好心！刚谈罢的事，一夜都还没过去，便原形毕露！
Story/D_4_6_14_002,师兄弟随我上，奉掌门之命，杀光这些外来种！
Story/D_4_6_14_003,混蛋，你们竟敢……！
Story/D_4_6_14_004,方才的话不是我说的！是、是有人模仿我的声音！住手！住手！别打了！
Story/T_4_6_14_002,方才情急打断，危害极大。大师兄经脉受损，已经气若游丝了。
Story/T_4_6_14_003,我得豁尽，不遗余力。
Story/N_4_6_14_002,自有人擅入炼丹房，你便惊疑不定，心绪每有波澜，游离真气便会借机躁动，令你苦不堪言。只是苦苦支撑，不敢轻易撒手而已。
Story/T_4_6_14_004,不好，我心绪不宁，好不容易降伏的真气，又再躁动。
Story/N_4_6_14_003,如今又听外边杀声震天，门中女眷喊声凄厉，心神更加不宁，恨不得冲出屋外，守护家园。越是心急，你内伤越沉，终于憋不住一口血呕在大师兄背后。
Story/T_4_6_14_005,……还、还不能放弃，只要救活大师兄，外边那些事，他一下就能摆平……！
Story/T_4_6_14_006,不能放弃，不能放弃，不能放弃。
Story/D_4_6_14_005,……已经够了，师弟。我就到此为止，不必连你都死。
Story/D_4_6_14_006,大师兄……。
Story/D_4_6_14_007,外边的是谁？
Story/D_4_6_14_008,崆峒，还有青城。
Story/D_4_6_14_009,好，那就好。有青城在，说是道貌岸然也好，总之他们必有分寸。本门必不会亡于今日。
Story/D_4_6_14_010,没想到你我素来不对盘……到头是你舍命帮我。
Story/D_4_6_14_011,咳，我帮的是唐门，早知……早知行不通，我就不干了。
Story/D_4_6_14_012,……你可真够义气的啊，说不定会死，你不知道吗？
Story/D_4_6_14_013,你想我能不知道吗？
Story/D_4_6_14_014,咳，到最后还是功败垂成……我这一生……什么事都办不好……想做的事都做不到……许下的愿望没有一件实现……。太不公平了……。
Story/D_4_6_14_035,我若死了……云裳怎么办才好……。
Story/D_4_6_14_015,活下去吧，师弟……。人的运气，有好有坏，你尝尽了苦头……剩下的，就都是好事。
Story/D_4_6_14_016,我才不信你鬼话……。
Story/D_4_6_14_017,就当是被我骗吧，尽可能活得长久一点。等你……等你活到比师父都大岁数，棺盖论定，细数从前……。便知我有没有骗你了。
Story/D_4_6_14_018,那你呢，大师兄？
Story/D_4_6_14_019,我吗？遗憾很多，也很完满。我永远都舍不得人间，可是随时都可以上路。
Story/D_4_6_14_020,问我是作不得准的，师弟。你我不同，你有你的旅途。
Story/D_4_6_14_021,等你也到终点，我们再来叙旧。
Story/D_4_6_14_022,你走了，唐门该怎么办呢？
Story/D_4_6_14_023,我走了，不是还留下了你吗？迟早等你走了，也有人会继承我们的意志。
Story/D_4_6_14_024,万一没人了呢？
Story/D_4_6_14_025,那就是命了，谁都无可奈何的。
Story/D_4_6_14_026,师弟，接下来就看你的了。我先退场，到戏台下看着你们，为你们喝采鼓掌。
Story/D_4_6_14_027,知道了……恭送大师兄。
Story/D_4_6_14_028,{size=60}！！{/size}
Story/D_4_6_14_029,……昨夜之战如何了，大师兄呢？小梅呢？
Story/D_4_6_14_030,……昨夜之战如何了，大师兄呢？
Story/D_4_6_14_031,那不是昨夜的事，你晕厥以后，已过了三天三夜。本门、崆峒、青城都折损了不少人。
Story/D_4_6_14_032,大师兄已经故去了。
Story/N_4_6_14_001,和青城派、崆峒派进入敌对状态。
Story/D_4_6_14_033,拍拍，拍拍，师兄不哭。
Story/D_4_6_14_034,师兄，你睡着，铃儿在这陪你，好吗？
Story/D_4_6_15_001,默铃。
Story/D_4_6_15_002,哥哥……你、你还好吗？
Story/D_4_6_15_003,我没事，小师妹就，就拜托妳了。
Story/D_4_6_15_004,好……你失去了兄长，很是伤心。但你也是作兄长的人，不能一蹶不振喔。
Story/T_4_6_15_001,赵活……。
Story/N_4_6_15_001,她一言不发，只是盯着你恸动的背影。
Story/T_4_6_15_002,现在就先哭吧，哭了好过憋在心里，你会好过来的。
Story/N_4_6_15_002,师兄弟们将大师兄埋葬在后山，与唐门先烈一起。墓碑写道『飞侠唐布衣长眠于此』。
Story/N_4_6_15_003,明明放晴，唯独唐门阴云密布。雨花零落，湿了衣襟，彷佛人间都被雨洗过，变得冷清。
Story/N_4_6_15_004,人生如萍，聚散不定，谁能保证明天一切如故？
Story/N_4_6_16_001,在小梅的威胁之下，你终究看重自己小命，收了功，中断气循，放弃大师兄。
Story/D_4_6_16_001,这才乖，睡一忽儿吧，我带你去个好地方。
Story/D_4_6_16_002,大师兄，抱歉了，我只能保得住阿活。
Story/D_4_6_16_003,……逃吧，越远越好。
Story/D_4_6_16_004,正有此意。
Story/N_4_6_16_002,小梅扶起了你，补上几指令你不至醒转，扛到背上，施展轻功飞速下山。将你交给可信熟人手中，驾车送到远方。
Story/N_4_6_16_003,你醒来的时候，双手双脚被缚，不能动弹，破口大骂也无济于事。车夫却对你颇有耐心，除了不给自由，一路上好酒好肉伺候，一路将你送离中原，远避于世外。
Story/D_4_6_16_005,你们总算肯松开我手脚束缚了，此处究竟是哪？
Story/D_4_6_16_006,赵小兄弟，你先别激动。
Story/D_4_6_16_007,我哪能不激动！师门有难，你们却将我绑到这地方，究竟是何居心！让开！否则别怪我不客气。
Story/D_4_6_16_008,怎么……你内力如此强横？你是武林人？
Story/D_4_6_16_009,实不相瞒，我确实是从武林避祸到此的人。不光是我，这『世外桃源』中，几乎每个人都曾被千灯楼盯上，本应命丧黄泉，多亏小梅诡计多端瞒骗了千灯楼，才得以逃过一劫的人。
Story/D_4_6_16_010,但这并不是你非他敌手的原因，你怎可能没察觉呢？我们一路上给你服的，是泥教的五色泥，你内功已经化得差不多了吧。
Story/D_4_6_16_011,！？
Story/T_4_6_16_001,此言不虚，我一路上运气试图挣脱束缚，都徒劳无功。还希望是寻常内伤未愈，又被他们点穴所致，没想到我竟真的废了。
Story/D_4_6_16_012,你们这些人，要杀就杀，何必费心思害我！
Story/D_4_6_16_013,我哪处得罪你们了，竟如此害我！我恨你们！
Story/D_4_6_16_014,赵小兄弟，我们不是害你。是你武功太高，不化去你内功，集全村之力，也未必能拦你。
Story/D_4_6_16_015,哇啊！
Story/D_4_6_16_016,他从窗子跳走了。
Story/D_4_6_16_017,走吧。
Story/D_4_6_16_018,几位，请问此处是哪？我有急事，必须赶回中原去。
Story/D_4_6_16_019,你就是新来的？好～丑～小梅连妖怪都捡回家？
Story/D_4_6_16_020,{size=24}瞎说啥，进屋去。{/size}
Story/D_4_6_16_021,这里是世外桃源。你看到这片江海没有？此处与世隔绝，没有往来船只，吃穿用度皆自给自足。岛上什么能人都有，耕地又养蚕，就连精细的布匹，都能织得出来。
Story/D_4_6_16_022,大不了我游着出去！
Story/D_4_6_16_023,这福地乃仙人所遗，有迷阵法术。行至江口，必有大雾。群屿之间，暗流汹涌，更随四季变化。無人带领，造了船也出不去的。
Story/D_4_6_16_024,……别开玩笑了……。
Story/D_4_6_16_025,放我回去！
Story/D_4_6_16_026,否则我屠灭你们全村老小！我说得出做得到！我可是心狠手辣的唐门弟子！
Story/D_4_6_16_027,唐门……我同门师兄弟姊妹此刻正在危难之中啊！
Story/D_4_6_16_028,何必自欺欺人呢？你不是姓赵吗？你从来都不是唐门弟子。他们不让你改宗易姓，就是变相催你离开。你所求的不是武功，只是容身之所而已。
Story/D_4_6_16_029,臭老头，别瞎说！当心我拆了你老骨头！
Story/D_4_6_16_030,你便不拆，老夫也没几年好活。多亏小梅延寿几年，见到孙子会跑会跳，已经十分知足了。
Story/D_4_6_16_031,……也许是老人家说的这样没错，但是恩情难偿。我不论如何必须回去，还请老人家慈悲通融。
Story/D_4_6_16_032,恩怨都是债，你还他，他还你，还不清的。天下将有大乱，唯有藏身在此村中避祸，方得幸免。
Story/D_4_6_16_033,赵活啊，这里没人会嫌你丑陋无用，这里何尝不能是你家呢？
Story/D_4_6_16_034,老人家莫睁眼说瞎话，方才那孩童不就骂我是妖怪。
Story/D_4_6_16_035,童言无忌，回头老夫教训他，你是个大人，别同他一般见识。
Story/D_4_6_16_036,就算这地方再好，也不是我家。闲话少说，快放我走。
Story/D_4_6_16_037,没用的。我们谁都不知道出村的方法，就算知道也会刻意忘掉。试问天下之大，还有哪处不受朝廷管辖、没有世俗纷扰？唯此洞天福地而已。
Story/D_4_6_16_038,你再也回不去了，死了这条心吧。无论今天、明天、今年、明年。既来之则安之，你何妨安心住下呢？
Story/D_4_6_16_039,我就不信！
Story/D_4_6_16_040,他又往山洞那边去了。
Story/D_4_6_16_041,由着他吧，他此刻忧心忡忡，自然无法消停。等过几日，他镇静一点，再告诉他吧。这几日谁都嘴巴牢一点，别让他知道唐门已经亡了。
Story/N_4_6_16_004,你到处探索，试图寻找出路，都徒劳无功。这村似是一座湖心岛屿，有山有水，能自给自足，却与中原并不相连。更不知座落何处。
Story/N_4_6_16_005,等你渐渐接受事实，才有村民告诉你实情。你离开唐门当夜，大师兄便去世了，崆峒、青城更在唐门大打出手。之后双双指称唐门是魔教党羽，被武林正道结盟围攻剿灭。
Story/N_4_6_16_006,幸得三师兄当机立断，及时为小师妹择得良婿，她才没受牵连。
Story/D_4_6_16_042,……。
Story/D_4_6_16_043,！
Story/D_4_6_16_044,有、有船来！我有救了！
Story/D_4_6_16_045,船上的绿衣人……似曾相识，真是她吗？
Story/D_4_6_16_046,赵活！你真的还活着！小梅没有骗我！
Story/D_4_6_16_047,小竹……？
Story/N_4_6_16_007,你千盼万盼，竟真的把意中人盼来了。一时之间恍恍惚惚，犹似身在梦中，见着她，恍如隔世。
Story/D_4_6_16_048,真的是你，小竹！你怎么也来了？
Story/D_4_6_16_049,等下，我们等下再叙旧，那船夫要撑篙把船开走了！我被人所害，一身功力都废了，你快拿下他！
Story/D_4_6_16_050,大叔，多谢你送我一程，请回吧。
Story/D_4_6_16_051,你在说什么？怎能放他走！他走了我们还怎么回中原？
Story/D_4_6_16_052,……。
Story/N_4_6_16_008,小竹抹掉眼泪鼻涕，尽力让脸色看得平淡。
Story/D_4_6_16_053,我们不回去了。你身在世外，不知中原浩劫，也是有的。不单是江湖版图剧变，连宋国都要灭亡了，到处兵荒马乱的。
Story/D_4_6_16_054,宋国要、要灭亡了？是打输金国了吗？
Story/D_4_6_16_055,不是，宋国是被西夏从蜀地突击，青城、崆峒、唐、唐门皆不能拦。被长驱直入，占到夔州才停。
Story/D_4_6_16_056,怎么可能！宋国和西夏战争百年以前就结束了，如今都没接壤啊！
Story/D_4_6_16_057,莫、莫非是与金结盟，向金国借道，从临洮府发动攻击吗？又或者是和吐蕃诸部达成了什么协议？
Story/D_4_6_16_058,不……外有蒙古压境，于西夏与金都是威胁。唇亡齿寒，金夏停战是迟早的事，但我没料到竟然会这么早。
Story/D_4_6_16_059,连我这江湖草莽都能逆料的事，宋国朝臣饱读诗书，一定也知道。他们却都干什么混饭吃了？怎不居中离间，搧风点火？这下可好！
Story/D_4_6_16_060,是金国先求的和？
Story/D_4_6_16_061,……你说对了，厉害。金国以割让兰州、临洮府、岷州三地为契机，金夏停战。
Story/D_4_6_16_062,割让三地，决心不小，金国皇帝昏庸了一辈子，竟有如此魄力。这恐怕是他毕生所作最明智的决策。
Story/D_4_6_16_063,如此一来，宋蒙夹金之势登时瓦解，宋国背腹受敌，情势立转。金国与西夏同仇敌忾，再非诸国公敌。宋金战争，登时变成了宋国单方面的骚扰。
Story/D_4_6_16_064,宋国失了大义名份，登时变成趁火打劫的恶棍。宋夏以兰州、临洮府、岷州三地与宋接壤，亦不能不防宋国。所以先下手为强。
Story/T_4_6_16_002,赵活太厉害了……凭我这几句话，就推断到这个地步。他要是从军，说不定能功成名就，当上一个大将军。
Story/D_4_6_16_065,金国以割让兰州、临洮府、岷州三地为契机，金夏停战。这不就接壤了吗？
Story/D_4_6_16_066,居然！金国皇帝这招借刀杀人好狠啊！
Story/D_4_6_16_067,……总之，中原是暂时不能回去了，没一寸安乐土地。我们就在这里住着，不好吗？
Story/D_4_6_16_068,你也要在这里住下？
Story/D_4_6_16_069,小梅当上了第一掌派夫人，就把我流放了。唐门又没了，我现在和你一样，都是无家可归了，连个亲人也没有。我本想去投靠火炎山剑阁，路上就被人绑来这里了。
Story/O_4_6_16_001,没有
Story/T_4_6_16_003,我、我想到哪儿去了？总不能趁她无依无靠，要挟她委身于我。
Story/D_4_6_16_070,既然这样，就先住下吧，还有好多空屋。村民……或者该说是岛民都很友善……有些也不是那么友善。
Story/D_4_6_16_071,到底友不友善？
Story/D_4_6_16_072,总之，岛上没有铁匠，用器都粗糙的很。你来了大家铁定都很欢迎。
Story/D_4_6_16_073,是、是吗～好！带我认识大家吧。
Story/N_4_6_16_009,小竹和你做了邻居，在岛上开了一间手工铺子。岛上铁矿有限，主要都做木工，换得米粮、蔬果、肉食、布匹维生。反正闲来无事，便将余生心血全数投入其中。
Story/N_4_6_16_010,小竹的天赋开花结果，十年以后她造了会自动送饭的机关索唤车；二十年以后，她造了能飞翔的机关鸟，可是一旦飞出去就不能操控；三十年以后，她造了能潜水突破暗流的船，可是外界依然在打仗。
Story/N_4_6_16_011,四十年以后，岛上旧房屋全拆，按她指示施工，加固地基，盖了令人叹为观止的机关城堡。
Story/N_4_6_16_012,四十七年后，她临终之际，突然大发脾气，骂你笨蛋、木头脑袋、蠢猪。相处几十年，你也隐约猜到她的心意，只是因为自卑，怕她对你生厌，始终不敢说破。
Story/N_4_6_16_013,诀别之际，才握着她皱巴巴而又柔弱无力的手，问她是否依然愿意？小竹笑得像个少女，含泪答应，走时没有一点遗憾。
Story/O_4_6_16_002,你要来我家看看吗？
Story/D_4_6_16_074,你、你、你要要要……要不要来我家？我我自己盖的。
Story/D_4_6_16_075,你怎么突然结巴成这样？羊痫风？
Story/D_4_6_16_076,少啰嗦，我可是鼓起勇气了啊！
Story/D_4_6_16_077,……小竹，你要不要来我家看看？我在岛上盖了一间屋子。
Story/D_4_6_16_078,……我先问清楚，你不是那种意思吧？
Story/D_4_6_16_079,可是我就是那种意思……你不愿意吗？
Story/D_4_6_16_080,但是我又矮又怪力，而且眼神凶恶哦？
Story/D_4_6_16_081,我知道，这些对我而言，全都很好。
Story/D_4_6_16_082,你脑袋有病……。
Story/D_4_6_16_083,我、我考虑一下吧～哈哈～。
Story/T_4_6_16_004,这种好事果然还是轮不到我啊。
Story/D_4_6_16_084,……。
Story/D_4_6_16_085,我我、我考虑好了。
Story/D_4_6_16_086,喔……。
Story/D_4_6_16_087,赵郎，小女子无德无才，从今以后，还请多多关照。
Story/D_4_6_16_088,你、这是答应了吗？
Story/D_4_6_16_089,太好啦，我还想着你要是拒绝怎办呢？我现在没有武功，打不过你，也只能下药迷你了。
Story/D_4_6_16_090,用不着做那种事，我也会听从你的。
Story/D_4_6_16_091,这、这还不明显吗？
Story/D_4_6_16_092,不过成亲应该怎么做呢，我又没有家，也没家人。应该不必说媒那些繁文缛节了，撮土为香，今日起就算夫妻了吗？
Story/D_4_6_16_093,那可不行，红烛盖头花轿子，缺一不可。我要造一顶轿子，把你迎进我家门。
Story/D_4_6_16_094,嗯！那你可得造得结实一点，我很重的喔。
Story/N_4_6_16_014,在那之后，你花费了超乎想象的时间在准备，一做就是半年。不单只轿子，连房子都重新盖了。小竹暂住在村中老人家中，颇得怜爱，索性拜为养父母。
Story/N_4_6_16_015,你和她向养父母叩头，请人抬着花轿，将新娘迎进家门。
Story/D_4_6_16_095,应、应该是吧？这岛上虽说衣食无虞，但也没法讲究。我去讨两根红烛，添点喜气。
Story/D_4_6_16_096,笨蛋，带上我啊，我人生地不熟，走丢了怎办？我、我走丢了，你可就没老婆啦……？
Story/D_4_6_16_097,说得对，我得把你抓紧紧的。
Story/N_4_6_16_016,你俩成亲以后，琴瑟和谐，得此如花美眷，你心中诸般牵挂也渐渐淡忘，烧尽了的青春，偶尔风吹卷起残烬，也不过呛眼落几滴眼泪而已。
Story/N_4_6_16_017,婚后小竹学作女红、烹饪，有些笨拙，尚不如你手巧，但看她努力想为你尽一份力的专心模样，你就不忍打扰，只是默默守望。
Story/N_4_6_16_018,十多年后，小梅来访，见你们儿女成群，不禁莞尔落泪。与你夫妻二人尽弃前嫌，重归于好。
Story/N_4_6_16_019,彼时中原尘埃落地，宋金夏相继灭亡，新朝代开始。她邀请你们回到中原，你和小竹商量一夜，委婉拒绝。你们已习惯了这样宁静的生活，只请她将儿女带离本岛。
Story/N_4_6_16_020,小梅呵护你们的子女，更胜爱她自身所出，偏心到令人发指。毕竟这是她一生最重要的两位朋友的子嗣。此后不是做官，也是大富大贵，时时回岛探望你们。
Story/N_4_6_16_021,在一天阳光明媚的早晨，你与小竹牵着手闲话家常。说着说着，都有几分倦意，互相依偎着睡了，此后再也没有醒来。
Story/N_4_6_16_022,之后匆匆数年过去，你依旧常在江边独坐。一身武功，早已被废，软禁在远离纷扰的小小渔村之中。此地荒僻，不受宋金管辖，悠悠隔世。
Story/N_4_6_16_023,纵有如花似玉美娇娘在侧，不必耕作也能温饱，你也不曾真心展颜而笑。被软禁多年，中原消息，半点也无。
Story/N_4_6_16_024,这些人都是受过小梅恩惠，才从虎口逃生的避世之人，听说你是她的挚友，都热情相待，甚至有女子主动投怀，为你生儿育女。
Story/N_4_6_16_025,某一日，你依旧独坐江边，忽有故人来访。
Story/D_4_6_16_098,阿活。
Story/D_4_6_16_099,小梅？！你……你怎么半点也没老？
Story/D_4_6_16_100,你忘啦？我可是千面人魔，易容成别人的样子都不在话下，不显老态，有甚么难的？本梅到七十岁都是这副模样喔。
Story/D_4_6_16_104,后来呢，为了不嫁金乌上人那死肥猪。我又做了很多坏事，直到地位压过了他，现在他反而要听我的话。现在我是千灯楼主喔，武功也强得不象话，一根手指就能让你粉身碎骨。
Story/D_4_6_16_101,有本事就来。
Story/D_4_6_16_102,……我是真的有本事，但我不想啊。我身不由己，但我……我也不想做坏人……算啦。事到如今，说这话就像想要甩脱责任一样。
Story/D_4_6_16_103,如果你想知道的话，其他人的情况，我也可以告诉你。小竹无所出，但是收养了一个孤儿，我们现在和好了，住在一起。小菊交接了掌门职务，回耕阳读书斋当女夫子。
Story/D_4_6_16_106,我师父呢？
Story/D_4_6_16_107,她杀到我面前，把我衣服剥光了，吊在悬崖上拷问。吓死我了，我可是全力抵抗了哦？抱着想杀她的念头，还是被打败了。
Story/D_4_6_16_108,我告诉她，把你安置在这里的事，她想了想，就不追究了。后来听说她去了雪山派旧址，在那里散功而死的。
Story/D_4_6_16_109,师父……啊啊……。
Story/D_4_6_16_111,你将我软禁在这，还敢和我谈什么自由。
Story/D_4_6_16_112,啊哈哈，失言了，抱歉。
Story/D_4_6_16_113,……小师妹呢？
Story/D_4_6_16_114,……我料到你一定要问的。小师妹嫁的郎君很好，她很平安，不悲不喜，只是与我见了面，总是冷冰冰的，想是恨我恨到骨髓里吧。
Story/D_4_6_16_115,云裳妹子……。
Story/D_4_6_16_116,不知道，至少我在中原没听过她的消息，她哥也没有。
Story/D_4_6_16_117,萤姑娘，我是说，上官娘子呢？
Story/D_4_6_16_118,她可飞黄腾达了，远渡东洋去了倭国，听说作了皇亲国戚。
Story/D_4_6_16_119,是吗……。
Story/D_4_6_16_120,……你把我关在这，一关就是十几二十年，怎么今天才来见我？
Story/D_4_6_16_121,对你而言，这是囚禁吗？这地方偏安于世外，远离江湖腥风血雨，数十年如一日，是我作梦也想来的地方。
Story/D_4_6_16_122,这就是囚禁！
Story/D_4_6_16_123,……嗯，我想也是。我隐约也觉得自己当年太年轻，想错了。我一心想逃离别人的掌握，没想到自己也变成擅自摆布别人的混账。事情说不定不必变成这样的。
Story/D_4_6_16_124,杀人放火金腰带，修桥补路无尸骸。恶人得志，多行不义却能享荣华富贵，很没道理，对吧？
Story/D_4_6_16_125,哼！
Story/D_4_6_16_126,虽然我是坏人，但我也觉得这世道不对劲，太令人不痛快了。老天爷可真不长眼。
Story/D_4_6_16_127,我当年把你当作朋友，我也同样不长眼。
Story/D_4_6_16_128,……就是说啊，像我这样恶毒的女人，怎能不遭报应呢？
Story/D_4_6_16_129,你也有自知之明！
Story/D_4_6_16_130,所以奴家今天来见你，就是来伸张正义的。
Story/D_4_6_16_131,唐门小剑。
Story/D_4_6_16_132,正是唐门小剑，用来处置唐门叛徒，不觉得合适吗？
Story/N_4_6_16_026,小梅在你面前跪了下来。
Story/D_4_6_16_133,你做什么？
Story/D_4_6_16_134,我跪着，好让你杀我泄恨啊。还是说，光是杀了我也不足以泄恨吗？要折磨我一番也可以。
Story/D_4_6_16_137,……阿活，我还能叫你阿活吗？是我错了，是我不好。我为了活命，背叛唐门，可是往后那些岁月，都苦涩又难熬。还不如在唐门那短短几个月的时光美满。
Story/D_4_6_16_138,是我亲手毁掉的……要是我当时有勇气抵抗就好了……。我好后悔啊，我痛苦，多想回到从前……。
Story/O_4_6_16_003,处刑
Story/D_4_6_16_139,那你就以唐门弟子的身份死去吧。
Story/D_4_6_16_140,……！
Story/D_4_6_16_141,嗯，好，这样就好。
Story/N_4_6_16_028,你处死了小梅，村中无一人敢言，只是昔日热情消失无踪。你的妻子、小孩都视你如同陌生人一般。
Story/O_4_6_16_004,放生
Story/D_4_6_16_142,……你毁了唐家，我却和你不同，到死都是你欠我们的。
Story/D_4_6_16_143,……你不是喜欢这里吗？那从今天起就住下吧，别回去了。与其杀了你，倒不如让你也尝尝和亲朋分离，想见也见不得的痛苦。你要饱受折磨，终日担惊受怕才行。
Story/D_4_6_16_144,等到十几二十年后，想见的人再也见不到，你再回去吧。
Story/D_4_6_16_145,呜……呜哇啊啊～～！
Story/N_4_6_16_029,你掷下唐门小剑，拂袖而去。这回出村，无人阻拦，村民都来送行，长揖到地。
Story/N_4_6_16_030,你的妻儿知道留不住你，此去后会无期，村中没有财物金银，只能包了饭团给你。
Story/N_4_6_16_031,你独自一人启程回返中原，路途遥远，你不慎感染了风寒，把所有钱财都给了一个年轻力壮的飞石帮众，请他背你上山，如愿以偿病逝于唐门旧址。
Story/D_4_6_16_146,我回家了。
Story/T_4_6_2_001,好，前戏足矣，应该够逼真了，该出绝招了！
Story/D_4_6_2_001,难得精神抖擞，不妨拿你试试新悟的绝招。
Story/D_4_6_2_002,有什么招，尽管使来！
Story/D_4_6_2_003,这可是你说的！小心啦！
Story/D_4_6_2_004,金刚神枪指！
Story/D_4_6_2_005,？！
Story/D_4_6_2_006,竟然一击，便打穿了我护体硬气功……！
Story/D_4_6_2_007,那似乎不是本门的武功，我连暗器的影都看不到。
Story/D_4_6_2_008,……厉害，真有你的啊。
Story/T_4_6_2_002,我还道自己神功大成，今非昔比，倘若再斗，你当非我敌手。可若我事前不曾见过此招，贸然拿伞来挡，只怕便要输了。
Story/D_4_6_2_009,金刚神枪指？怎么……怎么这此人竟然会使？
Story/D_4_6_2_010,不愧是我好敌手，每回我苦练出来，你也变得更强。
Story/D_4_6_2_011,到底谁说唐门衰败的！到底谁说飞侠沽名钓誉的！
Story/D_4_6_2_012,小师父，这真是嵩山派神功，古今四大绝技之一《金刚神枪指》吗？
Story/D_4_6_2_013,小僧年纪太轻，无缘得见方丈施展，自旧魔教歼灭战后，此技从此失传才对，但、但这威势、气象，似乎确是神枪指样子。否则焉能连个暗器的影子都没见到？
Story/D_4_6_2_014,听说畜牲道法王曾在江陵大战中，使过神枪指。怎么唐布衣也会？莫非……莫非……？
Story/D_4_6_2_015,施主，切勿妄言。唐施主是唐施主，王法王是王法王，两者是不同的人。本派武学何以令此二人习得，必定事出有因，不见得便有关联。
Story/D_4_6_2_016,且待事情告一段落，小僧再去质询，问个水落石出。
Story/N_4_6_2_001,众议纷纷，虽无证据，可是捕风捉影，越讲越真。唐门飞侠与魔教法王关系匪浅的传闻由此传开。
Story/D_4_6_2_017,姑且不论他如何会使嵩山失传武学，连古今四大绝技都祭出来了，这飞石帮主败得不冤啊！
Story/D_4_6_2_018,倒不如说，正面挨了一记居然没死，这石帮主底子也是硬得可以。
Story/D_4_6_2_019,你武功高强，我石某人不是对手。但想我认栽、摸摸鼻子把梁子揭过，却是想都别想！夺妻之恨，不共戴天，我与你这兔儿爷，今日定要死一个！
Story/D_4_6_2_020,帮主，帮主，冷静啊。
Story/D_4_6_2_021,你们干什么，造反了是不是！
Story/D_4_6_2_022,岂敢！但是帮主，分高低就好，何必一定要死人呢？
Story/D_4_6_2_023,不都说交情是打出来的吗！都打了这么多回，真不能化敌为友吗？
Story/D_4_6_2_024,很好，你们想做唐门的朋友，那就是俺石某人的仇家！
Story/D_4_6_2_025,狗贼唐布衣，还不快将我帮主夫人下落说出来！非要结死仇不可吗？
Story/T_4_6_2_003,我倒是想说啊！
Story/D_4_6_2_026,好哇，一个一个都放马过来，不做兄弟了！反正夫人不要我了，你们也都背叛我！
Story/D_4_6_2_027,这飞石帮索性散了！不要了！！
Story/D_4_6_2_028,好，既然如此，唐某也仁至义尽了。
Story/D_4_6_2_029,我一来不愿背信，二来不想伤你姓命，害尊夫人伤心，可你冥顽不灵，又再三恫吓要恃众欲攻我山门，唐某别无办法，只得请你下台了，下一招，便决生死。
Story/D_4_6_2_030,好的很。
Story/T_4_6_2_004,不得了！
Story/O_4_6_2_001,稳妥的绝招
Story/T_4_6_2_005,石老兄硬功底子札实，要想不伤人取胜，实属不易。何况我负伤在身，很难拿捏，稍有不慎便会杀人。
Story/T_4_6_2_006,事已至此，唐某唯有出此绝招啦！
Story/T_4_6_2_007,看我的江湖鬼蜮伎俩之装死大法！
Story/D_4_6_2_031,噢……噢～好痛，我的脚扭到了。
Story/D_4_6_2_032,小子好会躲，你是泥鳅吗？
Story/D_4_6_2_033,等，等等，我喘不过气来了，今天太阳太大，而且有风，影响了我发挥，咱们……咱们下回再重新打过。
Story/D_4_6_2_034,听你放屁，吃老子一拳！
Story/D_4_6_2_035,啊！
Story/T_4_6_2_008,……怎么手感不太对。
Story/D_4_6_2_036,石帮主好厉害的拳劲，我重伤了！咕呃！
Story/D_4_6_2_037,我要死了，我要死了～
Story/D_4_6_2_038,你这小子，身子骨这么虚，还怎么混江湖。飞侠好大名声，原来都是吹嘘出来的。趁早痛快将我妻子下落说将出来，饶你不死。
Story/D_4_6_2_039,我唐某人纵使不敌，但是誓死不肯背信！大不了把小命交代在这便是！
Story/D_4_6_2_040,看我掰断你几根骨头，还能不能嘴硬！
Story/T_4_6_2_009,不得了！
Story/D_4_6_2_041,你们干什么，造反了是不是！
Story/D_4_6_2_042,岂敢！但是帮主，分高低就好，何必一定要结仇呢？
Story/D_4_6_2_043,不都说交情是打出来的吗！都打了这么多回，真不能化敌为友吗？
Story/D_4_6_2_044,很好，你们想做唐门的朋友，那就是俺石某人的仇家！
Story/D_4_6_2_045,狗贼唐布衣，还不快跑！
Story/D_4_6_2_046,好哇，一个一个都放马过来，不做兄弟了！反正夫人不要我了，你们也都背叛我！
Story/D_4_6_2_047,这飞石帮索性散了！不要了！！
Story/D_4_6_2_048,大师兄怎会不敌？他定然是在装死！
Story/D_4_6_2_049,大师兄怎、怎会不敌！
Story/T_4_6_2_010,……我远到来此，看你进境，你便这般猴戏，敷衍天下豪杰吗？唐公子不惜名便罢，小女子却还珍惜光阴，见不得这出荒唐戏码。
Story/D_4_6_2_050,弟子，为师下回再来找你。
Story/D_4_6_2_051,咦？
Story/D_4_6_2_052,师父，他们刚要决胜负，怎么你就要走？
Story/D_4_6_2_053,一个莽夫，一个戏子，两人瞎打，有什么好看的？走了。
Story/D_4_6_2_054,师父别、别拉我围巾，我自己走！
Story/D_4_6_2_055,……恭送师父，师妹也多保重。
Story/D_4_6_2_056,依师父的意思，大师兄莫非是在装死吗？
Story/D_4_6_2_057,师父，你怎么突然──
Story/D_4_6_2_058,唉，没办法，还是大师兄这边重要。
Story/D_4_6_2_059,但是……这可是公平公正的决斗，不到一方认输，不能介入啊。
Story/D_4_6_2_060,怎么搞的，这唐布衣怎么后继无力啊。方才还打得好好的，怎么挨了一拳就不行了？
Story/D_4_6_2_061,要真是这样，说不定连我都打得过唐门飞侠。
Story/D_4_6_2_062,岂有此理，唐布衣！你如此不济，是玩岁愒日吗？太令人失望了！
Story/D_4_6_2_063,二位师叔，这……咱们要不出手相帮？万一那飞侠当真出事，如何是好？
Story/D_4_6_2_064,他唐布衣一个人来的，唐门自己都不紧张，却要你来操什么心？安静看着吧。
Story/D_4_6_2_065,死生有命。
Story/D_4_6_2_066,下一招，便决生死，可以吧？
Story/D_4_6_2_067,你想找死，可以。
Story/T_4_6_2_011,是谁赢了？
Story/D_4_6_2_068,……。
Story/D_4_6_2_069,帮主……他这是……死了？
Story/D_4_6_2_070,──还没断气，快！快请大夫救人！
Story/D_4_6_2_071,好，好！我这就去！
Story/D_4_6_2_072,恭喜帮主，贺喜帮主，打败了这名闻遐迩的飞侠唐布衣！
Story/D_4_6_2_073,恭喜个屁，他还没断气，快！快请大夫救人！
Story/D_4_6_2_074,什么？人不是你亲手打的吗？何必救他。
Story/D_4_6_2_075,我哪知道，我现在就不想让这人死去！还不动作快点！
Story/D_4_6_2_076,什么呀，就这样完了？飞侠好大名声，结果不外如是。
Story/D_4_6_2_077,热闹看完了，都走吧，再留等会儿有人要哭丧，多晦气。
Story/D_4_6_2_078,……师兄，各位师侄，此事已了，启程回青城吧。
Story/D_4_6_2_079,……我不信，唐布衣铁定是装死的。
Story/D_4_6_2_080,师兄，别去，你去干嘛？你和唐布衣又不算朋友。
Story/D_4_6_2_081,我和他是宿命里的劲敌，还未决出胜负，我不许他就这么死了！
Story/D_4_6_2_082,师兄，走吧，走吧。
Story/T_4_6_2_012,唐布衣……死了？那飞石帮主分明没那么厉害，你怎么可能对付不了？莫非是因为我吗……是我刺你那一剑……是我害死你的？
Story/T_4_6_2_013,呜……呜呜──！我不是故意的！早知道这样……呜哇啊啊～！
Story/D_4_6_2_083,让开，别妨碍我施针救人！
Story/D_4_6_2_084,小僧也略通医理，愿效绵薄之力。
Story/N_4_6_2_003,你同福韫和尚一搭大师兄脉门，便反被他运内力轻轻震了一下，再看他表情，虽说脸无血色，满头黃豆大的汗珠，却兀自挤眉弄眼。
Story/D_4_6_2_085,呃……。
Story/D_4_6_2_086,呃……。
Story/D_4_6_2_087,这人怎么样了？
Story/D_4_6_2_088,这、这是……！
Story/D_4_6_2_089,我会医术，烦请借过。
Story/D_4_6_2_090,小僧也略通医理，愿效绵薄之力。
Story/N_4_6_2_004,你同福韫和尚一搭大师兄脉门，便反被他运内力轻轻震了一下，再看他表情，虽说脸无血色，满头黄豆大的汗珠，却兀自挤眉弄眼。
Story/D_4_6_2_091,呃……。
Story/D_4_6_2_092,呃……。
Story/D_4_6_2_093,这人怎么样了？
Story/D_4_6_2_094,这、这是……！
Story/D_4_6_2_095,阿弥陀佛，小僧略通医理，能为唐施主急救。
Story/D_4_6_2_096,大师兄！
Story/N_4_6_2_005,你同福韫和尚一搭大师兄脉门，便反被他运内力轻轻震了一下，再看他表情，虽说脸无血色，满头黃豆大的汗珠，却兀自挤眉弄眼。
Story/D_4_6_2_097,呃……。
Story/D_4_6_2_098,呃……。
Story/D_4_6_2_099,小和尚，这人怎么样了？
Story/D_4_6_2_100,咦，呃，这可奇了……等等。
Story/D_4_6_2_101,……好你个唐布衣，你好样的。
Story/D_4_6_2_102,夫人？是、是你吗？
Story/D_4_6_2_103,我到处寻你不着，怎么你竟在此处！这可太好了，你……你终于回来了，我找得你好苦！
Story/D_4_6_2_104,……石公远，你跟我过来，我来问你。
Story/D_4_6_2_105,决斗这事，你选的时间，他选的地点，是吗？
Story/D_4_6_2_106,正是。那还不是这兔儿爷拐跑了你，又不肯老实交代，不能怪老石找他麻烦。
Story/D_4_6_2_107,什么兔儿爷？他宁死也要守信，不肯泄漏我的行踪，乃是铁骨铮铮的侠士。
Story/D_4_6_2_108,反观你，空自生这么大块头，一不顺心，就自暴自弃，六亲不认，连自家兄弟都打，谁才是兔儿爷！你倒说说？
Story/D_4_6_2_109,这……这……我是，我是兔儿爷，夫人息怒。
Story/D_4_6_2_110,你还为他说话！我的心，也是肉做的啊。
Story/D_4_6_2_111,此人是我的朋友，却给你打成这样。他若有三长两短，我便剃度出家，终生不再见你面。
Story/D_4_6_2_112,剃度出家……？
Story/D_4_6_2_113,那可不行，夫人，夫人啊～
Story/D_4_6_2_114,……唐少侠，你果真是赤诚君子。为着我们夫妻的事，竟害了你性命，是石某夫妻对不住你。
Story/T_4_6_2_014,夫人……你又要撇下我。
Story/D_4_6_2_115,人都走了吗？
Story/D_4_6_2_116,大师兄，你果然是装死的。
Story/D_4_6_2_117,小僧也好奇。武林中人莫不惜名，有些更爱名更胜性命，唐施主何以轻易言败？
Story/D_4_6_2_118,我若不装死，以那石夫人的铁石心肠，如何肯移金驾，出来和她那夫郎相见？
Story/D_4_6_2_119,你也可以把石帮主打得半死不活嘛，何必非要自己受罪。
Story/D_4_6_2_120,说得容易，那石帮主一身硬功有多难对付，不打还不知道。我若无伤在身，尚有几分把握，如今伤了，装死都比出绝招容易。
Story/D_4_6_2_121,就叫你别逞强。
Story/D_4_6_2_122,你几时伤了的？
Story/D_4_6_2_123,大约一个月前，这事说来话长，回头再说。
Story/D_4_6_2_124,大师兄。你能舍弃名声，成全他们夫妻固然可敬。可是本门多少师弟妹心怀惴惴，连你都败了，他们行走江湖该倚仗谁？
Story/D_4_6_2_125,别穷紧张，这事还没完呢。
Story/D_4_6_2_126,他们夫妇俩破镜重圆，以石帮主的梗直性子，必定知恩图报，以我一人荣辱，为本门换来强援，你说划不划算？
Story/D_4_6_2_127,但愿如此吧。
Story/D_4_6_2_128,善哉，唐施主慈悲为怀，舍己为人，小僧好生佩服。
Story/D_4_6_2_129,好说，还累福韫法师陪我作秀，唐某好生过意不去。
Story/D_4_6_2_130,出家人不打诳言，小僧又没撒谎，只是生性朴质，一时没理清状况，这才默不作声而已。想来也不算犯戒，唐施主切莫挂怀。
Story/D_4_6_2_131,你说自己「生性朴质」这话就算是种诳言了吧？
Story/D_4_6_2_132,还真是。小僧修为尚浅，满心俗虑，还待更下苦功研修佛理，才能反璞归真，届时这话也就不算诳言了。
Story/D_4_6_2_133,此间事情已了，既然石夫人现身，石帮主便不会再找本门麻烦了。他接着可有得忙了，走吧，咱们回唐门。
Story/D_4_6_2_134,小僧可否与二位同行一阵，再到外堡挂单，化缘讲法？
Story/D_4_6_2_135,那当然好，走吧。
Story/D_4_6_2_136,既是如此，小僧便随行一阵，待到镇上，再与二位分别。
Story/O_4_6_2_002,有点冒险的绝招
Story/T_4_6_2_015,虽想给石帮主留点颜面，将来立足江湖才不至被人指指点点，但本门方兴正艾，可不能浇熄师弟妹们的斗志。
Story/T_4_6_2_016,没法子，只好请你败了。
Story/D_4_6_2_137,小子好会躲，你是泥鳅吗？
Story/D_4_6_2_138,石帮主，我曾得过一部贵帮的秘籍《掷石问天》，手法帅得很，与我唐门暗器不分轩轾，我使将出来，请石帮主指点！
Story/D_4_6_2_139,啥玩意，你要用我的武功对付我？有胆就来！
Story/D_4_6_2_140,唔──！
Story/N_4_6_2_006,唐布衣俯身拾石子，遍地都是用之不尽的暗器。他掷出的石子，均揉以巧劲，打在地上反弹，无一例外均朝石帮主射去。
Story/T_4_6_2_017,这哪是掷石问天？不、可是，这还真是掷石问天的意思。只是手法不同，用得太过高明，看起来像别的武功。
Story/D_4_6_2_141,……忘形篇，这不是忘形篇吗！
Story/D_4_6_2_142,好厉害，怎能那么准的？
Story/D_4_6_2_143,那些石子是活的？怎么丢地上还会回头打人？
Story/D_4_6_2_144,……花巧功夫罢了，石子反弹打人，还能剩几分力道？金钱镖都打不动的对手，石子怎么对付得了。
Story/D_4_6_2_145,愚蠢的弟子啊，看着吧，这不过是绝招前奏。
Story/D_4_6_2_146,不对，老子的武功才不是这样用的！你不要瞎他妈乱使！
Story/T_4_6_2_018,趁现在──唐门飞蝗石！
Story/D_4_6_2_147,啊！
Story/D_4_6_2_148,承让了，石帮主。我用贵帮武学胜你，也不算是我自己本事，别往心里去哈。
Story/D_4_6_2_149,你……你这小子……这是啥意思？
Story/D_4_6_2_150,原来飞石帮的暗器功夫这么巧妙。我还道是孩童玩闹的把戏，殊不知是那群帮众练不到家。
Story/D_4_6_2_151,唐布衣好样的，飞石帮的武功也厉害！今日卧云岗，真是教咱们大开眼界了。
Story/D_4_6_2_152,你以为这样矫情，便能化敌为友了吗？想都别想！夺妻之恨，不共戴天，我与你这兔儿爷，今日定要死一个！
Story/D_4_6_2_153,帮主，帮主，冷静啊。
Story/D_4_6_2_154,你们干什么，造反了是不是！
Story/D_4_6_2_155,岂敢！但是帮主，分高低就好，何必一定要死人呢？
Story/D_4_6_2_156,不都说交情是打出来的吗！都打了这么多回，真不能化敌为友吗？
Story/D_4_6_2_157,很好，你们想做唐门的朋友，那就是俺石某人的仇家！
Story/D_4_6_2_158,狗贼唐布衣，还不快将我帮主夫人下落说出来！非要结死仇不可吗？
Story/T_4_6_2_019,我倒是想说啊！
Story/D_4_6_2_159,好哇，一个一个都放马过来，不做兄弟了！反正夫人不要我了，你们也都背叛我！
Story/D_4_6_2_160,这飞石帮索性散了！不要了！！
Story/D_4_6_2_161,好，既然如此，唐某也仁至义尽了。
Story/D_4_6_2_162,我一来不愿背信，二来不想伤你姓命，害尊夫人伤心，可你冥顽不灵，又再三恫吓要恃众欲攻我山门，唐某别无办法，只得请你下台了，下一招，便决生死。
Story/D_4_6_2_163,好的很。
Story/T_4_6_2_020,不得了！
Story/D_4_6_3_001,……。
Story/D_4_6_3_002,……。
Story/N_4_6_3_001,二人狠狠瞪视对方，左右对峙，一时凝立不动，全身鼓足真气，下回出手，不仅是胜负分晓之际，亦是生死决判之时。
Story/N_4_6_3_002,卧云岗上，一片死寂，仅有风声萧萧，以及各人心跳鼓噪。观战诸侠均摒气凝神，共同见证此刻。
Story/D_4_6_3_003,{size=24}等等──！{/size}
Story/D_4_6_3_004,纳命来吧，石帮主！
Story/D_4_6_3_005,{size=24}等下！唐布衣！我叫你等等──别伤他！{/size}
Story/D_4_6_3_006,这、这声音好耳熟，好像是我夫──
Story/D_4_6_3_007,有机可趁！
Story/T_4_6_3_001,啊！
Story/T_4_6_3_002,──妈的，不小心着了道，被什么玩意儿打中背心穴道了！死定了！
Story/N_4_6_3_003,石帮主身材魁梧，视线越过围观人群，落在了他思之如狂的人儿身上。她离家前，穿的便是这身黄衣。
Story/T_4_6_3_003,见着你最后一面，真好。
Story/D_4_6_3_008,飞燕．流星翎！
Story/T_4_6_3_004,哎咿干，有什么玩意割了老子的皮！流血了！啊，老子破皮流血了！
Story/D_4_6_3_009,唐布衣！你别伤这人！
Story/T_4_6_3_005,夫人！
Story/D_4_6_3_010,哎唷！石夫人，你怎么出来了？我可没泄漏你行踪啊！
Story/D_4_6_3_011,无耻，你明知我借居在卧云岗慈云庵中，还特意选卧云岗作决斗场地，不就是为了逼我出来。
Story/T_4_6_3_006,这位便是石夫人吗？便是为了她，本门才和飞石帮结的梁子。
Story/T_4_6_3_007,怎么……看着有几分像萤姑娘？只是年纪大上一截。
Story/D_4_6_3_012,我起初是这个打算，现下却没那么必要了。
Story/D_4_6_3_013,你该不会……？
Story/D_4_6_3_014,老石，你、你怎不叫我？
Story/D_4_6_3_015,别碰他！
Story/D_4_6_3_016,你来得太迟了，我那飞燕流星翎的绝招，你也曾见过。石帮主外貌看似完好无损，实则已经去世了。你一碰他，他便会变成十七八段肉块，到时可不体面。
Story/T_4_6_3_008,放屁！老子就是破了皮而已。
Story/D_4_6_3_017,我不信，你这狗杂种在骗人。
Story/D_4_6_3_018,为何不信？你离家之初，说这恶霸强占了你大好人生，在家种种粗手笨脚，见了就烦，只因怕他动粗，才隐忍至今。
Story/D_4_6_3_019,这都不说，他竟然敢出手打你。你一气之下，这才出走，还说恨不得他天打雷劈去死一死。我今日杀了他，也算为你出气。
Story/T_4_6_3_009,是、是这样吗？多年夫妻，原来你一直恨我。
Story/D_4_6_3_020,你──你怎能！我那是气话，你不也不愿伤他的吗？我和他吵架的原因，你再清楚不过了！
Story/D_4_6_3_021,……我不记得了，很重要吗？他打女人就是不对。
Story/D_4_6_3_022,呜……呜……他纵有千般不好，那也是……那也是我们的事。要你来多管闲事干嘛……。
Story/T_4_6_3_010,夫人……你别哭，俺老石还没死！还生龙活虎！可恶啊～早知就勤练内功，学习冲穴之法了。都怪我，一时分心，忘了绷紧筋肉，否则点穴什么的根本对我没用！
Story/D_4_6_3_023,笨石头，你都后悔到想寻死，怎么就不知对我温柔一点。
Story/N_4_6_3_004,石夫人举起粉拳欲捶，又怕真的令他遗骸崩溃，望着栩栩如生的丈夫遗容，眼泪不自禁的扑簌簌落下。
Story/T_4_6_3_011,我以为我是用掌心捧着你，原来我这双笨手，对你而言是魔爪吗？
Story/D_4_6_3_024,……你大可不必杀他的。
Story/D_4_6_3_025,我也没办法，是他先想杀我。
Story/D_4_6_3_026,那你干嘛不让他打死得了！为什么要杀他！
Story/D_4_6_3_027,岂有此理！你分明也恨不得他去死，发誓永远不再见他一面！
Story/D_4_6_3_028,我那话在气头上，怎能当真！谁晓得你这王八蛋，宁可连累师门也不泄漏我行踪！哪有你这样的！全都是你的错！你为何不告诉他我就住在尼姑庵中，领他来求我回家！
Story/D_4_6_3_029,石夫人，你先冷静点。人死不能复生，何况嫁他本来就非你所愿。
Story/D_4_6_3_030,你年轻又貌美，再寻一个善解风情的男子过日子，岂不美哉？
Story/T_4_6_3_012,石帮主，你可镇定点别抖了，再抖就要露出马脚了。我这是在帮你啊。
Story/D_4_6_3_031,无耻，似你这自命风流的兔儿爷，又懂什么了？我丈夫才是真正的男子汉，你别自以为是了！令人作呕！我就是一头撞死，也不会让你如愿！
Story/D_4_6_3_032,石郎，妾身以死明志，这就一头撞死，随你而去。
Story/T_4_6_3_013,夫人，不要！
Story/D_4_6_3_033,……！
Story/D_4_6_3_034,嘿嘿嘿。
Story/D_4_6_3_035,二位，这就是肺腑之言了。贤伉俪想必有许多话要说，我就不碍着你们谈心了。被封的穴道，不出一个时辰就会解开，不必担心。
Story/D_4_6_3_036,各路好朋友，石帮主夫妇二人久别重逢，必有体己话闷肚里要说，大家都识相点散了吧，散了。飞石帮的朋友们，还不来护着你们帮主和夫人？
Story/D_4_6_3_037,……。
Story/D_4_6_3_038,……。
Story/T_4_6_3_014,好哇，仔细一看，这人眼珠子还咕噜噜的转，活得好好的。我怎么就心慌意乱，被那奸诈的臭小子给骗了？说留我们说话，你将我们哑穴都封了，还怎么说话？
Story/T_4_6_3_015,你这笨石头也是，既然没死，怎么就不出声！害我……害我当着这么多人的面，说出那些话来！我还要不要活？
Story/T_4_6_3_016,夫人生气了，想必是怪我既然没死，怎么不出声。我、我也是心有余而力不足啊。
Story/D_4_6_3_039,啊，忘了说一事。今日卧云岗上这么多看客，可不是我的错喔？是石帮主到处嚷嚷要打死唐某，才引来别人围观的，还请石夫人明察～
Story/D_4_6_3_040,……。
Story/T_4_6_3_017,石公远，你死定了，等我能动，你就死定了！看我不将你乳头都咬下来！
Story/D_4_6_3_041,百年修得同船渡，千年修得共枕眠。事情能够如此善罢，实属不易，师兄，师侄，大家走吧。
Story/D_4_6_3_042,什么，事情怎么突然变这样的？发生了什么？
Story/D_4_6_3_043,没事，没事，师兄，咱们也回峨嵋吧。路上我再和你讲解。
Story/D_4_6_3_044,善哉，善哉。唐施主磊落不羁，心怀仁义，能得此善果，皆由善因故。诚可谓功德匪浅。
Story/D_4_6_3_045,有什么好看的，看了平白心里酸溜溜的。我这么英俊都讨不到婆娘，怎么石帮主这副尊容，夫人却如花似玉。太不公平了。
Story/D_4_6_3_046,他奶奶的，混江湖的大家都是刀头舔血，今日来凑热闹，不外乎就是想看到闹出人命，怎么给你唐布衣搞得跟唱戏一样，皆大欢喜。
Story/D_4_6_3_047,不过嘛，偶尔这样倒也不坏吧？走啦，趁早下山喝一杯。再多逗留，就不怕石帮主打翻醋坛子，下回找你决斗吗？
Story/D_4_6_3_048,弟子，你大师兄赢了，你去吧。
Story/D_4_6_3_049,师父，你不下去和他说会儿话吗？
Story/D_4_6_3_050,我就不去了，也没什么话好说。他一开口，我往往就要气上半天。你最好也别学他那样尽耍嘴皮子，为师最见不得油嘴滑舌的人。
Story/D_4_6_3_051,师父你怎么能把我和大师兄比呢，我这人最实在不过了。
Story/D_4_6_3_052,好似大师兄那样油腔滑调专骗姑娘芳心的两腿畜牲，我才不屑与他为伍。其实我们根本不熟的说，大师兄什么的，我根本不认识。
Story/D_4_6_3_053,不要脸的弟子，住口吧。
Story/D_4_6_3_054,其实他为人不坏，就是任性了点。
Story/D_4_6_3_055,嗯，为师早些年，与他、与几个朋友一块行走过江湖。他的为人处事，为师自然心知肚明，不会无端冤枉他，你不必为他开脱。
Story/D_4_6_3_056,为师所以不去，并非因为成见，只是无话可说。既然无话，何妨点到为止呢？有缘并肩同行，老来追忆足矣。
Story/D_4_6_3_057,去吧，下回再来找你。
Story/D_4_6_3_058,是，师父保重，师妹也请保重。
Story/D_4_6_3_059,大哥，再见。
Story/D_4_6_3_060,你既是女儿身，便不能叫他大哥。言者无心，听者有意，你可知道旁人听来像什么事？
Story/D_4_6_3_061,……不知，叫大哥还能有其他意思？
Story/D_4_6_3_062,唉，你这……算了。你随为师走吧，路上再慢慢教你。
Story/N_4_6_3_005,夏侯兰轻轻一推，一股柔和力道便将你送下树梢。
Story/D_4_6_3_063,大师兄！
Story/D_4_6_3_064,哦，师弟，看到了吧？我说过能兵不血刃解决的，这下信了吧？
Story/D_4_6_3_065,唐布衣！
Story/D_4_6_3_066,呃，龙姑娘。
Story/D_4_6_3_067,……？
Story/D_4_6_3_068,……。
Story/T_4_6_3_018,宛如身处暴风的中心。
Story/T_4_6_3_019,湘姊果然心仪大师兄，唉。
Story/D_4_6_3_069,你干嘛躲我！
Story/D_4_6_3_070,我每回见着你都会身受重伤，我不躲你躲谁？你倒是说说你想干嘛啊！你总不能是想亲我一口、抱我一下吧？
Story/D_4_6_3_071,哪有可能！你这登徒子瞎说什么！我……我就是见你得胜，心中欢喜，没想这么多。
Story/D_4_6_3_072,好，你先看着我师弟的脸，冷静一下。
Story/D_4_6_3_073,……。
Story/D_4_6_3_074,……。
Story/D_4_6_3_075,弟，你傻笑什么，害我见了也想笑，哈哈。
Story/D_4_6_3_076,哈，我也不知。
Story/D_4_6_3_077,……。
Story/D_4_6_3_078,为什么拔出剑来了？！快收回去，收回去！
Story/D_4_6_3_079,好了，你若有话，等离开此处再说吧。
Story/D_4_6_3_080,好，一到成都府路，你便不告而别。这回总该听我发牢骚了，走吧。
Story/N_4_6_3_006,只听得人声渐渐远去，喧哗尽数止歇。除了飞石帮人马，倾刻之间，岗上便走得干干净净。
Story/D_4_6_3_081,……。
Story/D_4_6_3_082,……。
Story/D_4_6_3_083,现在咱们该怎么办？
Story/D_4_6_3_084,守着呗，能怎么办？我又不会点穴解穴那种高深武功，也不好搬动他们。
Story/N_4_6_3_007,倘若大师兄没点上这对夫妻的哑穴，作妻子的难免要破口大骂，偏生穴道被封，只能你看看我、我看看你，两人干瞪眼。纵是脸皮子薄，想说些不中听话来遮羞也办不到。
Story/N_4_6_3_008,良久良久，怨怼之色渐渐化为柔情，相对如初见腼腆。
Story/N_4_6_3_009,一个时辰后，穴道自解，在石帮主诚挚求恳之下，石夫人终于同意回家。
Story/N_4_6_3_010,与飞石帮解除交战状态
Story/D_4_6_4_1_001,大师兄出发至今已经好几天去了，不知道怎么样了。
Story/D_4_6_4_1_002,师弟，你来得正好，刚好收到随行师弟的传信。说是前些天已到了卧云岗下的镇子，日子算来，明日就是约会了。但愿真如大师兄所言，能够不动干戈和解最好。
Story/O_4_6_4_1_001,宽慰三师兄
Story/D_4_6_4_1_003,放心吧，三师兄。大师兄这人虽然脑子清奇，经常不见人影。但他该出手时，从没叫人失望过，他既说可以，那便一定可以。
Story/D_4_6_4_1_004,你说得对，他武功比我都高，我还担心他什么？走吧，去做我们各自能够胜任的事情。
Story/O_4_6_4_1_002,讲点干话让三师兄更忧虑
Story/D_4_6_4_1_005,我是不担心大师兄会打输，我怕的乃是其他的事。
Story/D_4_6_4_1_006,比如呢？愿闻其详。
Story/D_4_6_4_1_007,我都还没讲，你就已经开始怕了。
Story/D_4_6_4_1_008,哈哈，师弟，你别尽知笑话我，快说吧。
Story/D_4_6_4_1_009,我最怕大师兄打败了那飞石帮主，然后当真把人家夫人带回山上。紧接着人又再度消失不见。
Story/D_4_6_4_1_010,胃……我的胃突然好痛……！
Story/D_4_6_4_1_011,没过几天，又轮到锦香宫跟本门宣战，宣称大师兄诱拐她们宫中女弟子。
Story/D_4_6_4_1_012,别、别说了，你说这事，我已担心了将近十年。每回大师兄下山，我就提心吊胆，深怕他哪天带回一位师嫂。
Story/D_4_6_4_1_013,连孩子一起带回来。
Story/D_4_6_4_1_014,竟连孩子都有了！
Story/D_4_6_4_1_015,而且还一次三个师嫂，一位锦香宫的天真女侠；一位南宫分家的可怜庶女，一位青楼结识的孤苦姑娘。一进门三人就打架，大师兄跑了，她们只好找你告状。
Story/D_4_6_4_1_016,不，不，惟女子与小人难养也。那种事，我当真应付不来啊！
Story/D_4_6_4_1_017,你以为事情就这样结束了吗？天真。
Story/D_4_6_4_1_018,那不然……？
Story/D_4_6_4_1_019,大师兄接任掌门以后，滥用掌门权威，命令唐门大家集体学艺，成立唐家班，自己搭棚建勾栏之类的。
Story/D_4_6_4_1_020,我说笑而已，三师兄你也太配合了吧。
Story/D_4_6_4_1_021,……三师兄？
Story/N_4_6_4_1_001,三师兄因为你的缘故，胃溃疡病倒了。他养病不在位的这几日，积累下不少工作，最终只得由你和四师兄分担。
Story/D_4_6_4_2_001,那这处地板就交给师兄你了，我去擦窗。
Story/D_4_6_4_2_002,好。
Story/D_4_6_4_2_003,叶家小妹子的石灰粉陷阱，你要格外留心。你不先扫过就拿湿布拖地的话，说不定会烧起来。
Story/D_4_6_4_2_004,这丫头竟然还懂这种下三滥伎俩。
Story/D_4_6_4_2_005,这小娘子神奇的很，气死人，但见着她，又恼不起来。委实太惹人怜。
Story/D_4_6_4_2_006,……话说师兄哎，你有没有听见什么声音？
Story/D_4_6_4_2_007,你别吓我，这还是大白天啊。
Story/D_4_6_4_2_008,……没什么特别的啊？
Story/D_4_6_4_2_009,那大概是我多心了吧。
Story/D_4_6_4_2_010,{size=24}救命啊～！快来人啊！{/size}
Story/D_4_6_4_2_011,有人在呼救！
Story/D_4_6_4_2_012,我去看看。
Story/D_4_6_4_2_013,我、我去找人来。
Story/D_4_6_4_2_014,这可怎办？他们打起来了。
Story/D_4_6_4_2_015,快，快喊唐门的人出来仲裁。
Story/D_4_6_4_2_016,这是怎么回事？为何崆峒、青城在本门地界打起来了？二位仁兄又是何人？
Story/D_4_6_4_2_017,是你！
Story/T_4_6_4_2_001,这人认得我？可我不认得他呀。
Story/D_4_6_4_2_018,且慢，冯兄，让我来说。
Story/D_4_6_4_2_019,兄台你好，快请助青城诸位道兄，逐走崆峒那群浑人。
Story/D_4_6_4_2_020,且慢，且慢，敢问二位从何而来？那两拨人马又为何相争？
Story/D_4_6_4_2_021,……我叫白鸿，他叫冯青。我二人是六道峡来的，旅途中碰见青城道兄，正护送──
Story/D_4_6_4_2_022,幸会二位仁兄，我是唐门赵活……。
Story/D_4_6_4_2_023,等等，你刚说你们是哪儿来的？泥教弟子！
Story/D_4_6_4_2_024,是泥教弟子没错，不过……。
Story/O_4_6_4_2_001,魔教恶贼！快快束手就擒！
Story/D_4_6_4_2_025,连唐门也不讲人话！
Story/D_4_6_4_2_026,可恶，我早知一定要打的。受这么多鸟气，连这鸟屁人也瞧不起咱们，我再忍不住啦！你让开！
Story/O_4_6_4_2_002,二位快进唐家大院避难！
Story/O_4_6_4_2_003,解锁条件：？？？
Story/D_4_6_4_2_027,……！
Story/D_4_6_4_2_028,……！
Story/D_4_6_4_2_029,还等什么？刀剑无眼，这两派人未必是坏，但血性一上头，压根不分青红皂白，二位纵想辩白，也要先等两方罢斗。
Story/D_4_6_4_2_030,我带人来了，师兄，这两位是……好人还是坏人？
Story/D_4_6_4_2_031,二位，你们说呢？
Story/D_4_6_4_2_032,自然是好人！
Story/D_4_6_4_2_033,唐门赵活，也是个大大的好人！
Story/T_4_6_4_2_002,好人那可未必。我收容魔教子弟，简直坏到没边了。
Story/D_4_6_4_2_034,不敢当，在下就是还有理智，能辨人言而已。
Story/D_4_6_4_2_035,二位请随我师弟进去避难吧。
Story/D_4_6_4_2_036,且慢，那么容我再说一事。贵门唐大侠败于飞石帮主手下，身受重伤，此刻人由青城派护卫归来。
Story/D_4_6_4_2_037,当真！你、你怎么现在才说？
Story/D_4_6_4_2_038,医者虽怀仁心，亦有骨气，怎能一切逆来顺受。倘若你一上来便打便骂，我们宁可死了，也不会再加一指相助。
Story/D_4_6_4_2_039,不过我二人学艺不精，仅能从权施针为他吊住性命。且尽人事，至于是否能救，还得仰仗贵门仁术，快，快去吧。
Story/D_4_6_4_2_040,好！
Story/D_4_6_4_2_041,二位这边请。
Story/D_4_6_4_2_1_001,你、你们卑鄙！
Story/D_4_6_4_2_1_002,我怎样卑鄙了？我们可没有倚多胜少。你别不服输，就睁眼说瞎话，乱冤枉人。
Story/D_4_6_4_2_1_003,呃……。
Story/D_4_6_4_2_1_004,我输了，留不住二位，请自便吧。
Story/D_4_6_4_2_1_005,你这人倒还算磊落。
Story/D_4_6_4_2_1_006,这位唐门少侠。我二人是求救世学问来的，你若不信我们，我们束手就擒便是。冯兄，你拿出绳子来绑我。
Story/D_4_6_4_2_1_007,白兄，你确定吧？这一绑，等于性命交诸于人，说不定就没命回家了。
Story/D_4_6_4_2_1_008,自六道峡出发的时候，我就作好觉悟了。
Story/D_4_6_4_2_1_009,好。
Story/N_4_6_4_2_1_001,他二人果真将自己绑了，绳头交你，表示绝无反抗意思。
Story/D_4_6_4_2_1_010,唔。
Story/D_4_6_4_2_1_011,冯兄，你满意了吗？既然技不如人，就老实就缚吧。
Story/N_4_6_4_2_1_002,说着，那人便取出麻绳绳子，先将同伴绑了，又将自己束缚，绳头交你，表示绝无反抗意思。
Story/D_4_6_4_2_1_012,你们这是什么意思？
Story/D_4_6_4_2_1_013,这位唐门少侠。我二人是求救世学问来的，你不信我们，我们自己束手就擒便是。
Story/D_4_6_4_2_1_014,我带人来了……你已将坏人制服啦，不愧是师兄。
Story/D_4_6_5_1_001,众位师兄弟，随我去助青城众道长退敌！
Story/D_4_6_5_1_002,众位师兄弟，快助青城众道长退敌！你们先上，我殿后！
Story/D_4_6_5_1_003,殿个屁，师兄你该走最前面！
Story/D_4_6_5_1_004,青城是蜀中门派，怎么还不如崆峒人多？
Story/D_4_6_5_1_005,师兄，人家在我们大院前打架。既然碰上了，就不能不管，不过咱们帮哪边好？
Story/D_4_6_5_1_006,当然帮青城，这问的什么傻话？崆峒都跟咱们宣战了，哪有给敌人雪中送炭的道理。
Story/D_4_6_5_1_007,当然帮青城，青城是本门的好邻居，何况人少。咱们再不帮忙，他们转眼就要被杀光了。崆峒派那么远，大派又如何，怎能容他们到唐门撒野！
Story/D_4_6_5_1_008,可是青城和那两个被擒的魔教弟子是一丘之貉，料来不是什么好东西！
Story/O_4_6_5_2_001,帮青城揍崆峒
Story/D_4_6_5_2_001,揍崆峒！
Story/O_4_6_5_2_002,帮崆峒揍青城
Story/D_4_6_5_2_002,揍青城，魔教同路人！
Story/O_4_6_5_2_003,两边都揍
Story/O_4_6_5_2_004,解锁条件：：［性情］为［勇敢］以上且［处世］为［豪爽］以上
Story/D_4_6_5_2_003,敢到唐门撒野，只要会动的全都揍一顿！
Story/O_4_6_5_2_005,静观其变
Story/D_4_6_5_2_004,先等等，先等他们再打一阵，磨耗些气力，我们再出手。
Story/D_4_6_5_2_005,不愧是师兄，好卑鄙呀！
Story/D_4_6_5_2_006,稳住，还不够。
Story/D_4_6_5_2_007,不愧是师兄，太卑鄙啦！
Story/D_4_6_5_2_008,再等等……。
Story/D_4_6_5_2_009,还等吗？我看他们都打完了。
Story/O_4_6_5_2_006,青城派
Story/D_4_6_5_2_010,唐门众位，你们怎能从头到尾袖手旁观？
Story/D_4_6_5_2_011,我们又不知你们哪边是好人，哪边是坏人。
Story/D_4_6_5_2_025,你……亏你还在我派留学，眨眼就忘了。
Story/D_4_6_5_2_012,我们……算了，气都气饱。闲话不说，快请随我过来。贵门唐大侠败于飞石帮主之手，身受重伤，危在旦夕！
Story/D_4_6_5_2_013,什么！大师兄怎可能会输？这、这……。
Story/O_4_6_5_2_007,崆峒派
Story/D_4_6_5_2_014,哎，不是，唐门的，你们是死鱼吗？怎能从头到尾都在旁边看？
Story/D_4_6_5_2_015,我们又不知你们哪边是好人，哪边是坏人。
Story/D_4_6_5_2_016,何况贵派来我唐门，只怕也不怀好意吧。
Story/D_4_6_5_2_017,我们不助青城，便是怕你到头说我们恃众凌寡。怎么，非要我们围殴比较好吗？
Story/D_4_6_5_2_018,这、这倒也是。
Story/T_4_6_5_2_001,不愧是师兄，这就把黑白颠倒过来了。没理还说成有理的，脸皮真厚。
Story/D_4_6_5_2_019,哼……哼，亏我们不计前嫌，帮了你们一把。
Story/D_4_6_5_2_020,你唐门可别五十步笑百步。谁不知道你们又使暗器又使毒，最是厚颜无耻。呸，早知道就不帮你们了。
Story/D_4_6_5_2_021,帮我们？此话怎讲？
Story/D_4_6_5_2_022,你们飞侠在卧云岗与人决斗，惨败收场，又受奸人挟持，你们自己人都漠不关心吗！真是冷血。
Story/D_4_6_5_2_023,什么！大师兄怎可能会输？这、这……。
Story/D_4_6_5_2_024,总算是打跑了青城那群道貌岸然的假道士。随我去接你们唐大侠吧。
Story/D_4_6_5_3_001,你、你们这些唐门的家伙，也和魔教一丘之貉！
Story/D_4_6_5_3_002,大家走！迟早讨回公道！
Story/D_4_6_5_3_003,多谢各位唐门居士，否则今日真要栽到这些崆峒恶贼手里。
Story/D_4_6_5_3_004,好说，众位道长，请问我大师兄此刻情况如何？
Story/D_4_6_5_3_005,你知道了？那好，我这就带你去接他。
Story/D_4_6_5_3_006,好说。
Story/D_4_6_5_3_007,唐门众位少侠来得正好，快请随我过来。贵门唐大侠败于飞石帮主之手，身受重伤，危在旦夕！
Story/D_4_6_5_3_008,什么！大师兄怎可能会输？这、这……。
Story/D_4_6_5_4_001,好个是非不分的蠢人，恩将仇报！
Story/D_4_6_5_4_002,少来这套！你们与魔教勾结，挟持唐大侠，还能是好人了？
Story/D_4_6_5_4_003,哪位唐大侠？
Story/D_4_6_5_4_004,自然是贵门飞侠唐布衣唐大侠，他在卧云岗一役惨败，本来没性命之忧，这群假道士却不安好心，假意相救，却拿散功药害人！
Story/D_4_6_5_4_005,什么！大师兄怎可能会输？这、这……。
Story/D_4_6_5_4_006,你别乱说！那散功药又不是本门的东西！
Story/D_4_6_5_4_007,不是你们的东西，那是不是泥教的东西嘛！
Story/D_4_6_5_4_008,这……那药也不是毒药，我们又不知会变这样……。
Story/D_4_6_5_4_009,算啦，就当我们好心被驴踢。飞侠已送到唐门地盘，算尽了江湖同道之谊吧！随我去领人便是。
Story/D_4_6_5_5_001,哇！你们干嘛！
Story/D_4_6_5_5_002,妈的，我还道咱们崆峒派已经够霸道了，行走江湖这么久，还没碰过这种见人就打的疯子！
Story/D_4_6_5_5_003,给我住口，汝等来我唐家大院外边胡闹。无论是谁，无论是非都先打一顿，大家再坐下来慢慢细说。
Story/D_4_6_5_5_004,……不愧是唐门。
Story/D_4_6_5_5_005,……够狠，我服了。
Story/D_4_6_5_5_006,所以到底怎么回事？你先说。
Story/D_4_6_5_5_007,这群青城的假道士根本不安好心，穿得一身道袍，却是满肚坏水！平日还整天说什么修真要清心寡欲，却和魔教走到一块儿！
Story/D_4_6_5_5_008,胡说，这事跟那事有何关联？你别借题发挥！泥教又不是每个人都为恶，你们崆峒飞天、夺魄两门还不是多行不义！
Story/D_4_6_5_5_009,二位还想动手就别光动嘴皮子，来战。
Story/D_4_6_5_5_010,二位，请说我们应该知道的就好。两派的恩怨，本门恕难置喙。
Story/D_4_6_5_5_011,说要紧的，别废话。
Story/D_4_6_5_5_012,……我们听说贵派唐大侠，要和飞石帮决战卧云岗，便都去了。
Story/D_4_6_5_5_013,嗯。
Story/D_4_6_5_5_014,……贵派飞侠，惨败于飞石帮主之手，身受重伤，性命垂危。
Story/D_4_6_5_5_015,什么？
Story/D_4_6_5_5_016,你别瞎说，我大师兄怎可能会输？
Story/D_4_6_5_5_017,呃，那牛鼻子说的不假，这事我亦亲眼所见。不只崆峒青城，连峨嵋派也来了，这事众目睽睽俱为见证，假不了。
Story/D_4_6_5_5_018,那我大师兄呢？
Story/D_4_6_5_5_019,我们青城派保护起来了，想要一路护送回唐门。想寻访大夫，但当地大夫不懂如何医治内力造成的内伤。正巧碰上两位行脚郎中懂治，我们便请他为唐大侠施治了。
Story/D_4_6_5_5_020,那两个行脚郎中是泥教中人，你敢说你们不知情？
Story/D_4_6_5_5_021,起初不知，后来知道了，但看他们一路尽心尽力，倒也不似心怀歹意，所以就只盯着，不赶他们走。
Story/D_4_6_5_5_022,你们盯得可真好，怎么看的，连他们喂了散功毒也不知晓？
Story/D_4_6_5_5_023,青城炼丹自有门道，于药理亦窥门径。他们用药，我们都事先检查过，从没出岔子，怎么知道快到唐门会出这种变故？换你们来盯着，也看不出问题来。
Story/D_4_6_5_5_024,首先我们就不会聘用魔教中人，见到就立即杀了。
Story/D_4_6_5_5_025,事情经过，我大致清楚了。请道长们移步，先带我去迎本门大师兄归山。
Story/D_4_6_5_5_026,好了，我知道了，先不说了，快让我见到人要紧。
Story/D_4_6_5_5_027,这个自然，请随我来。
Story/D_4_6_6_001,！
Story/N_4_6_6_001,大师兄昏迷不醒，伤卧在榻，呼吸短促，脸色苍白。浑无半分平时兴风作浪，天不怕地不怕的神气。
Story/D_4_6_6_002,怎么会变这样……。
Story/D_4_6_6_003,据悉，是在卧云岗众目睽睽之下，败于飞石帮主之手，才受的重伤。大师兄胸骨寸裂，确是被极霸道的外门硬功所伤不假。
Story/D_4_6_6_004,……这是崆峒派铁拳门的铁臂神拳。如今铁拳门自己都没人会使，秘籍流落江湖，反而是飞石帮主恃之成名。
Story/D_4_6_6_005,大师兄会输，这事委实难以置信。
Story/D_4_6_6_006,但大师兄此刻性命垂危的原因，不单只如此。
Story/D_4_6_6_007,陪同的师弟不知所踪，是以大师兄败战之后，无人相助。幸得青城诸位道长出手护送，回返本门。
Story/D_4_6_6_008,无奈当地没有良医，不能医治大师兄，碰巧遇上二位郎中自荐，药石并施，颇见成效，诸位道长才不疑有他。
Story/D_4_6_6_009,怎料那二位郎中，竟是泥教中人！
Story/D_4_6_6_010,便是师弟客客气气请进大院来的那两位了。
Story/D_4_6_6_011,那两人目前姑且扣在楼下地窖里，老实的很。
Story/D_4_6_6_012,崆峒派的人道上见了，认定他们不怀好意，要害大师兄。于是两边人马便打起来了。
Story/D_4_6_6_013,咱们跟崆峒也不是能够友好相处的关系，想不到他们会帮大师兄。
Story/D_4_6_6_014,那是因为比起唐门，他们更恨青城的缘故吧。
Story/D_4_6_6_015,他们未必存着什么好心，倘若大师兄落在他们手里，只怕处境更惨。
Story/D_4_6_6_016,泥教与六大派水火不容，狭路相逢，哪能放过。崆峒插手，倒也不足为奇。
Story/D_4_6_6_017,那，他们谁才是好人？
Story/D_4_6_6_018,……难说。可能都是好人。
Story/D_4_6_6_019,也可能都是坏人。
Story/D_4_6_6_020,按说青城所为合乎江湖道义，但在他们监视下，大师兄被泥教二人以药泥所害，却也是不争的事实，责无旁贷。
Story/D_4_6_6_021,那是什么？
Story/D_4_6_6_022,那药泥号称能治百病，与本门万灵油有异曲同工之妙，不同者在于万灵丹是以毒攻毒，如非中毒之人，服之即死。这药泥却不受此限，无病服之，能够延年益寿。
Story/D_4_6_6_023,那不是很好的东西吗？
Story/D_4_6_6_024,小师妹，不是这样的。
Story/D_4_6_6_025,此药于旁人无害，对唐门中人，却大大有害。要说为何，是因为本门仰仗药膳，日夜以毒温养内息，可谓一身是毒啊。
Story/D_4_6_6_026,正如师弟所言。大师兄服此药，导致散功，一身积累内力涣散不能凝聚，无法抑制伤势。
Story/D_4_6_6_027,他体力衰弱如斯，既不能再施以毒攻毒的法子，又不能再轻易用药，以免肝、肾无法消受，真不知如何是好。
Story/D_4_6_6_028,事到如今，也只有向天祈祷大师兄自己挺得过来了……。
Story/D_4_6_6_029,怎么会这样……。
Story/D_4_6_6_030,小师妹……。
Story/D_4_6_6_031,大家都先出去吧，这儿由我看着就行。
Story/D_4_6_6_032,那怎么行？三师兄，你可是代掌门！
Story/D_4_6_6_033,请回山上的青城道长们还得由我俩去打交道，更何况，还有崆峒派的人上门来讨要说法。
Story/D_4_6_6_034,说得也是，这事万一应对不好，恐有大患。
Story/D_4_6_6_035,请回山上的崆峒派群侠，你难道要遣我一人去打交道？他们后来又陆续来了个好几个有头有脸的人物，我可镇不住场面啊。
Story/D_4_6_6_036,说得也是，他们这回见义而为，本门焉能怠慢。
Story/D_4_6_6_037,师弟带人将崆峒、青城都打了，把人得罪得不轻。崆峒派来了几个有头有脸的人物兴师问罪，我看青城派的高手八成也在路上了。
Story/D_4_6_6_038,说得也是，这事万一应对不好，恐有大患。
Story/D_4_6_6_039,想要两边都不得罪，结果到头两边都得罪了。都说他们如何如何仗义，唐门却冷眼旁观，薄情寡义，致累双方折损。现在崆峒、青城都找了师长，来向我们讨要说法。
Story/D_4_6_6_040,这、这可不能轻忽，这事万一应对不好，恐有大患。
Story/D_4_6_6_041,这就是了，以我们俩的江湖地位，还得两人一起出面，才够份量。
Story/D_4_6_6_042,这里就交给师弟你吧，毕竟也没旁人合适了。
Story/D_4_6_6_043,我吗？
Story/D_4_6_6_065,唐芳师姐呢？
Story/D_4_6_6_066,说是要找什么希罕药材，都好几天不见人影了。
Story/D_4_6_6_067,这人真不可靠！
Story/D_4_6_6_044,我知道了，我来看照。
Story/D_4_6_6_045,好吧，交给我便是。
Story/D_4_6_6_046,……害人之心不可有，防人之心不可无。保险起见，我派两个师弟，一人守下面，一人守上面，以免外人误闯炼丹房，惊扰大师兄休养。
Story/D_4_6_6_047,好。
Story/D_4_6_6_048,小师妹，你随我出来吧。
Story/D_4_6_6_049,但是我想在这里。
Story/D_4_6_6_050,大家吵吵扰扰的，病人也不好休养。
Story/D_4_6_6_051,我会很安静。
Story/O_4_6_6_001,让小师妹留下吧。
Story/D_4_6_6_052,让小师妹留下吧。
Story/D_4_6_6_053,大师兄醒了见着我的脸孔，八成又要吓晕过去。合该找个本门最好看的女弟子陪着。
Story/D_4_6_6_054,那自然就是小师妹了。
Story/T_4_6_6_001,何况他们本来都论及婚嫁了，唉。
Story/D_4_6_6_055,这……说得也是，唉，好吧。
Story/T_4_6_6_002,但我不是最好看的，怎么办……。
Story/T_4_6_6_004,是不是叫云裳过来比较好？
Story/T_4_6_6_003,是不是去找小梅师姐比较好？
Story/D_4_6_6_056,{size=24}师弟，你可得多照看着点小师妹。{/size}{size=24}据我所知，她的天地无声势内息是随时都在流转，与心息息相关。{/size}{size=24}千万别乱了心，否则于她有害亦未可知。{/size}
Story/D_4_6_6_057,我知道了。
Story/N_4_6_6_002,小师妹怔怔看着大师兄，被你劝了，便去她专属的席位坐着，继续盯着，目不转睛，生怕看丢了大师兄似的。
Story/O_4_6_6_002,小师妹，请你去弄条鲤鱼来吧。
Story/D_4_6_6_058,鲤鱼补脾健胃，清热解毒，滋补、治病特别有效。大师兄熬过了今夜，就能喝些鲤鱼汤补补了。
Story/D_4_6_6_059,好。
Story/D_4_6_6_060,我去捉鲤鱼，捉很多！
Story/D_4_6_6_061,你会捉鱼吗？你从来都只负责吃吧。我叫些可靠的师姊妹陪着你去吧。
Story/D_4_6_6_062,好。
Story/D_4_6_6_063,好在把小师妹支开了。据我所知，她的天地无声势内息是随时都在流转，与心息息相关。千万别乱了心，否则我也不知道会出甚么岔子。
Story/D_4_6_6_064,千万别有那种事啊。
Story/D_4_6_7_Break_001,……。
Story/O_4_6_7_Break_001,结束
Story/O_4_6_7_Break_002,卧云岗之战
Story/T_4_6_7_Break_001,大师兄竟然输了……输给了飞石帮主。
Story/T_4_6_7_Break_002,这怎么可能，他可是大师兄啊。他不是应该所向无敌，永远游刃有余，一副胸有成竹的模样吗？
Story/T_4_6_7_Break_003,去时话说那么满，怎么回来却变成了这样。
Story/T_4_6_7_Break_004,但据他们说法，这是光天化日，众目睽睽之下见证的，只怕假不了。青城、峨嵋都来了，倘若飞石帮使诈，绝不可能不吭一声。更何况使诈也该是大师兄使才对，哪轮得到飞石帮。
Story/T_4_6_7_Break_005,……大师兄是真的败了啊。
Story/T_4_6_7_Break_006,门中师兄弟姊妹应该也很不安吧。人不如飞石帮多，连大师兄都败下阵来，本门还凭何在蜀中立足呢？
Story/N_4_6_7_Break_001,你虽和大师兄不大对盘，却也不由得钦佩他的武功。内心深处认定他深藏不露，纵横江湖从来没有吃亏的时候。无论对手是谁，大师兄只要认真起来总有办法对付。
Story/N_4_6_7_Break_002,如今你才肯信，强中自有强中手，天下没有真正的无敌。
Story/T_4_6_7_Break_007,唉，这就是江湖了。
Story/O_4_6_7_Break_003,要是二师兄在的话
Story/T_4_6_7_Break_008,二师兄医术高明，要是二师兄还在，一定有方法能治。
Story/T_4_6_7_Break_021,唐芳师姐也不知道跑哪去了……从以前就这样。不是迟到就是失踪，关键时刻总是缺席。
Story/T_4_6_7_Break_009,可叹我学艺不精，碰到难症还是一筹莫展。
Story/T_4_6_7_Break_010,……我的话，能想到的方法就只有一种而已。
Story/T_4_6_7_Break_011,用毒害人我还行，要想治病，我却是一窍不通。
Story/T_4_6_7_Break_012,只可惜那唐铮竟是卧底，他就算能医，也不会医。大师兄如此惨况，倘若教他得知，只怕他会乐不可支。
Story/T_4_6_7_Break_013,只可惜二师兄不在这。
Story/O_4_6_7_Break_004,小师妹的事
Story/D_4_6_7_Break_002,……。
Story/T_4_6_7_Break_014,小师妹正目不转睛地看着大师兄。
Story/T_4_6_7_Break_015,大师兄经常戏弄小师妹，小师妹被欺负狠了，对大师兄也无甚好气。可是到底是同门师兄妹，从小给大师兄、二师兄看着长大的，感情深厚。一出了事情，便显出大师兄在她心中的分量了。
Story/T_4_6_7_Break_016,这份感情之中，又有几分是男女之情呢？要是我能替大师兄躺这儿受苦就好了，反正我无足轻重，就算最后死了，本门也不受动摇，起码还能被小师妹关心。
Story/T_4_6_7_Break_017,这份感情之中，又有几分是男女之情呢？这么想着，我就不禁冒出恶毒的想法。大师兄要是死了，小师妹便没有归宿了，那时我……。
Story/T_4_6_7_Break_018,那时我怎么想，又有什么差别呢？我是千万个愿意与她偕老，她却不论如何也不会看上我的。舍了大师兄，世上还有成千上万的才俊，排到天边也轮不到我。
Story/T_4_6_7_Break_019,唉，我这一生一世，也不知有没有这么好福气，能让人这样惦记在心上，兴许是没有吧。
Story/T_4_6_7_Break_020,……师兄。
Story/N_4_6_7_Break_003,小师妹悄然关注着你。
Story/N_4_6_7_Break_004,你总是凝望着别人，遗忘了自己，但小师妹通通记得。她美好又珍贵的儿时回忆之中，有好多的你。
Story/D_4_6_8_001,合该去请二位大夫过来参详。
Story/D_4_6_8_002,不必请，人命关天，我们自己来了。
Story/D_4_6_8_003,二位！
Story/D_4_6_8_004,赵少侠，你信得过我们，我等必定知无不言。
Story/D_4_6_8_005,想必贵门已知，唐大侠所受煎熬，除了本身伤势之外，还有本教『五色泥』的缘故，此药于常人无害，于贵门子弟而言，却无异于剧毒。
Story/D_4_6_8_006,危害比剧毒更甚。难道二位用药以前，未曾深思吗？
Story/D_4_6_8_007,……赵少侠，虽说我二人事前确实不知此药对唐门中人有害，但是这五色泥，却非我二人所用。
Story/D_4_6_8_008,不是你二人所用？那却是何人所为。
Story/D_4_6_8_009,……。
Story/N_4_6_8_001,那二人互看一眼，望向你的眼神，颇有惑色。
Story/D_4_6_8_010,二位倒是快说呀，有何难言之隐？但说无妨。
Story/D_4_6_8_011,倒不是有难言之隐。
Story/D_4_6_8_012,下药之人……就是你啊。
Story/D_4_6_8_013,胡说什么？我几时对大师兄下药了！
Story/D_4_6_8_014,我还道你二人不是坏人，没想到居然冤枉到我头上！
Story/D_4_6_8_015,二位莫要为了脱罪，含血喷人！
Story/D_4_6_8_016,慢，且慢，赵少侠切莫动气，听我二人娓娓道来。
Story/D_4_6_8_017,唐门登山道中，有一座山中茶棚。
Story/D_4_6_8_018,是我唐门的茶肆，难道二位想说，是我指使别人下药的吗？
Story/D_4_6_8_019,是有间茶肆，是我唐门所搭，如今换人经营罢了。难道二位想说，那茶肆里的人是受我指使才下的药吗？
Story/D_4_6_8_020,不是你指使，而是你亲自下的药。
Story/D_4_6_8_021,什么鬼！我明明就在唐家大院，半步都没踏出去。
Story/D_4_6_8_022,……慢着，莫非……？
Story/D_4_6_8_023,看来赵少侠，心中已有头绪了。
Story/D_4_6_8_024,显然是有人刻意冒充你。所以我在山道上碰见少侠，才会脱口道：『是你！』
Story/D_4_6_8_025,原来如此！
Story/D_4_6_8_026,我们与青城诸位道长一起坐下饮茶，一嗅到茶里飘着莲花香的药气，登时便知是本教的五色泥，当时还道是殊途同归，唐门也调制出了相似的灵药。
Story/D_4_6_8_027,反正有益无害，便没堤防，没想到竟被奸人所陷害。
Story/D_4_6_8_028,与此同时，崆峒派的诸位也杀将出来，不由分说便追着我们。如今想来，他们恐怕也是受人挑唆而不自知。冒充你那人，八成早就趁乱跑了。
Story/D_4_6_8_029,可恶，此人实在可恶！
Story/D_4_6_8_030,……赵少侠，事情经过，我们已经和盘托出。青城几位道长可以为证，你若一定要说我们一丘之貉，是串通了想脱罪，我也无话可说。
Story/D_4_6_8_031,反正此番来到唐门，也有赴死的觉悟了。既然不是我们做的，便是杀了我们，也绝不招认。
Story/D_4_6_8_032,冯兄，这种话就别说了，救人要紧。
Story/D_4_6_8_033,我二人施针用药，全都记录在此单上。
Story/D_4_6_8_034,我也有一个想法。
Story/D_4_6_8_035,难不成，我们想到一块儿去了？
Story/D_4_6_8_036,用『气』。
Story/D_4_6_8_037,什么方法？有方法你怎不早说？急死人了。
Story/D_4_6_8_038,我们若不先说明原委自证清白，贸然便提意见，你能采纳吗？
Story/D_4_6_8_039,愿闻其详。
Story/D_4_6_8_040,用『气』。
Story/D_4_6_8_041,气？
Story/D_4_6_8_042,正是。
Story/D_4_6_8_043,铁臂神拳虽猛，却无暗劲，唐大侠当日受伤虽沉，亦能凭内功强行压制，不至害命，如今亦然。
Story/D_4_6_8_044,必须有人将自身真气渡入他体内，助他气循得以继续流转。等到今夜生死大关熬过，五色泥药力消褪，唐大侠便能抱元守一，凝神聚气，慢慢休养。
Story/D_4_6_8_045,难就难在唐大侠此刻散功，真气并非消散于无形。而是涣散不由丹田所控，旁人贸然输送内力，必会引得反激。稍有不甚，到时唐大侠经脉寸断不说，相助之人亦有性命之忧。
Story/D_4_6_8_046,因此这个人选，必须是修练同系法门的唐门中人。以同种真气相助，所受冲突最小，这道理浅显得很。
Story/T_4_6_8_001,此理，似乎正与《寂灭三摩地》相契合。也许冥冥之中，造化有数。
Story/D_4_6_8_049,真正最令人束手无策者，在于贵门修练内功的法门。据我所知，贵门内功另辟蹊径，有别于其他门派，乃是以毒药膳所养，所以唐门子弟的掌力均有毒性，恐怕亦为五色泥所克，徒劳无功。
Story/D_4_6_8_050,除非天王座亲临，否则……
Story/D_4_6_8_051,否则就要有个既是唐门弟子，却又不是正宗唐门弟子；内功根基相同，发展偏又南辕北辙，靠着自己苦练而成的孤僻怪胎。
Story/D_4_6_8_052,那么十成输入的内力，纵有七、八成被五色泥消灭，起码还有二、三分能起效用。
Story/D_4_6_8_053,正是如此。
Story/D_4_6_8_054,除非天王座亲临，否则便要寻一个内功同源，系出唐门，却又因缘巧合，使内力生变之人。
Story/D_4_6_8_055,如何内力生变法？
Story/D_4_6_8_056,比如服食灵药，或是中途改投别派，靠着自己后天苦练修成内力的人。后来增生的内力，便是寻常内力，理应不受五色泥所扰。
Story/D_4_6_8_057,白兄想得未免太美。到底还是由唐门内功起的家，或多或少会有影响。不过输入的内力，七折八扣，起码还有二、三分能奏效，那便足矣。
Story/D_4_6_8_058,唐门历朝屹立不倒，早该开枝散叶，分家无数。从分家里去找，多半便能找到合适人选。
Story/D_4_6_8_059,……可惜的是，唐门只此一家，没有分家旁系。
Story/D_4_6_8_060,这、这可就难办了，不然，再想想其他法子。
Story/D_4_6_8_061,但是二位眼前就有一个合适人选。
Story/D_4_6_8_062,你是说……？
Story/D_4_6_8_063,便是区区在下赵某人，资历最老的外姓弟子，唐门最有缘的陌生人。
Story/D_4_6_8_064,……赵少侠，恕我冒昧直言。我诊脉之时，察觉唐大侠内力颇为深厚，非寻常唐门弟子可比。你的功力，与唐大侠相论，恐怕……恐怕颇有不足，十分凶险。
Story/D_4_6_8_065,合该找一位内力深厚的师长、高手相助才是。
Story/D_4_6_8_066,想是他游历江湖那些年，也有些奇遇吧。他这人本来就很乱来，若和别人一样，那才奇怪。
Story/D_4_6_8_067,本门已经没有那种前辈师长了，舍我其谁。
Story/D_4_6_8_068,二位别说了。要是本门还有那种师长，我也是一万个不愿意为大师兄犯险的。
Story/D_4_6_8_069,既然如此，就不再相劝。赵少侠行气运功之时，我等外人不便在旁，这便先走了。
Story/D_4_6_8_070,放心，我二人自去请人监视，不会随意走动，免得受人猜忌。
Story/D_4_6_8_071,小师妹，你方才有在听吗？
Story/D_4_6_8_072,？
Story/D_4_6_8_073,没有。我想你在忙，我在帮大师兄敷湿毛巾……对不起……。
Story/D_4_6_8_074,没事，本来也没啥要紧的。
Story/T_4_6_9_001,……侍候伤员可真折磨人，不知不觉就天黑了。
Story/T_4_6_9_002,小师妹整日担惊受怕，眼角噙着泪花，蜷曲身子睡着了。
Story/T_4_6_9_003,真令人心疼啊。
Story/D_4_6_9_060,哥哥，你亲爱的妹妹来给你送饭了。
Story/D_4_6_9_061,多谢云裳妹子……。
Story/D_4_6_9_062,慢着，这是你的剩饭吧？
Story/D_4_6_9_063,胡、胡说什么，怎么可能是！我一口都还没吃，不算剩的。
Story/D_4_6_9_064,给我老实把药膳吃了！
Story/D_4_6_9_065,我不要我不要，最近的药膳都好苦好臭！我宁可吃馒头！
Story/D_4_6_9_066,看来不找你哥哥出马治你不行，你哥哥呢？
Story/D_4_6_9_067,这里。
Story/D_4_6_9_068,我是说亲的那个。
Story/D_4_6_9_069,跟芳姐姐一起出门采药了。
Story/D_4_6_9_070,原来他们是一道出门的。
Story/D_4_6_9_001,师弟，我来给你送饭了。
Story/D_4_6_9_002,只是米饭抹盐，将就着吃吧，大院目前气氛挺紧张的，没法讲究。
Story/D_4_6_9_003,有人想到我，就十足感恩了，多谢师姐。
Story/D_4_6_9_004,反正我也吃不下，吃什么都味如嚼蜡。
Story/D_4_6_9_005,小师妹那份我没带，她怎么说，也是待字闺中的妙龄小娘子，不能留宿在此。我带她回房去睡，再张罗点好吃的给她。
Story/D_4_6_9_006,好。
Story/D_4_6_9_007,赵活，我料到你还没吃饭，就──
Story/D_4_6_9_008,啊。
Story/N_4_6_9_001,小竹看了看你手中的饭团，
Story/N_4_6_9_002,又看了看自己捏的饭团。
Story/N_4_6_9_003,于是就哭了。
Story/D_4_6_9_009,什么啊……原来你有得吃喔。
Story/D_4_6_9_010,我正饿呢，一颗不够，正好你那颗看起来份量很足，给我吧。
Story/D_4_6_9_011,不要……你可别哄我，我捏得不好。
Story/T_4_6_9_004,何止是不好，那是饭团吗？捏过头变成别的东西了吧。
Story/D_4_6_9_012,啊。
Story/N_4_6_9_004,你二话不说，上前要过饭团，便一口咬下。
Story/D_4_6_9_013,哦……？
Story/D_4_6_9_014,反正一定不好吃吧。
Story/D_4_6_9_015,正好相反，你加了麻油？怎么想到把米饭打成糊的？口感真特别。
Story/D_4_6_9_016,我就是想压实一点，握着握着就变成这样了。
Story/D_4_6_9_017,能吃就好……你不要靠我那么近啦。
Story/T_4_6_9_005,这么好吃啊？早知道我就不必多此一举了。平白拿这些糟糠，占你胃袋。
Story/T_4_6_9_006,……唐大侠还伤着，我姑且先不跟哥哥计较。
Story/D_4_6_9_018,你手里白白的那是什么？新发明吗？
Story/D_4_6_9_019,对，一种新型暗器。你要不要试试它的威力！
Story/D_4_6_9_020,这威力非同小可，掷在地上，还爆开了，似乎黏糊糊的。
Story/D_4_6_9_021,我懂了，是那个吧，丢人脸上会糊住，让人无法呼吸的类型。小竹你用心还真残忍呢。
Story/D_4_6_9_022,……。
Story/D_4_6_9_071,竹女侠！竹女侠，童言无忌，我哥哥年纪小不懂事，还请看在我的面子上，饶他一条小命。
Story/D_4_6_9_023,{size=24}别说啦！师弟！别说啦！求你行行好闭嘴吧！{/size}
Story/D_4_6_9_024,我打扰到你们了吧？别理会我，方才在说什么，接着说吧。
Story/D_4_6_9_025,哦。
Story/D_4_6_9_072,现在情势如何了？
Story/D_4_6_9_073,不太好的样子，剑拔弩张的。
Story/D_4_6_9_074,崆峒、青城的人都来了大人物，说是理论，实际上都不讲道理。讲到理亏处就开始纠缠不清，都觉得自己才是对的，只准自己骂人，当别人跟他意见不同就都该被骂。
Story/D_4_6_9_075,真不令人意外。别管他们。他们没被教好，是他们爹娘的罪过。
Story/D_4_6_9_076,嗯，气上头的人往往是这样的。他们冷静下来之前，说的话基本上都可以无视。幸亏三师兄修养好，有他负责镇场交涉，当不致出什么乱子。
Story/D_4_6_9_026,请问师姐，现在情势如何了？
Story/D_4_6_9_027,崆峒、青城的人都上山理论，日里没把事情谈完，因为两派都有伤员需要医治，又防着我们下毒，在大院之外自行处置。吃食也是他们自己准备的。
Story/D_4_6_9_028,竹小娘子也被呼来喝去的。
Story/D_4_6_9_029,嗯，我负责扛吃的上山，竟成了索唤。
Story/D_4_6_9_030,后来两派的有位份的前辈、高手陆续莅临，底气足了，才又请进正心堂。可这事扑朔迷离，至今都论不出个所以然来。
Story/D_4_6_9_031,崆峒派来的是飞天门金乌上人。论位份和我同辈，实则他是让先掌派人降伏了，洗心革面才收入门墙的。连火龙仙君都以平辈之礼相待。
Story/D_4_6_9_032,我在飞天门留学时，怎么不曾见过？
Story/D_4_6_9_033,我在崆峒派留学时，怎么不曾见过？
Story/D_4_6_9_034,听说他经常外出弘扬佛法。
Story/D_4_6_9_035,原来如此。
Story/D_4_6_9_077,青城来的长老，不知道是哪一位？
Story/D_4_6_9_078,最麻烦的那一个，铁冠长老。讲话阴阳怪气、东拉西扯的，根本蛮不讲理。借题发挥，还想把他新收的弟子失踪怪在唐门头上。
Story/T_4_6_9_007,啊段智秀失踪，确实跟你脱离不了干系啊。
Story/D_4_6_9_036,……说不定他们不是论不出来，只是事情演变至今，谁都怕是自己理亏，所以各说各话罢了。
Story/D_4_6_9_037,谁说不是呢，江湖人，不就是死要面子。谁要气势虚了，就给人拿捏，由着他们吵吧。看要吵到亥时、子时，都不关我的事，反正折磨的是三师兄、四师兄。
Story/D_4_6_9_038,三师兄真没用，人家都欺上门了，还客客气气的，没点火气。唉，要是掌门在位，哪能容人家如此猖狂……。
Story/D_4_6_9_039,对不住……我也感到很惭愧。但是我在崆峒派也说不上话，实在管不住他们。
Story/D_4_6_9_040,你别放心上啊，我们又没怪你。
Story/D_4_6_9_079,竹女侠此言差矣，就算是同门同派，也没有闯出祸来别人承担的道理。
Story/D_4_6_9_080,可是你闯出祸来一天到晚是我承担后果啊。
Story/D_4_6_9_081,那能一样吗？我是你的责任。人家便是把天捅破了洞，你也得扛住的说。
Story/D_4_6_9_082,我是女娲娘娘吗，还得补天。
Story/D_4_6_9_083,那我就是伏……。
Story/T_4_6_9_008,呸呸，女娲和伏羲既是兄妹，也是夫妻。这可不能乱说。
Story/T_4_6_9_009,他们感情真好，好羡慕啊。要是我也有个哥哥，这般宠我那就好了。
Story/D_4_6_9_041,师姐……快别说了。
Story/D_4_6_9_042,行了，知道了。
Story/D_4_6_9_084,默铃，醒醒。
Story/N_4_6_9_005,小师妹猝然醒转，左右顾盼，一时想不清自己因何在此，今夕何夕。
Story/D_4_6_9_085,……肘子。
Story/D_4_6_9_086,什么肘子？睡迷糊了吧。
Story/D_4_6_9_087,嗯，我梦见了爹娘，还有大师兄、二师兄，大家都在。
Story/D_4_6_9_088,……这边才是现实啊……。
Story/D_4_6_9_089,……。
Story/D_4_6_9_090,虽然没有肘子，不过我有珍藏的蜂蜜饼干哦。放在热茶上烘一下就会变软，可好吃了。你想不想吃？
Story/D_4_6_9_091,还好。
Story/D_4_6_9_092,那我们走。
Story/D_4_6_9_043,小师妹，醒醒。
Story/D_4_6_9_044,……年菜……。
Story/D_4_6_9_045,什么年菜？睡迷糊了吧。
Story/D_4_6_9_046,嗯，我梦见了爹娘，还有大师兄、二师兄，大家都在。
Story/D_4_6_9_047,……这边才是现实啊……。
Story/D_4_6_9_048,……。
Story/D_4_6_9_049,小师妹，你整日没吃东西，想必饿了。给你留了几碟小菜，一碗白饭，师姐替你热一热，来吃吧。
Story/D_4_6_9_050,还好。
Story/D_4_6_9_051,听话，去吃饭。
Story/D_4_6_9_052,喔。
Story/D_4_6_9_053,乖，去吃饭。
Story/D_4_6_9_054,……嗯，我去。
Story/D_4_6_9_055,……我也要走了喔，这里是唐门重地吧。要不是送饭，外面的唐门师兄也不会放我进来。
Story/D_4_6_9_056,你来送饭？那饭呢？
Story/D_4_6_9_057,还说是吧。
Story/D_4_6_9_058,好，我们回头见了。
Story/D_4_6_9_059,嗯，我回外堡去了，不想让崆峒派的人看见我在这打铁。他们肯定又有怨言。
Story/D_4_7_1_001,今日就在此村歇宿一日吧。
Story/D_4_7_1_002,我只道以你的性子，会迫不及待奔回唐门。
Story/D_4_7_1_003,女侠，饶命啊，我才刚打完一架。不说旧伤复发，真气也消耗殆尽了呀。
Story/D_4_7_1_004,哦，说得对，抱歉……我是说那个，那个。
Story/N_4_7_1_001,龙湘说着目视大师兄侧腹伤处，你恍然大悟，终于知道是谁伤的大师兄。只是不知这两人何以相斗，打完还有说有笑，可谓奇事。
Story/N_4_7_1_002,随即一想到大师兄平素为人，便即释怀。别说龙湘，就连你都不时想捅大师兄，就可惜打不赢他而已。
Story/D_4_7_1_005,哪个？你眼珠子乱瞄甚么劲？男女授受不亲是什么意思，你知道吗？女淫贼。
Story/D_4_7_1_006,什么女淫贼，你不要乱说啦！
Story/T_4_7_1_001,他两人还真是一对璧人，郎才女貌，还似情投意合。我在旁边，压根插不上话，唉。
Story/T_4_7_1_002,湘姊恰似她一身白衣，这般清逸出尘，宛如仙子。本就该有大师兄如此品貌武功的英俊侠士方能匹配。至于我，就别痴心妄想了吧。
Story/T_4_7_1_003,今生有幸，识得你，与你姊弟相称，已用尽我一世福份了。我是泥淖里的人，再多的，也不敢痴心妄想。
Story/T_4_7_1_004,他两人还真是一对璧人，郎才女貌，还似情投意合。难怪掌门有意许婚，大师兄一直推三阻四。
Story/T_4_7_1_005,小师妹自小吃的苦不比旁人少，但毕竟是师门明珠，无论如何是不能做小的，可这一位看似也不像能甘心屈居于人下的样子。
Story/T_4_7_1_006,大师兄，你有得磨了。
Story/T_4_7_1_007,锦香宫可不好得罪，如此一来，小师妹岂非嫁不得大师兄了吗？那么就算她终归要嫁，我也还能多陪她几年。
Story/D_4_7_1_007,甚好，小僧去附近僧庙挂单借宿一宿，明日再来店中会合。
Story/D_4_7_1_008,福韫法师何必如此见外？你仗义相助，我们师兄弟无以为报，还不能请你留下，住得安适点吗？
Story/D_4_7_1_009,不能，此处再好，也没比佛门清净地更佳，二位，告辞。
Story/D_4_7_1_010,何必那么见外，住哪不是住呢？法师大可不必吝惜这点钱财，反正我大师兄会出钱。
Story/D_4_7_1_011,那当然，小师父于唐某有恩，定要住上房。至于师弟你，就去睡柴房将就一宿。
Story/D_4_7_1_012,哦，是吗？好得很，你是该知道自己身世了。你今晚就睡茅房，那儿才是你的归宿，里边有好多你的同胞！
Story/D_4_7_1_013,哈哈哈哈哈你好脏！
Story/D_4_7_1_014,哈哈哈哈！
Story/D_4_7_1_015,阿弥陀佛，赵施主造的口业，实在新颖，太罪过了。
Story/D_4_7_1_016,不必你安排，我自己有钱！
Story/D_4_7_1_017,……好，我是没钱，那又怎样？
Story/D_4_7_1_018,哈哈，别闹了，跟你说笑的。
Story/D_4_7_1_019,小师父，当真不与我门同住，秉烛夜话，畅谈佛法吗？
Story/D_4_7_1_020,唐施主休得引诱小僧。小僧自知修为尚浅，而二位施主魔性深重，兼而资质驽钝，非一日一夜之功能够点化，不能急功，故此婉谢，告辞。
Story/D_4_7_1_021,这位福韫法师似乎不是普通和尚，说话好像有点儿毒辣。
Story/D_4_7_1_022,你不知道吗？他一向如此。
Story/D_4_7_1_023,倒似也没有说错的样子。
Story/D_4_7_1_024,……相声，三人组你觉得怎么样？
Story/D_4_7_1_025,不怎么样，别把歪主意打到出家人身上啊。
Story/D_4_7_1_026,咳，咳。怎么好像有点儿病恹恹的样子。
Story/D_4_7_1_027,你真差劲，习练内功的人，竟还生病。
Story/D_4_7_1_028,想是连日操劳，忧思过重，一放松下来，就感觉倦罢了。
Story/D_4_7_1_029,没事别乱生病，本门穷困，已经买不起新的奴隶了。
Story/D_4_7_1_030,怎么买不起？把你阿嬷卖掉，还够凑几个子儿吧。
Story/D_4_7_1_031,哈哈哈哈哈！我祖母早就作古，不值钱了。
Story/D_4_7_1_032,钱不要紧好商量，重点是我要把你阿嬷卖掉～！
Story/D_4_7_1_033,哈哈哈哈哈！你真够贱，真想打死你！
Story/D_4_7_1_034,哈哈哈哈哈！
Story/D_4_7_1_035,你可也真博学，『阿嬷』是福州那地方的方言吧？
Story/D_4_7_1_036,萤姑娘到唐门小住的那段时日，听沧帮人说的，我便记住了。
Story/T_4_7_1_008,也不知萤姑娘如今身在何方，是否平安？唉。
Story/T_4_7_1_009,不想了，心中爱煞了，也是我自己该受的罪。我生就这副模样，还是别去祸害人家。
Story/D_4_7_1_037,猜错啦，我是从广东唐门的师弟那儿听来的。广东潮州，都称祖母、外祖母作阿嬷。
Story/D_4_7_1_038,原来如此。
Story/D_4_7_1_039,谢了，不过你还是先关心自己吧。我看你也没比我健康到那儿去。
Story/D_4_7_1_040,卧云岗一战，为了不杀石帮主，我固然消耗甚巨。但我心灵比你健康啊。
Story/D_4_7_1_041,行了，行了，我很累，没心力跟你斗嘴磨耗。
Story/D_4_7_1_042,怎么可以这样？你不讲点干话，我浑身不对劲啊。
Story/D_4_7_1_043,那是你自己犯贱，跟我无关。
Story/D_4_7_1_044,师～弟～
Story/N_4_7_1_003,你洗过澡，更衣便睡。半夜大师兄用棉被将你卷起，拖到地上，他自己独占了床。
Story/N_4_7_1_004,你难得睡了一顿饱觉，日上三竿才醒，精神饱满。
Story/D_4_7_1_045,此间事情已了，我也消耗甚巨，非得睡个饱觉才行。
Story/D_4_7_1_046,这个自然。
Story/D_4_7_1_047,今日没什么事，你就别上街了，我们两度歇宿于此，你再招摇过市，就怕被一群小娘子跟踪回来。那时我可没心力应付。
Story/D_4_7_1_048,我也不想那种令人不悦的情况发生。
Story/O_4_7_2_Break_001,金刚神枪指
Story/D_4_7_2_Break_001,话说，大师兄。你怎会的金刚神枪指？那不是嵩山神技吗？
Story/D_4_7_2_Break_002,哈哈哈哈哈！
Story/D_4_7_2_Break_003,笑屁。
Story/D_4_7_2_Break_004,你也被我骗啦，师弟。我如何会使金刚神枪指了？当时射伤石帮主的，是这件暗器。
Story/D_4_7_2_Break_005,这是……玻璃吗？
Story/D_4_7_2_Break_006,没错，这片打磨锐利的透明玻璃，便是本门的暗器『无形箭』。这东西不比铁器，能伤人于无形，但也脆弱得很。若非手劲、内力兼具，很难保护它形体不碎又能伤敌。
Story/D_4_7_2_Break_007,这一片，来自很久以前师娘送我的玻璃花。我把花瓣都用光了，就剩这一片，给你琢磨吧。
Story/D_4_7_2_Break_008,多谢大师兄。
Story/O_4_7_2_Break_002,大师兄蠢蠢欲动
Story/D_4_7_2_Break_009,……。
Story/D_4_7_2_Break_010,你神色这般古怪，怩怩忸忸的是想干什么？
Story/D_4_7_2_Break_011,师弟，你说我若去青楼喝杯酒放松放松，给美貌姑娘们朝脸颊上香两口，伤势会否好得快一些？
Story/D_4_7_2_Break_012,不，你会死吧。
Story/D_4_7_2_Break_013,哈哈，哪有这么夸张。
Story/D_4_7_2_Break_014,不，他说得对，你会死在我剑下。
Story/D_4_7_2_Break_015,我的天，有个女淫贼在窃听我们说话！
Story/D_4_7_2_Break_016,你又说我什么！不要再乱说了！我只是在外边喝酒吃饭，自然而然就听见了，才没有故意窃听！
Story/T_4_7_2_Break_001,她手里的是鸡腿！
Story/T_4_7_2_Break_002,她手里的竟然是鸡腿！万一我伤重之际，被她拿鸡腿杀了，这可不好笑！
Story/D_4_7_2_Break_017,上次你取笑我，叫我什么锦香宫杀人魔……！结果真的传开了，害我到现在还没洗刷污名！你这回又想害我！你可知我为了这个至今都不敢回宫，怕被师父责打吗！
Story/D_4_7_2_Break_018,是、是吗？原来你四处游荡，是因为这个不敢回家。这可真是没想到，抱歉了。
Story/D_4_7_2_Break_019,就算是我冤枉你了，就算是我刺你的，我也有在尽量补偿了啊！你怎么对我就这样恶毒，呜呜……现在我走到哪，大家都叫我杀人魔！我明明都在行侠仗义！我杀的……我杀的都是十恶不赦的坏人啊！
Story/D_4_7_2_Break_020,{size=24}……大师兄，你把人家弄哭了，这可怎么办？{/size}
Story/D_4_7_2_Break_021,{size=24}湘姊这人好面子，脸皮又薄，她在咱们面前哭出声来，{/size}{size=24}等会儿冷静下来，一定会拔剑杀人灭口，你信不信？{/size}
Story/D_4_7_2_Break_022,{size=24}英雄所见略同，我太信了。这下如何是好？{/size}
Story/D_4_7_2_Break_023,你问我哦？！
Story/O_4_7_2_Break_003,大师兄：「没办法，只好我去哄哄了。」
Story/O_4_7_2_Break_004,你：「没办法，交给我吧。」
Story/D_4_7_2_Break_024,{size=24}我最怕女子哭了，没想到她也有像个小娘子的时候。{/size}
Story/D_4_7_2_Break_025,这才有点可爱。
Story/D_4_7_2_Break_026,你就不能多消停几日吗？
Story/D_4_7_2_Break_027,明日我们就离开此处，即使明天再去青楼，也不是这间青楼。那此处的小姐们，不就错过了吗？
Story/D_4_7_2_Break_028,总之我受命于代掌门，负责看着你，无论如何是不会让你去的。
Story/D_4_7_2_Break_029,除非……除非你带我一道去，嘿嘿，嘿嘿。
Story/D_4_7_2_Break_030,带你进衙门关着还差不多。
Story/D_4_7_2_Break_031,你一定不肯让？那么看来你我师兄弟二人，今日非得要有一人倒下。
Story/D_4_7_2_Break_032,大师兄，你这回是唬不住我的。
Story/D_4_7_2_Break_033,好哇，看来有人要被揍了才会醒悟过来。
Story/D_4_7_2_Break_034,倒不如说此时不战，更待何时？趁你病，要你命！小师妹从此归我啦！
Story/D_4_7_2_Break_035,哈哈哈哈去你的，什么归你，也要人家肯跟你才算啊！你光是除掉我有什么用啦！
Story/D_4_7_2_Break_036,再不然我毒瞎她，问题便迎刃解决了。
Story/D_4_7_2_Break_037,放屁，你整个人都是问题吧，要解决问题，你跳河自尽最快。
Story/D_4_7_2_Break_038,倒不如说此时不战，更待何时？趁你病，要你命！湘姊从此归我啦！
Story/D_4_7_2_Break_039,哈哈哈哈去你的，什么归你，也要人家肯跟你才算啊！你光是除掉我有什么用啦！
Story/D_4_7_2_Break_040,再不然我毒瞎她，问题便迎刃解决了。
Story/D_4_7_2_Break_041,放屁，你整个人都是问题吧，要解决问题，你跳河自尽最快。
Story/N_4_7_2_Break_001,大师兄两眉一轩，有心试你武功，只是他元气耗弱，连动手都懒，只坐着用嘴皮子拆招。
Story/D_4_7_2_Break_042,哈！中计了吧，我掷出的暗器只是幌子，一刀子同时往你心口刺去，看你怎么防？
Story/D_4_7_2_Break_043,哈！我一招神龙摆尾，躲过你暗器，踢歪你刀子，可我只转三分之二圈就变招，借势使出黑虎偷心，抓你奶子！
Story/D_4_7_2_Break_044,岂有此理，你想抓我，可没那么容易！我返身倒出剑指，点你脖子人迎、水突任意一穴，这两穴是足阳明胃经，给我点着了，看你落地脚还利不利索。
Story/D_4_7_2_Break_045,只怕我都不用出手，你就能跌死你自己。
Story/D_4_7_2_Break_046,屁，你才点不到。你那时刚被我踢歪刀子，身体失衡，背向着我，还想反手点我脖子要穴？你作梦还比较真，要给你点着了，我还没落地就死了好吗？
Story/D_4_7_2_Break_047,……理论上行得通就好。
Story/D_4_7_2_Break_048,没品～谁跟你讲理论！你与人过招真的敢出这招，算我佩服你。你一味想赢，都不讲道理，我不跟你玩了啦。
Story/D_4_7_2_Break_049,哈！你想抓我，可没那么容易。我双臂一封，使一招全真派的「如封似闭」。
Story/D_4_7_2_Break_050,哈！太保守啦！
Story/D_4_7_2_Break_051,我化抓为扇掌，穿入你双臂中间，点你咽喉，啪，你死了。就算你想后退躲开，我还能用南宫世家的风流扇功，翻平扇掌，从里侧拉溃你的防御姿态，你中门大开，再补一拳打膻中，必死。
Story/D_4_7_2_Break_052,……这……这是……将军了？我死定了？
Story/D_4_7_2_Break_053,我若是你，自然还有法可解。我告诉你无妨，但你临阵决计想不到要用，说了也白搭，反而你还可能因此钻牛角尖，故步自封。
Story/D_4_7_2_Break_054,……。
Story/N_4_7_2_Break_002,你怎么也想不到解法，不禁汗毛直竖。入局太深，彷佛咽喉、膻中两处当真隐隐作痛，无论如何挣扎，都是死路一条。
Story/D_4_7_2_Break_055,想不到活路吗？我来告诉一个简易解法吧。
Story/D_4_7_2_Break_056,还有简易解？
Story/D_4_7_2_Break_057,当然有，那就是你别使「如封似闭」自陷就好。那招也不是说不好，但须绷紧筋肉，用在全力抗衡冲击时管用，碰到灵巧擅使擒拿手的对手，只会被打成猪头。
Story/D_4_7_2_Break_058,原、原来如此！还真是我钻牛角尖了，这招不行，我换一招不就得了？
Story/D_4_7_2_Break_059,随即我拳心一内一外，使出一招朴素的「里拳」，下勾打你下颚。
Story/D_4_7_2_Break_060,哦，这招挺妙的啊，里拳就不差了，拳心一内一外更妙。如此我便不敢冒险把手穿入你两臂中间，否则你一扭，我胳膊登时断了。两手后着还能完全不同，真贱啊。
Story/D_4_7_2_Break_061,跟你学的。
Story/D_4_7_2_Break_062,若我没猜错，你出拳也是幌子，是学我变招借势而已。接着就要仗着我身在半空回旋不来，疾转身出腿踢我了吧？
Story/D_4_7_2_Break_063,对。
Story/D_4_7_2_Break_064,哈！可惜这也在我意料之中。我黑虎偷心只是幌子，探出手去，抓你手腕，便封死了你一手后着。
Story/D_4_7_2_Break_065,我更借机把余势送你，这样一拖一带～
Story/D_4_7_2_Break_066,你架式登时就崩溃失衡，而我不费吹灰之力就恢复平衡，你说呢？
Story/D_4_7_2_Break_067,……好像还真的不可避免会跌倒。就算强行稳住，也落了下风。没等我稳住态势，就该被一阵乱拳打烂了……我输了。
Story/D_4_7_2_Break_068,你可得记住，我适才所使这招，乃是上官奥义，海上练出的「逐浪诀」。擅长害人东倒西歪，专克天下轻功，配合他们翻浪刀法，一波接着一波，咄咄逼人，最是霸道。
Story/T_4_7_2_Break_003,萤姑娘似乎却不使刀，也不懂这逐浪诀的样子。她一套苦恼拳直来直往，都尽朝别人脸面招呼。
Story/D_4_7_2_Break_069,你若有幸和上官家高手过招，需慎防他们使诈，倘若你一不留神没踏稳，失衡失势，他们刀招便陆续有来，逼得你喘不过气，再难转圜了。
Story/D_4_7_2_Break_070,多谢大师兄指点！
Story/D_4_7_2_Break_071,但踢的不是你。
Story/D_4_7_2_Break_072,不踢我，那你踢啥？
Story/D_4_7_2_Break_073,踢我方才被你神龙摆尾时，顺势脱手的刀子。它应该还在空中。
Story/D_4_7_2_Break_074,我若所料不差，你见我布局严密，多半无暇细想如何破招。依你的性子，行不通的路子就会果断抛弃，随意使点花架子晃眼，脚一沾地，就会施展轻功拉开距离，重整态势。
Story/D_4_7_2_Break_075,……猜对了。
Story/D_4_7_2_Break_076,我使的花架子会遮住自己的眼睛，拔步后撤，一定接不下你踢来的暗剑。
Story/D_4_7_2_Break_077,那就是说──？
Story/D_4_7_2_Break_078,你赢啦，哈哈哈哈哈！师弟，你啥时变那么了得，我怎都不知道！
Story/D_4_7_2_Break_079,我拆你招，拆得如履薄冰啊。还是你自己露出的破绽，并非我武功高强。真打起来，八成还是我输。
Story/D_4_7_2_Break_080,不对，我的破绽，在别人眼里看来可未必便是破绽啊。你确实很强了，我唐布衣可不会随便被人拿住弱点。
Story/D_4_7_2_Break_081,哈哈哈哈！当然是在你不知浪那儿去的时候苦练的。
Story/D_4_7_2_Break_082,不过纸上谈兵容易，真打起来，八成还是我输。
Story/D_4_7_2_Break_083,就算八成是你输，起码两成是你赢。
Story/D_4_7_2_Break_084,师弟，你赢过我的可能性已经出现了啊，大可骄傲点。
Story/D_4_7_2_Break_085,……是、是吗？
Story/D_4_7_2_Break_086,吵架吵到都傍晚了，下楼吃饭吧。今日是你赢，该你请客啦。
Story/D_4_7_2_Break_087,好！
Story/D_4_7_2_Break_088,可我没啥钱……。
Story/D_4_7_2_Break_089,身为高手，老是不带钱未免太不体面了吧。算啦，还是我来请你吧。
Story/O_4_7_2_Break_005,修炼：趁现在有所感悟，记忆犹新
Story/T_4_7_2_Break_004,……那时候大师兄的招，好像是这样使的。
Story/T_4_7_2_Break_005,好像不对，脚的动作太明显了，该是这样。
Story/D_4_7_2_Break_090,妈的，人家要睡觉，你能不能别在那边咻来咻咻去扰人清净？
Story/D_4_7_2_Break_091,抱歉，抱歉，我出去练。
Story/D_4_7_2_Break_092,你使不对劲，是因为缺了上身的招术。你若借用抛掷暗器的力道转移躯干重心，不就能掩藏步法了？
Story/D_4_7_2_Break_093,多谢大师兄指点。
Story/D_4_7_2_Break_094,行了，去去丑男走。
Story/D_4_7_2_Break_095,混蛋，我要收回方才的谢字。
Story/D_4_7_2_Break_096,算是颇有斩获。
Story/D_4_7_2_Break_097,弟，你出来练功呀。
Story/D_4_7_2_Break_098,湘姊。
Story/D_4_7_2_Break_099,需要不需要我来陪你拆招？
Story/T_4_7_2_Break_006,和她打，我的心一定会受伤的。
Story/O_4_7_2_Break_006,请湘姊指教！
Story/D_4_7_2_Break_100,好。
Story/O_4_7_2_Break_007,咿，女侠饶命，我可以给你钱
Story/D_4_7_2_Break_101,什么啦！你们师兄弟就知道气人。
Story/D_4_7_2_Break_102,你既不愿，那就算了，我又不是强盗，怎能要你的钱。
Story/D_4_7_2_Break_103,逃过一劫！我也回去歇息吧。
Story/N_4_7_2_Break_003,你回去叫了一碗清汤面果腹，吃饱洗漱，更衣便伏桌睡了。
Story/N_4_7_2_Break_004,你回去叫了一碗清汤面果腹，帐记大师兄头上。吃饱洗漱，更衣便伏桌睡了。
Story/D_4_7_2_Break_104,啊，是赵施主，阿弥陀佛，小僧无意惊扰阁下练功。只因在寺中听见动静，唯恐有强人欲对僧庙不利，这才出来看看。
Story/D_4_7_2_Break_105,原来福韫法师挂单的寺庙，就在附近吗？
Story/D_4_7_2_Break_106,才刚分别，又再碰头，真是巧合。
Story/O_4_7_2_Break_008,惊扰寺中法师，实在过意不去，我这便回了。
Story/D_4_7_2_Break_107,好，小僧也要回去了，施主请。
Story/D_4_7_2_Break_108,我也回吧。
Story/N_4_7_2_Break_005,你回去叫了一碗清汤面果腹，吃饱洗漱，更衣便伏桌睡了。
Story/N_4_7_2_Break_006,你回去叫了一碗清汤面果腹，帐记大师兄头上。吃饱洗漱，更衣便伏桌睡了。
Story/O_4_7_2_Break_009,福韫法师，可愿与赵某切磋几招？
Story/D_4_7_2_Break_109,现在？
Story/D_4_7_2_Break_110,赵某乃是强人，欠缺佛法教化。还请法师不吝当头棒喝。
Story/D_4_7_2_Break_111,……小僧被施主说服了。
Story/D_4_7_2_Break_112,实因白天见了大师兄与飞石帮主过招，心潮彭湃，不禁技痒。
Story/D_4_7_2_Break_113,实不相瞒，小僧也有点儿坐不住。唉，都是凡心未了，六根尚未清净。
Story/D_4_7_2_Break_114,所以……？
Story/D_4_7_2_Break_115,这便请施主赐教吧。
Story/N_4_7_2_Break_007,你趁着记忆犹新，到空旷处一阵拳打脚踢，将所见所得归一化纳，心满意足以后，回去叫了一碗清汤面果腹，帐记大师兄头上。吃饱洗漱，更衣便伏桌睡了。
Story/O_4_7_2_Break_010,休息：睡一顿饱
Story/N_4_7_2_Break_008,你用完膳，洗过澡，更衣便睡。半夜大师兄用棉被将你卷起，拖到地上，他自己独占了床。
Story/N_4_7_2_Break_009,你难得睡了一顿饱觉，日上三竿才醒，精神饱满。
Story/D_4_7_3_1_001,劳烦龙姑娘，不辞辛苦一路护送，唐某感激不尽。
Story/D_4_7_3_1_002,你少来！你分明嫌我麻烦，不想让我跟着你！
Story/D_4_7_3_1_003,我说的可不是现在。是谢你不以跋涉为苦，好心从金国一路护送我回成都府啊。
Story/D_4_7_3_1_004,有什么好谢的，你分明又在暗讽我刺伤了你。你要是真的不在意，怎会三番两次怪我害你受伤。
Story/D_4_7_3_1_005,我不是怪你害我受伤，是怪你害我伤处反复裂开流血。若非你龙氏女侠、马上霸主那惊天动地的驾车技术，我这伤早该好了。还用得着拖上一个多月吗？
Story/D_4_7_3_1_006,我、我又不是故意的……我没怎么驾过车，以为就跟骑马一样。
Story/D_4_7_3_1_007,嗯，马儿跟我命运乖舛，注定碰着你这命里魔星，都怪可怜的。不愧是锦香宫杀人魔，杀人都不必拔剑，与唐门忘形篇有异曲同工之妙。
Story/D_4_7_3_1_008,呜哇啊啊～～～！
Story/D_4_7_3_1_009,我恨你！
Story/D_4_7_3_1_010,{size=24}大师兄，快说点中听的好话，要不然真的会死！{/size}
Story/D_4_7_3_1_011,可、可是你救唐某性命，却是另一桩事。若无龙女侠出手，只怕唐某就死在金国了。一路虽然都同你说笑，其实唐某心底很是感激。
Story/N_4_7_3_1_001,说着，大师兄深深一鞠躬。龙湘这才渐渐收住哭声，含泪默默的把手里鸡腿吃完了。
Story/D_4_7_3_1_012,总算你这人还不算太没良心……。
Story/D_4_7_3_1_013,好，鸡腿已被吃了，再怎么着，我也不至于死于鸡腿之下。唐某如今已无惧于你，现在可以让道了吧，别挡着老子去青楼！
Story/D_4_7_3_1_014,……。
Story/D_4_7_3_1_015,哈哈哈哈哈！
Story/D_4_7_3_1_016,……。
Story/D_4_7_3_1_017,说笑的，我说笑的！你这人怎那么较真，真不好相处。
Story/D_4_7_3_1_018,唐布衣，你给我到前面来。
Story/D_4_7_3_1_019,偏不，有种你就先杀了我师弟。
Story/D_4_7_3_1_020,妈的！放开我，你这没人性的畜牲！
Story/D_4_7_3_1_021,冤有头债有主！我是无辜的，女侠明察！
Story/D_4_7_3_1_022,女侠饶命啊！快把剑收着，我看了心里害怕。
Story/D_4_7_3_1_023,你最好是会怕，我就没见过你们这么胆大包天的人。
Story/D_4_7_3_1_024,是他！不是我！
Story/D_4_7_3_1_025,连夏侯姑娘都只会白我一眼骂我无聊，从没见过话都不说直接拔剑的，何况你还不是在闹，是真的打算戳我吧。
Story/D_4_7_3_1_026,无聊，一点都不好笑。
Story/D_4_7_3_1_027,不好笑你可以不要笑，凭啥我去青楼还得被你管？连我师父都没管我。
Story/D_4_7_3_1_028,这话说的不对吧，大师兄，掌门明明严禁你去。
Story/D_4_7_3_1_029,师弟你住口啦，现在不是拆我台的时候。
Story/D_4_7_3_1_030,咳嗯，龙姑娘，你听我说。其实唐某去青楼，并非贪花好色。
Story/D_4_7_3_1_031,你只管胡说吧，我再信你才怪！
Story/D_4_7_3_1_032,我唐门服毒修练内功，江湖人人皆知。如今我内伤严重，阴阳失调，唯恐毒质反噬，因此必需急寻一名女子，唱曲儿给我听，才能见好。
Story/T_4_7_3_1_001,这人真离谱，编这种瞎话，天下有哪个蠢蛋会信？
Story/D_4_7_3_1_033,……是像我师父那样，能用琴曲、琵琶曲施展音波功，助人疗伤抑或伤敌吗？原来此地青楼还藏有这种内家高手。你倒是早说啊，害我……害我以为……。
Story/T_4_7_3_1_002,她信了！天下最蠢的蠢蛋定是此女无疑！
Story/D_4_7_3_1_034,你能明事理，再好不过。现在我能去青楼玩了吗？
Story/D_4_7_3_1_035,好，我也想拜见那位高人，我与你同去。
Story/D_4_7_3_1_036,……什么？那、那里是烟花之地，你一小娘子，怕不合适吧？
Story/D_4_7_3_1_037,锦香宫中，许多师姐都是从良的风尘女子。她们卖身讨活不抢不骗，比生来富庶、坏事做尽却自命清高的人高洁得多。酒肉尚且能穿肠而过，何况逢场作戏的露水姻缘？
Story/D_4_7_3_1_038,以上，是我师父说的，不过我也深以为然。并没有瞧轻青楼女子的意思。
Story/D_4_7_3_1_039,……。
Story/T_4_7_3_1_003,这才有点儿可爱。
Story/D_4_7_3_1_040,你也是锦香宫弟子，你懂奏乐吗？
Story/D_4_7_3_1_041,锦香宫中，人人都要学一门乐器，我自然也不例外，学的是箫。不过我没什么天份，吹的不好，也不会音波功。更、更何况此处又没有箫。
Story/D_4_7_3_1_042,箫吗？这个容易，我连笙都会做。蜀中竹子最多，我出去找根好的，替你削一根，走吧。
Story/D_4_7_3_1_043,不要啦，我不要啦！
Story/D_4_7_3_1_044,我的心脏……麻了，没有知觉了，死了，化成灰了。
Story/D_4_7_3_1_045,……我这算是死里逃生了吧？
Story/D_4_7_3_2_001,湘姊，你且来听我细细与你分说。
Story/D_4_7_3_2_002,什么啦！你要说什么啦！
Story/D_4_7_3_2_003,其、其实锦香宫杀人魔这外号，听着也挺霸气的不是吗？
Story/D_4_7_3_2_004,我恨你！
Story/D_4_7_3_2_005,呃啊！
Story/D_4_7_3_2_006,不！师弟！
Story/N_4_7_3_2_001,你被鸡腿砍在颈脉上，受到震荡，心律断绝，就此死去。
Story/D_4_7_3_2_007,我大师兄这么做，是有深意的，你虽恶名昭彰，可是出名也快呀，清者自清，路遥知马力，先出名再洗白，总比做一辈子好事依然乏人问津要好吧。
Story/D_4_7_3_2_008,……这么狡猾，未免不诚信。我固然想出名，但我要光明正大的出名，才对得起我爹的名声。如今我该怎么办啊，人人都说前武林盟主的女儿是杀人魔！
Story/D_4_7_3_2_009,这就是大师兄你的不是了。你自己觉得好，不见得别人也喜欢。
Story/D_4_7_3_2_010,这人老是自作主张，把爱吃的菜塞给别人，殊不知别人最讨厌叶儿粑！
Story/D_4_7_3_2_011,湘姊，你大人有大量，别太怪罪他。说到底，我大师兄也是一番美意。
Story/D_4_7_3_2_012,骗人。
Story/D_4_7_3_2_013,没骗，他虽然看似癫狂，实则心思细的很。
Story/D_4_7_3_2_014,也坏得很！
Story/D_4_7_3_2_015,对，最坏就他了，贱人。我们唾弃他。
Story/D_4_7_3_2_016,啊哈哈。
Story/D_4_7_3_2_017,听到了没，连你师弟都不包庇你！你还不思反省！
Story/D_4_7_3_2_018,反省了，我反省了，是我对不住你，下不为例。小可今后一定到处宣扬龙女侠的英雄事迹。人人提及龙湘，只会翘一根大姆哥，赞道：「好一位女中豪杰！」行吗？
Story/D_4_7_3_2_019,……可以，你若食言，下回我还要捅你。
Story/D_4_7_3_2_020,湘姊，话说你手头那是鸡腿吗？听说本镇烧鸡腿很有名，当真有特别好吃吗？我却是吃不出来，不知内行在哪。
Story/D_4_7_3_2_021,有不有名我不知道，但是……但是滋味儿还是不错的。
Story/D_4_7_3_2_022,用了花椒、姜、茱萸三香卤的，麻麻辣辣，吃着挺香。虽不是我吃过最美味的，但也算印象深刻，别处吃不到。
Story/D_4_7_3_2_023,那最好吃的鸡腿在哪儿？
Story/D_4_7_3_2_024,在唐门，你煮的。
Story/D_4_7_3_2_025,……咦？你说真的？
Story/D_4_7_3_2_026,在鸡腿这事上，我龙湘从来不戏言。
Story/D_4_7_3_2_027,安心吧，弟，你做的鸡腿，真的是人间最好吃的鸡腿。那鸡在天之灵，要是知道自己的腿这么好吃，想必也足以告慰生平。
Story/T_4_7_3_2_001,那倒未必吧，那鸡只会恨你而已。
Story/D_4_7_3_2_028,嘿嘿，嘿嘿。
Story/D_4_7_3_2_029,不过江湖很大，到处都有鸡，每只鸡都有两条腿。就像武学感悟不同一样，鸡也会各式各样的烹饪法。我说你的鸡腿最美味，那是受限于我的眼界而已。
Story/D_4_7_3_2_030,那你要不要遍游天下，写本传记，专门评比各地方的特色鸡腿？否则你就只记得最好的，忘记其他鸡腿也都各有千秋。
Story/D_4_7_3_2_031,好、好主意！我怎么没想到呢？
Story/D_4_7_3_2_032,要是幸运问到了食谱，还能让你做给我吃！我这就去买本空白书本，从这间店开始，色、香、味都评比一番！
Story/D_4_7_3_2_033,……应该是丐帮帮主亲手烤的叫花鸡吧。
Story/D_4_7_3_2_034,你是说，那位泥教法王王帮主亲手烤的？这是何等奇缘。
Story/D_4_7_3_2_035,那有什么好奇怪的。他与我师父兄妹相称，偶尔会来锦香宫作客。每回我师父都会给他葫芦里添满自己酿的佳酿，王帮主则以叫花鸡相酬。
Story/D_4_7_3_2_036,八成是我合他眼缘吧，锦香宫这么多弟子，就只叫我一人去吃。
Story/D_4_7_3_2_037,八成是你盯着人家的烤鸡流口水，王帮主看不下去才叫你的吧。
Story/D_4_7_3_2_038,也、也是有可能！我有什么法子，那么香的鸡哎！黄泥拨开，荷叶拨开，那个香～根本不是凡人能挡！
Story/D_4_7_3_2_039,话说，王帮主把他的叫花鸡食谱传了给我……。
Story/D_4_7_3_2_040,做给我吃！做给我吃！
Story/D_4_7_3_2_041,求你了，求你了嘛～我的好弟弟，我只道王帮主故世，这一生一世，再也吃不到了。
Story/D_4_7_3_2_042,每回我吃完鸡，王帮主都会顺便指点我一门武功。要不下回我也拿武功与你交换！
Story/D_4_7_3_2_043,成交。
Story/D_4_7_3_2_044,一言为定，你可不能学你大师兄那样言而无信。倘若你也食言，我便不认你当弟弟了！我去也！
Story/D_4_7_3_2_045,你去哪？
Story/D_4_7_3_2_046,人逢喜事精神爽，出门揭张海捕令，提剑斩贼人！
Story/D_4_7_3_2_047,这人真可怕，心绪坏时有人要死，心绪好时一样有人要死。
Story/D_4_7_3_2_048,只可惜王帮主已经……就不知那叫花鸡食谱，还有没有传世。
Story/D_4_7_3_2_049,唉，王帮主辞世，这一生一世，怕是都吃不到了，好生令人悲伤。
Story/N_4_7_3_2_002,龙湘想起当年，王帮主每回来到锦香宫作客，醉后都会拍腿唱歌，温夫人则以琴声附和，在她眼里，二人心中似乎都有对方，到头却还是凄凉收场，令人不胜唏嘘。
Story/D_4_7_3_2_050,我心绪不好，不与你们胡闹，这便走了。
Story/D_4_7_3_2_051,……方才我……了的事要敢说出去，我是一定会消灭你们的。奉劝二位好自为之，莫要以身试法！
Story/D_4_7_3_2_052,……那家伙总算走了。
Story/D_4_7_3_2_053,那我可以去青楼了。
Story/D_4_7_3_2_054,想都别想！
Story/N_4_7_3_2_003,大师兄与你为了去不去青楼的事争论打闹，没使武功，只伸长胳膊用蛮力互搏。直到掌柜和店小二报官，官差破门喝令住手为止。
Story/D_4_7_4_1_001,咕呀呜噜呃──！
Story/D_4_7_4_1_002,你那什么古怪叫声，真爱搞怪。
Story/D_4_7_4_1_003,多、多谢湘姊……。
Story/D_4_7_4_1_004,我真烂，我还是不要混江湖好了，免得早死。
Story/D_4_7_4_1_005,输得毫无悬念，我早料到了，哈哈。
Story/D_4_7_4_1_006,兵器还你。
Story/N_4_7_4_1_001,纵使知道她绝无恶意，见龙湘手中拿着兵刃，你心下仍是一怵。
Story/O_4_7_4_1_001,吓坏
Story/D_4_7_4_1_007,……。
Story/D_4_7_4_1_008,怎么了……还你啊。
Story/D_4_7_4_1_009,咿！咿！
Story/N_4_7_4_1_002,你见着龙湘手里有兵器，便本能的逃跑了。
Story/D_4_7_4_1_010,喂，你忘了你的兵器，我丢给你喔。
Story/O_4_7_4_1_002,镇定
Story/D_4_7_4_1_011,弟，你功夫越来越强了，假以时日，定能成为高手。
Story/D_4_7_4_1_012,是吗？
Story/D_4_7_4_1_013,我明明输得那么惨……。
Story/D_4_7_4_1_014,你虽然输了，但心没有曲折。你信吗？这才是我等江湖中人，最终能否成为高手的关键。以上，是我爹说过的话，也是我努力不懈的心诀，如今传授给你了。
Story/D_4_7_4_1_015,──是，多谢指教。
Story/D_4_7_4_1_016,那姊回去了，你也别太晚回。
Story/D_4_7_4_1_017,知道了。
Story/N_4_7_4_1_003,龙湘走后，你又独处一阵子，将方才她的招术想了几遍才回客栈，吃饭、洗澡、更衣躺床上，脑海里都是剑影。想得越清楚，心中越绝望，都有退隐江湖的念头了。
Story/D_4_7_4_1_018,那我们回去吧。我适才见到街边有卖紫苏膏，机会难得，我想尝尝。就怕去得晚，摊贩打烊了。
Story/D_4_7_4_1_019,我还以为你除了鸡腿，其他的都看不上眼。
Story/D_4_7_4_1_020,鸡腿固然美好，但天下美食岂只鸡腿。若是太执着，不知错过多少好吃好喝的，走啦。
Story/D_4_7_4_1_021,怕不是拿我当幌子，实际上想买东西给大师兄吃吧。
Story/D_4_7_4_1_022,即使如此，能与湘姊并肩逛街也很好。
Story/D_4_7_4_1_023,湘姊等我！
Story/N_4_7_4_1_004,你和龙湘将村中市集逛了一遭，在茶铺坐下喝些饮子。
Story/N_4_7_4_1_005,将要日落，又见夜市陆续出来摆摊，龙湘又拉着你从头逛了一遍。
Story/O_4_7_4_1_003,中途不翼而飞
Story/N_4_7_4_1_006,即使有你盯着，龙湘的钱包依然神不知鬼不觉的消失了。她本想大方请客，无奈付不出钱来，只好可怜巴巴指望你。
Story/N_4_7_4_1_007,可是你一摸口袋，发现自己也是阮囊羞涩，便装作你也遭窃，和龙湘同仇敌忾，把丐帮小偷臭骂了一顿。随后你把兵器抵押在那，回客栈去向大师兄借钱。
Story/N_4_7_4_1_008,可是你一摸口袋，发现自己也是阮囊羞涩，只得把兵器抵押在那，回客栈去向大师兄借钱。大师兄差点没给你们两活宝笑死。
Story/N_4_7_4_1_009,你只得无奈的解囊，把她的帐也结了。之后一路回客栈，龙湘都可怜兮兮低着头，浑无半分气魄可言。
Story/O_4_7_4_1_004,奇迹幸存
Story/N_4_7_4_1_010,你整天都盯着龙湘，防止任何人以任何理由欺近她。眼光如炬四射，震退街头宵小，龙湘的钱包离奇幸存。
Story/D_4_7_4_1_024,……。
Story/T_4_7_4_1_001,真让人安心。
Story/D_4_7_4_1_025,！？
Story/D_4_7_4_1_026,我、我竟赢了！
Story/D_4_7_4_1_027,你是怎么……？
Story/T_4_7_4_1_002,是我掉以轻心了吗？不，我并没留手。弟武功虽不及我，却似布局机深，招招觑准我所不及处。
Story/T_4_7_4_1_003,纵使十场我能赢下九场，这次却是真的输了。
Story/T_4_7_4_1_004,哦……哦，湘姊这样笑真好看。
Story/D_4_7_4_1_028,湘姊，你还好吗，怎么不说话？
Story/D_4_7_4_1_029,你可真了得，是我输给你啦。
Story/D_4_7_4_1_030,简直像做梦一样！
Story/D_4_7_4_1_031,哎唷，你为何打我？
Story/D_4_7_4_1_032,我输了给你，本就不甘心，又看你笑得那么可恶，于是就打你了。
Story/D_4_7_4_1_033,还真老实。
Story/D_4_7_4_1_034,你可别太得意哦，下回再切磋，就是我向你讨教了。
Story/D_4_7_4_1_035,……虽说侥幸，但我竟然能赢得了湘姊……。难道我也算得上是高手了吗？
Story/N_4_7_4_1_011,你心中半是余悸犹存，半是欣喜自豪，良久不能自已。想着方才惊险处，又冒了一身冷汗，回到客栈先洗漱更衣，才下楼用膳。
Story/D_4_7_4_2_001,我认输了。
Story/D_4_7_4_2_002,施主，承让了。
Story/D_4_7_4_2_003,小僧认输了。
Story/D_4_7_4_2_004,小僧有一事不解，还请施主赐教。施主一身武功，与寻常唐门弟子相较，似乎不太一样。
Story/D_4_7_4_2_005,我倒想一样，可是唐门就是不肯收我入室啊。我不得心法、歌诀，只能自己乱练一通。
Story/D_4_7_4_2_006,啊……法师你也知道，我是外姓弟子嘛。手中纵有秘籍，也没师长传授心法、歌诀，都得自学。可是太过荒谬，贻笑大方了吗？
Story/D_4_7_4_2_007,非也。
Story/D_4_7_4_2_008,小僧自认天赋不坏，七十二绝技中兼得其三，已算贪多。再练就不精纯，反而会带歪既有招术。
Story/D_4_7_4_2_009,而赵施主胸中却似有无尽藏，精妙招数纷呈，乍一看仍是唐门武功，其中含意却大异其趣，而且圆畅如意，浑然天成，真令小僧大开眼界。
Story/D_4_7_4_2_010,法师见笑了，我也是感觉能使的招，顺手便使罢了。也没管学不学歪，反正歪到最远，就是回到原点。
Story/D_4_7_4_2_011,施主此言，颇有禅机。是啊，我又怎知如何算正、如何是歪呢？何处是因，何处是果？
Story/D_4_7_4_2_012,生生造化皆有法，因果循环俱自然。我不挣扎，到头亦归尘土，我便挣扎，亦归尘土，此间有何异同？
Story/D_4_7_4_2_013,并无不同。
Story/D_4_7_4_2_014,那岂不是说，人活着与死了一样，都不需要努力？
Story/D_4_7_4_2_015,那又不然，同归却殊途。人有贵而非生来贵，是行止贵；人有贱而非生来贱，是思想贱。屈原在世不趁意，留芳千古；刘禅乐不思蜀，遗臭万年，两者一样吗？
Story/O_4_7_4_2_001,一样，反正他们都死了
Story/D_4_7_4_2_016,没错，既得肉身，必经成住坏空，生灵草木无一可免。权也空，名也空，封侯拜相一场梦，身也空，心也空，出生入死太匆匆。
Story/D_4_7_4_2_017,人的一生，有如白驹过隙，何必苦求天边云彩，法象万物，无不有法可学，是迷是悟，在我一念而已。
Story/O_4_7_4_2_002,不一样，哪里能比
Story/D_4_7_4_2_018,没错，屈原是屈原，刘禅是刘禅，赵活是赵活，福韫是福韫。生来就不一样，哪里能比？何必要比。
Story/D_4_7_4_2_019,我不必比人强，我不必比人富。是迷是悟，在我一念而已。
Story/D_4_7_4_2_020,我有可能错，我有可能对，亦有可能只是佛法在世间的一层体现。我是法中众生，我中有法，我悟了……我悟啦！
Story/D_4_7_4_2_021,呃……。
Story/D_4_7_4_2_022,啊，施主切莫介怀，小僧偶有感悟而已。
Story/D_4_7_4_2_023,烟花遮眼，人间最苦最乐皆莫过于此。施主就尽情在苦海之中煎熬吧，不是小僧害的就好。施主，恕我失陪了，得去将这难得感悟写将下来，印证佛理。
Story/D_4_7_4_2_024,……阿弥陀佛。
Story/N_4_7_4_2_001,你闻之若有所感，只可惜说不清、道不明，追根究柢也不必说道。《道德经》有云：道可道，非常道。今日所闻虽是佛门中人的感悟，却也令你心境更上一层楼。
Story/D_4_7_4_2_025,这和尚该不会是钻牛角尖，走火入魔了吧？真可怕。幸好他有把头发剃掉，散热无碍，要不然脑子就烧坏了。
Story/D_4_7_4_2_026,福韫法师说话这么快，还如此晦涩。我一介凡夫俗子没有慧根，就恕我不深思了。
Story/D_4_7_4_2_027,我也不求证悟佛法，超脱凡尘。只求练好武功，扬眉吐气，家财万贯、再娶个美娇娘回家，生个子孙满堂就心愿完满了。
Story/N_4_7_4_2_002,你回到客栈，你用完膳，洗过澡，更衣伏案而睡。
Story/D_4_7_5_1_001,都准备好了吧？
Story/D_4_7_5_1_002,好了。
Story/D_4_7_5_1_003,好了。
Story/D_4_7_5_1_004,小僧随时可以出发。
Story/D_4_7_5_1_005,那便走吧。
Story/D_4_8_1_001,总算快到家了，没想到回程如此不太平。
Story/D_4_8_1_002,想是你树敌太多，看你幸免下山，仇家纷纷急眼，四面八方杀将出来。
Story/D_4_8_1_003,八成都想趁我大战一场元气未复，要我命吧。你看，成名也不全是好处吧？
Story/D_4_8_1_004,怕甚么？来一个，咱们就做一个，来一双，做一双。
Story/D_4_8_1_005,从没护卫过似你这么惹人厌的家伙。
Story/D_4_8_1_006,此行业障实多，固能宏扬佛法，劝谏仇怨。但小僧选择以力服人，因为万物皆有佛性，是以小僧的拳头也有佛性。阿弥陀佛，善哉善哉。
Story/D_4_8_1_007,都别说了，看，前边道上又有人拦路了。
Story/D_4_8_1_008,那便照惯例，猜拳决定这回轮到谁去打发……哦。
Story/D_4_8_1_009,对方主动走过来了。
Story/D_4_8_1_010,小梅，怎么是你？难道你也想杀大师兄吗？
Story/D_4_8_1_011,莫非这不干人事的登徒子对你非礼？岂有此理，看我不宰了他！
Story/D_4_8_1_012,师弟你怎么见色忘友！
Story/D_4_8_1_013,哇哈哈哈，不是啦！我就是不放心，出来迎接你们呀。
Story/D_4_8_1_014,虽然蜀中是唐门的地盘，但是大师兄的名声咳嗯……。就怕有人趁机替天行道。
Story/D_4_8_1_015,哈哈哈！新来的师妹说话好有趣！
Story/D_4_8_1_016,多谢大师兄夸奖，本梅也觉得很自豪，哇哈哈哈！
Story/D_4_8_1_017,……。
Story/T_4_8_1_001,意思即是说，我说话很无趣了？
Story/T_4_8_1_002,啊，有人不高兴了。
Story/T_4_8_1_003,她好是好，和小梅相较，还是和后者过日子有趣得多。
Story/T_4_8_1_004,……大师兄你可千万高抬贵手，别把小梅也迷倒了。
Story/D_4_8_1_018,弟，你来。
Story/D_4_8_1_019,做什么？
Story/D_4_8_1_020,咱们两老实人嘴笨，不去掺和他们一搭一唱。
Story/D_4_8_1_021,哦，好。
Story/T_4_8_1_005,臭阿活，花心大萝卜！你给我记住，我跟你没完！回头你就等着挨我刀子！
Story/D_4_8_1_022,你说什么……？
Story/D_4_8_1_023,你说阿活老实、嘴笨……？
Story/D_4_8_1_024,怎、怎么了吗？
Story/D_4_8_1_025,这位白衣女侠，你可别被这人骗了！此人虽然生作如此德行，但是奸诈狡猾至极！
Story/D_4_8_1_026,你别拉他！
Story/D_4_8_1_027,别！别两边撕扯！我要裂了，我要裂成两半了！
Story/D_4_8_1_028,我、我都说别拉了！
Story/N_4_8_1_001,你深怕自己真被撕成两半，不甘坐以待毙，居中使力一拉，那二女武功虽高，力气却没你大，登时被你拉进怀里，左拥右抱。
Story/D_4_8_1_029,啊！
Story/D_4_8_1_030,女侠你看，这个阿活就是一头禽兽而已！
Story/D_4_8_1_031,你、你说得对。我不要了，你要给你吧。
Story/D_4_8_1_032,我只是好意提醒，自己的垃圾自己丢。
Story/D_4_8_1_033,不要推我！大师兄，救我啊！
Story/D_4_8_1_034,哈哈哈哈哈！
Story/O_4_8_1_001,龙湘放手
Story/D_4_8_1_035,啊，抱歉。
Story/N_4_8_1_002,终究是龙湘怕你吃痛，先松了手。
Story/O_4_8_1_002,两人都不放手
Story/N_4_8_1_003,两人都互看不顺眼，甭管抢的是什么玩意，赌的就是一口气。死活不肯放手，双双运起真气。
Story/D_4_8_1_036,{size=60}呃啊啊啊啊──！！{/size}
Story/O_4_8_1_003,小梅放手
Story/D_4_8_1_037,……。
Story/N_4_8_1_004,小梅听你喊疼，立刻就放了手。
Story/D_4_8_1_038,……总之，我可是劝过你，对得起天地良心了。
Story/D_4_8_1_039,师弟，你难得被两个美人撕扯，感想如何？
Story/D_4_8_1_040,要命！
Story/D_4_8_1_041,开心得要命。
Story/D_4_8_1_042,……。
Story/D_4_8_1_043,……。
Story/D_4_8_1_044,善哉，唐门神通广大，连崆峒嫡传女弟子也收了。
Story/D_4_8_1_045,啊！贫嘴小和尚，你怎么也在这？
Story/D_4_8_1_046,你们认识？
Story/D_4_8_1_047,这人来过崆峒化缘，在玄功洞开坛宣扬佛法。
Story/D_4_8_1_048,那日上官女居士也在。魏女居士与小僧论道，她的博学广识令人印象深刻。
Story/D_4_8_1_049,淫僧，对我就那么咄咄逼人，对小菊说话却那样客气。你是不是偷偷喜欢我们魏掌门？
Story/D_4_8_1_050,女施主休得妄语，罪过。
Story/D_4_8_1_051,小僧对谦冲有道之人，自然说柔软语，作慈悲事。至于和女施主拌嘴，那是因材施教，你应得的。
Story/D_4_8_1_052,嘿～这样啊。
Story/D_4_8_1_053,好啦，话就说到这，我们启程吧。大师兄，你陪这位小和尚走，我应付不了他的嘴。我和阿活走在你们后面。
Story/D_4_8_1_054,法师，那我们走前面吧。
Story/D_4_8_1_055,甚好，小僧也不愿与小梅施主并行山路。一来山路狭窄，男女授受不亲，二来小僧怕被她推下山崖。
Story/D_4_8_1_056,哇哈哈哈！你可真机灵。
Story/D_4_8_1_057,阿活，我们也走吧。
Story/D_4_8_1_058,……你不会把我推下山崖吧？
Story/D_4_8_1_059,你要是不放心，可以拖着本梅的手手啊～我要是推你，你就把我一块儿拉下去陪葬，跟你一起摔成烂泥得了。
Story/N_4_8_1_005,小梅说着，把自己小手塞进你掌心里。
Story/D_4_8_1_060,你……你……。
Story/D_4_8_1_061,笑得真恶心，登徒子，禽兽！走啦，臭阿活。
Story/D_4_8_1_062,男女授受不亲！给人看见，我会被打死的！
Story/D_4_8_1_063,又不是在崆峒，你怕什么？算了，本梅也只是逗你而已，走啦。
Story/D_4_8_1_064,那要看你表现了。你出门有没有带礼物给我？没有？好，那你等下就会被我推下去。真令人期待。
Story/D_4_8_1_065,我出门可不是去玩的啊！
Story/D_4_8_1_066,嚯，朝我走过来了吗，没有选择逃跑而是主动接近我吗？
Story/D_4_8_1_067,……我这师弟是不是越来越得意忘形了？
Story/D_4_8_1_068,这家伙看起来很弱，就交给我了！
Story/D_4_8_1_069,亏你说得出口。
Story/D_4_8_1_070,师弟，你收拾了就来，我们可要先走啦。
Story/D_4_8_10_1_001,赵君……。
Story/D_4_8_10_1_002,……难得梦见本宫，怎能哭丧着脸呢？
Story/D_4_8_10_1_003,掐指算来，是你大师兄辞世的日子吧。
Story/O_4_8_10_1_001,是。
Story/D_4_8_10_1_004,……天下无不散的筵席。
Story/D_4_8_10_1_005,爱与缘皆是掌心里的流沙，捉得再紧也留不住的。时候到了，就诀别各散东西，能够好好的道别，已是人生幸事。
Story/D_4_8_10_1_006,此刻就先睡吧，本宫来作你梦乡的守人，愿你好梦安息。
Story/O_4_8_10_1_002,不论如何希望大师兄能活。
Story/D_4_8_10_1_007,明白了，如君所愿。本宫来为你摘下星辰吧。
Story/D_4_8_10_1_008,{size=60}！！{/size}
Story/D_4_8_10_1_009,我回来了？我还活着……？那……那大师兄呢？
Story/D_4_8_10_1_010,拍拍，拍拍，师兄不哭。
Story/D_4_8_10_1_011,……大师兄已经回家了。师弟，你好生静养，待你康健一点，再去后山拜祭他……。
Story/D_4_8_10_1_012,假的吧……这也是作梦吧……只是噩梦一场。等我醒来……大师兄也会回来……像以前一样。
Story/D_4_8_10_1_013,唉，四师弟，我们先出去，让他静一静吧。
Story/D_4_8_10_1_014,师兄，你睡着，铃儿在这陪你，好吗？
Story/N_4_8_10_1_001,你也不知这场白日梦，有多少是真，从何处开始是幻觉。也许从头到尾都是幻境也说不定。
Story/D_4_8_10_1_015,默铃。
Story/D_4_8_10_1_016,哥哥……你、你还好吗？
Story/D_4_8_10_1_017,我没事，小师妹就，就拜托妳了。
Story/D_4_8_10_1_018,好……你失去了兄长，很是伤心。但你也是作兄长的人，不能一蹶不振喔。
Story/N_4_8_10_1_002,龙湘紧抿唇瓣，想赶在泪珠落下以前全速逃开。可是到头谁能不被回忆追上呢？悲伤会如影随形，催人泪如雨下。
Story/N_4_8_10_1_003,龙湘紧抿唇瓣，想赶在泪珠落下以前全速逃开。你千头万绪堵在喉头，说不出口，留不住她。
Story/N_4_8_10_1_004,龙湘紧抿唇瓣，想赶在泪珠落下以前全速逃开。可是却被你拉住了袖子，轻轻一甩就能挣脱，可她却一步也挪不开了。
Story/T_4_8_10_1_001,赵活……。
Story/N_4_8_10_1_005,她一言不发，只是盯着你恸动的背影。
Story/T_4_8_10_1_002,现在就先哭吧，哭了好过憋在心里，你会好过来的。
Story/N_4_8_10_1_006,师兄弟们将大师兄埋葬在后山，与唐门先烈一起。墓碑写道『飞侠唐布衣长眠于此』。
Story/N_4_8_10_1_007,明明放晴，唯独唐门阴云密布。雨花零落，湿了衣襟，彷佛人间都被雨洗过，变得冷清。
Story/N_4_8_10_1_008,人生如萍，聚散不定，谁能保证明天一切如故？
Story/D_4_8_2_001,好啦，我们启程吧。大师兄，请你陪这位美貌的女侠走，她是客人吧？可不能怠慢了。我和阿活走在你们后面。
Story/T_4_8_2_001,──原来她是好人。
Story/D_4_8_2_002,好，龙姑娘，我们走吧。
Story/T_4_8_2_002,啊……。
Story/D_4_8_2_003,阿活，咱们俩走慢点。你不觉得大师兄和这位女侠之间，好像有点什么吗？
Story/D_4_8_2_004,你可别乱点鸳鸯谱喔，还说不一定呢。
Story/D_4_8_2_005,啊哈，我看出来了。有人在吃醋。
Story/D_4_8_2_006,才没有！
Story/D_4_8_2_007,你可得放尊重点，那位说不定将来就是我们大师嫂。得罪了她，以后可没好果子吃。
Story/D_4_8_2_008,哇哈哈哈！
Story/D_4_8_2_009,哈哈哈哈！
Story/D_4_8_3_001,怎么回事，你受了伤，怎么还敢来挑战我大师兄？
Story/D_4_8_3_002,什么挑战？你别再一派胡言，这回我可不上你当！
Story/D_4_8_3_003,这回？
Story/D_4_8_3_004,我师兄弟俩今日中了你毒计，栽你手头，还有什么说的？但是你也别想得到我俩手中宝刀宝剑！你灰孙子不配！给我坠入地狱受苦去吧！
Story/D_4_8_3_005,……且慢，容我问一句。在此之前，你今日曾见过我？
Story/D_4_8_3_006,你还装什么蒜？再演就不像了！方才茶肆里下毒害人，还自鸣得意的王八蛋，不是你会是谁？
Story/D_4_8_3_007,王八蛋！那个才不是我！
Story/D_4_8_3_008,……情况我知道了，大叔，那个不是我。我只道你气势汹汹的过来，是要向我们挑战的，误会一场。
Story/D_4_8_3_009,你说方才那个不是你？
Story/D_4_8_3_010,仔细一看……还真不是！根本长得不一样！只是太丑了让人不忍直视，感觉特征相近就认作一人了！
Story/D_4_8_3_011,该不会……该不会让我碰上传说中的那个……千面人魔了吧？
Story/D_4_8_3_012,什么宝刀宝剑？我明明才回来，几时害过你了？你这人说话怎么乱七八糟的。
Story/D_4_8_3_013,放屁，你不贪图我师兄弟所铸的神兵利器，却在此拦道干嘛？
Story/D_4_8_3_014,我只道你气势汹汹的过来，是要向我们挑战的！
Story/D_4_8_3_015,挑战个屁！我都剩半条命了，像是要挑战人的？
Story/D_4_8_3_016,经你这么一说也是……那么说，都是误会。
Story/D_4_8_3_017,这、这可对不住了，大叔，是我唐突了。只因我们这一路碰了好多对手，就先入为主，认定你也是敌人了。
Story/D_4_8_3_018,什么嘛，原来是这样，都是误会、误会。大叔，我们不打不相识，幸好没出人命，否则就真结了仇。
Story/D_4_8_3_019,你说是误会……等等？
Story/D_4_8_3_020,仔细一看……你还真不是方才下毒那人！根本长得不一样！只是太丑了让人不忍直视，感觉特征相近就认作一人了！
Story/D_4_8_3_021,你是说，你受人暗算，那人长得像我？
Story/D_4_8_3_022,细看不像，但穿着打扮，彷佛故意要与你一样似的，铁定别有用心。
Story/D_4_8_3_023,该不会……该不会让我碰上传说中的那个……千面人魔了吧？
Story/D_4_8_3_024,……我有不祥预感。
Story/D_4_8_3_025,大叔，我略通医术药理，可为你急救疗伤，你可愿信我？
Story/D_4_8_3_026,我怎么可能单凭三言两语便信你，我怎知你不是胡诌。我自有方法治伤，只要你放我离去，其他不用你管。
Story/D_4_8_3_027,说得也是。
Story/D_4_8_3_028,此事是我唐突冒犯了阁下，还请海量包涵。来日再登门道歉。
Story/D_4_8_3_029,不必，你找不到我，也不必找。
Story/D_4_8_3_030,抱歉了大叔，我怀疑有人设局暗害。我要去一探究竟，就此别过。
Story/D_4_8_3_031,慢走不送。
Story/D_4_8_3_032,……还真放我走了，搞什么名堂？
Story/D_4_8_3_033,客官，这你就有所不知了。您和您师弟都只是局中棋子罢了，要害的不是你，而是另有其人。
Story/D_4_8_3_034,你……你又是怎回事？
Story/D_4_8_3_035,您不是疑心自己碰上了千面人魔吗？这不就碰上了？
Story/D_4_8_3_036,你……你是……！
Story/N_4_8_3_001,不久之后，唐门袭杀火炎山剑阁夺宝的传闻，甚嚣尘上。
Story/D_4_8_5_001,是我们家的茶肆，这里开始，就是唐门弟子的活动范围了。
Story/D_4_8_5_002,你不唐门大师兄吗？怎不见你师弟妹们过来问候。莫非你人缘不好，被讨厌了吗？
Story/D_4_8_5_003,有你这样问的吗？
Story/D_4_8_5_004,这不是大师兄吗？怎还带着一个美人回家啊？
Story/D_4_8_5_005,小僧偶尔路过，也曾请贵门高足布施凉茶。
Story/D_4_8_5_006,这不是大师兄和福韫大师吗？
Story/D_4_8_5_007,这间茶肆，从前是我唐门的产业。后来穷啊，生意也不怎样，就卖了，反正本意也是做善心的。
Story/D_4_8_5_008,开在你们地盘，本来就不能期待旅客很多吧。
Story/D_4_8_5_009,这不是大师兄吗？怎还带着一个美人回家啊？师弟我在这处打工赚钱，快请进来喝杯茶、吃碗面，我来请客！
Story/D_4_8_5_010,可惜，可惜。人富了未必能行善，人穷了却很难再存善心。
Story/D_4_8_5_011,这不是大师兄和福韫大师吗？师弟我在这处打工赚钱，快请进来喝杯茶、吃碗面，我来请客！
Story/D_4_8_5_012,喂，你干嘛装扮得和我弟一模一样？
Story/D_4_8_5_013,哪、哪有……我一样是唐门弟子，当然穿一色青衣。怎么能说我故意装扮呢？
Story/D_4_8_5_014,你的头发！
Story/D_4_8_5_015,呜呜～～我的头发就不能翘吗？谁规定的！为什么说是我装扮成他，不是他装扮成我？呜呜呜～
Story/D_4_8_5_016,你、你怎么这就要哭，我又没有很凶……。快别哭啦，男子汉大丈夫怎能轻易落泪。
Story/T_4_8_5_001,这人怎么性情如此懦弱？弟虽也是其貌不扬，可比他坚强多了。
Story/T_4_8_5_002,啊，好像也没有，但是……但是也没有这么离谱，一下就哭的吧。
Story/D_4_8_5_017,好啦，好啦，快收泪吧。
Story/T_4_8_5_003,这人装束、头发都和赵活好像。没细看我差点以为他施展轻功，绕到我们前头开玩笑呢。
Story/D_4_8_5_018,你认得我？是新入门的师弟吗？
Story/D_4_8_5_019,正是，大师兄你很少在山上，刚巧没见过小弟，也属寻常。怎么赵师兄不曾向你提过我吗？我们关系可铁了。要不然，我怎么会装扮得和他一样？
Story/D_4_8_5_020,你还说不是你装扮我弟！
Story/D_4_8_5_021,呜呜呜呜呜呜～～
Story/D_4_8_5_022,好了，好了，禁止再哭，太烦人了。
Story/D_4_8_5_023,既然这样，就来壶茶水，来碗面吧。
Story/D_4_8_5_024,马上就来。
Story/D_4_8_5_025,有鸡腿吗？
Story/N_4_8_5_001,大师兄和龙湘喝了一壶茶，又吃了些零食，也没等到你来。心想反正已到唐门弟子日常活动地界，怎么也不至于出乱子，便不再管你，慢悠悠的先上路了。
Story/D_4_8_5_026,大师兄、嫂子慢走。
Story/D_4_8_5_027,……好了，我也该动身了。反正唐门传我的武功都不怎样，又累，没啥前途。
Story/D_4_8_5_028,我要趁此机会弃暗投明，嘻。
Story/D_4_8_5_029,你认得我？是新入门的师弟吗？
Story/D_4_8_5_030,正是，大师兄你很少在山上，刚巧没见过小弟，也属寻常。怎么赵师兄不曾向你提过我吗？我们关系可铁了。要不然，我怎么会装扮得和他一样？
Story/D_4_8_5_031,咳嗯。
Story/D_4_8_5_032,其……其实也不是那么要好。是我单方面崇拜他。
Story/D_4_8_5_033,屁啦哈哈哈哈哈！师弟也有人崇拜！
Story/D_4_8_5_034,好啦好啦，随便啦。
Story/T_4_8_5_004,哎唷，这就恼羞成怒了。这位新师弟还挺有脾气的。
Story/D_4_8_5_035,既然这样，就来壶茶水，来碗面吧。
Story/D_4_8_5_036,马上就来。
Story/N_4_8_5_002,大师兄和福韫喝了一壶茶，又吃了些零食，也没等到你来。心想反正已到唐门弟子日常活动地界，怎么也不至于出乱子，便不再管你，慢悠悠的先上路了。
Story/D_4_8_5_037,大师兄、法师慢走。
Story/D_4_8_5_038,……好了，我也该动身了。反正唐门传我的武功都不怎样，又累，没啥前途。
Story/D_4_8_5_039,我要趁此机会弃暗投明，嘻。
Story/D_4_8_6_001,都快到家了，怎么前面又有人捉着刀子朝这里奔来。……等等，不对劲，前面那人怎么一身是血？
Story/D_4_8_6_002,救……！救我……有强盗在追我……！
Story/N_4_8_6_001,此人见到你们一行人，激动得热泪盈眶，跪倒在地，哑哑嘶鸣。眼神中满是乞怜之色。
Story/D_4_8_6_003,老兄，你是火炎山剑阁的铁匠吗？
Story/N_4_8_6_002,他似乎伤了喉咙，说不出完整话来，闻言点头如捣蒜。
Story/D_4_8_6_004,还往哪儿逃？身上的宝剑，老实交出来吧！尔等闲杂人，火速离开，否则别怪和尚发怒杀人！
Story/D_4_8_6_005,又是何人，敢到唐门地盘撒野！
Story/D_4_8_6_006,敢情这恶僧竟是贪图宝物，意欲杀人夺宝。此事让我龙湘撞见，定然不能轻饶！
Story/D_4_8_6_007,哇！
Story/D_4_8_6_008,这就杀了？都不盘问一下？你还说你不是锦香宫杀人魔。
Story/D_4_8_6_009,不然留这恶徒在人世，回头他还要祸害旁人。
Story/D_4_8_6_010,谢……谢……我已活……活不久了。这柄宝剑，赠给女侠……万勿拒却。
Story/D_4_8_6_011,可是……。
Story/D_4_8_6_012,拜托……。
Story/D_4_8_6_013,……大师，龙湘必以此剑，降妖除魔，请安息吧。
Story/D_4_8_6_014,……等等。
Story/D_4_8_6_015,怎么……咳，咳咳！剑是断的！
Story/D_4_8_6_016,此烟有毒，服下此丹，运功镇毒！
Story/N_4_8_6_003,说罢，大师兄便将唐门万灵丹塞入龙湘唇中。
Story/D_4_8_6_017,罪过罪过。同是佛门中人，应当勘破红尘，戒断三毒。师兄谋图他人财物，是贪；三言两语便发怒杀人，是嗔恚无忍；小僧好好与你说话，你却不听劝偏要挨打，是为痴愚。
Story/D_4_8_6_018,什么，我都还没答话，你怎知我不听劝？
Story/D_4_8_6_019,那你肯听劝吗？
Story/D_4_8_6_020,想都别想！
Story/D_4_8_6_021,痴人！
Story/D_4_8_6_022,呃啊！
Story/D_4_8_6_023,好弱！
Story/D_4_8_6_024,阿弥陀佛，小僧也看走眼了，没想到这位师兄外强中干。好在小僧旨在试探，只出两分力，否则只怕要犯杀戒。
Story/D_4_8_6_025,谢……谢……我已活……活不久了。这柄宝剑，赠给大师……请勿拒却。
Story/D_4_8_6_026,施主，小僧不懂用剑，不如我暂时代执，寻访侠士，遇有侠义心者，再转赠此剑，不知意下如何？
Story/D_4_8_6_027,多谢……多谢大师……。
Story/D_4_8_6_028,……唐施主，小僧欲为这位施主诵念往生咒，拔除业障，请神佛在天护持，领他离苦得乐，前往西天净土。
Story/D_4_8_6_029,是该让他入土为安，唐门小剑可以变形成药铲，我来掘坟吧。
Story/D_4_8_6_030,南无阿弥多婆夜，哆他伽多夜。哆地夜他。阿弥利都婆毗。阿弥利哆……悉耽婆毗……。
Story/D_4_8_6_031,法师，你怎么──
Story/D_4_8_6_032,你中毒了，可是怎么会？
Story/D_4_8_6_033,……是这倒地不醒的恶僧，他已毒发死了。只怕他自己都不知被人下毒，此毒用得好生巧妙，带源者一时无恙，而他毒血却能害人。
Story/D_4_8_6_034,如我所料不差，此剑也被人做过手脚。
Story/N_4_8_6_004,大师兄抓住剑柄，一甩一抖，使剑出鞘，果然剑身已断，毒烟弥漫。
Story/D_4_8_6_035,却不知……是谁如此歹毒心机，千方百计想要害人。
Story/D_4_8_6_036,法师请服下此丹，运功镇毒。
Story/D_4_8_6_037,哈！哈！哈！唐门不是天下第一暗器大家吗？试试能否解这西域火蝎王的火毒啊。
Story/D_4_8_6_038,你是崆峒派的金乌上人！
Story/D_4_8_6_039,正是，和尚远道为你而来，不仅挑战，还要杀你。
Story/D_4_8_6_040,来迟了一步！
Story/D_4_8_6_041,……师弟，龙姑娘中毒了，你来护着她。
Story/D_4_8_6_042,好。
Story/D_4_8_6_043,……你起得来吗？
Story/D_4_8_6_044,我、我还能打……唔。
Story/D_4_8_6_045,先别逞强，运气化纳丹丸药力要紧。
Story/D_4_8_6_046,知道了……。
Story/D_4_8_6_047,师弟，龙姑娘已服万灵丹镇毒，再来的你看着办。这恶僧由我来对付。
Story/D_4_8_6_048,……师弟，福韫法师中毒了，你来守护法师。
Story/D_4_8_6_049,好。
Story/D_4_8_6_050,……法师，你能起身来吗？
Story/D_4_8_6_051,施主，万勿轻敌。我运功镇住剧毒便来相助。
Story/D_4_8_6_052,师弟，法师已服万灵丹镇毒，再来的你看着办。这恶僧由我来对付。
Story/D_4_8_6_053,是啊，快去，快去。此毒八成难不倒唐门，可对旁人却管用得很，难保没有万一。
Story/D_4_8_6_054,啊！你、你怎么……。
Story/D_4_8_6_055,师弟！
Story/D_4_8_6_056,……我不是老说要迟早有一日，要推你下楼梯的吗？今天就是那一日了。
Story/D_4_8_6_057,小梅，你很少失手啊，怎么只割破了人家一点皮肤？是悠哉日子过惯了，心软，还是怎么着，你竟看上了这丑八怪？
Story/D_4_8_6_058,死肥猪，杀你的话，我倒有十成把握，要试试吗？
Story/D_4_8_6_059,你为何与这家伙合谋害我们？你不是恨不得摆脱崆峒？
Story/D_4_8_6_060,阿活，你真笨啊。
Story/D_4_8_6_061,我从最初就是为了让崆峒与唐门结仇，才投靠唐门呀。否则焉有好心，忍辱负重和你这种碍眼的丑八怪作朋友呢？你也因此作了一场好梦吧。
Story/D_4_8_6_062,可恶……。
Story/D_4_8_6_063,{size=60}可恶！！{/size}
Story/D_4_8_6_064,小、小梅……。
Story/D_4_8_6_065,呜……唔哇啊啊！我不信！我不信！你是骗我的！别开这种玩笑，一点都不好玩！
Story/D_4_8_6_066,噢～真可怜，你爱煞了小梅我，是吗？
Story/D_4_8_6_067,哇哈哈，笑死我啦！就你也癞蛤蟆想吃天鹅肉吗？
Story/D_4_8_6_068,你想我堂堂嫡传女弟子、未来崆峒第一掌派夫人，能瞎眼看上你这无权无势、武艺低微的丑八怪吗？
Story/D_4_8_6_069,还哭，还哭？你想我能与你结为连理吗？能与你白头偕老吗？这些都是痴心妄想罢了，笨阿活，笨也笨死了。
Story/D_4_8_6_070,够了。
Story/D_4_8_6_071,师弟，大敌当前，收心！速去包扎伤口，为龙姑娘解毒。
Story/D_4_8_6_072,师弟，大敌当前，收心！速去包扎伤口，为法师解毒。
Story/D_4_8_6_073,你千方百计排除我的帮手，莫非一对一，你便有把握铲除唐某？我也把丑话说在前头，似你这等卑鄙小人，可别奢望老子手下容情。
Story/D_4_8_6_074,谁说我是一个人的？
Story/D_4_8_6_075,死胖子，你没长脑子吗？干嘛告诉他们你用什么毒，万一他们能解怎办？
Story/D_4_8_6_076,有啥关系，转眼就要死的人，一个也跑不了。
Story/D_4_8_6_077,金乌肥秃。你看似蠢笨，心思倒是歹毒，设下这样的陷阱。
Story/D_4_8_6_078,最懂暗器毒药的唐门，反怪别人暗算他们，哈哈！你说说，好不好笑？
Story/D_4_8_6_079,……闲话少说，快动手吧。
Story/D_4_8_6_080,无聊的死胖子，一看你皮笑肉不笑的嘴脸，我就犯恶心。废话少说，快动手吧。
Story/D_4_8_6_081,要打就来，唐某以一敌二，又有何惧？
Story/D_4_8_6_082,你可莫要以为我俩托大，正是因为你难对付，才派出我等二人。否则人一多，破绽也大，以你这小贼的机敏，早就一溜烟飞了。
Story/N_4_8_6_005,三人相对，视线凌空交错，还未动上手，已用眼神气势相互牵制。
Story/D_4_8_6_083,……飞侠唐布衣，看似姿态写意，其实蓄势待发。似乎名不虚传，很不好斗啊，你怎么看？
Story/D_4_8_6_084,大师兄武功比你高，轻功比我高。死胖子，你是一定跑不掉的，今日就是你的死期，哇哈哈哈～
Story/D_4_8_6_085,你是帮哪边的？
Story/D_4_8_6_086,{size=24}唉，我有得选吗。{/size}
Story/D_4_8_6_087,我怎么看，重要吗？
Story/D_4_8_6_088,说得也是，你只是一个道具、一个杀手，奉命行事罢了。别说要你杀人、送死，要你献身和野狗洞房都成。
Story/D_4_8_6_089,……只要是命令的话。
Story/D_4_8_6_090,不过，你可别以为对我胡言乱语不必付出代价。我回头便奏请楼主，许我宰了你这头嘴贱肥猪。
Story/T_4_8_6_001,从脸色看来，此毒性如烈火，发作猛烈但不会入骨。既然没有即死，又服了万灵丹，必能以毒攻毒，控制住毒性。
Story/T_4_8_6_002,根本用不着我帮忙，只要几周天循环过去，也必无碍，万幸。
Story/T_4_8_6_003,我虽然也能调配出对症解药，但大师兄已喂万灵丹。那万灵丹是瓮底万灵油荟萃，药力极强，应该是师娘给大师兄傍身的。除非专门解药，否则还不如别做多余事情，以免扰乱药性。
Story/T_4_8_6_004,而我也确实帮不上忙就是了。
Story/T_4_8_6_005,怎么办？怎么办？这……虽然大师兄叫我帮忙，可我也没办法啊，早知道就多下苦功了。
Story/D_4_8_6_091,……我没事，快去帮你大师兄。
Story/D_4_8_6_092,你不是在运功吗？怎么还能说话？
Story/D_4_8_6_093,我刚行完一个小周天，已无大碍。
Story/D_4_8_6_094,真快！
Story/D_4_8_6_095,只推动了血循，让药力快点发挥而已，用不了多大功夫，你快去吧。
Story/D_4_8_6_096,好。
Story/D_4_8_6_097,弟，你自己小心。
Story/D_4_8_6_098,知道了。
Story/T_4_8_6_006,我就算打不过，好歹帮大师兄拖住一个对手。
Story/D_4_8_6_099,小僧并无大碍。施主万勿挂怀，速去相助唐少侠便是。
Story/D_4_8_6_100,法师，你不是在运功吗？怎么还能说话。
Story/D_4_8_6_101,大敌在前，小僧岂敢轻易入定？别要自误了不说，还令敌人有机可趁。我假意运功，倘若敌人忽施偷袭，小僧便跳起来吓他们个措手不及。
Story/D_4_8_6_102,好奸诈的和尚！
Story/D_4_8_6_103,法师好计策！
Story/D_4_8_6_104,好在此丹果然灵验，纵使不加运功吸收，亦逐渐奏效。彷佛从酷夏走入秋天，正自怡然，再坐一阵子，便无大碍。
Story/D_4_8_6_105,好，那我去助大师兄了！
Story/T_4_8_6_007,我就算打不过，好歹帮大师兄拖住一个对手。
Story/D_4_8_6_106,你怎么搞的，拿暗器丢我。
Story/D_4_8_6_107,你还好意思说我？你还不是被人丢来丢去，耍得团团转。
Story/D_4_8_6_108,你还好意思说我？你还不是被人丢来丢去，耍得团团转。
Story/T_4_8_6_008,这二人出乎意料都是高手，而且一静一动互补，着实难缠。我若招式使老，立刻就会被逮空子打死，便是我状态万全，也败多胜少。
Story/D_4_8_6_109,算了，不消急，算来他方才吃的茶水，也该起效了。
Story/D_4_8_6_110,哈，你别想危言耸听。你当我头一天出来混江湖吗？
Story/D_4_8_6_111,岂敢？对唐门弟子下毒，无异于班门弄斧。你唐老弟看似轻挑，实则心细，我也都知道，你能就口的东西，便是料定无毒的。
Story/D_4_8_6_112,那你是期待那茶水能令我腹泻吗？哈哈哈哈！
Story/D_4_8_6_113,笑吧，尽管笑。我和你说啊……。那茶水里虽然没毒，却有能解百毒的解药。
Story/D_4_8_6_114,什……。
Story/D_4_8_6_115,那可是泥教的五色泥，灵验的很，与你唐门万灵油殊途同归的玩意儿。于旁人无害，于你这种服毒养气的邪门歪道，却大大有害。怎么样？是不是觉得丹田守不住真气呀？这便是散功的迹象了。
Story/D_4_8_6_116,……好，算你狠。现在开始不是打架，而是互相残杀，放马过来吧！
Story/D_4_8_6_117,大师兄，那边好了，我来助你！
Story/D_4_8_6_118,好！来得好！咱们师兄弟并肩作战。
Story/O_4_8_6_001,金乌上人
Story/D_4_8_6_119,这唐布衣贪花好色，一定不肯下重手杀你这如花似玉的小娘子。你去斗他，我三两下宰了旁边那小喽啰便来助你。
Story/D_4_8_6_120,你怕了他，老实说就得了。
Story/D_4_8_6_121,大师兄，虽然没作几日唐门弟子，但唐门的日子，我过得很舒心。
Story/D_4_8_6_122,你想的话，可以接着过下去。
Story/D_4_8_6_123,是啊……。
Story/D_4_8_6_124,等我杀了你们以后。
Story/D_4_8_6_125,你怕了他，老实说就得了。
Story/D_4_8_6_126,唐少爷，奴家来领教你高招，还请手下留情喔。
Story/D_4_8_6_127,那可要看情况了。
Story/D_4_8_6_128,丑小子，长这么古怪，怕不是妖怪幻化的？大和尚今日就破例干一回降妖除魔的好事，宰了你这恶心人的丑八怪。
Story/D_4_8_6_129,……。
Story/D_4_8_6_130,……你笑什么？
Story/D_4_8_6_131,我本来觉得自己生得难看，很不甘心。直到我见识了阁下的尊容，顿时觉得生活充满希望。
Story/D_4_8_6_132,好会耍嘴皮子，待会儿我便教你求生不得、求死不能！
Story/D_4_8_6_133,混蛋，倒要看看是谁宰谁！
Story/D_4_8_6_134,不说这些废话壮胆，你就不敢和人动手吗？
Story/D_4_8_6_135,……好小子，挺沉得住气啊。
Story/O_4_8_6_002,金乌上人旁边那个坏女人
Story/D_4_8_6_136,这唐布衣贪花好色，一定不肯下重手杀你这如花似玉的小娘子。你去斗他，我三两下宰了旁边那小喽啰便来助你。
Story/D_4_8_6_137,……不要，我选另一个人。
Story/D_4_8_6_138,也行，仔细想想，我也舍不得。万一我未来新娘子给唐布衣这厮占了便宜，杀他也不解恨。
Story/D_4_8_6_139,才不要呢，老想将烫手山芋扔给别人。
Story/D_4_8_6_140,这难道不是教头该大显身手，重振威信的时刻？挺着那样的大肚腩，凡事尽出一张嘴想叫我服气，恐怕很难喔～
Story/D_4_8_6_141,你……好，好，好得很。
Story/D_4_8_6_142,翅膀长硬了啊，敢不听我话。回头看我不重执教鞭，重新教育你为人处世的态度。
Story/D_4_8_6_143,姓唐的，过来吧你，你的对手在这！
Story/D_4_8_6_144,师弟，你撑着，我杀了这胖子就来助你。
Story/D_4_8_6_145,大师兄怕不是低估了那死胖子，他可不容易对付。
Story/D_4_8_6_146,你的对手在这。
Story/D_4_8_6_147,阿活。
Story/D_4_8_6_148,小梅。
Story/D_4_8_6_149,我真不是和你说笑的，你认真点，拿好兵器。我动真格时，可不比于往日。你要是轻忽大意，一下就没命了喔。
Story/D_4_8_6_150,好。
Story/D_4_8_6_151,一点气势都没有，你真的想打吗？
Story/D_4_8_6_152,我当然不想。
Story/D_4_8_6_153,用不着你虚情假意，别叫得那么亲昵！我们已经是仇敌了。
Story/D_4_8_6_154,……我们已经是仇敌了。
Story/D_4_8_6_155,……是仇敌了啊。
Story/D_4_8_6_156,是啊，你可要说到做到，全力以赴。别要死了，才怪我言之不预。
Story/D_4_8_6_157,……如你所愿。
Story/D_4_8_6_158,在唐门的日子虽短，还是挺开心的，比崆峒要好。多亏你呢，为了表示感谢～～
Story/D_4_8_6_159,我来杀了你吧。
Story/D_4_8_6_160,哎呀～我要杀你，你真的很伤心，是吗？你宁可自己死了，也不想被我杀，对吗？
Story/O_4_8_6_003,是。
Story/D_4_8_6_161,那可由不得你，没骨气的臭阿活。人家要你死你就死，这么痴，以后有你罪受了。你几时归西，得由本梅说了算。
Story/O_4_8_6_004,想得美。
Story/D_4_8_6_162,想得美！
Story/D_4_8_6_163,这样才对嘛。你不抵抗一下，可太不像样了。
Story/D_4_8_6_164,在唐门的日子虽短，还是挺开心的，比崆峒要好。多亏你呢，为了表示感谢～～
Story/D_4_8_6_165,我来杀了你吧。
Story/D_4_8_6_166,剩我们啦。
Story/D_4_8_6_167,这回一定杀了你。
Story/D_4_8_6_168,又是你……！
Story/D_4_8_7_1_001,你这小子，原来不是喽啰啊。
Story/D_4_8_7_1_002,喽你亲娘！
Story/D_4_8_7_1_003,你这胖子，原来是个喽啰啊。
Story/D_4_8_7_1_004,哇──
Story/D_4_8_7_1_005,想是太胖，满肚油水，这刀下去，血流的不多。往脖子再补几刀吧，要是我多心了，就当成鞭尸泄恨好了。
Story/D_4_8_7_1_006,妈的，究竟何方神圣，比魔教还狠！
Story/D_4_8_7_1_007,果然是装死！看招！
Story/D_4_8_7_1_008,这次真死了吧。
Story/T_4_8_7_1_001,大师兄伤势初愈，元气未复，唯恐有失，我得速去相助。
Story/O_4_8_7_1_001,中招
Story/D_4_8_7_1_009,呃啊！你、你怎么没死！
Story/D_4_8_7_1_010,你虽赢了，还是要栽在我手里，是不是很气愤？难为你这般小心，可惜老子是不死之身。你不将我杀个三四次，脑袋切下来，我总有法子复活。
Story/D_4_8_7_1_011,好，这回就按你说的办吧。
Story/D_4_8_7_1_012,你赢是赢了，可惜江湖阅历太浅，连诈死这种寻常伎俩都不晓得，到头还是栽在和尚手里。
Story/D_4_8_7_1_013,可恶！这回我定要将你──
Story/D_4_8_7_1_014,怎么，呕～
Story/D_4_8_7_1_015,突然很晕，是吧？
Story/O_4_8_7_1_002,回避
Story/D_4_8_7_1_016,你……！
Story/D_4_8_7_1_017,竟然躲过了！
Story/D_4_8_7_1_018,可恶，恶僧，竟敢诈死暗算你赵爷！吃我一小剑！
Story/D_4_8_7_1_019,这回便让你真死吧。
Story/D_4_8_7_1_020,呃啊！
Story/D_4_8_7_1_021,这回你必死无疑。
Story/D_4_8_7_1_022,师弟你……。
Story/D_4_8_7_1_023,哦，你赢啦。
Story/D_4_8_7_1_024,想不到吧？厉害吧？
Story/D_4_8_7_1_025,厉害厉害，佩服佩服。哈哈哈！
Story/D_4_8_7_1_026,不过这厮好生奸诈，与我动手之时便有意藏招示弱，我只道赢了他，却不想他又再爬起来，差点没着了他的道。也不知他是怎么吃我致命一击还能复活的。
Story/D_4_8_7_1_027,有种江湖伎俩，瘦子会穿肉衣，易容成胖子。你以为打中了他的要害，实则并没有。
Story/D_4_8_7_1_028,原来如此！
Story/D_4_8_7_1_029,那为了保险起见，烧了他吧。
Story/D_4_8_7_1_030,哦……也是可以，不过你手段还真狠辣。
Story/D_4_8_7_1_031,碰着这种人，你就先砍他头颅，十有八九，就变真死了。
Story/D_4_8_7_1_032,真狠啊。
Story/D_4_8_7_1_033,呃！
Story/D_4_8_7_1_034,就你这一副狗屎不如的皮相，有啥不舍得死的？倒挺会挣扎。快别留恋了，早死早超生，下辈子投进好人家里，还是托和尚我的福。
Story/D_4_8_7_1_035,事情还没完呢，我又还没死，有种再来打过！
Story/D_4_8_7_1_036,怎么，呕～
Story/T_4_8_7_1_002,我打不过他，得先撤退才行！
Story/D_4_8_7_1_037,怎么，呕～
Story/D_4_8_7_1_038,突然很晕，是吧？
Story/D_4_8_7_2_001,小梅与你且战且走，刻意将你诱导进树林里，以便发挥她的暗杀技巧。
Story/D_4_8_7_3_001,真不知道说你什么好，这么丑、这么笨，怎么能活啊。
Story/D_4_8_7_3_002,唉唷，全力以赴，还是输了。
Story/D_4_8_7_3_003,任务失败，要杀要剐随你便吧。
Story/D_4_8_7_3_004,你在这里乖乖等着，我去助大师兄。
Story/D_4_8_7_3_005,……不要去了，快逃吧，阿活。逃得越远越好，远离唐门……不，远离中原最好。
Story/D_4_8_7_3_006,这是什么话？
Story/D_4_8_7_3_007,我不是和你说笑的。
Story/D_4_8_7_3_008,……等我回来再来问你。
Story/D_4_8_7_3_009,……我刺你一下，就是想让你不能抵抗啊。要是我再狠心点就好了，那怕废了你一手一脚，好歹还能留住性命。
Story/D_4_8_7_4_001,唔，烦死了，你怎么就是不肯老实去死！
Story/D_4_8_7_4_002,穷寇莫追，先帮大师兄！
Story/D_4_8_7_5_001,唔！
Story/D_4_8_7_5_002,阿活，我先前背后刺你，就是想让你等会儿别抵抗的太厉害，对不住呢，本梅只会杀人，手下留情什么的，对我而言很难。
Story/D_4_8_7_5_003,你……你不杀我吗？
Story/D_4_8_7_5_004,……当然杀啊。我先去杀了大师兄，将你留到最后再杀。
Story/T_4_8_7_5_001,你……。
Story/D_4_8_7_5_005,阿活，作个好梦吧。梦里本梅是站你那边的，没有惹你生气，我们始终好好的。
Story/D_4_8_7_5_006,你很虚呀，丢的暗器跟挠痒痒似的，没吃饭吗？
Story/T_4_8_7_5_002,这家伙和石帮主一样，皮糙肉厚，不下重手不能伤。
Story/T_4_8_7_5_003,我倒不是不想杀他，可是散功的情况不容乐观。倘若去尽，导致虚耗过度，怕会给另一人可趁之机，来个螳螂捕蝉，黄雀在后，那可大大不妙。
Story/T_4_8_7_5_004,这么快就来了，那师弟──
Story/D_4_8_7_5_007,来得正好，小梅，与我联手杀了此人。
Story/D_4_8_7_5_008,好，用天龙地虎式，我攻上，你攻下，一口气解决。
Story/D_4_8_7_5_009,天龙地虎式？好极，好极了！还道你翅膀长硬了，再也不肯骑教头肩上，快，快过来。
Story/D_4_8_7_5_010,小梅得令。
Story/D_4_8_7_5_011,你……你作什么！
Story/D_4_8_7_5_012,哎唷，我一时没踏稳，从你肩上滑下来，只是我手里拿着刀子，不小心刮伤你而已，你肉那么厚实，谅必无妨。吐点口水抹一抹就好，何须大惊小怪？
Story/D_4_8_7_5_013,放你个狗屁，你是瞄准我脊椎下的刀，若非我见机快，向前一冲，不死也成废人！你想造反是吗！
Story/T_4_8_7_5_005,这一刀好狠，看来她是真心想杀人，内哄吗？
Story/D_4_8_7_5_014,哇哈哈哈！好嘛，我承认是想杀你。
Story/D_4_8_7_5_015,可是，我杀你难道是很奇怪的事吗？你那么欠杀耶。
Story/D_4_8_7_5_016,你忘了自己一身本领，是谁亲手调教出来的？
Story/D_4_8_7_5_017,……小梅，我问你，你需要帮助吗？
Story/D_4_8_7_5_018,我可是敌人哦，大师兄。千万别抱着「敌人的敌人就是朋友」这种天真念头。待本梅宰了这头死猪之后，还是要杀你。
Story/D_4_8_7_5_019,这样啊。
Story/D_4_8_7_5_020,你这不知轻重的臭小娘，竟敢伤我！回头有你好看的！你也不必在崆峒卧底了，我定要把你玩残玩死！
Story/D_4_8_7_5_021,真傻啊，教头。你才是好日子过惯了，变得天真了。
Story/D_4_8_7_5_022,你都这样说了，本梅还有可能放过你吗？
Story/D_4_8_7_5_023,天龙地虎式！我来配合你，要上了！
Story/D_4_8_7_5_024,……！
Story/D_4_8_7_5_025,哇啊！你怎会这招！你、你也是千灯楼的杀手？！
Story/T_4_8_7_5_006,大师兄不单武功高，悟性更可怕。当真配合我的攻势，随机应变补足缺处，创出了似是而非的天龙地虎式。
Story/D_4_8_7_5_026,呼……呼……我不想死……。
Story/N_4_8_7_5_001,金乌上人身受重伤，明知难活，兀自不肯死心，伏在地上爬行。
Story/D_4_8_7_5_027,我熬了一辈子……我就要当上崆峒掌派人了……我要把崆峒秘宝、仙剑都弄到手……还有梅兰竹菊四个小娘子……。
Story/D_4_8_7_5_028,不行……不行……我一定要活……一定会活……。
Story/N_4_8_7_5_002,金乌上人摸出怀中金创药，遍身涂抹，也止不住血流。呼吸越来越弱，终于倒毙而亡。
Story/D_4_8_7_5_029,{size=24}大师兄，这是火蝎王毒的解药，快藏好。{/size}
Story/D_4_8_7_5_030,你……。
Story/D_4_8_7_5_031,至于你散功，还请恕小梅无能为力，毕竟那不是毒，没有解药。
Story/D_4_8_7_5_032,放心，我等药效过去，内力就自然再生了。
Story/D_4_8_7_5_033,我要去补这死胖子几刀，防他竟又死里逃生。阿活在林中，被我点了穴晕去而已，你带上他，就回唐门吧。
Story/D_4_8_7_5_034,那你呢？
Story/D_4_8_7_5_035,……别问啦。
Story/D_4_8_7_5_036,我非问不可。
Story/D_4_8_7_5_037,……当然是远走高飞，吃香喝辣。
Story/D_4_8_7_5_038,那可不行，叛徒还能有好下场吗？
Story/T_4_8_7_5_007,怎么……内力源源不绝地流出！这、这简直就像是当年左护法使的邪功──
Story/T_4_8_7_5_008,吞天宝鉴！
Story/T_4_8_7_5_009,那散功药害我无法凝聚内力！糟糕！
Story/D_4_8_7_5_039,小梅，你的无相神功皆出自我。如今你变节违命，须怪不得贫道心狠，这便物归原主吧。
Story/D_4_8_7_5_040,哈！
Story/D_4_8_7_6_001,你很虚呀，丢的暗器跟挠痒痒似的，没吃饭吗？
Story/T_4_8_7_6_001,这家伙和石帮主一样，皮粗肉厚，不下重手不能伤。
Story/T_4_8_7_6_002,我倒不是不想杀他，可是散功的情况不容乐观。倘若去尽，导致虚耗过度，怕会给另一人可趁之机，来个螳螂捕蝉，黄雀在后，那可大大不妙。
Story/D_4_8_7_6_002,我来了！
Story/D_4_8_7_6_003,来得好，你在旁看着，我一招收拾了这个胖子！
Story/D_4_8_7_6_004,好大口气，想要一招收拾我，就凭你还──
Story/D_4_8_7_6_005,哇啊──你、你有这种绝招，适才竟然惺惺作态，佯装苦战！好你个唐布衣，暗算人真有两把刷子……。
Story/D_4_8_7_6_006,那当然，我大师兄为人最贱了！哈哈哈！
Story/D_4_8_7_6_007,哈哈哈哈哈！
Story/D_4_8_7_6_008,笑归笑，这一架属实是挺凶险的。
Story/D_4_8_7_6_009,是啊，连龙姑娘都中暗算被弄倒了。若非他们小觑了师弟你，合二人之力，要除掉我已经绰绰有余了。
Story/D_4_8_7_6_010,是啊，连福韫小师夫都中暗算被弄倒了。若非他们小觑了师弟你，合二人之力，要除掉我已经绰绰有余了。
Story/D_4_8_7_6_011,谢啦，师弟，好险有你同行。
Story/D_4_8_7_6_012,好说，好说，不客气。回头请我吃饭喝酒得了。
Story/D_4_8_7_6_013,自家师兄弟，客气什么？
Story/D_4_8_7_6_014,哈哈哈，好，回头我起出珍藏的猴儿酒来，再请你吃一顿好的。
Story/D_4_8_7_6_015,好耶！
Story/D_4_8_7_6_016,等我回去把小梅吊起来，拿美酒美食的香气拷问她，不怕她不老实交代！
Story/D_4_8_8_1_001,教你个乖，这是和尚独门武功烈阳槌，听起来挺阳刚、正派哈？
Story/D_4_8_8_1_002,可老子还现役那会儿啊，这武功还不叫烈阳槌，而是叫做「夺魂杵」，你可曾听过？
Story/D_4_8_8_1_003,一叩兮胎光黯，二叩兮奭灵散，三叩兮幽精涣。给我这丧魂杵的真气窜入脑门，胡天胡地一番，你猜会怎样？
Story/D_4_8_8_1_004,管你忠臣孝子、贞洁烈女，全都会变作成言听计从的痴哑废人。
Story/D_4_8_8_1_005,难道和尚杀了你，就算残忍了？不不不，我要将你变作废人。将你这丑陋的躯壳当作牢笼，令你偶尔清醒，连自杀都不能，受尽折磨几十年，才绝望孤独、一事无成，悔恨交加的死去。
Story/N_4_8_8_1_001,金乌上人拉住你头发，将你提将起来。
Story/D_4_8_8_1_006,再补你两下，你下回清醒，会在多少年以后？嘻嘻！
Story/D_4_8_8_1_007,好歹毒的恶秃，那你也别怪我下狠手。
Story/D_4_8_8_1_008,你、你对我作了什么？
Story/D_4_8_8_1_009,以彼之道，还施彼身而已，你不知道唐门最爱以暴易暴吗？不过我没你那本事，用的是本门毒药「白日梦香」。
Story/D_4_8_8_1_010,白日梦香……那会如何？
Story/D_4_8_8_1_011,此毒用在平时，你会似梦似醒，白日作梦。似你这般毒质入脑的，可千万别轻易阖眼睡着，否则下次一醒，身体就再也不听使唤了。
Story/D_4_8_8_1_012,你会清醒着，口不能言、身不能动，余生便溺都得求人，想死也死不了。如何，是不是和你的烈阳槌有异曲同工之妙啊？
Story/D_4_8_8_1_013,你、你快拿解药出来！
Story/D_4_8_8_1_014,唔，唔哦，晕，好晕，糟了，糟了，毒发了！不能……不能阖眼，我、我错了，快救我──
Story/D_4_8_8_1_015,他晕了。
Story/D_4_8_8_1_016,蠢材，给我暗器敲了后脑，还兀自追着我蹦蹦跳跳，自己把自己晃晕的。
Story/D_4_8_8_1_017,你是骗他的？
Story/D_4_8_8_1_018,当然，本门是有白日梦香没错，只是我没带身上而已。
Story/D_4_8_8_1_019,我就知道，使毒不像你作风。
Story/D_4_8_8_1_020,乱讲，我还是会带几味毒药、解药啊。不过都是材料便宜，容易调配的。
Story/D_4_8_8_1_021,别担心，他打入你体内的真气虽然阴毒，但一时半会儿没有大碍。毕竟此邪功创造出来，目的便是要折磨人，不会立时要命。
Story/D_4_8_8_1_022,那样就好。
Story/D_4_8_8_2_001,话说大师兄。
Story/D_4_8_8_2_002,小梅呢？你该不会……？
Story/D_4_8_8_2_003,她起初打得有模有样，后来不断分心，一直朝你这边偷瞄。一见这胖子与你对敌失利，就把刀子往地下一扔，干脆投降了。此刻被我点穴放倒，安置在那边树荫下。
Story/D_4_8_8_2_004,她起初打得有模有样，后来不断分心，一直朝你这边偷瞄。一见你对敌失利，突然就把刀子往地下一扔，干脆投降了。此刻被我点穴放倒，安置在那边树荫下。
Story/D_4_8_8_2_005,这可不能轻饶！竟敢背叛本门～速速领我过去！
Story/D_4_8_8_2_006,你该不会想将她关押起来，严刑拷问吧？
Story/D_4_8_8_2_007,放屁～谁舍得打她。我赵某侠是要趁她不能动弹，跟她拜堂成亲！
Story/D_4_8_8_2_008,呃……你这么大声，她们可能听得见哦。
Story/D_4_8_8_2_009,……禽兽。
Story/D_4_8_8_2_010,罪过，罪过。我佛慈悲，求赐无根清净水，洗我双耳，涤我心灵。
Story/T_4_8_8_2_001,……。
Story/D_4_8_8_2_011,那我就放心了。
Story/D_4_8_8_2_012,我也放心了，瞧你对人家一脸痴迷的样子。我倒不怕你败给金乌胖子，反怕你赢了却帮小梅围攻我。
Story/D_4_8_8_2_013,我才不会。虽然我不觉得自己能赢，但我会堂堂正正的向你挑战。无论胜败都会抬头挺胸。
Story/D_4_8_8_2_014,哈！我随时奉陪。
Story/D_4_8_8_2_015,不过你老想打我干嘛，我又不是你情敌。
Story/T_4_8_8_2_002,弟弟有这种骨气，我也觉得欣慰。
Story/D_4_8_8_2_016,……还算有骨气吧。
Story/T_4_8_8_2_003,……。
Story/D_4_8_8_2_017,那就好。先拿下了，至于情由始末，等带回去再细细盘问不迟。
Story/D_4_8_8_2_018,我就怕你心软放了她。
Story/D_4_8_8_2_019,哪能呢？我再怎样也没胡涂到这种地步。
Story/D_4_8_8_2_020,难说喔。要放人，也得先打几下屁股，问个明白再放。
Story/D_4_8_8_2_021,她说不定有隐情，可不能妄下断论伤她。说到底，她也是我引荐拜入唐门的，我也有责任。
Story/D_4_8_8_2_022,你还真是死脑筋。
Story/D_4_8_8_2_023,方才那黑衣蒙面女飞贼，你收拾掉了吗？
Story/D_4_8_8_2_024,有摘下她蒙面巾看看她生得美不美吗？
Story/D_4_8_8_2_025,我倒是想看啊。
Story/D_4_8_8_2_026,那女子武功很高，恐怕不比这胖子差到哪去。却似很心急，全是进手招数，我便故意和她周旋拖延。她一阵强攻不成，又见她同伙失利，就夹着尾巴溜了。
Story/D_4_8_8_2_027,啊，不行，又晕了。啊，天、天旋地转，人好像要往地里陷进去，生不如死！
Story/D_4_8_8_2_028,你站不住索性躺着，别把自己给磕死了……喂。
Story/D_4_8_8_2_029,还真就晕倒了啊……。
Story/D_4_8_8_2_030,！？
Story/D_4_8_8_2_031,过来吧。
Story/T_4_8_8_2_004,怎么……内力源源不绝地流出！这、这简直就像是当年左护法使的邪功──
Story/T_4_8_8_2_005,那散功药害我无法凝聚内力！糟糕！
Story/D_4_8_8_2_032,哈！
Story/D_4_8_8_2_033,唔！
Story/D_4_8_8_3_001,二位笑得未免太早。
Story/T_4_8_8_3_001,动弹不得！他、他在吸收我的内力！
Story/T_4_8_8_3_002,怎么……内力源源不绝地流出！
Story/T_4_8_8_3_003,这、这简直就像是当年左护法使的邪功──
Story/D_4_8_8_3_002,唐门不甚讲究内功，亦不无小补。滋味辛辣，硬是要得！
Story/T_4_8_8_3_004,那散功药害我无法凝聚内力！糟糕！
Story/T_4_8_8_3_005,敌强我弱，拉扯不赢！
Story/T_4_8_8_3_006,申屠道长？申屠道长怎么会使这种邪术？又为何对我们下此毒手！
Story/T_4_8_8_3_007,岂有此理，我、我竟连小剑都拿不动！
Story/T_4_8_8_3_008,只要给我摸到袖里暗器……！
Story/D_4_8_8_3_003,就你两个嘴上没毛的年轻小辈，也想抗衡《吞天宝鉴》的压制？
Story/T_4_8_8_3_009,放屁，拚着丹田破裂，也必须挣脱桎梏！
Story/T_4_8_8_3_010,放屁，拚着丹田破裂，我也要给你一拳！
Story/D_4_8_8_3_004,特别是你，丑陋不堪的俗物。你这样的庸俗之人，竟也痴心妄想习武为侠？不可以。你就该是人群里看不清脸孔的羔羊，任人宰割。
Story/D_4_8_8_3_005,你这样不认份的人万一多了，那还得了。能与贫道争锋者，唯有天下英雄，你还不配。既怀揣着与你不相衬的功力，便由吾来征收，以后为吾所用！
Story/T_4_8_8_3_011,凭什么！这是我自己练的武功，你凭何征收！你这强盗……！
Story/D_4_8_8_3_006,就你这破烂根骨，还想习武、当大侠？
Story/D_4_8_8_3_007,师叔伯们多年不收你入室，意思还不够清楚吗？快别发梦了，该长大面对现实了吧，你天生就是拿锅铲的命。
Story/D_4_8_8_3_008,哎唷，二位师兄，快别欺负人啦，我听说他根本无家可归不是吗？
Story/D_4_8_8_3_009,又弱又爱哭，你不服气，学好武功打回来啊。一点志气也没有，比师姐妹们都软弱，大家不要跟他玩了。
Story/N_4_8_8_3_001,我是想作大侠，虽然资质平庸，根骨寻常。但是心怀梦想也不行吗？这是我受人欺负的理由吗？
Story/D_4_8_8_3_010,可是，晚辈的仇敌，不是今日欺我那三人。
Story/D_4_8_8_3_011,哦？你话中有话，但说无妨。
Story/D_4_8_8_3_012,晚辈真正的仇敌，乃是这个以貌取人的人间道！晚辈若不能自强，无论到哪处去，这种事都会一再重演。
Story/D_4_8_8_3_013,晚辈所仇者，非为个人，而是这个以貌取人，视我如敝屣的世理。晚辈纵使不能自强，人间也不该是这个模样。
Story/D_4_8_8_3_014,终有一日，要纠正人间。
Story/D_4_8_8_3_015,我、我赢了？我赢了！看到了吧！我赢了！
Story/D_4_8_8_3_016,启禀掌门，弟子想去崆峒留学。
Story/D_4_8_8_3_018,派出去的弟子代表本门的脸面，你一个外姓弟子，去留甚么学？没的反倒丢人现眼。
Story/D_4_8_8_3_019,说、说得也是。
Story/D_4_8_8_3_020,有何不可，你纵是一身本领，出门在外，总有人武功比你高，没什么丢不丢人的，顶天立地便行。你想去留学，亦无不可，本座便修书一封。
Story/D_4_8_8_3_021,嘿！
Story/D_4_8_8_3_022,喝！
Story/D_4_8_8_3_023,哈！
Story/D_4_8_8_3_024,哈！
Story/D_4_8_8_3_025,啊！我的拳头好痛！
Story/D_4_8_8_3_026,我的骨头裂了！
Story/D_4_8_8_3_027,愚蠢的弟子，为师都说三遍了，你还是听不懂。我看你是欠揍，俯卧撑三百回才许回去。
Story/N_4_8_8_3_002,我生来既非逸才，也没得天独厚、天赋异禀。虽然很少，不值一提，可是我所有的一切都是自己千辛万苦努力得来的。
Story/N_4_8_8_3_003,何以还要受人掠夺？
Story/D_4_8_8_3_028,铁琵琶功触如击弦，鸣响于脉，其声弥久不衰。是传承数百年的崆峒秘宝，小妹既交了给你，便谁也抢不去。
Story/T_4_8_8_3_012,嗯……怎么回事？这小子内功虽不如飞侠深厚，内力即将见罄，可是越到枯竭，越是澄澈。彷佛我所吸去的不过是杂质罢了，不……不对劲，这个脉象是……！
Story/T_4_8_8_3_013,我的克星，铁琵琶神通！
Story/D_4_8_8_3_029,喝啊！
Story/D_4_8_8_3_030,唔！
Story/D_4_8_8_3_031,好机会！
Story/D_4_8_8_3_032,呃！
Story/D_4_8_8_3_033,……哈，哈哈，可惜！你内力十不存一，纵想杀我，也有心无力。
Story/D_4_8_8_3_034,赵居士反倒吓了贫道一大跳。
Story/D_4_8_8_3_035,你师弟反倒吓了贫道一大跳。
Story/D_4_8_8_3_036,所幸火候尚浅，不足为惧，恰在此处碰见，便由贫道亲手扑灭火苗吧。
Story/D_4_8_8_3_037,休想！
Story/D_4_8_8_3_038,你小子练了我的独门武功，务需记住一件要紧事。
Story/D_4_8_8_3_039,没什么，简单至极的一件小事罢了。
Story/D_4_8_8_3_040,将来若有人吸你内力，你就别客气，全都送他！老子这大焦热神功，就是为了还敬这群强盗而创的，须不好消受！
Story/T_4_8_8_3_014,嗯……怎么回事？这小子内功虽不如飞侠深厚，内力即将见罄，可是他内功与唐门截然不同，怎会如此炽热？
Story/T_4_8_8_3_015,既然留不住，索性都送你吧！
Story/D_4_8_8_3_041,喝啊！
Story/D_4_8_8_3_042,唔！
Story/D_4_8_8_3_043,好机会！
Story/D_4_8_8_3_044,呃！
Story/D_4_8_8_3_045,……哈，哈哈，可惜！你内力十不存一，纵想杀我，也有心无力。
Story/D_4_8_8_3_046,赵居士反倒吓了贫道一大跳。
Story/D_4_8_8_3_047,你师弟反倒吓了贫道一大跳。
Story/T_4_8_8_3_016,好厉害的火劲，他将这种火力藏于体内，难道不觉煎熬？连贫道都招架不住！必须镇定，尽快收拾，另寻地方扑灭火劲，以免内伤。
Story/D_4_8_8_3_048,啊！
Story/D_4_8_8_3_049,我战你娘亲！
Story/D_4_8_8_3_050,你……竟不惜自伤，也要催运功力反击。好样的，唐少侠的胆识，贫道佩服。
Story/D_4_8_8_3_051,只可惜你内力十不存一，如今纵想杀我，也有心无力。否则方才那一下，贫道就不是区区皮肉伤可以交代的了。
Story/D_4_8_8_3_052,可恶……！
Story/D_4_8_8_3_053,啊！
Story/D_4_8_8_3_054,啊！
Story/D_4_8_8_4_001,咳，这样接二连三的来……还真吃不消啊。只怕这一路仇敌……全是你们设计引来。
Story/D_4_8_8_4_002,正是。要杀你飞侠唐布衣，可真不容易。若非你到家放松警惕之心，还真找不到良机下手。
Story/T_4_8_8_4_001,失算，千防万防，也没想到同门师兄弟竟会在茶水里下解毒药暗害。更没料到敌人竟然如此大胆，在距离唐门不足十里处埋伏。
Story/D_4_8_8_4_003,……唐某何德何能，要阁下费煞苦心。
Story/D_4_8_8_4_004,失礼了，贫道先兵后礼，不成体统，还望海涵。卧云岗才一睹飞侠风采，不过贫道混迹人群之中，想来少侠未曾留意。那么重新自我介绍。
Story/D_4_8_8_4_005,贫道青城申屠龙，幸会，飞侠唐布衣。
Story/D_4_8_8_4_006,还有赵居士也是，有段日子不见了。
Story/D_4_8_8_4_007,申屠道长，你……你……为何突然下此毒手？如你这般的有道方士，怎会做出这种事情？
Story/D_4_8_8_4_008,……你又懂我什么了？世间任谁都是知人知面不知心的。
Story/D_4_8_8_4_009,你身有铁琵琶功，不也没与贫道说吗？真令人伤心啊，你这人，和贫道认识的赵居士似乎不大一样。
Story/D_4_8_8_4_010,你身有这种毒辣内功，不也没与贫道说吗？真令人伤心啊，你这人，和贫道认识的赵居士似乎不大一样。
Story/D_4_8_8_4_011,少来，你这样的邪魔歪道，绝不是申屠龙。
Story/D_4_8_8_4_012,否则你以为我是谁？能易容杀人的无脸刺客，千面人魔吗？
Story/D_4_8_8_4_013,不，此人绝不是千面人魔。
Story/D_4_8_8_4_014,贫道自是如假包换的申屠龙。只不过在成为申屠龙以前，有过别的姓名罢了──
Story/D_4_8_8_4_015,前一世姓李，名仁友，曾为西夏越王，亦是方今西夏皇帝的生身父亲。或者对尔等中原武林人而言，「千灯楼主」、「极乐魔尊」更为耳熟能详？
Story/D_4_8_8_4_016,你来告诉他，你是谁，我又是谁？
Story/D_4_8_8_4_017,属下是千灯楼主座下弟子，第五代千面人魔。您……您是青城派，申屠龙申屠道长。
Story/D_4_8_8_4_018,你才是千面人魔？
Story/D_4_8_8_4_019,吾的另一个身份呢？告诉他。吾特允，你直呼吾名讳亦无妨。
Story/D_4_8_8_4_020,……西夏越王，极乐魔尊，千灯楼主，方今西夏太上皇……李仁友陛下。
Story/D_4_8_8_4_021,怎么可能！
Story/T_4_8_8_4_002,怎可能是这样年轻的人！莫非青城真有令人返老还童的仙术？
Story/D_4_8_8_4_022,这便是极乐教镇教三宝之一，《九转轮回大法》。吾老迈肉躯已朽，灵魂脱体而出，夺舍肉身，转世重生来了。
Story/D_4_8_8_4_049,九转轮回……！
Story/T_4_8_8_4_004,那不就是寂灭三摩地吗？可我通篇读完，也没提及夺舍重生啊！
Story/D_4_8_8_4_023,世上……莫非真有夺舍重生的妖术？
Story/D_4_8_8_4_024,放屁！我才不信！
Story/T_4_8_8_4_003,他是当真这么认为，还是胡言乱语？总而言之，我实在不能相信！
Story/D_4_8_8_4_025,狗屁不通，信你个鬼！
Story/D_4_8_8_4_026,尔等血肉凡胎，自然百思不得其解。
Story/D_4_8_8_4_027,虞小梅，虽说反逆之罪不容轻赦，但念你多年侍奉，便免你死前酷刑。你催运仅存内力，以无相神功模仿铁臂神拳将此人击死。随后，便就地自裁吧。
Story/D_4_8_8_4_028,……属下领命。
Story/D_4_8_8_4_029,怎么，内力被吾所取，使不出无相功了？
Story/D_4_8_8_4_030,我、我可以……再给我一次机会……。
Story/D_4_8_8_4_031,历代千面人魔之中，属你最差。若非要亡崆峒派，岂能让你这决心、实力都半桶水的小丫头承袭此名。
Story/D_4_8_8_4_032,……。
Story/D_4_8_8_4_033,参见教主。属下办事不力，特来领罪，请教主赐罚。
Story/D_4_8_8_4_034,来得好，你将功赎罪的机会，这不就是了吗？
Story/D_4_8_8_4_035,你催运无相神功，以铁臂神拳将敌人击死吧。
Story/D_4_8_8_4_036,是。
Story/D_4_8_8_4_037,呵，差点忘了还有一人。
Story/D_4_8_8_4_038,碍事！
Story/D_4_8_8_4_039,退下，这是吾故人，别在我跟前碍眼。
Story/D_4_8_8_4_040,是。
Story/D_4_8_8_4_041,妖道，看剑！
Story/D_4_8_8_4_042,呵，差点忘了还有一人。
Story/D_4_8_8_4_043,阿弥陀佛，道长，敢问这是怎么一回事？
Story/D_4_8_8_4_044,我老早就想和天下闻名的妙僧福韫论论道了。今日难得有此机缘，你先退下吧。
Story/D_4_8_8_4_045,是。
Story/D_4_8_8_4_046,女施主请留步──
Story/D_4_8_8_4_047,想不通，便不必想了。唐门覆灭，不过是吾大业中的其中一步棋。倘若人人都要作明白鬼才肯甘心赴死，那还得了？
Story/D_4_8_8_4_048,甘心也罢，不甘心也罢，这就上路吧。
Story/T_4_8_9_1_001,虽说我余毒未清，但这人一挥拂尘，竟震得我半身酸麻，剑险些脱手。
Story/T_4_8_9_1_002,绝世高手！
Story/D_4_8_9_1_001,啊……你是龙渊龙少侠和沂国公主的女儿吧。
Story/D_4_8_9_1_002,你……怎么知道我爹娘？
Story/D_4_8_9_1_003,看你手里的天殇剑，吾便知你身世。龙少侠与吾当年一战，惊天地，泣鬼神，二世为人，都难得如此痛快。若没有他，吾早就打下宋国花花江山啦。
Story/D_4_8_9_1_004,吾生平最恨是你爹，最服也是你爹。你可知吾隐姓更名，唤作申屠龙，要屠的便是你爹这人中之龙吗？
Story/D_4_8_9_1_005,唉，只可惜天妒英才，龙少侠竟然英年早逝。吾转世重生，宿敌却不在世，当真不胜唏嘘。
Story/D_4_8_9_1_006,……你若真是李教主，晚辈便代父作你敌手，了结宿愿。
Story/D_4_8_9_1_007,是吗？哈哈哈，这可真教人期待，都不舍得此刻便杀你了。该是此刻斩草除根，以绝后患呢？还是该留你一条小命，守望你长大呢？
Story/D_4_8_9_1_008,申屠道长……你若真是极乐教主转世，自然不能便下杀手。否则……咳，否则难堵世人悠悠之口不说……。就算你此后纵横中原，得了天下，也必怅然若失……高处不胜寒啊。
Story/D_4_8_9_1_009,……虽知你打的是何等心思，但你说得有理。
Story/D_4_8_9_1_010,湘姊，你……你快走，此人极其危险……不可与抗。
Story/D_4_8_9_1_011,我从来不逃走。
Story/D_4_8_9_1_012,……好，今日吾属下先用毒害你，你又忌惮吾对伤者痛下杀手，即便胜了你，谅你也难心服。
Story/D_4_8_9_1_013,这些人内力耗尽，又受吾一掌，皆离死不远。就当卖你一回面子，就此收手吧。
Story/D_4_8_9_1_014,……你立誓不伤他们，我现在就能作你对手。
Story/D_4_8_9_1_015,小女娃，口气恁大。不知见好就收的话，可是要搭上性命的。吾要大业为重，私怨为轻，故此只给你一次机会。作好了断，再来送死。
Story/T_4_8_9_2_001,此人一拂之力，竟将我般若掌力击得溃散无形！早已听闻青城申屠龙隐世不出，没想到世上竟有如此年轻的绝世高手！
Story/D_4_8_9_2_001,福韫法师，你使的是嵩山般若掌力。嵩山派曾有一位智深禅师擅使般若掌，与你可有渊源？
Story/D_4_8_9_2_002,阿弥陀佛，道长说笑了，智深禅师圆寂已久，小僧无缘听他老人家教诲，辈分算来，该是小僧师叔祖。
Story/D_4_8_9_2_003,师叔祖？呵，才二十几年过去，这都几代更迭了。我夺舍重生了，故敌故友却悉数凋零殆尽，岂不寂寞？
Story/D_4_8_9_2_004,申屠道长，切莫虚言，世上哪里真有不入轮回，夺舍重生的事呢？
Story/D_4_8_9_2_005,智者以事实验证大道；俗人以愚见拒认事实。
Story/D_4_8_9_2_006,这……。
Story/D_4_8_9_2_007,嵩山派高僧发大弘愿，舍身下山救世。你派师叔伯祖辈尽皆死于吾之手，你小和尚恨也不恨？嗔也不嗔？
Story/D_4_8_9_2_008,罪过，罪过，小僧生性凉薄，听了道长的话，依旧心如古井不波，道长若想激怒我，力度稍嫌不足。
Story/D_4_8_9_2_009,涵养功夫不坏，可惜真实本领太差。
Story/D_4_8_9_2_010,小僧自知资质驽钝，再练一甲子，亦难与天下豪杰比肩。可是小僧功夫再差、再弱，也不愿向邪魔歪道低头，杀身成仁，是我所愿。
Story/D_4_8_9_2_011,好，好。你小和尚有骨气，如你派前辈一般，都令吾敬佩。
Story/D_4_8_9_2_012,要成大业，岂能怕报应，吾杀再多人也不皱眉头。可是你嵩山高僧，却是杀一个都令人惋惜……。
Story/D_4_8_9_2_013,今日便看在你派前辈的份上，就此收手罢。
Story/D_4_8_9_2_014,此话当真？
Story/D_4_8_9_2_015,吾向来说一不二。
Story/D_4_8_9_3_001,赵居士，今日你若侥幸不死，大可再来找贫道报仇。
Story/D_4_8_9_3_002,你究竟是申屠龙道长……还是魔教教主？
Story/D_4_8_9_3_003,都是。下回见面，彼此都别留情了吧。
Story/D_4_8_9_3_004,你若能活过今日，吾便破例记住你的名字吧。
Story/D_4_8_9_3_005,……。
Story/D_4_8_9_3_006,……赵活！
Story/D_4_8_9_3_007,……赵施主！
Story/D_4_8_9_3_008,晕厥而已，暂时还不至于咽气。
Story/D_4_8_9_3_009,走了。
Story/D_4_8_9_3_010,教主，这些人当真饶恕不杀吗？这可不像您的作风啊。
Story/D_4_8_9_3_011,你这恶贼，方才不是被打倒了吗？
Story/D_4_8_9_3_012,你不是已被打倒了……怎会？
Story/D_4_8_9_3_013,九命豹。什么时候轮得到你来指手画脚了？别试探吾的耐心。
Story/D_4_8_9_3_014,属下知罪，但是……但是容属下冒死相谏：万一他们侥幸能活，将来必成隐患。合该赶尽杀绝，以绝后患才是。
Story/D_4_8_9_3_015,如此，何尝不令人期待？
Story/D_4_8_9_3_016,吾争霸天下之路，若无敌手，岂不无聊？
Story/D_4_8_9_3_017,但这些小辈不过是……。
Story/D_4_8_9_3_018,蠢材，吾几时说过这些人堪作敌手？连宋官家，吾也不放在眼里。方今天下能与本王相抗者，犹在宋金两国交征之处！
Story/D_4_8_9_3_019,您、您是想与那人为敌？
Story/D_4_8_9_3_020,怎么，你怕了？
Story/D_4_8_9_3_021,不……不是……不，属，属下确实怕了。那可能都不是人啊……比本教都还邪门……。
Story/D_4_8_9_3_022,属下失言！请教主赐罪！
Story/D_4_8_9_3_023,你会怕，也情有可原。与那人作对，九命豹子纵有九条命，也不够死。
Story/D_4_8_9_3_024,是……是，属下死不足惜，可是教主万金之躯……。
Story/D_4_8_9_3_025,要想作神州之主，则此人必除。否则皇帝庶民俱为傀儡。逐鹿中原的野望，亦不过是那人掌心跳舞，一场猴戏罢了。
Story/D_4_8_9_3_026,这些人生死未定，且看吾这一手，能出那人逆料否？
Story/D_4_8_9_3_027,原来……如此……？
Story/D_4_8_9_3_028,念在你随侍多年份上，破例饶你这回。否则你便有九条命，吾也能取。随贫道回吧。
Story/D_4_8_9_3_029,……。
Story/D_4_8_9_3_030,哼哼，哼哼哈哈哈！好呀，这才好。
Story/D_4_8_9_3_031,如此雄心，吾王真正的回归了，完美无瑕。
Story/D_4_8_9_3_032,反正飞侠必死，剩下的人也命不久矣。活了也成不了大气候，在此自生自灭吧。
Story/D_4_8_9_3_033,至于你嘛，教主虽说不要了。我却还稀罕得很，你就随我回崆峒，准备嫁人吧，嘿嘿。
Story/D_4_8_9_3_034,你是我一手调教出来的，到尾还是甜了我自己。
Story/D_4_8_9_3_035,……咕。
Story/D_4_8_9_3_036,你这傻妹子，叫你运功抗毒，你反而逞强……。万一毒流入心脉怎办？快坐下调息。
Story/D_4_8_9_3_037,好……。
Story/N_4_8_9_3_001,刚接完话，龙湘便伏在地上，不省人事。
Story/D_4_8_9_3_038,……莫非我们三人都要死在自家门前吗？
Story/D_4_8_9_3_039,……善哉，善哉……咳，噗。
Story/D_4_8_9_3_040,法师，你……。
Story/D_4_8_9_3_041,阿弥陀佛，小僧……小僧一直提防，未运气功抗毒。适才一掌之后，实已油尽灯枯……离死不远。
Story/D_4_8_9_3_042,您这是何苦？
Story/D_4_8_9_3_043,我不入地狱，谁入地狱？舍此色身，求仁得仁，也是……也是不坏……。虽然说嘛……可以的话，小僧还是想……想多看看这花花世界，心满意足、了断执念再走……。
Story/D_4_8_9_3_044,……莫非我们三人都要死在自家门前吗？
Story/T_4_8_9_3_001,小梅要我将解药藏好，原来是为了此刻。
Story/N_4_8_9_3_002,大师兄几乎连捏碎蜡丸的力气也不剩下，好不容易将药喂下，自己也心悸不休，几欲晕厥。
Story/T_4_8_9_3_002,内功即将散尽，我便到此为止了吧。
Story/D_4_8_9_3_045,……哎唷不行，还不能这么快就阖眼。
Story/D_4_8_9_3_046,阿活啊，吃饭啦，快过来。
Story/D_4_8_9_3_047,咦？好像还没到时辰啊。
Story/D_4_8_9_3_048,娘偷给你包了菜肉馅的饺子，你趁热吃。别给其他兄弟姊妹知道了又说娘偏心，就放这边石上了啊。
Story/D_4_8_9_3_049,娘待我总是特别偏心，唉，这我怎么舍得离家闯荡？
Story/D_4_8_9_3_050,起来吧，活儿。从今以后，你便是本门入室弟子了，改名叫作唐活。
Story/D_4_8_9_3_195,是，多谢师父。
Story/T_4_8_9_3_003,……不过爹娘待我这么好，我改姓唐，算不算数典忘祖呢？
Story/D_4_8_9_3_051,师兄！恭喜你，从今以后，我们就是一家人了！娘亲新炼了三枚万灵丹，有一枚要赐给你，连我都没有呢。不过，我跟在大家身边，不也一样安全？
Story/D_4_8_9_3_196,唐门弟子数万，分舵遍布中原，势可敌国。普天之下有谁能威胁唐门呢？
Story/D_4_8_9_3_052,没有了。我们是天下第一！
Story/T_4_8_9_3_004,小师妹今天可真活泼啊，难得一口气说这么多话？
Story/D_4_8_9_3_053,后生小子，瞧你眉清目秀，资质上佳。入我洞府，皆我门徒，老夫的神功，和八十年内力，就传给你了。
Story/T_4_8_9_3_005,真幸运啊！
Story/D_4_8_9_3_054,收下吧，大侠，唯有你才配得上这柄盖世神剑！
Story/T_4_8_9_3_006,太好啦！
Story/D_4_8_9_3_055,那个唐门新秀好厉害，已经连败数人了。继飞侠之后，又来一个活侠，唐门不愧是天下第一大派。
Story/D_4_8_9_3_056,好俊啊……我要是亲近他，不知看不看得上我呢？
Story/D_4_8_9_3_057,省省吧你，那位活侠风流倜傥，红颜知己无数。唐门小师妹、点苍叶云裳、锦香宫龙女侠夜夜都争宠。连上官世家都不惜和南宫世家翻脸，要把千金嫁给他，你这姿色凭什么？
Story/D_4_8_9_3_058,我虽然相貌平平……但、看我很努力的。他想行走江湖，我便努力学武；他想我在家相夫教子，我便学烧菜、作女红，三从四德都会遵守，一心一意为他好！
Story/D_4_8_9_3_059,放弃吧，认清现实比较快，我是为了你好才说的。他那样的侠士，与生俱来要作人中龙凤，不容俗人高攀。你不切实际的梦想，只会让自己遍体鳞伤。
Story/D_4_8_9_3_060,……说得也是，我放弃了，我还不如悠哉过日子。
Story/D_4_8_9_3_061,好，好个天之骄子，年纪轻轻，内功如此了得。江湖后学之中，有你赵活，正可谓是长江后浪推前浪。
Story/D_4_8_9_3_062,不过你也莫要得意忘形，须知人外有人，天外有天。王某今日就露一手压箱底绝招给你瞧瞧……。
Story/D_4_8_9_3_063,压箱底绝招，谁没有？我也要露一手「毁天灭地掌」让世人瞧瞧。
Story/D_4_8_9_3_064,喝啊～！
Story/D_4_8_9_3_065,呃啊啊啊啊～～！
Story/D_4_8_9_3_066,仙长一击之威，撼天动地，不单歼灭敌首，竟连六道峡都一掌轰掉了，魔教弟子无一幸还。
Story/D_4_8_9_3_067,这群妖魔小丑有如蝼蚁，我还不是一掐就捏死了他们。谁也不会记得他们姓甚名谁，可悲啊。
Story/D_4_8_9_3_068,仙长所言甚是。崆峒掌派人宝座空缺，不知仙长可有意愿纡尊莅临，点化我们凡夫俗子？
Story/D_4_8_9_3_069,可以。
Story/D_4_8_9_3_070,那真是太好了，太好了！
Story/D_4_8_9_3_071,大家都在等什么？当代出了这样一位不世英雄，大家不奉他作武林盟主，还要谁来统帅？
Story/D_4_8_9_3_072,参见武林盟主！千秋万载，一统江湖！
Story/D_4_8_9_3_073,梅兰竹菊四个小娘子还不速速过来，拜见新掌派人！
Story/D_4_8_9_3_074,赵大爷，太阳大，奴家给你撑伞。奴家被誉为江湖第一美人，虽然年纪比您稍长几岁，也还凑合。您就大发慈悲收下奴家吧。
Story/D_4_8_9_3_075,赵……赵大爷。小竹很柔弱，你赐教时，可得温柔一点儿。
Story/D_4_8_9_3_076,赵大爷，您文武双全，好英勇啊，贱婢好生钦慕！
Story/D_4_8_9_3_077,……阿活，小梅第一眼见你，就没来由的爱慕你，情根深种，无法自拔。能许配给你，作妾也欢喜，我一定不争宠、不善妒，终日坐在房中等你。你偶尔来看小梅，陪我说说话，小梅就心满意足了。
Story/D_4_8_9_3_078,我们都会安分守己，不吵架，不忌妒姊妹。你来见我们的时候，我们才会说话，像个漂亮的磨喝乐娃娃，任你玩赏。
Story/D_4_8_9_3_079,唐、唐爱卿不愧为国之栋梁，金兵都畏惧你武林盟主的威望。不战而降，收复了我大宋江山，朕……。
Story/D_4_8_9_3_080,朕？官家又不是在朝堂之上，平日也自称为朕吗？
Story/D_4_8_9_3_081,不，不是……哈哈。唐爱卿从前姓赵，与我是同宗，何妨回归赵氏宗亲，我封你为王？
Story/D_4_8_9_3_082,我在江湖万人景仰，为何要受你敕封，平白低了一级？官家没见到我歼灭六道峡吗？我这掌若轰在临安府……。
Story/D_4_8_9_3_083,赵、赵皇兄！您是我失散多年的亲兄弟啊！父皇本来要传位予你，无奈受隆慈太皇太后胁迫，才内禅于弟。今日皇兄复辟，只求高抬贵手，饶弟性命，发配边疆，颐养天年。
Story/D_4_8_9_3_084,这才像样。
Story/T_4_8_9_3_007,我统一江湖，武功天下第一，妻妾成群。如今连皇帝也作了，接下来要作什么呢？长生不老吗？飞升天庭吗？
Story/D_4_8_9_3_085,师弟，你怎么一脸恶心，是在作什么特别无聊的梦吗？
Story/D_4_8_9_3_086,大师兄？
Story/D_4_8_9_3_087,……你还当你是大师兄吗？还想俯瞰我吗？今时不同往日，我可是武林盟主，朕可是大宋皇帝！
Story/D_4_8_9_3_088,哈哈哈哈哈！
Story/D_4_8_9_3_089,你……！
Story/D_4_8_9_3_090,我和我师弟说话，你老兄是谁呀？武林盟主？大宋皇帝？我又不认识，麻烦闪边。
Story/D_4_8_9_3_091,师弟，这便是你的心魔吗？哈哈哈哈哈！真是特级好笑。你又没啥不好，干嘛老是自哀自怜，发这种蠢梦。
Story/D_4_8_9_3_092,我哪里都不好……我长得丑、武艺低微，没有人爱我……。我也想当大侠，受人景仰。
Story/D_4_8_9_3_093,你说的大侠，就是这种虚荣的怪胎吗？
Story/D_4_8_9_3_094,你胆敢侮辱朕，别想朕会念着从前旧情！连着欺负过我的唐门，朕都要一并毁掉！
Story/D_4_8_9_3_095,又不是唐门每个人都会欺负你。
Story/D_4_8_9_3_096,你会！你每次都拖我下水！怂恿我犯罪！我明明是受师娘所托才去窗下守护小师妹，你却乱讲害我被人误会！你偷师叔豆腐干叫我一起吃，害我也跟着挨打！
Story/D_4_8_9_3_097,你整天取笑我！我在家里好好的不惹事，你就硬要拉我出去打架！每次都是你！我的心魔是你才对！消失吧！消失吧！去死！去死！！
Story/D_4_8_9_3_098,啊。
Story/D_4_8_9_3_099,……对不住。
Story/D_4_8_9_3_100,没关系，你我是师兄弟，一人犯贱一次，相互抵销。
Story/D_4_8_9_3_101,你才不只犯贱一次，你无时不刻都犯贱吧。
Story/D_4_8_9_3_102,哈哈哈哈哈！
Story/D_4_8_9_3_103,呵，哈哈哈哈哈！
Story/D_4_8_9_3_104,师弟，我和你说啊。你埋怨我的那些事，重活一世我也照样会干。我天生注定要干出这些事来的。
Story/D_4_8_9_3_105,你对我仇深似海呀。
Story/D_4_8_9_3_106,正好相反，是因为我把你当朋友。
Story/D_4_8_9_3_107,朋友之间，不就是应该不分彼此，经常互相陷害互损吗？
Story/D_4_8_9_3_108,……。
Story/D_4_8_9_3_109,那是损友吧，我出身不好就够倒霉了，还要跟你结交。我上辈子一定干了不少坏事。
Story/D_4_8_9_3_110,哈哈哈哈哈！
Story/D_4_8_9_3_111,哈哈哈哈哈！
Story/D_4_8_9_3_112,哈哈哈！
Story/D_4_8_9_3_113,哈哈，哈，哈……。
Story/D_4_8_9_3_114,哈哈，哈……。好啦，笑够了，如今遂你所愿，我差不多也该消失了。
Story/D_4_8_9_3_115,什么？你要去哪？
Story/D_4_8_9_3_116,我哪知道，我又没死过。
Story/D_4_8_9_3_117,你怎么能死！大家都在等你回去！你可是大师兄啊！
Story/D_4_8_9_3_118,你必须……你必须一直玩世不恭，游刃有余的样子。你应该是不死之身才对啊。
Story/D_4_8_9_3_119,人生在世，皆有一死，就算可以长生不老，我也不屑。在世五十年，争名夺利，在世五百年，照样争名夺利，半点屁用也无。
Story/D_4_8_9_3_120,我只活到我死时，王侯布衣，到头无非黄土埋骨。何妨沽酒一斛自沉浮。生来胡涂，死亦瞑目。
Story/D_4_8_9_3_121,你倒潇洒，那唐门怎么办才好？
Story/D_4_8_9_3_122,世人都说唐门人才凋零，可是唐门哪里没有栋梁了？你小子不就是了。
Story/D_4_8_9_3_123,我？我这微末本领，还早得很呢。
Story/D_4_8_9_3_124,不，时势造英雄，江湖骤雨从不会管你准备好了没。你的时代，就是现在了，振作起来！
Story/D_4_8_9_3_125,……！
Story/D_4_8_9_3_126,大师兄，我方才不是真心的，我没有想让你消失。
Story/D_4_8_9_3_127,唐门大家就托付给你了。
Story/D_4_8_9_3_128,我只是一个外姓弟子啊。
Story/D_4_8_9_3_129,下一出戏该你主演，我在台下看着，为你们喝采鼓掌。
Story/D_4_8_9_3_130,不行，我办不到的，该活的是你才对！
Story/N_4_8_9_3_003,劝君金屈卮，满酌不须辞。花发多风雨，人生足别离。
Story/D_4_8_9_3_131,醒醒啊，师弟，哎，师弟，醒醒。
Story/D_4_8_9_3_132,还没死就打振精神，同我说点临终干话。再拖下去，就要等下辈子啦！
Story/D_4_8_9_3_133,妈的……你有病……咳呃。咱们都快没命了……你还不肯让我安静的死。
Story/D_4_8_9_3_134,呜……呜呜……。
Story/D_4_8_9_3_135,什么呀，师弟，你在哭吗？
Story/D_4_8_9_3_136,废话，我不甘心啊，咳呃，又……又吐血了。
Story/D_4_8_9_3_137,我一事无成，都没成亲就死了……真不甘心……咳呃。又……又吐血了。
Story/D_4_8_9_3_138,这个你大可不必难过，反正……反正你活到老，也成不了亲。
Story/D_4_8_9_3_139,吃我头槌，去你妈的！
Story/D_4_8_9_3_140,哈哈哈，干，你……你哪来的力气，把我的牙都差点撞掉了。
Story/D_4_8_9_3_141,你活该。
Story/D_4_8_9_3_142,我这辈子压根没碰见什么好事，认识你更是……更是倒霉透顶。我早就知道跟着你混，迟早会被你害死……。
Story/D_4_8_9_3_143,哈……对不住啦。
Story/D_4_8_9_3_144,……咳，我家里没人会悼念我……只怕世间也没几人在意我死活。你……你将师弟妹们烧给你的纸钱分我一半……我就原谅你。
Story/D_4_8_9_3_145,哈哈哈哈咳啊！
Story/D_4_8_9_3_146,哈哈哈哈咳啊！
Story/D_4_8_9_3_147,呼，呼……。
Story/D_4_8_9_3_148,哈……哈啊……。
Story/D_4_8_9_3_149,……哎，师弟，你快死掉了吗？
Story/D_4_8_9_3_150,应该快了。
Story/D_4_8_9_3_151,……哎，师弟，现在呢？你快死掉了吗？
Story/D_4_8_9_3_152,快了，快……给你烦死了……哈……哈……。喘不过气了，眼皮好重……。
Story/D_4_8_9_3_153,那你别说话了，闭眼听我说，我传你一套心诀。
Story/D_4_8_9_3_154,什么心诀……能救命吗……？
Story/D_4_8_9_3_155,不能。
Story/D_4_8_9_3_156,你闭眼想象一下，咱们回到后山。天还没亮，就乘着凉风在喝酒，像从前一样。
Story/D_4_8_9_3_157,有……有小师妹吗……？
Story/D_4_8_9_3_158,你的执念还真是可怕，你说有就有吧。
Story/D_4_8_9_3_159,……。
Story/D_4_8_9_3_160,想象到了吗？那风，那清凉的夜，醇香的酒。
Story/D_4_8_9_3_161,想象到了。
Story/D_4_8_9_3_162,酒是什么酒？
Story/O_4_8_9_3_001,是你藏起来不让喝的猴儿酒
Story/D_4_8_9_3_163,那可是我的宝贝啊，算啦，你去拿吧。就在山壁上三丈高，风雨不侵的的凹陷处。
Story/D_4_8_9_3_164,好。
Story/D_4_8_9_3_165,拿到了吗？
Story/D_4_8_9_3_166,拿到了。
Story/O_4_8_9_3_002,总之是酒
Story/D_4_8_9_3_167,哎～都什么时候了，还这般不讲究。喝这个吧，临安正店的羊羔酒，可贵了，一壶可以买十个你。
Story/D_4_8_9_3_168,我也太贱了吧。
Story/D_4_8_9_3_169,你不贱，你的嘴才贱。
Story/D_4_8_9_3_170,彼此彼此啦，哈哈哈！
Story/D_4_8_9_3_171,哈哈哈！
Story/D_4_8_9_3_172,蒙古奶酒。
Story/D_4_8_9_3_173,……什么？那什么，我都没喝过，太不公平了！喝起来是怎样的？
Story/D_4_8_9_3_174,用皮囊壶装着，喝起来既有奶的滋味，也有酒的芳醇。是大漠和草原的味道。
Story/D_4_8_9_3_175,真羡慕啊。
Story/D_4_8_9_3_176,不必羡慕，来喝吧。
Story/D_4_8_9_3_177,好。
Story/D_4_8_9_3_178,干杯。
Story/D_4_8_9_3_179,干杯。
Story/D_4_8_9_3_180,好酒！痛快！
Story/N_4_8_9_3_004,你二人虽然流浪在外，心却已经到家了。
Story/D_4_8_9_3_181,现在不怕了吧？
Story/D_4_8_9_3_182,好多了。
Story/D_4_8_9_3_183,那好，时候已差不多了。
Story/D_4_8_9_3_184,大师兄，你要走了吗？
Story/D_4_8_9_3_185,师弟你看，远方天际浓黑，可是再过不久，就要破晓了。你也莫看眼前铅云压境，便躲进被窝。正是这样的日子，吾辈才要逆风而行。
Story/D_4_8_9_3_186,既然你不逃，那就挺身而战吧。世人都说唐门人才凋零，可是唐门哪里没有栋梁了？你小子不就是了。
Story/D_4_8_9_3_187,我？那也要我能活才行，更何况我这微末本领，还早得很呢。
Story/D_4_8_9_3_188,不，时势造英雄，江湖骤雨从不会管你准备好了没。你的时代，就是现在了，振作起来！
Story/D_4_8_9_3_189,……！
Story/D_4_8_9_3_190,大师兄。
Story/D_4_8_9_3_191,唐门大家就托付给你了。
Story/D_4_8_9_3_192,我只是一个外姓弟子啊。
Story/D_4_8_9_3_193,下一出戏该你主演，我在台下看着，为你们喝采鼓掌。
Story/D_4_8_9_3_194,不行，我办不到的，该活的是你才对！
Story/N_4_8_9_3_005,劝君金屈卮，满酌不须辞。花发多风雨，人生足别离。
Story/D_4_9_1_001,……。
Story/N_4_9_1_001,你独自爬上了正心楼顶，眺望远方，感触良多。
Story/N_4_9_1_002,也不怕晕眩发作，一头栽到楼下去，你就是想看看唐家大院的景色。
Story/N_4_9_1_003,也不顾自己内力全失，手脚尚且不如不懂武功的庄稼人灵便，稍有不慎就会一头栽到楼下去，你就是想看看唐家大院的景色。
Story/T_4_9_1_001,不知从何时起，我已经不那么怕高了。
Story/T_4_9_1_002,因为我长大了吗？因为我武功变得高强了吗？然而值得畏惧的事情，依然数之不尽，就连未来都令人感到不安。
Story/N_4_9_1_004,责任当真落在你肩上的时候，你才知道，原来背负着旁人的期望并不逍遥。
Story/D_4_9_1_002,……。
Story/N_4_9_1_005,小师妹来到身边，一言不发，静静在你身旁待着。
Story/D_4_9_1_003,……。
Story/D_4_9_1_004,……。
Story/D_4_9_1_005,{size=24}……干嘛看我。{/size}
Story/D_4_9_1_006,没事。
Story/D_4_9_1_007,……。
Story/N_4_9_1_006,小师妹怯生生的牵住了你的衣角。不是怕你掉下去，而是害怕你也消失不见。
Story/D_4_9_1_008,怎么了？
Story/D_4_9_1_009,不知道。总觉得……有点害怕。
Story/D_4_9_1_010,……是吗？其实我也一样。
Story/D_4_9_1_011,别怕。
Story/D_4_9_1_012,我没有……。
Story/D_4_9_1_013,我知道你不怕高。
Story/D_4_9_1_014,……。
Story/N_4_9_1_007,小师妹怯生生的牵住了你的衣角。既怕你掉下去，也害怕你会消失不见。
Story/D_4_9_1_015,小师妹，我哪里也不会去喔。
Story/D_4_9_1_016,……嗯。
Story/D_4_9_1_017,即使总有一日要离开，我也不会不告而别。
Story/D_4_9_1_018,嗯。
Story/D_4_9_1_019,绝不会丢下你一个人，我发誓。
Story/D_4_9_1_020,嗯……你不要骗我。
Story/D_4_9_2_001,师弟～你爬到楼顶干嘛？请你下来，我有话要说～！
Story/D_4_9_2_002,四师兄。
Story/D_4_9_2_003,好，你等等。
Story/D_4_9_2_004,我们下去吧。
Story/D_4_9_2_005,好。
Story/D_4_9_2_006,小师妹也在……你俩怎么回事。
Story/D_4_9_2_007,你不是说头晕吗？还爬这么高，就不怕摔下来。
Story/D_4_9_2_008,你不是内力被吸收殆尽，手脚不灵便吗？还爬这么高，就不怕摔下来。
Story/D_4_9_2_009,怕还是会怕的，但没以前那么怕。我就是想知道自己会有多怕。
Story/D_4_9_2_010,武功一旦高过，从此就不知死活了。没出事前都以为没事，慎防善泳者溺啊。
Story/D_4_9_2_011,我也在，不怕。
Story/D_4_9_2_012,先不说这个，说要紧事吧。
Story/D_4_9_2_013,……就在方才，福韫法师圆寂了。难为他苦熬多日，到头本门还是来不及救他。
Story/D_4_9_2_014,是吗……。
Story/D_4_9_2_015,结果只有我活下来了……明明我是最没用的。
Story/D_4_9_2_016,才不是。
Story/D_4_9_2_017,三师兄当天寄信，嵩山派的大师们昨日就到了，他们……他们都挺不能释怀的，无论怎么解释，都铁了心认定本门脱不了干系，实际也确实如此。
Story/D_4_9_2_018,唉，不过我们是属于受害者关系，说也说不清。
Story/N_4_9_2_001,嵩山派的人将福韫遗体接出山门，就近僻处诵经火化。
Story/N_4_9_2_002,你不敢过份靠近，只在远处目送故人，喃喃祷祝。熊熊烈火焚此残驱，福韫法师舍此色身，登临西方极乐，你却还在人间受苦，受忧怖左右，不得解脱。
Story/D_4_9_2_019,就在方才，福韫法师醒了。二师兄不在，一时之间还真怕会怎么样呢。
Story/D_4_9_2_096,还得是唐芳师姐的功劳，幸好有她在。我不过是听任她差遣罢了。
Story/D_4_9_2_097,师妹她本人可不是这么说的，她说你才是主治大夫。
Story/D_4_9_2_098,是吗……。
Story/D_4_9_2_024,他昏睡多日，虽是练武之人，也吃不消。得准备些斋菜，和豆腐一块切碎了和米粥给他。
Story/D_4_9_2_025,这点儿事我也晓得，已经请门中师妹去办了。
Story/D_4_9_2_026,三师兄当天寄信，嵩山派的大师们昨日就到了，可能至多再住两日，就要将人带回嵩山去了。
Story/D_4_9_2_027,好，我去见见他吧。
Story/D_4_9_2_028,法师！
Story/D_4_9_2_029,赵施主。
Story/D_4_9_2_030,承蒙贵派施以援手，解小僧此厄，感激不尽。
Story/D_4_9_2_031,……那也是法师你先仗义相助的，是我们该感谢你。
Story/D_4_9_2_032,在更早之前，唐门就先帮了嵩山派。恩恩相报，也是凡心，小僧却不舍便断此执念。今日种种，命中注定。
Story/D_4_9_2_033,说来，该是我们连累了你。若非与我们一道，法师怎会受此磨难？又何必言谢呢？
Story/D_4_9_2_034,施主言重了。只消不是被人押着，人生谁不是一阵同行、一阵独行？到底是自走的路，都是缘法。
Story/D_4_9_2_035,小僧是自愿与二位施主结伴同行的。遇着此事，宁知害命也不能坐视，则此劫数终究要应验的，这是小僧要过的关，与施主无关。
Story/D_4_9_2_036,法师认为，这一切都是注定的？
Story/D_4_9_2_037,因果相牵，缘业相生，是必然，是偶然，有何异同呢？你站在此刻，回首前尘，尽皆必然，是已成遂如是你；你站在此刻，直视未来，则一切仍有无数可能，能以成遂将来佛。
Story/D_4_9_2_038,法师！我一介丑陋凡驱，您未免太言重！
Story/D_4_9_2_039,佛可敬，是佛为觉者，福慧圆满明行足，一切苦厄烦恼不能沾身。芸芸众生皆有佛性，可以证菩提而成正果。否则佛法可信不可修，僧侣何须苦行。
Story/D_4_9_2_040,……。
Story/D_4_9_2_041,多谢大师说法，指点迷津。
Story/D_4_9_2_042,施主快快请起，小僧亦在迷中，何能指点于人？
Story/D_4_9_2_043,小僧不曾说法，至多宣扬佛法，劝人学佛而已。一切觉悟，都是施主自己领悟。
Story/T_4_9_2_001,法师所言，我也能够听明白。但是红尘滚滚，谁能够片尘不染？了断执着谈何容易。超然之人往往只是自以为超然，真能贯彻始终的，举世鲜矣。
Story/T_4_9_2_002,呃……听不懂，总之法师所言，定是好的。
Story/T_4_9_2_003,听不懂，反正就当他放屁吧，敷衍一下得了。
Story/T_4_9_2_004,这表情……显然是当小僧放屁，想敷衍小僧。
Story/D_4_9_2_044,阿弥陀佛，贵派大师兄，唐施主的事，还请节哀。小僧为他诵念往生咒，拔一切业障之根本，了断前尘，无忧无怖。
Story/D_4_9_2_045,多谢大师。
Story/D_4_9_2_046,阿弥陀佛，幸得施主仁术，小僧已康健如初，不能再精神了。这便要告辞施主，下山去了。
Story/D_4_9_2_047,阿弥陀佛，小僧已无大碍，这便要下山去了。
Story/D_4_9_2_048,……毕竟生者在世，尚且有能为力。不能以江湖纷扰误国害民，事不宜迟，小僧要随众师兄巡访各派游说。
Story/D_4_9_2_049,大师请，来日江湖再逢。
Story/D_4_9_2_050,施主请。
Story/D_4_9_2_051,小僧再多言逆耳一句，不知赵施主可愿倾听？即使不愿，小僧也要说就是了。
Story/D_4_9_2_052,大师请讲。
Story/D_4_9_2_053,放下屠刀，其实不能立地成佛，但你得先放下屠刀才行。小僧愿信施主虽然心地不净，却重情义。
Story/D_4_9_2_054,你心中恶念、执念皆其来有自，绝非小僧几句风凉话、大道理能够点化，但盼施主念着今日情义，往后处世，多留人一、二分余地。
Story/O_4_9_2_001,好吧
Story/D_4_9_2_055,善哉善哉，小僧去也。
Story/O_4_9_2_002,不要
Story/D_4_9_2_056,唉。小僧可还没放弃，待局势安定，不免还要再来唠叨。
Story/O_4_9_2_003,好(然而不要)
Story/D_4_9_2_057,小僧能劝的也都劝了，善有善报，恶有恶报，施主好自为之。
Story/D_4_9_2_058,龙姑娘收拾了包袱，要向你辞行，正四处找你呢。
Story/D_4_9_2_059,我？我这样的无名小卒，几时劳她费心了。
Story/D_4_9_2_060,话不能这么说，毕竟患难与共过，她看来挺有良心的。换作是我，就只招呼有头有脸的人物。
Story/D_4_9_2_061,总而言之，你就去送送她吧，否则她孤伶伶的上路，也怪可怜的。
Story/D_4_9_2_062,好。
Story/D_4_9_2_063,湘姊要走了……我去见她。
Story/D_4_9_2_064,……。
Story/D_4_9_2_065,龙女侠！你要走了吗？
Story/D_4_9_2_066,嗯，我正在找着你呢。
Story/D_4_9_2_067,我送你一程。
Story/D_4_9_2_068,不必了，我找你，只是打声招呼而已。毕竟贵派之中，除了你和你大师兄，我也不认识其他人了。
Story/D_4_9_2_069,……知道了。
Story/D_4_9_2_070,我走啦，赵兄弟。别再做坏事了，你要是行恶被我撞见，第一次我会劝你，你有免死金牌。但是第二次撞在我手里，我会二话不说斩了你。
Story/D_4_9_2_071,多么突然的杀人预言！
Story/D_4_9_2_072,我走啦，赵兄弟，多保重。
Story/D_4_9_2_073,湘姊，你要走了吗？
Story/D_4_9_2_074,嗯，我正在找你呢，陪我走一小段路吧。
Story/D_4_9_2_075,好。
Story/N_4_9_2_003,你二人一路闲谈，都心有灵犀，绝口不提大师兄的事。
Story/D_4_9_2_076,就送到这里吧。
Story/D_4_9_2_077,起码让我送你到镇上吧。
Story/D_4_9_2_078,不必啦，多亏你妙手回春，我已经完全康复了。我弟还真行呢，又懂做吃的，又懂医术。
Story/T_4_9_2_005,可惜脸不行，其他再行也没意义。
Story/D_4_9_2_079,我有些事没想明白，心里闷得慌。这就要回锦香宫去了，下次见面，保不定是何时，你多珍重。
Story/D_4_9_2_080,你不来，我去锦香宫见你吧。
Story/D_4_9_2_081,你要来见我？
Story/D_4_9_2_082,呵。
Story/D_4_9_2_083,干嘛？真令人心寒。是想象到我被你师姐妹们打死的惨状而忍不住失笑吗？
Story/D_4_9_2_084,才不是！你明知道不是！劝你别学你大师兄那样口无遮拦喔！
Story/D_4_9_2_085,我收回前言，我说不定偶尔还是会来的。到时你可要好酒好菜招待我。
Story/D_4_9_2_086,鸡腿必不可少。
Story/D_4_9_2_087,那还用说。
Story/D_4_9_2_088,……。
Story/D_4_9_2_089,……。
Story/D_4_9_2_090,好哇，我等你来找我。到时姊带你吃洞庭的钵子菜，你这儿山珍多，海味却难得吧。
Story/D_4_9_2_091,我好期待。
Story/D_4_9_2_092,来日江湖再逢，你我姊弟，后会有期。
Story/D_4_9_2_093,湘姊，我们一定要再见。
Story/D_4_9_2_094,一言为定。
Story/D_4_9_2_095,后会有期。
Story/D_4_9_3_2_001,……一下就变得好冷清啊。
Story/D_4_9_3_2_002,美梦该醒了吗？毕竟是梦嘛。
Story/D_4_9_3_2_003,哎唷，这不是小竹吗？
Story/D_4_9_3_2_004,崆峒二姝，却在唐门叙话，还真古怪。
Story/D_4_9_3_2_005,你究竟算不算是崆峒中人呢。
Story/D_4_9_3_2_006,……千灯楼派你来卧底，是为了崆峒秘宝吗？
Story/D_4_9_3_2_007,我什么都没听见～我谁也没碰见～
Story/D_4_9_3_2_008,啊，是吗，你没把我放眼里这件事，我已经十分清楚了。但这件事不只和我有关，你这回一定要告诉我，别想逃。
Story/D_4_9_3_2_009,不然呢，你想回去告发我吗？
Story/D_4_9_3_2_010,我……我不应该告发你吗。
Story/D_4_9_3_2_011,会死的喔。无依无靠的你，会悄无声息地死去。
Story/D_4_9_3_2_012,唔……。
Story/D_4_9_3_2_013,……小竹，我们来交易吧。你要是帮我保守秘密的话，我就设法把你逐出崆峒派，如何呢？
Story/D_4_9_3_2_014,这算是哪门子交易！
Story/D_4_9_3_2_015,你不想吗？以前说想成为天下第一巧匠梦想，只是为了遮羞吗？
Story/D_4_9_3_2_016,当然不是。
Story/D_4_9_3_2_017,成为掌派夫人以后，你觉得你还能再进铁铺敲敲打打吗？
Story/D_4_9_3_2_018,就算我在崆峒不受人待见，可是也不能眼睁睁看你害人。即使不情愿，我也会成为掌派夫人牵制你，不会让你对崆峒为所欲为的！区区的梦想……区区的梦想，舍弃算了！
Story/D_4_9_3_2_019,反正因为你的缘故，不得不放弃的事情已经够多了！
Story/T_4_9_3_2_001,……我知道为何我见着阿活，总有一种亲切感了，他和你有点像也说不定。
Story/D_4_9_3_2_020,小竹，事到如今，本梅就大发慈悲给你两个忠告吧。
Story/D_4_9_3_2_021,我想问的事情可多着呢。
Story/D_4_9_3_2_022,第一个忠告：你的告发对我无效，你只会害了你自己，不要轻举妄动。如果你一定要和我作对，就去找魏掌门吧，她和她背后的人可以保护你。
Story/D_4_9_3_2_023,第二个忠告：就算除掉我，也会有人代替我的。不只崆峒派，整个江湖、中原、乃至宋国，都有暴雨将至。你应该要帮着我，我们才能尽量保护身边的人，不被暴雨吞没。
Story/D_4_9_3_2_024,你什么都不告诉我，还想让我帮你？休想！
Story/D_4_9_3_2_025,那就牢牢记住我的忠告一。
Story/D_4_9_3_2_026,等一下，那唐门呢？你给人家添这么大麻烦！
Story/D_4_9_3_2_027,这点你也是一样吧？若真的为唐门好，就该回自己家去。他们已经自身难保了，别再利用他们啦。
Story/D_4_9_3_2_028,我没有……我……我……我只是想再多待一下。
Story/D_4_9_3_2_029,我自己也知道非走不可了……。
Story/D_4_9_3_2_030,……别哭啦，是我把话说重了。
Story/D_4_9_3_2_031,我才没有哭，不用你假惺惺！
Story/D_4_9_3_2_032,……还真是没变呢。
Story/D_4_9_3_2_033,那就当作是我的补偿，特别告诉你一件事到如今已经无关紧要的事情吧。
Story/D_4_9_3_2_034,……你说啊。
Story/D_4_9_3_2_035,你现在已经知道我是千灯楼杀手、千面人魔了。早在我来到崆峒以前，我就是杀手了。
Story/D_4_9_3_2_036,亏我还曾经把你当成好朋友，那样信赖着你！现在才知道，原来你一开始就不安好心。
Story/D_4_9_3_2_037,我在崆峒一举一动都受监控，千灯楼怕我不听话、自寻短见，一直想方设法控制我，我一但有了重视的人、不可替代的宝物，千灯楼就有了威胁我的筹码。
Story/D_4_9_3_2_038,是这样吗？你还真可怜……。
Story/D_4_9_3_2_039,可不是吗？
Story/D_4_9_3_2_040,不、不过我是不会同情你的！卖惨也没用！
Story/D_4_9_3_2_041,没关系，你就继续讨厌我吧。我不是都说了吗？这是『事到如今已经无关紧要的事情』。
Story/D_4_9_3_2_042,……我越是珍惜的事物，就得推得越远，假装弃如敝屣；越是爱护的人，就要撇得干净，假装浑不在乎，假装不放眼里。
Story/D_4_9_3_2_043,真别扭。
Story/D_4_9_3_2_044,嗯……？等等，难道说……。
Story/D_4_9_3_2_045,哇哈哈哈，全崆峒上下，本梅最讨厌的就是小竹你了。我从小就瞧不起你，你对我而言，就像尘埃一样不起眼。你这种人，才不配当我朋友呢。
Story/D_4_9_3_2_046,从今以后也别想本梅会对你有半点好脸色，就你还想跟我争掌派夫人之位？想得倒美。等我掌权，就把你赶出崆峒派……爱上哪就上哪去……。
Story/D_4_9_3_2_047,我……我走了！
Story/D_4_9_3_2_048,骗人……是想让我不告发你，才作戏骗我的吧？
Story/D_4_9_3_2_049,对，就是这样。明白了就松手，你这怪力女，弄疼我了！没见我都疼哭了吗！
Story/D_4_9_3_2_050,呜……呜呜……。
Story/D_4_9_3_2_051,你是说……你要回崆峒派了吗？
Story/D_4_9_3_2_052,是呀，我走了，对大家都好。
Story/D_4_9_3_2_053,可是按你说的，你已背叛了千灯楼，回去还有活路吗？
Story/D_4_9_3_2_054,回去才有活路。我留在唐门，没有半点用处，平白给你们招惹仇家而已。崆峒派，千灯楼都会因为我的缘故，往唐门寻仇。
Story/D_4_9_3_2_055,反之我若回崆峒请罪，仍是嫡传女弟子，成为第一掌派夫人指日可待。掌派人大选之期将近，千灯楼已来不及再培养新人取代我了。
Story/D_4_9_3_2_056,换言之，对崆峒派、千灯楼而言，本梅利用价值都大得很。受点皮肉之痛难免，却不至于立时害命。只要您发发善心，念在我护派有功的份上，别去宣扬我是奸细就好。
Story/D_4_9_3_2_057,本门怎能陷你于不义，但江湖道义也不能罔顾。
Story/D_4_9_3_2_058,我想也是，三师兄你那么正经。那你请便吧，不过以崆峒、唐门的交情，想必没人会信你。你们不如多花心思，设法分辩，说服世人你们与泥教无关才要紧。
Story/D_4_9_3_2_059,我并不是打算告发你，只是与你共商两全其美的良策而已。小梅师妹，你先不要激动。
Story/D_4_9_3_2_060,我哪有。放弃我，不就是两全其美的办法吗？
Story/D_4_9_3_2_061,你已拜师入室，便是我唐门弟子，保护自家人，责无旁贷。你大可不必委屈。
Story/D_4_9_3_2_062,三师兄，如今的唐门，已经保护不了我啦。你们不是自身难保吗？我走可不只是为了唐门，也是为了自己活命啊。
Story/D_4_9_3_2_063,……我明白了。
Story/D_4_9_3_2_064,那就好……。
Story/D_4_9_3_2_065,我要走了，三师兄，请帮我除名吧。名牌我能拿走，当作纪念吗？
Story/D_4_9_3_2_066,可以是可以，你这就走吗？不和师弟说一声？
Story/D_4_9_3_2_067,嗯……我不敢见他。万一他凶我，我可能会哭出来。更怕他不生我气，害我走不了，最后脑袋不清楚，胡里胡涂和你们死在一块儿。
Story/D_4_9_3_2_068,这是我爱用的兵器，烦请三师兄过一阵子，替我送给阿活。当作诀别的礼物，也是我赔罪的心意。
Story/D_4_9_3_2_069,这刀不是凡铁，我不能代收，还是请你自己给他吧。
Story/D_4_9_3_2_070,拜托啦～拜托啦～
Story/D_4_9_3_2_071,唉，你这……唉。
Story/N_4_9_3_2_001,小梅硬是把配刀强塞给三师兄。
Story/D_4_9_3_2_072,多谢你们的照拂，我上楼去向掌门叩头就走。请三师兄再陪一陪我。
Story/D_4_9_3_2_073,唉……。
Story/D_4_9_3_2_074,生，亦我所欲也；义，亦我所欲也。二者不可得兼，舍生而取义者也。我固然甘心舍身取义。
Story/D_4_9_3_2_075,但是君子之于禽兽也，见其生，不忍见其死。恻隐之心，仁之端也。小梅师妹去意已决，我总不能强人所难。便以代掌门之职，做一回主，放她自由吧。
Story/N_4_9_3_2_002,小梅在掌门病榻之前，恭恭敬敬的跪下磕头，咚咚有声，额头都磕红了。她刻意不知会你，由三师兄亲自送出门，馈赠盘缠，拜别而去。
Story/T_4_9_3_2_002,回去崆峒派，不知要挨多少酷刑，就算火龙仙君想保我，夺魄门也不会轻易放过我吧。
Story/T_4_9_3_2_003,本梅聪明伶俐，早料到结局会是如此，怎么还是帮了阿活呢？人心真是变化莫测，连我自己都料不准自己何时会失心疯。
Story/N_4_9_3_2_003,小梅孤身一人启程，回返崆峒。
Story/D_4_9_3_3_001,……赵活，是我啦。你睡着吗？
Story/O_4_9_3_3_001,沉默
Story/D_4_9_3_3_002,……。
Story/N_4_9_3_3_001,你明知此事与小竹无关，但是想到崆峒派与青城合谋，致使大师兄丧命，便没心力理会她。
Story/D_4_9_3_3_003,我便当你醒着吧，我熬了……。你师弟……你师妹们熬了一碗粥，托我给你送来。我要进去了哦……？
Story/O_4_9_3_3_002,我醒着
Story/O_4_9_3_3_003,解锁条件：心相>0
Story/D_4_9_3_3_004,那我可以进去吗？我、我熬了……。你师弟……你师妹们熬了一碗粥，托我给你送来。
Story/D_4_9_3_3_005,请进。
Story/D_4_9_3_3_006,粥我放这儿，你能自己喝吧？
Story/D_4_9_3_3_007,我只是被吸内力，又不是残废了。
Story/D_4_9_3_3_008,我只是被敲到头，又不是残废了。
Story/D_4_9_3_3_009,我好手好脚，自然能喝。
Story/D_4_9_3_3_010,那就好，趁热，别枉费……你师妹们的苦心。我走了。
Story/D_4_9_3_3_011,……。
Story/D_4_9_3_3_012,趁热，别枉费……你师妹们的苦心。我走了。
Story/D_4_9_3_3_013,小竹。
Story/D_4_9_3_3_014,怎么了？
Story/D_4_9_3_3_015,你在这待一会儿吧，不用说话也可以。
Story/D_4_9_3_3_016,……。
Story/D_4_9_3_3_017,知道了，那我就打扰一下吧。
Story/D_4_9_3_3_018,……没事，抱歉叫住了你。
Story/D_4_9_3_3_019,……。
Story/D_4_9_3_3_020,……我稍微在这里待一下，可以吧。
Story/D_4_9_3_3_021,请便。
Story/D_4_9_3_3_022,哥哥！
Story/D_4_9_3_3_023,你、你没事吧！
Story/D_4_9_3_3_024,我有事，好像撞了一堵墙，全身要散架了。
Story/D_4_9_3_3_025,别！别死啊！
Story/D_4_9_3_3_026,不会死啦，流一点鼻血，抹哥哥身上就好了。
Story/D_4_9_3_3_027,哎，等下……！
Story/D_4_9_3_3_028,小竹姊姊，你看，我好了。
Story/D_4_9_3_3_029,居然拿我衣服擦鼻血……。
Story/D_4_9_3_3_030,给我一抹，现在你的臭衣服价值翻了十倍也不只。不用太感激，谢礼就给我桂花糕吧。
Story/D_4_9_3_3_031,你想得倒美！
Story/D_4_9_3_3_032,不乐意是吧？那你鼻血还我，衣服脱下来，我拿去烧了！
Story/D_4_9_3_3_033,住手，你这女禽兽！不要扯我腰带！住手！
Story/T_4_9_3_3_001,……看来这里没有我的事了，我还是走吧。我本来就是来留学的，时候到了，就该回去了。
Story/D_4_9_3_3_034,{size=24}赵活，我回崆峒去了。{/size}{size=24}今天过来，是想和你道别的。{/size}
Story/D_4_9_3_3_035,不要闹啦！你姑娘家的矜持呢！
Story/D_4_9_3_3_036,哈哈哈哈～
Story/T_4_9_3_3_002,祝你好运。
Story/D_4_9_3_3_037,云裳，我现在没心力笑。让我一个人待会儿，你去找别人玩吧。
Story/D_4_9_3_3_038,……好吧，今天放过你，我去找默铃。
Story/D_4_9_3_3_039,好。
Story/D_4_9_3_3_061,我先前被芳姐姐和哥哥管着，不让出门，可不是我不愿来哦。
Story/D_4_9_3_3_062,嗯，我明白。
Story/D_4_9_3_3_063,哥哥也很抱歉，关键时刻老是不在。
Story/D_4_9_3_3_064,……谁也没有义务永远守在这里。
Story/T_4_9_3_3_006,无论是他，或是我。
Story/D_4_9_3_3_040,明天就要打起精神喔，你迟早要陪我玩的。
Story/D_4_9_3_3_041,明白了，明天起，我就会打起精神了。
Story/D_4_9_3_3_042,小竹……走了啊……。
Story/D_4_9_3_3_043,唉……。
Story/D_4_9_3_3_044,{size=24}赵活，我回崆峒去了。{/size}{size=24}今天过来，是想和你道别的。{/size}
Story/D_4_9_3_3_045,知道了，走吧，都走吧。
Story/D_4_9_3_3_046,祝你好运。
Story/D_4_9_3_3_047,哥哥！
Story/D_4_9_3_3_048,云裳。
Story/D_4_9_3_3_049,……。
Story/D_4_9_3_3_050,你……你是不是很伤心呀？
Story/D_4_9_3_3_051,……是。
Story/D_4_9_3_3_052,让我一个人待会儿，你去找别人玩吧。
Story/D_4_9_3_3_053,……好吧，今天放过你，我去找默铃。
Story/D_4_9_3_3_054,好。
Story/D_4_9_3_3_065,我先前被芳姐姐和哥哥管着，不让出门，可不是我不愿来哦。
Story/D_4_9_3_3_066,嗯，我明白。
Story/D_4_9_3_3_067,哥哥也很抱歉，关键时刻老是不在。
Story/D_4_9_3_3_068,……谁也没有义务永远守在这里。
Story/T_4_9_3_3_007,无论是他，或是我。
Story/D_4_9_3_3_055,明天就要打起精神喔，你迟早要陪我玩的。
Story/D_4_9_3_3_056,好，明天我就会打起精神。
Story/D_4_9_3_3_057,呜……呜呜……。
Story/D_4_9_3_3_069,不行，我也不能总是自怨自艾，于事无补。我得振作起来，想想以后的事情才行。
Story/D_4_9_3_3_058,唉……。
Story/T_4_9_3_3_003,……好静啊。大家都出去了吗？唐门还剩多少人呢？
Story/T_4_9_3_3_004,掌门倒下了，也许再也不能醒转。大师兄辞世而去，二师兄叛出。本门在江湖上还喊得出名号的，就剩三师兄和四师兄了。
Story/T_4_9_3_3_005,大师兄刚回来，就把担子一卸，从此逍遥去了。剩下的人该何去何从呢？小师妹又该怎么办呢？
Story/D_4_9_3_3_059,……说什么剩下的交给我啊……。老是这样任性妄为，都不想我帮你收拾过多少次烂摊子。
Story/D_4_9_3_3_060,呼……再怎么说，日子还得过下去。明天开始，就振作一点吧。
Story/O_4_9_3_3_Break_001,道别
Story/D_4_9_3_3_Break_001,……赵活，出了这种事情，两派关系一下就变得紧张起来了。崆峒派已经来信召唤我回去了，明日便会有使者来接我。
Story/D_4_9_3_3_Break_002,……赵活，这次崆峒派不是虚张声势了。他们对我这个嫡传女弟子下了最后通牒，倘若我再留，四门就会倾巢下山攻打唐门。
Story/D_4_9_3_3_Break_003,我该走啦，明日就有使者来接我。
Story/D_4_9_3_3_Break_004,我不想让他们上山，想也知道一定会打起来。所以我打算今日就下镇子投宿。
Story/D_4_9_3_3_Break_005,这么急吗？
Story/D_4_9_3_3_Break_006,嗯。所以我今日过来，其实是和你道别的。往后八成也很难见面吧。
Story/D_4_9_3_3_Break_007,不论你怎么想，我是很高兴认识你的。与你相处的日子里，受了你不少关照，多谢。
Story/D_4_9_3_3_Break_008,受关照的应该是我才对。
Story/D_4_9_3_3_Break_009,我准备了一件事物要送你，已经快要完成了。你今日就别到铁铺来了，省得我遮遮掩掩的。
Story/D_4_9_3_3_Break_010,给我的？
Story/D_4_9_3_3_Break_011,没什么，一生只能造一次的杰作而已，可别太期待，我走啦。
Story/N_4_9_3_3_Break_001,天亮以后，女弟子敲响了你的房门，送来一件事物。
Story/N_4_9_3_3_Break_002,信中如是写道：
Story/D_4_9_3_3_Break_012,赵活，我常戴着的手套，其实是一件宝物。是由天山乌蚕所吐的丝所织就，水火不侵，刀枪不入。我将这对手套剪开清洗干净，缝进了你的制服里。
Story/D_4_9_3_3_Break_013,我缝得不好，不要笑我。不合身的地方，你自己再改改吧。
Story/D_4_9_3_3_Break_014,毕竟我又不知你十年以后、二十年以后是胖是瘦。
Story/D_4_9_3_3_Break_015,我可不是要让你睹物思人，只是赠别礼罢了。
Story/D_4_9_3_3_Break_016,……我这次回去，就该嫁人啦，别再来找我了。就算你来，找到的我，也不再是你的知己。
Story/D_4_9_3_3_Break_017,忘了我吧，我也会这么做的。将你的事、我的梦想，一股脑儿全都忘得一干二净。
Story/D_4_9_3_3_Break_018,这里已经没有你认识的人了，别陷在回忆里。这里全都是不能挽回的事，笨一点吧。
Story/N_4_9_3_3_Break_003,你收下礼物，蓦地百感交集，匆匆赶至铁铺，已经没了那姑娘的娇小身影。天高水远，今生恐怕再难相逢。唯得此衣为念，情义长存。
Story/D_4_9_3_3_Break_019,就此别过了，赵活。
Story/D_4_9_3_3_Break_020,就此别过了，你务须珍重。
Story/O_4_9_3_3_Break_002,粥
Story/D_4_9_3_3_Break_021,那个，粥，要凉了……。
Story/D_4_9_3_3_Break_022,好，我这就喝。
Story/N_4_9_3_3_Break_004,这是一碗竹笋咸粥，有竹笋、肉丝、香菇、红葱油。滋味马马虎虎，不过不失，但吃了莫名心暖。
Story/D_4_9_3_3_Break_023,勉强还算能吃吗……？
Story/D_4_9_3_3_Break_024,……。
Story/D_4_9_3_3_Break_025,居然难吃到哭！别、别吃啦。
Story/D_4_9_3_3_Break_026,不是，这粥很好，谢谢。
Story/D_4_9_3_3_Break_027,不怎么样。
Story/D_4_9_3_3_Break_028,是、是吗……我想也是。
Story/D_4_9_3_3_Break_029,{size=24}抱歉。{/size}
Story/D_4_9_3_3_Break_030,这粥很好。
Story/D_4_9_3_3_Break_031,是吗。
Story/D_4_9_3_3_Break_032,能吃。
Story/D_4_9_3_3_Break_033,能吃就好。
Story/D_4_9_3_3_Break_034,没想到你还会做粥啊，真不简单。
Story/D_4_9_3_3_Break_035,没什么啦，在崆峒的时候，我都自己一个人住──
Story/D_4_9_3_3_Break_036,等……！不不不不是我煮的！都说了是你师妹煮的！
Story/D_4_9_3_3_Break_037,这粥不咸不辣，没放胡椒粉，可不是唐门风味。
Story/D_4_9_3_3_Break_038,{size=24}……不要挑食，能吃你就该偷笑了。{/size}
Story/O_4_9_3_3_Break_003,以后也想要时常吃到
Story/D_4_9_3_3_Break_039,……又不好吃，你干嘛啊……你干嘛啦。
Story/O_4_9_3_3_Break_004,谢了
Story/D_4_9_3_3_Break_040,不客气，毕竟承蒙你不少照顾，礼尚往来罢了。不好吃也请别嫌弃啊～
Story/O_4_9_3_3_Break_005,谢谢，以后别做了，打铁吧。
Story/D_4_9_3_3_Break_041,可恶，气死人！真想揍你！
Story/O_4_9_3_3_Break_006,留学
Story/D_4_9_3_3_Break_042,说起来，已经在唐门住上颇长一段时日了。
Story/D_4_9_3_3_Break_043,要不是身为江湖儿女、要不是我无家可归、要不是南宫老太爷提倡留学、要不是认识了你，我都不能来到唐门。
Story/D_4_9_3_3_Break_044,我也觉得缘份这种事，实在不可思议。
Story/D_4_9_3_3_Break_045,至于因为我，导致崆峒派翻脸，连累唐门被记恨上这事，也很抱歉。
Story/D_4_9_3_3_Break_046,他们自己出尔反尔，不过是想趁江湖大乱，借机挑衅而已。我们不理他们，你也别放心上，他们闹归闹，你又不是不回去了。
Story/D_4_9_3_3_Break_047,你不回的话最好，干脆就当唐门弟子吧。
Story/D_4_9_3_3_Break_048,嗯……那样似乎也不坏，不，是很好。我想当唐门弟子，与你同门，这里的人都不会笑话我、捉弄我。
Story/D_4_9_3_3_Break_049,……除了云裳妹子以外。
Story/D_4_9_3_3_Break_050,她例外，她谁都捉弄的。她对你怎么了？
Story/D_4_9_3_3_Break_051,她趁我忙，在我铁锤上绑了一尾活鱼。那时我左手铁钳，右手一摸到锤子，就挥了下去。
Story/D_4_9_3_3_Break_052,……哦，这也太坏了。
Story/D_4_9_3_3_Break_053,那鱼的血肉爆了开来，喷得到处都是。
Story/D_4_9_3_3_Break_054,别想了，别想了，都过去了。
Story/D_4_9_3_3_Break_055,好。
Story/D_4_9_3_3_Break_056,唐门很好，但我终究是不能舍崆峒派而去的。当年我被人卖到崆峒，要不是铁拳前掌门抢下了我，听说我原本是要被卖给夺魄老妖吃的。
Story/D_4_9_3_3_Break_057,虽说前掌门只是想让我作嫡传女弟子，并非善心。但好歹养大了我，又把大铁铺留给我栖身，我已十足感激。铁拳门，我一定要守住，哪怕会因此送命。
Story/D_4_9_3_3_Break_058,小竹……。
Story/T_4_9_3_3_Break_001,谁晓得后来好苗子会长歪呢？都是小梅害的。要不是她骗我吞服了灵药，我也不至于长成这样，我也想要似她亭亭玉立，腿又长又细啊。唉，不想了，可恨。
Story/D_4_9_3_3_Break_059,与你打交道，根本就是不久之前的事情，怎么好像已经过了很久呢？
Story/D_4_9_3_3_Break_060,也许我们前世就结了缘。
Story/D_4_9_3_3_Break_061,呸，瞎说！
Story/D_4_9_3_3_Break_062,你今生注定要嫁我为妻！
Story/D_4_9_3_3_Break_063,不要再胡说啦！当心……当心我一拳下去喔！
Story/D_4_9_3_3_Break_064,那还是请高抬贵手吧，这可不兴说笑，你一拳下来，我们又要来世再见面了。
Story/D_4_9_3_3_Break_065,会怕就好。
Story/T_4_9_3_3_Break_002,总算精神了一点啊，太好了。
Story/D_4_9_3_3_Break_066,但愿不是嫌我碍眼，一刻也不想再看到我的那种很久。
Story/D_4_9_3_3_Break_067,你该庆幸我眼力不好，看不清你的脸孔。
Story/D_4_9_3_3_Break_068,说得也是。
Story/T_4_9_3_3_Break_003,……正因我认不清大家的脸孔，只能认心。我记住了你的脚步、你说话的声音，也记得你对我的好。
Story/O_4_9_3_3_Break_007,小梅
Story/D_4_9_3_3_Break_069,抱歉……小梅的事，我还没想清楚，不太想提。
Story/D_4_9_3_3_Break_070,我只声明一点，我事前不知道她是千灯楼的杀手。
Story/O_4_9_3_3_Break_008,追问
Story/D_4_9_3_3_Break_071,这事背后可能隐藏着重大阴谋。
Story/D_4_9_3_3_Break_072,我会做我该做的事。早晚会给你们一个交代。
Story/D_4_9_3_3_Break_073,你想干嘛？你可别乱来喔。
Story/D_4_9_3_3_Break_074,就说还没想清楚了嘛，你再讲，我可要走了。
Story/O_4_9_3_3_Break_009,放弃话题
Story/D_4_9_3_3_Break_075,那就不说她的事了。
Story/D_4_9_3_3_Break_076,谢谢。
Story/D_4_9_3_4_027,我先前被芳姐姐跟哥哥管着，不让出门，可不是我不愿来。
Story/D_4_9_3_4_028,嗯，合该如此。
Story/D_4_9_3_4_029,哥哥也很抱歉，关键时刻老是不在。
Story/D_4_9_3_4_030,……谁也没有义务永远守在这里。
Story/T_4_9_3_4_005,无论是他，或是我。
Story/T_4_9_3_4_006,哥哥颓丧不振，委实有点儿可怜。我得想个法子让他打起精神。
Story/O_4_9_3_4_001,召唤小师妹
Story/D_4_9_3_4_001,我知道你喜欢啥，我这就去帮你拿来。
Story/D_4_9_3_4_002,别……唉，我现在没心情和你胡闹啊。
Story/D_4_9_3_4_003,云裳，你干嘛……？
Story/D_4_9_3_4_004,小师妹！
Story/D_4_9_3_4_005,你师兄心力枯竭，需要你的爱护。用你的拍拍滋润一下他。
Story/D_4_9_3_4_006,……不要。
Story/D_4_9_3_4_007,咦？
Story/D_4_9_3_4_008,哥哥，你对人家做了什么呀？我还以为默铃不食人间烟火，一点脾气都没有呢。
Story/D_4_9_3_4_009,一言难尽。
Story/D_4_9_3_4_010,没办法，感觉放着你不管，你会死掉的样子。
Story/D_4_9_3_4_011,我来替你拍拍吧！
Story/D_4_9_3_4_012,你这哪是拍拍，分明甩我巴掌！
Story/D_4_9_3_4_013,哇～默铃救我啊～！有人要打我！
Story/D_4_9_3_4_014,气死人，我今日真的要揍烂你屁股才罢休！
Story/N_4_9_3_4_001,嘴上这么说，然而在小师妹冷冽目光注视下，你也只得悻悻然作罢。给她一闹，气归气，心中悲伤郁结却似消散了几分。
Story/D_4_9_3_4_015,真是的……都不看人脸色，就很闷了，还尽知道闹。
Story/N_4_9_3_4_002,你修养功夫了得，没计较她的暴行，只付之于苦笑。经她一闹，心中悲伤郁结却似消散了几分。
Story/D_4_9_3_4_016,喔。
Story/D_4_9_3_4_017,是师兄让你叫我的吗？
Story/D_4_9_3_4_018,对啊，他虽然没开口，但我听到他内心的呼喊。
Story/D_4_9_3_4_019,……。
Story/D_4_9_3_4_020,……。
Story/T_4_9_3_4_001,他们怎么一副心照不宣的样子，难道默铃真的看上哥哥了？
Story/T_4_9_3_4_002,……要是真的，那也很好。
Story/T_4_9_3_4_003,我多怕默铃受我之外的人欺负，也不想哥哥去疼我之外的人。等我离开人世以后，在意的人都聚在一块，偶尔说起我的事，那就好了。
Story/D_4_9_3_4_021,拍拍。
Story/D_4_9_3_4_022,小师妹……。
Story/D_4_9_3_4_023,我也拍拍，嘿！嘿！
Story/D_4_9_3_4_024,哎，等等……你这哪里是拍？你是在赏我巴掌吧。
Story/D_4_9_3_4_025,我哪有～你嫌我，那我不拍了。
Story/T_4_9_3_4_004,明明是我存心安排的，我该放心才是，怎么，忽然好寂寞啊……。
Story/D_4_9_3_4_026,哥哥……你到哪里去了，怎么都不回来找我？你不要裳儿了吗？我想家了……。
Story/N_4_9_3_4_003,云裳一个人抹着泪，回到屋里，孤独作祟，令她病得更深了。
Story/O_4_9_3_4_002,借你珠宝赏玩
Story/D_4_9_3_5_001,你别闷闷不乐啦～真拿你没办法，我将珍藏的珠宝借你赏玩，你打起精神来吧。
Story/D_4_9_3_5_002,将珠宝借我赏玩吗？
Story/D_4_9_3_5_003,是呀，我给拿过来了，放那儿好呢？你要放边上欣赏，还是放在身边闻香？
Story/D_4_9_3_5_004,还是不要比较好，那么贵重的东西，你自己收好，别掉了又怪我。
Story/D_4_9_3_5_005,珠宝自己决定好了她的位置，由不得你。
Story/D_4_9_3_5_006,……。
Story/N_4_9_3_5_001,她一反常态的乖顺，到你身边，拉你并肩在床沿坐下。
Story/D_4_9_3_5_007,今日破例让赵哥哥来牵我手手。
Story/D_4_9_3_5_008,这又是什么新型陷阱？珠宝呢？
Story/D_4_9_3_5_009,今天的陷阱就是～没有陷阱！
Story/N_4_9_3_5_002,将柔软的小手塞你掌心，让你牵着。
Story/T_4_9_3_5_001,好软，好似没骨头一样。
Story/T_4_9_3_5_002,赵哥哥的手好大，都是茧子，和我哥哥一样。
Story/D_4_9_3_5_010,哥哥，我和你说，你家云裳是很柔弱的。
Story/D_4_9_3_5_011,我知道。
Story/D_4_9_3_5_012,你才不知道呢。
Story/D_4_9_3_5_013,我就像珠宝一样珍贵又易碎，你可得看紧我、带好我，无时无刻不着急我、时常拿出来欣赏一下，喜欢得不能自已。明明没甚么用处，却令你爱不释手才行。
Story/D_4_9_3_5_014,我没有吗？
Story/D_4_9_3_5_015,不够！
Story/D_4_9_3_5_016,哎唷喂，那儿来的小祖宗，这么难伺候。
Story/D_4_9_3_5_017,天上掉下来的，你可得伺候好了，伺候不好，有你苦头吃的。
Story/D_4_9_3_5_018,伺候得好呢？有没有甜头。
Story/D_4_9_3_5_019,伺候得好，当然有甜头，呵呵。就签终生契约，继续伺候吧。
Story/D_4_9_3_5_020,这算什么甜头？这不是卖身契吗？
Story/D_4_9_3_5_021,笨～丑就算了，又笨就完蛋了！哥哥你不是没交好运，是你太笨惹～！
Story/D_4_9_3_5_022,咦？
Story/D_4_9_3_5_023,大胆！养我可是你的荣幸，都占偌大便宜了，还想邀功领赏！
Story/D_4_9_3_5_024,……哥哥，人的一生很短，命薄如我更短。我早就习惯把每一天都当最后一天过，能闹的时候就拚命闹。
Story/D_4_9_3_5_025,你也别哭丧着脸了，哪怕你一无所有，都还能看看我。
Story/D_4_9_3_5_026,你要牢牢记得我闪闪发亮的样子。
Story/D_4_9_3_5_027,等你失去我的时候，才是失去一切，那时再哭个死去活来也不迟。
Story/D_4_9_3_5_028,我给你弄得一下欢喜，一下悲伤，不知作何表情才好。你、你到底是来安慰我的，还是来伤害我的。
Story/D_4_9_3_5_029,都有，只有我能伤你的心，其他人都不许！
Story/D_4_9_3_5_030,真霸道。
Story/D_4_9_3_5_031,谁叫你要赠药救活我、招惹我，你自找的～
Story/D_4_9_3_5_034,谁叫你要招惹我，你自找的～
Story/D_4_9_3_5_032,能容许你绷着一张脸的期限，到明日破晓为止喔。明天你就得好好的陪我玩、对我好。
Story/D_4_9_3_5_033,好，我明天陪你玩。
Story/T_4_9_3_5_003,我这个作哥哥的，可不能太让云裳失望，得振作起来，想想将来的事。
Story/D_5_1_1_001,话说，你们没觉得吗？飞石帮那伙人似乎消停了点，下山买菜时碰见，也不闹了。
Story/D_5_1_1_002,何止，碰着我们，说话都客气了几分。想是卧云岗那一役，让他们不敢再小觑唐门了。
Story/D_5_1_1_003,听说失踪的帮主夫人出现，然后又走了。石帮主那大老粗现在八成追着他家婆娘屁股后边走，没心思管别的。
Story/N_5_1_1_001,与飞石帮解除交战状态
Story/N_5_1_1_002,你被金乌上人所暗下的残存真气所创，总算在肆虐多日之后，消散于无形。
Story/T_5_1_1_001,静养了一阵子，脑门上盘旋垄罩的阴霾，总算是烟消云散了。
Story/T_5_1_1_002,躺了好几天无所事事，脑子总算清醒一点了。
Story/T_5_1_1_003,这烈阳槌好生阴毒，世上竟有这种损招，比杀了人都要残忍。我还只中了一锤，便三天两头犯晕犯迷糊，万一给敲实了三槌，就怕连自己姓啥名谁都不记得。
Story/N_5_1_1_003,你思之不禁恶寒。
Story/D_5_1_1_004,师兄，你怎么在这扫地？
Story/D_5_1_1_005,何出此言？地板脏了，就得扫啊。
Story/D_5_1_1_006,日子总要过下去的。
Story/D_5_1_1_007,闲下来心闷，还不如做点事情，舒坦一些。
Story/D_5_1_1_008,我都静养那么久了，能好的也都痊愈了。
Story/D_5_1_1_009,我不是那个意思，我是说，你应该……没那么多时间扫地吧？
Story/D_5_1_1_010,那不然你想叫我先做啥？砍柴吗？柴薪不还很多吗？
Story/D_5_1_1_011,不是，都不是。你……你好歹也是资深师兄，飞石帮虽然不再骚扰本门，但本门敌手，又不只一个飞石帮，你应该想点办法吧？
Story/D_5_1_1_012,不是，都不是。你……你好歹也是资深师兄，飞石帮虽然不再骚扰本门，可是江湖风波不断，内忧外患未除，你好歹应该未雨绸缪、想点办法吧？
Story/D_5_1_1_013,大家都很不安啊。
Story/D_5_1_1_014,我？你指望我想什么办法……我可是外姓弟子耶。
Story/D_5_1_1_015,外姓弟子是什么？
Story/D_5_1_1_016,你逗我呢，外姓弟子不就是──
Story/D_5_1_1_017,啊，对了，你是新来的，不知道也情有可原。自我之后，便再也没有外姓弟子了。
Story/D_5_1_1_018,可别瞎扯什么外姓内姓，试图逃避责任喔，代掌门够忙了，四师兄又经常不在，大家都指望你啊。
Story/D_5_1_1_019,大家都指望我……吗？
Story/T_5_1_1_004,我内力被吸，已动摇根本，静养多日，也丝毫没有恢复的迹象。周身经脉萎缩，扫个地手脚都发酸，都还不如没练武功的庄稼汉子。这样的我，还能担此重任吗？
Story/T_5_1_1_005,……真没法子，我纵使不济，也只能硬着头皮上了。否则还能怎么办呢？
Story/D_5_1_1_020,……好，我会做的，我办得到，我可以。
Story/D_5_1_1_021,师弟，看你近日似乎精神点了。那么，有件事也该同你讲了。
Story/D_5_1_1_022,……是小梅出门的事吗？
Story/D_5_1_1_023,你已经知道了？
Story/T_5_1_1_006,我一心念着她，视线也总是不由自主追逐她，她不見了，我怎能不知道呢？
Story/D_5_1_1_024,她把这件事物托我交给你。是临别的赠礼，也是向你赔罪。
Story/D_5_1_1_025,这是小梅的爱刀玉霄神。
Story/D_5_1_1_026,我还道你就算不惜动武，也会将她留下。
Story/D_5_1_1_027,……实不相瞒，我确实是想命她跪在祖宗牌位之前，斋戒忏悔半年。
Story/D_5_1_1_028,然而你却放她走了。
Story/D_5_1_1_029,师弟，我是这么想的。小梅虽然卧底，但她有许多苦衷，也并没真的害了本门。
Story/D_5_1_1_030,死罪可免，活罪难逃。她也不能把责任全撇得一干二净。
Story/D_5_1_1_031,……她回崆峒去了，你想找她麻烦，只怕没那么容易。
Story/D_5_1_1_032,何况你所受内伤也不容乐观，要想恢复如初，只怕不那么容易。
Story/D_5_1_1_033,我要捉人，天王老子也拦不住我。
Story/D_5_1_1_034,我又不会傻到硬碰硬，她那爱满山漫游的性子，迟早被我找到破绽。等我把她敲晕了，再带回唐门受审。
Story/D_5_1_1_035,说得未免太轻巧了。
Story/D_5_1_1_036,小梅既是本门弟子，赏罚皆由掌门和掌刑使说了才算。可不能容崆峒派、千灯楼随意处置。
Story/D_5_1_1_037,她若真心想走，那就算了，口是心非的可不作算。不论如何，我是一定要把她接回来的。
Story/D_5_1_1_038,……。
Story/D_5_1_1_039,我知你心中千头万绪，如何作想，听凭于你自己。送走小梅，是我作为代掌门的决断。
Story/D_5_2_1_001,我来了，不知代掌门何事召唤。月会不是才刚完吗？
Story/D_5_2_1_002,咦？四师兄，你还在呀。
Story/D_5_2_1_003,我又不急～
Story/D_5_2_1_004,师弟，请入座。
Story/D_5_2_1_005,本人不才，皆因德不配位，致有灾殃。累唐门家逢噩耗，声名扫地，能人殆尽，实已将至山穷水尽的绝境。我唐升难辞其咎。
Story/D_5_2_1_006,三师兄，大家都知道这些事，任谁皆无能为力。大可不必全揽在自己头上，说些务实的要紧。
Story/D_5_2_1_007,四师兄说得对。
Story/T_5_2_1_001,三师兄脸色悲壮，莫非……莫非是要遣散门人吗？
Story/D_5_2_1_008,说得对。
Story/D_5_2_1_009,这事我思量已久，本来月会之上就该说的。今日临时召集，是要和二位师弟，和小师妹商酌一件大事。尤其是小师妹，这回可不能再默不作声。
Story/D_5_2_1_010,……我？
Story/D_5_2_1_011,是，这事于公于私，都是重中之重，攸关唐门命脉。至于本门应对江湖局势，都还尚在其次。不论如何，也想征询小师妹的意见。
Story/D_5_2_1_012,我、我……。
Story/N_5_2_1_001,小师妹参与月会，从不轻易发言，此时忽然要问她攸关唐家存亡的大事，不由得为难，讷讷说不出话来，求救目光飘向你和四师兄。
Story/D_5_2_1_013,我尽量。
Story/D_5_2_1_014,我便开宗明义说了，今日要议的，正是小师妹的终生大事。
Story/D_5_2_1_015,掌门本来属意大师兄继承衣钵，接任掌门，当小师妹归宿。如今此愿已然不能实现。
Story/D_5_2_1_016,故此，我有意昭告江湖，广邀各派优秀年轻才俊，齐上唐门比试。既比武功才干，亦比学问家世，还要能合小师妹眼缘。其中佼佼脱颖而出者，才将小师妹托付与他。
Story/D_5_2_1_017,且慢，三师兄，你这也太突然了！
Story/D_5_2_1_018,掌门曾嘱咐我，代为主持小师妹的终生大事。我自不能辜负掌门嘱托。
Story/D_5_2_1_019,我已择好黄道吉日，来月初五，于本门选婿。三日之后便是娶嫁吉日，待到吉时，新婚夫妇便到宗祠前，叩拜唐家先贤，我们欢欢喜喜送小师妹出阁。
Story/D_5_2_1_020,这也未免太仓卒了，百里加急的战报都不过如此。来月初五，说不定有些人连消息都还没收到呢。
Story/D_5_2_1_021,四师弟，尝闻天下商会以雁足传书，日及千里，可有此事？
Story/D_5_2_1_022,确有此事，先机即是商机，更重于万金。各大商会、商行均豢有传书雁、传信鸽。凭我的面子，真要借的话，倒也不是借不到……。
Story/D_5_2_1_023,那便要多倚重师弟你了。
Story/D_5_2_1_024,……了解，交给我吧。
Story/D_5_2_1_025,我亦知决事过于仓促，若在平时，绝计不能如此草率。怎么说也该循三书六礼，纳彩、问名、纳吉、纳征、请期、迎亲，才合乎小师妹的世家闺秀身份。
Story/D_5_2_1_026,但是观如今江湖情势，本门实可谓危如累卵，朝不保夕。大师兄已不在的此刻，不知几多仇家虎视眈眈，哪有闲工夫墨守成规呢？唯有从权，江湖儿女，便依江湖办法决事。
Story/T_5_2_1_002,三师兄读圣贤书，以身作则，最是讲究礼教。如今这话能从三师兄口中说出，可想而知有多挣扎了。
Story/D_5_2_1_027,仰仗先祖庇荫，本门尚有几分余威可言，得尽速推进此事。
Story/D_5_2_1_028,小师妹，你认为可以吗？这既是为了你好，也是为了师门、掌门着想。
Story/O_5_2_1_001,保持沉默
Story/D_5_2_1_029,……！
Story/D_5_2_1_030,……。
Story/D_5_2_1_031,……。
Story/T_5_2_1_003,师弟……了不起，好好忍住了啊，这就是了。我何尝不想为她争取更多时间，等她再大几岁，慢慢想清楚呢？
Story/T_5_2_1_004,师兄……我该怎么办才好，你怎么什么都不说呢？
Story/O_5_2_1_002,抗议
Story/D_5_2_2_001,……。
Story/T_5_2_2_001,是啊，也只能这样了，三师兄是对的，没有更稳妥的办法了。
Story/T_5_2_2_002,本门虽无人才，但五大派、南宫、上官青年才俊辈出，小师妹若能觅得如意郎君，以后便从夫家，本门祸事，与她从此无关。
Story/T_5_2_2_003,她值得被人呵护，在四季如春、风光明媚的地方，如花绽放。
Story/T_5_2_2_004,小师妹是正统的唐家血脉，谁忍心见师门绝后呢。
Story/D_5_2_2_002,嗯……。
Story/D_5_2_2_003,……我想好了，我听三师兄的。
Story/D_5_2_2_004,师姐说结婚是好事，可以冲喜，说不定爹就会醒来，看我出嫁。
Story/T_5_2_2_005,啊啊……。
Story/T_5_2_2_006,师兄怎么哭了呢？
Story/D_5_2_2_005,不哭，拍拍……。
Story/D_5_2_2_006,小师妹，不行。妇道人家，最重名节。从今以后，你得防于礼教，不能让人见缝插针，编排于你。
Story/D_5_2_2_007,喔。
Story/D_5_2_2_008,既然小师妹已有决断，那师兄我便着手修书，致各大派门。
Story/D_5_2_2_009,可以想见来月初五，大院会涌进多少人来了。小师妹的好，即使人在天涯海角，也值得不顾一切，披星戴月而来。
Story/T_5_2_2_007,我有那么好吗？
Story/N_5_2_2_001,小师妹怔怔听着你的话，她可从来不觉得自己哪处比别人好，只知道你一直偏宠她，把她放心尖儿上。
Story/D_5_2_2_010,赶不及的，没听见消息的，只能当作是没有缘份吧。请四师弟动用人脉广为宣传，唐门嫁女，可不得含糊，绝不能无声无息。
Story/D_5_2_2_011,好，交给我吧，我走商的什么没有，就是人面广。待我去借几只大雁，保证不消十日，连讨海人家都通知得到。
Story/D_5_2_2_012,小师妹，你尽管放心好了。四师兄我给你张罗嫁妆，绝对不会寒酸！
Story/D_5_2_2_013,正该如此，这是……这是喜事，得欢欢喜喜、热热闹闹的办。看我想几个法子刁难一下，排场必须得讲，好令小师妹嫁得风风光光。
Story/D_5_2_2_014,谢谢三师兄，谢谢四师兄。
Story/D_5_2_2_015,好，好……这便散了吧，剩下的事，慢慢再说。
Story/D_5_2_2_016,……。
Story/D_5_2_2_017,……。
Story/D_5_2_2_018,我、我来替你把关。
Story/D_5_2_2_019,谢谢师兄。
Story/D_5_2_2_020,交给我吧。那些坏心眼的、笨的、武艺低微想蒙混过关的，一律不许进山门。省得你见了就心烦，我小师妹的郎君，得是人中龙凤才行。
Story/D_5_2_2_021,不能像我……这般丑怪又平庸……。
Story/D_5_2_2_022,可是师兄，你又没有很丑。
Story/D_5_2_2_023,三师兄说的话，别忘了。
Story/D_5_2_2_024,嗯，我一下就忘了。
Story/D_5_2_2_025,看来我离你远一点比较好，我走了。
Story/D_5_2_2_026,才不好……。
Story/D_5_2_2_027,你定是瞎了眼，要不然就是睁眼说瞎话。
Story/D_5_2_2_028,我走了。
Story/D_5_2_2_029,才没有……。
Story/T_5_2_2_008,我所畏惧的那一天，终于到了啊。
Story/D_5_2_3_001,且慢，三师兄，这我可不能苟同。
Story/D_5_2_3_002,那么你有何高见呢？
Story/D_5_2_3_003,高见是没有，但不论如何，亦不能委屈小师妹。
Story/D_5_2_3_004,婚姻大事，自古是听父母之命，媒妁之言。何来委屈？遑论姻缘成否，花落谁家，到底要听小师妹心意。
Story/D_5_2_3_005,小师妹若不能决呢？
Story/D_5_2_3_006,自当由我替她取舍，遴选贤士。
Story/D_5_2_3_007,你自个儿选的夫婿，你自己嫁，我们小师妹可不嫁！
Story/D_5_2_3_008,岂有此理！
Story/D_5_2_3_009,住口！
Story/D_5_2_3_010,三、三师兄！
Story/D_5_2_3_011,掌门只有小师妹一个独生爱女。我唐升不论如何，都要保住唐家的血脉。
Story/D_5_2_3_012,把小师妹推出去，我们还怎么保护她？
Story/D_5_2_3_013,正是因为此地凶险，才不能让小师妹恋恋不舍。难道你要凭一腔热血，空口说白话，置小师妹于险地吗？
Story/D_5_2_3_014,我来保护她！
Story/D_5_2_3_015,事情还没坏到那步田地才对啊！
Story/D_5_2_3_016,连大师兄都办不到，你要如何护小师妹周全？这可不是许个愿就能实现的啊！我们都要做好最坏的打算，趁着一切都还来得及。
Story/D_5_2_3_017,……。
Story/D_5_2_3_018,接受事实吧，师弟。这种无能为力，就是人生啊。我何尝不想为她争取更多时间，等她再大几岁，慢慢想清楚呢？
Story/D_5_2_3_019,不……事情总会渐渐好转来的。
Story/D_5_2_3_020,我们再加把劲，赚多点钱，洗清名声，或者干脆举家离开蜀中，到别地住上三年两载，等局势太平……。
Story/D_5_2_3_021,我们哪儿也不去，要走你自己走，谁也没拦你！
Story/D_5_2_3_022,我是为了唐门好！重要的是地吗？重要的是人啊！
Story/D_5_2_3_023,重要的是人吗？重要的是我们的心、我们的尊严啊！
Story/D_5_2_3_024,我会努力的，我来保护唐门。
Story/D_5_2_3_025,你别得意忘形了，你连你自己都顾不好！
Story/D_5_2_3_026,和你说道理是说不通的，出去！我用唐门的做派教你！
Story/D_5_2_3_027,别啊，这当儿你们还自己人打自己人，让门人见了，又该作何感想？
Story/D_5_2_4_001,可恶……。
Story/D_5_2_4_002,你内伤未愈，不是我对手。
Story/D_5_2_4_003,师弟，你连我都打不过，假如我是敌人呢？假如我要害唐门、要害小师妹呢？
Story/D_5_2_4_004,……我听三师兄的，拍拍，不要生气。
Story/D_5_2_4_005,小师妹，你、你别这样。
Story/D_5_2_4_006,拍拍，不哭。
Story/D_5_2_4_007,师姐说结婚是好事，可以冲喜，说不定爹就会醒来，看我出嫁。
Story/D_5_2_4_008,那种事……那种事……可以的话就好了。
Story/D_5_2_4_009,像要下雨了，我们回正心堂说话。
Story/D_5_2_4_010,师兄……谢谢你。
Story/D_5_2_4_011,岂有此理。
Story/D_5_2_4_012,这样一来就决胜负了──
Story/D_5_2_4_013,够了，你要再不适可而止，就换我来作你对手！
Story/D_5_2_4_014,四师兄，连你也……。
Story/D_5_2_4_015,你内力枯竭，单凭招数能胜三师兄，足见高明。但若要与江湖一流高手较量，却万万不能。
Story/D_5_2_4_016,师弟，以你今日功力，胜三师兄尚且艰难，遑论江湖高手？假如我也是敌人呢？假如像我这样的人，一来就来四五个呢？
Story/D_5_2_4_017,──那你也放马过来便是。
Story/D_5_2_4_018,师弟，你那不叫勇，是莽啊。
Story/D_5_2_4_019,……万一小师妹嫁得不好呢，万一她想家了呢？
Story/D_5_2_4_020,那也比死掉要好啊！
Story/D_5_2_4_021,……我听三师兄的。
Story/D_5_2_4_022,小师妹，你不必如此。
Story/D_5_2_4_023,我会听三师兄的。
Story/D_5_2_4_024,师姐说结婚是好事，可以冲喜，说不定爹就会醒来，看我出嫁。
Story/D_5_2_4_025,……像要下雨了，我们回正心堂说话。
Story/D_5_2_4_026,师兄……谢谢你。
Story/D_5_2_4_027,本门的危境，我岂有不知？可是现在放弃，不嫌早吗？故事都还未说完，怎么，谁也不相信会有转机吗？你们甘心吗？
Story/D_5_2_4_028,可是这里才是你的家，你舍得就走吗……？
Story/N_5_2_4_001,没人答你，可是答案你是知道的。
Story/T_5_2_4_001,……啊啊，我所畏惧的那一天，终于到了啊，我知道它迟早要来的。
Story/D_5_2_4_029,不会吧……掌门竟然输了。
Story/D_5_2_4_030,我还道三师兄深藏不露，想不到武功就只如此而已。
Story/T_5_2_4_002,唐门是靠不住了，我也趁早把自己嫁了出去，保平安吧。
Story/D_5_2_5_001,掌门好，师兄好。来求亲的各派子弟都按掌门吩咐安置好了。
Story/D_5_2_5_002,来的人好多，我敢说咱家地界，自古就没这么热闹过。外堡都挤满了人，不是借屋住，就是搭棚将就，借地方洗漱。镇上的客栈、酒馆也都住满了人。
Story/D_5_2_5_003,来的人好多，我敢说咱家地界，自古没这么热闹过。外堡都挤满了人，没空屋，连空地、马厩也租，吕翁赚得都眉开眼笑了，镇上的客栈、酒馆也都住满了人。
Story/D_5_2_5_004,是吗！来这么多人！
Story/D_5_2_5_005,想不到小师妹都没出山闯荡，便芳名远播。听说是上回去了一趟南宫寿宴，就惊艳了世人，不知多少人为之颠倒。
Story/T_5_2_5_001,那还得算是我的功劳呢。
Story/T_5_2_5_002,真是搬石头砸自己脚……不，我可不能这么想啊。
Story/D_5_2_5_006,来的人还真不少，本门地界，很少这么热闹过。要不是赎回了外堡，都不知道怎么容纳宾客。胆子小，自个儿跑外边住客栈的也不少便是。
Story/D_5_2_5_007,来的人还真不少，本门地界，很少这么热闹过。幸好吕翁没将外堡敲了盖织坊，要不然都不知道怎么容纳宾客。这下吕翁可不埋怨外堡赔钱了。
Story/D_5_2_5_008,是吗！来这么多人！
Story/D_5_2_5_009,这些人原该千里迢迢而来，天下人总算还没瞎眼，知道小师妹的好。
Story/D_5_2_5_010,来这么多人，按原订计划多半要考不完，得再变通变通。
Story/D_5_2_5_011,依我之见，不妨改成明日面试，后天武试，决出人选。翌日一早，再拿新人八字去宗庙向祖先问卜，等到吉时，就拜天地。师弟，你说如何？
Story/D_5_2_5_012,你问我吗？我觉得礼坏乐崩，不伦不类。
Story/D_5_2_5_013,……我、我这不是没办法吗……。
Story/D_5_2_5_014,不过，总好过随便来个人上山，就把小师妹带走要强。有讲究的余地，自然要办得盛大又隆重才好。
Story/D_5_2_5_015,正是这样。
Story/D_5_2_5_016,事宜从权，也算体面了。谁让你要这么赶呢？
Story/D_5_2_5_017,我就怕等不到下一个吉日，本门就……。
Story/D_5_2_5_018,呸，听我在这儿胡说，没点掌门儿的气概。
Story/D_5_2_5_019,带媒人的多吗？
Story/O_5_2_5_001,不多
Story/D_5_2_5_020,这个嘛，就有点儿强人所难了，都来得那么匆忙。是有人带媒人，但没很多。多是自家师长陪同，就顺势充当媒人的。
Story/D_5_2_5_021,……都是江湖儿女，不拘小节，也是有的。
Story/D_5_2_5_022,师弟，请你将带了媒人的，列册给我。这些人讲礼数，敬重唐门，我亦当以礼相待。
Story/D_5_2_5_023,师弟说得对。
Story/O_5_2_5_002,多
Story/D_5_2_5_024,多着呢。到底还是敬畏本门，不敢失礼。有些人来得紧急，没带媒人，见了也赶紧去延请乡亲来说媒。都怕迟了，好媒人给抢光。
Story/D_5_2_5_025,那就好。虽说都是江湖儿女，不拘小节，也是常有的事。但是小师妹绝不能容人看轻、怠慢。那些风尘仆仆赶来的，态度诚恳也索罢了，谈吐轻率的，就都打发走吧。
Story/D_5_2_5_026,正是，恕本门心胸狭窄，没有东晋郗太傅的气量，见不得东床坦腹的大才子恃才傲物，轻慢小师妹。宁可不是惊才绝艳之辈，我们小师妹也不屑与傲慢之徒结缘。
Story/D_5_2_5_027,师弟说得对，没有诚意，谈何缘分呢。
Story/O_5_2_5_003,不只媒人，礼物都几牛车
Story/D_5_2_5_028,不单都请了武林前辈、达官显贵当媒人说亲，有些带的礼物，都有几头牛拉着，借外堡放都放不下，还有人见着我就塞红包呢。
Story/D_5_2_5_029,你不会收了吧？
Story/D_5_2_5_030,我倒想，要非念着小师妹，怕她为难，早就靠收红包发家致富了。连四师兄都流着血泪，一字一顿婉拒了。
Story/D_5_2_5_031,没想到本门菁英凋零，名声依旧响亮，礼数这么周到，足见他们都敬重本门，这就是『瘦死的骆驼比马大』。
Story/D_5_2_5_032,你这比喻……。
Story/D_5_2_5_033,呸，瞎说啥，本门可还没瘦死啊，几时短你吃食了。
Story/D_5_2_5_034,说、说得也是，我这人没啥学问，说错话了，师兄别太放心上啦。
Story/D_5_2_5_035,算了。礼多人不怪，不过本门招亲，不是寻常纳采，这些问肯礼，都还收不得。决出小师妹未来夫婿，再和纳征一同商议不迟。
Story/D_5_2_5_036,你将名册、名刺、聘书一律都送到讲经楼，我逐一读。
Story/D_5_2_5_037,是。
Story/D_5_2_5_038,师弟，明日一早，先按序请媒人上门说亲，各自推荐一番。席间我再试其谈吐、人品如何，请你安排师弟妹们站岗，保卫本门要地，以免不肖之辈佯装宾客，趁机行窃。
Story/D_5_2_5_039,原该如此，防人之心不可无。
Story/D_5_2_5_040,交给我吧。
Story/D_5_2_5_041,三师兄，你可不能放水，出题可得像科举那么难。没有状元之才，千万别放他过关。
Story/D_5_2_5_042,可惜我内功毁于一旦，否则我定要亲自把守第二关。
Story/D_5_2_5_043,我来把守第二关吧。
Story/D_5_2_5_044,你是存心不想让小师妹嫁掉吧。
Story/D_5_2_5_045,哈哈，自然是说笑的。
Story/D_5_2_5_046,……师弟，上回议论此事，你我各执一词，险些同门阋墙。都是我修养不足的过错，希望你海量汪涵，不要计较。实是噩耗接踵而至，我心已无余裕。
Story/D_5_2_5_047,拖延了这么久，才拉得下老脸和你说，还真是汗颜。
Story/D_5_2_5_048,三师兄，过去的事就别提了。不过你是该检讨一下，要知我那时也气得很，若非我修养好，只怕就跟你拼命了。
Story/D_5_2_5_049,侥幸，侥幸。
Story/D_5_2_5_050,我们都盼着她好，只是意见相左而已。
Story/D_5_2_5_051,正是。
Story/D_5_2_5_052,三师兄这般激动，难以自持，也算罕见。你肯为小师妹的事如此动容，掌门有知，势必也会莞尔一笑。
Story/D_5_2_5_053,你不也是吗？
Story/D_5_2_5_054,小师妹的夫婿，可得偏劳三师兄擦亮慧眼，严格考察。
Story/D_5_2_5_055,我晓得，不求文采斐然，只求大节无亏，必须是个知耻、重义、诚实守信的好儿郎。
Story/D_5_2_5_056,武功高强最好，可以保护她。得耐心不能凶她，又不能太没气魄。
Story/D_5_2_5_057,不是我势利眼，但家世背景也很重要，别要嫁了出去跟着吃苦。但是爱炫富，虚荣心强的就敬谢不敏了。
Story/D_5_2_5_058,但愿仪表堂堂，与小师妹相看两不厌，才能相守到老。
Story/D_5_2_5_059,万一来的不是武林人，而是有功名的才子，你觉得配得上小师妹吗？
Story/D_5_2_5_060,也好，更好拿捏，他要敢花心纳妾，小师妹也不至委屈被欺负。
Story/D_5_2_5_061,等等，不好，小师妹心地纯洁，万一被那人花言巧语蒙骗怎办？
Story/D_5_2_5_062,这、这倒也是！不过不读书的也会骗人啊。
Story/D_5_2_5_063,面恶如我倒还好说，就怕小师妹被那种人面兽心的家伙给骗了。
Story/D_5_2_5_064,……好担心啊，唉。
Story/D_5_2_5_065,就是说啊，唉。
Story/D_5_2_5_066,三师兄既有定见，何必问我。
Story/D_5_2_5_067,我想你对小师妹一往情深，本门亏待了你，几度你气不过，都说要走，最终都为小师妹留了下来。如斯赤诚，委实可敬。不问过你，似乎说不过去。
Story/D_5_2_5_068,……是啊，那都是从前的事了。
Story/T_5_2_5_003,也许我那时只是拿小师妹说事，把她当作赖在唐门不走的借口而已。
Story/D_5_2_5_069,快天黑了！哥哥，快，我们说好的，去夜袭来求亲的登徒子们！胆敢觊觎咱们家默铃的美色，我叶云裳今儿个下手绝不容情！乱棍敲破天灵盖！非得要这些禽兽肝脑涂地，嘿呀！
Story/D_5_2_5_070,师弟，你……。
Story/D_5_2_5_071,你别听这家伙乱说，我才没跟她说好！
Story/D_5_2_5_072,没错，哥哥只是唆使我而已。因为我打人不会被追究，所以利用我行凶。他只是不小心把蒙汗药弄到别人酒水里而已，他是无辜的。
Story/D_5_2_5_073,你不要乱讲啦！
Story/N_5_2_5_001,你夹手夺去了她手里的棍棒，丢掉。
Story/D_5_2_5_074,我不能用棒子敲人？
Story/D_5_2_5_075,当然不行。
Story/D_5_2_5_076,那刀抹脖子，让他们有来无回。
Story/D_5_2_5_077,你怎么杀意比我都浓烈！
Story/D_5_2_5_078,你和他们有何仇冤，杀意如此浓烈！
Story/D_5_2_5_079,因为要娶默铃的是本姑娘才对！他们抢我老婆，我打杀他们有错吗？
Story/D_5_2_5_080,对不住，唐掌门、赵兄弟。我妹又胡说八道了，我这就带走她。
Story/D_5_2_5_081,不要摀我嘴，坏哥哥！坏！
Story/D_5_2_5_082,啊对了，我想到一个绝妙的点子！
Story/D_5_2_5_083,总之住口，别说。
Story/D_5_2_5_084,哥哥，不如你也去提亲吧，你来当默铃的夫君，她做了我大嫂，就不必嫁得老远啦，我和她就能一直在一块儿。
Story/D_5_2_5_085,二位，舍妹绝对无意冒犯，请当作她没说话吧。
Story/D_5_2_5_086,为啥！你还挑，难道默铃嫁你还配不上吗？你可别臭美了喔！
Story/D_5_2_5_087,我才没那么说……够了，再不消停，我可要点你穴了。
Story/D_5_2_5_088,然后我跟赵哥哥成亲，又嫁到唐门，亲上加亲，岂不是很好？
Story/D_5_2_5_089,{size=60}哈？！{/size}
Story/D_5_2_5_090,哥哥，你不喜欢我吗？你莫非心上有别的小娘子，又成日来调戏我、哄我欢心？
Story/D_5_2_5_091,这……当、当然不是，我、我只是……你不是说笑吧？
Story/D_5_2_5_092,我当然是说笑的，一旦你认真起来，我就会立刻赖账。
Story/D_5_2_5_093,过份！
Story/D_5_2_5_094,哈哈～哥哥真恶心！
Story/D_5_2_5_095,我和你说过多少次了，不能这样当面骂人。
Story/D_5_2_5_096,喔，那我嘴上不说，心底说。
Story/D_5_2_5_097,哈～哼！哼！
Story/T_5_2_5_004,她表情这么凶，一定在心里把我骂惨了。
Story/D_5_2_5_098,我没当面骂人，我修养真好，有没有奖励？
Story/D_5_2_5_099,竹笋炒肉丝伺候。
Story/D_5_2_5_100,我、我不大爱吃这个～来点甜的如何？
Story/D_5_2_5_101,想得美。
Story/D_5_2_5_102,哪、哪有～？
Story/D_5_2_5_103,这表情……该不会是心虚了吧？真过份……难以置信，长这么丑还会花心，人渣的说……。
Story/D_5_2_5_104,好了，赵兄尚未娶嫁，要挂念谁是他的自由。
Story/D_5_2_5_105,那是别人的家事，你别置喙太多。这虽是玩笑话，可你将来的夫君辗转听人说了，心底也不会痛快。
Story/D_5_2_5_106,嗯……。
Story/D_5_2_5_107,想来二位还有要事须忙，我兄妹先行告辞。近日我不会走远，若有事要驱策叶某，随时乐意效劳。
Story/D_5_2_5_108,妹妹，走了。
Story/D_5_2_5_109,咿～不要拉我帽帽，会脱毛！这件大衣我很喜欢的说！也不要拉我的髻，一样会脱毛的说！
Story/N_5_2_5_002,叶云裳转身跟上兄长，把自己小手塞进哥哥手心里。回眸对你吐舌，狡黠一笑。
Story/T_5_2_5_005,她这一笑是什么意思？笑得我心里发寒。
Story/T_5_2_5_006,莫非云裳妹子是在担心我吗。
Story/D_5_2_5_110,今夜没事就早点歇吧，明日有得忙呢。
Story/D_5_2_5_111,正有此意。
Story/D_5_2_5_112,天才刚黑，我就累惨了，主要是心力交瘁。
Story/D_5_2_5_113,明日才是重头戏，我得睡饱一点。长得不好看那是天生的，起码精神要足，千万别要委靡不振给人取笑。
Story/D_5_2_5_114,唐门地界，一下来这么多武林人士，也不知会否惊扰乡亲。知县大人今晚八成也不好睡吧。
Story/O_5_2_5_004,睡死
Story/N_5_2_5_003,你劳心劳力，一沾上枕头就失去了意识。同寝师兄弟见你睡姿古怪，一动不动，打了几巴掌也没醒，要不是胸口还有起伏，还以为你死透了。
Story/O_5_2_5_005,半夜自然醒
Story/O_5_2_5_006,半夜不自然醒
Story/T_5_2_6_1_001,太早睡，竟然醒了，不知现在甚么时辰了。
Story/T_5_2_6_1_002,师兄弟们都睡了，想来该是子时吧。
Story/T_5_2_6_1_003,反正一时睡不着，干脆出去乘凉散步吧。
Story/D_5_2_6_1_001,哈啊～困了。
Story/D_5_2_6_1_002,师兄，晚上好。
Story/D_5_2_6_1_003,你才是师兄，还没习惯改口吗？
Story/D_5_2_6_1_004,啊哈，确实如此，见笑了。
Story/D_5_2_6_1_005,师弟，你守了整晚上，可有什么动静吗？
Story/D_5_2_6_1_006,这一夜都没啥要紧事。有些心急的媒人硬是要进大院，提前和代掌门见面说谈，不让进，就往大门缝隙里塞红包。
Story/D_5_2_6_1_007,偶尔这样吵吵闹闹的，也还不错，唐门好久没听见笑声了。
Story/D_5_2_6_1_008,很久以前我们有位特别美貌的辛儒师姐出嫁，也是这情况，你那时来了吗？
Story/D_5_2_6_1_009,几时？我八成还没来吧，这种盛况，我还是头一次见。
Story/D_5_2_6_1_010,可惜了。那时可热闹了，求亲的人都想找门道巴结。连我这种外姓弟子都被人喊住，『帅小侠』、『俏公子』的喊。
Story/D_5_2_6_1_011,这些人真不择手段，哈哈。
Story/D_5_2_6_1_012,哈哈哈！
Story/D_5_2_6_1_013,那时大师兄带头，我们还真拿了人家红包，跑腿帮人送信。师伯们知道了，气的不行，然后大师兄那贱人，竟跑的比谁都快。
Story/D_5_2_6_1_014,这种时候，不是应该跳出来一力承担的吗？还飞侠，侠个屁。
Story/D_5_2_6_1_015,哈哈哈！
Story/D_5_2_6_1_016,师兄，你来那么久了，我想问问你，以前的唐门，很强吗？
Story/D_5_2_6_1_017,当然很强。
Story/D_5_2_6_1_018,天下第一暗器大家，坐镇四川蜀中，享誉江湖数十载。囊里金钱镖、藏衣袖里箭、发束牛毛针，壶中鹤顶红。唐门中人，全身上下无一不是凶器。
Story/D_5_2_6_1_019,唐门不是几百年的老世家吗？怎么却说享誉数十载呢？从前被招募的时候没意会到，现在想想委实古怪，还有削自己威风的。
Story/D_5_2_6_1_020,那是因为本门作风那啥……俗称的亦正亦邪。追溯到比旧魔教更早之前，本门出过一位外号『紫金手』的人物。
Story/D_5_2_6_1_021,没听说过，听起来他的手价值不斐。
Story/D_5_2_6_1_022,听说他把手臂拿去粹毒，弄得五色斑斓，紫到发亮，刀枪不入。你喜欢的话你也可以试试。
Story/D_5_2_6_1_023,谢了，不必。
Story/D_5_2_6_1_024,有话好商量，你不炼手臂，可以弄硬别的地方啊。
Story/D_5_2_6_1_025,嘿嘿，师兄，你可真淫荡。
Story/D_5_2_6_1_026,我哪有～我又没说弄硬那儿，你自己思想龌龊，嘿嘿。
Story/D_5_2_6_1_027,莫非是那位紫金手前辈十恶不赦，连累了本门名声吗？
Story/D_5_2_6_1_028,他为祸江湖虽不及旧魔教之深远，但也是一个心狠手辣的魔头。那手臂用途多的很，五指各有不同毒性，伸进茶水里，片刻就下好了毒；打斗时随手往地上一抓，泥沙登时就变毒砂，你说厉不厉害？
Story/D_5_2_6_1_029,好卑鄙。
Story/D_5_2_6_1_030,本来江湖人就爱明刀明枪对着干，败了、死了都光明正大，很瞧不起暗器、毒药，认为这些手段都不入流，是下三滥，嗤之以鼻。紫金手前辈搞出了这些名堂，可想而知本门名声有多臭了。
Story/D_5_2_6_1_031,原来我们还当过武林公敌。
Story/D_5_2_6_1_032,我们还真不只一次当过武林公敌。紫金手之前，还有万毒天虫，更之前还有砒霜大夫。
Story/D_5_2_6_1_033,这些唐门前辈未必都是恶人，只是作风偏邪，我行我素，又用毒，江湖人捕风捉影，说了不中听的话，他们往往就倔起来玩真的了。
Story/D_5_2_6_1_034,若非本门不信教，只怕也躲不过被冠上魔教的蔑称了。
Story/D_5_2_6_1_035,我究竟加入了个什么样的门派啊……。平平都是武林人，怎么唐门中人脾气都特别坏。
Story/D_5_2_6_1_036,不是唐门中人脾气特别坏，是唐门的手段特别令人害怕，所以才出名。
Story/D_5_2_6_1_037,我不知道，你要问我，我可不是只有脾气坏，心地也不怎么善良。这也怪不了我，这世道就是教你要坏、教你要狠，否则只有吃亏的份。
Story/D_5_2_6_1_038,我不觉得你很坏啊。
Story/D_5_2_6_1_039,我只是偏袒自己人罢了。你可别学我，遍体鳞伤依然能够当个好人，才是真的了不起。
Story/D_5_2_6_1_040,唐家每隔几代出一个像紫金手那样的不肖祖宗，就得连累后世子孙用上一个甲子，齐心戮力去洗刷世家污名。这便是掌门年轻时，到处找人比武的原因了。
Story/D_5_2_6_1_041,多亏掌门，后来武林人都不说唐门阴毒，只说我们心狠手辣。
Story/D_5_2_6_1_042,这样倒还好些，出门给人怕，总比出门给人看扁要好。
Story/T_5_2_6_1_004,这我不予置评。人家看轻你，往往就没把你放心上，不屑和你动手了。多亏掌门，对本门又怕又恨的人五湖四海都有，走哪都能碰上仇家。
Story/D_5_2_6_1_043,闲话就说到这儿吧，我来接你班，去洗洗睡吧。
Story/D_5_2_6_1_044,真的吗？这可多不好意思啊，还要劳烦师兄。那……那好，我就睡一忽儿，两个时辰就回来交班。
Story/D_5_2_6_1_045,好。
Story/D_5_2_6_1_046,多谢师兄。
Story/D_5_2_6_1_047,真、真的吗？师兄你可不会没事这么好心啊。
Story/D_5_2_6_1_048,不要就算了。
Story/D_5_2_6_1_049,别，别算了……我跑上跑下，一几天没好觉睡了，真要不行啦！
Story/D_5_2_6_1_050,这我可管不了，我好心被驴踢，现在伤心得很。
Story/N_5_2_6_1_001,说着你手指搓揉，示意讨钱，你师弟登时会意。
Story/D_5_2_6_1_051,是师弟我不好，不知这些沉甸甸的东西能不能弥补？
Story/O_5_2_6_2_001,太少了～真不懂事啊你
Story/D_5_2_6_2_001,太少了～真不懂事啊你。
Story/D_5_2_6_2_002,那、那我再加点。
Story/D_5_2_6_2_003,叫你一声师兄，你就得意忘形了是吧！算了，我不请你帮忙了，钱还我！
Story/D_5_2_6_2_004,什么钱？到我手里的就归我了。
Story/D_5_2_6_2_005,烂人，看招！
Story/O_5_2_6_2_002,勉为其难收下
Story/D_5_2_6_2_006,好吧，算你上道。
Story/D_5_2_6_2_007,那我就去睡一忽儿啦，真就睡一忽儿，两个时辰就回来交班。
Story/D_5_2_6_2_008,记得准时，逾时不候，到时三师兄追究起来，我这人太老实，可不懂说假话，你要我学，又是另一个价。
Story/D_5_2_6_2_009,恶人啊……和四师兄如出一辙的贪财嘴脸……。
Story/N_5_2_6_3_001,你为了一点小钱无情无义的打倒了同门师弟。还嫌他躺在地上碍眼，特地拎回弟子房去了。
Story/D_5_2_6_4_001,……。
Story/D_5_2_6_4_002,……好静啊。
Story/N_5_2_6_4_001,这一夜风平浪静。唐家大院熄了灯火，就只风声吹树叶的飒飒响声。夜越深越静，回忆就越是吵嚷。
Story/D_5_2_6_4_003,启禀掌门，香烛准备就绪。请移驾去宗祠，等新人向您行拜见礼。
Story/D_5_2_6_4_004,好，好。
Story/D_5_2_6_4_005,迎亲的轿子到门前了！
Story/D_5_2_6_4_006,我要掀新娘红盖头！
Story/D_5_2_6_4_007,那是你能掀的吗！
Story/D_5_2_6_4_008,爹爹……您在哪儿，好多人……铃儿怕。
Story/D_5_2_6_4_009,好多陌生人，他们都来干嘛的？
Story/D_5_2_6_4_010,来迎娶你师姐啊。
Story/D_5_2_6_4_011,迎娶是干嘛的？
Story/D_5_2_6_4_012,这个嘛……就是嫁到别人家里去，为人妻子。
Story/D_5_2_6_4_013,到别人家里去，师姐还会回来吗？
Story/D_5_2_6_4_014,她要是回来，大家都会很欢喜。但你师姐嫁得很远，从此有了新的家人，八成是不回来了。你要是还有话说，就要趁早。
Story/D_5_2_6_4_015,我舍不得……师姐不能……不能不嫁吗……？
Story/D_5_2_6_4_016,女儿家迟早要嫁人的，这不是坏事。
Story/D_5_2_6_4_017,我也是吗？
Story/D_5_2_6_4_018,我的铃儿还早呢，少说还要七、八年……不，等到十年以后吧，那时爹要给你办得风风光光的，比今日还要热闹。那一日，爹让天下人都来祝福你。
Story/D_5_2_6_4_019,……那一日眨个眼就已经到了啊，掌门。
Story/D_5_2_6_4_020,咳……咳，得、得收心，现在体虚，再这样伤心，就得病了。
Story/D_5_2_7_1_001,……。
Story/N_5_2_7_1_001,一只白腻小手从窗边伸进来，推了推你。
Story/D_5_2_7_1_002,不要……不要弄我……。
Story/D_5_2_7_1_003,……。
Story/N_5_2_7_1_002,小手的主人锲而不舍，又推了推你，誓要将你弄醒不可。
Story/D_5_2_7_1_004,到底是──
Story/D_5_2_7_1_005,咦？小──
Story/D_5_2_7_1_006,啊。
Story/D_5_2_7_1_007,对不住，我怕你喊出声，才点你穴的。
Story/D_5_2_7_1_008,这、这倒无妨，你有事找我，怎么不走正门？
Story/D_5_2_7_1_009,三师兄说要防于礼教。
Story/T_5_2_7_1_001,你夜里从窗捉我，二人私下见面，只怕更不妥吧。
Story/T_5_2_7_1_002,小师妹夜里与我幽会，传出去比走正门还不妙啊。不过我还是不提醒她好了。
Story/D_5_2_7_1_010,可是你之前晚上找我，也都是到窗边。
Story/D_5_2_7_1_011,那、那倒也是……你莫非一直都知道我在窗外？
Story/D_5_2_7_1_012,……？什么意思，你不知道我知道？
Story/D_5_2_7_1_013,那你怎么都不说？
Story/D_5_2_7_1_014,可是你也没和我说话啊。
Story/D_5_2_7_1_015,……这都什么事啊……。
Story/D_5_2_7_1_016,……嗯，好奇怪。
Story/D_5_2_7_1_017,哪、哪有～我当然知道。
Story/D_5_2_7_1_018,是哦……。
Story/N_5_2_7_1_003,小师妹露出了狐疑的眼神。
Story/D_5_2_7_1_019,不说这个了，小师妹，你找我有什么事？
Story/D_5_2_7_1_020,呃……你、你猜？
Story/D_5_2_7_1_021,你让我猜？
Story/D_5_2_7_1_022,原来小师妹也会说这种俏皮话吗？该不会是被云裳影响了吧。
Story/D_5_2_7_1_023,有吗。
Story/D_5_2_7_1_024,说你像她，这么开心干嘛？
Story/D_5_2_7_1_025,因为云裳很惹人怜爱呀。
Story/D_5_2_7_1_026,你又何尝不是？
Story/D_5_2_7_1_027,我哪有……我话都说不好。
Story/T_5_2_7_1_003,其实我更喜欢你这样这般恬静温柔的女子。
Story/D_5_2_7_1_028,这个小师妹不对劲，该不会是冒牌货吧？
Story/D_5_2_7_1_029,才不是。
Story/O_5_2_7_1_001,你饿了
Story/D_5_2_7_1_030,……没有啊。
Story/D_5_2_7_1_031,那你要吃烤鱼吗？
Story/D_5_2_7_1_032,要。
Story/D_5_2_7_1_033,我就知道你。
Story/D_5_2_7_1_034,可是……可是这么晚了，还去溪里捉鱼烤吗？
Story/D_5_2_7_1_035,明日要招待客人，鱼早就捉好放在伙房大水缸里了。我偷偷给你烤一条，谅必没人察觉，走吧。
Story/D_5_2_7_1_036,明日要招待客人，鱼早就捉好放在伙房大水缸里了。我偷偷腌了一尾，刚好就祭你五脏庙吧，来。
Story/D_5_2_7_1_037,好。
Story/D_5_2_7_1_038,要酱烤，还是抹盐？
Story/D_5_2_7_1_039,都可以。
Story/D_5_2_7_1_040,那就刷酱吧。
Story/D_5_2_7_1_041,要胡椒吗？
Story/D_5_2_7_1_042,要。
Story/D_5_2_7_1_043,好了，呵凉再吃。
Story/D_5_2_7_1_044,呼，呼～
Story/D_5_2_7_1_045,好吃……。
Story/D_5_2_7_1_046,你喜欢就好。
Story/N_5_2_7_1_004,小师妹本来不饿，但烤鱼实在太香，越吃越开胃。
Story/D_5_2_7_1_047,……！
Story/D_5_2_7_1_048,好好吃……！好厉害。
Story/D_5_2_7_1_049,好吃吧？非同小可吧？
Story/D_5_2_7_1_050,嗯，甜甜的。
Story/D_5_2_7_1_051,我用了酱油、白酒、橙汁、橙皮、梅子密封腌渍。
Story/N_5_2_7_1_005,小师妹两眼放光，本来不饿的，越吃越馋，吃完了烤鱼，舔舔手指，意犹未尽。
Story/D_5_2_7_1_052,没了。
Story/D_5_2_7_1_053,还有。
Story/D_5_2_7_1_054,啊！
Story/D_5_2_7_1_055,你悠着点吃，我收拾一下。吃完记得用浓茶漱口，刷牙坐会儿消消食才能睡。
Story/D_5_2_7_1_056,好。
Story/T_5_2_7_1_004,师兄待我可真好。我嫁为人妇以后，就不能再这样撒娇了。
Story/D_5_2_7_1_057,……。
Story/N_5_2_7_1_006,蓦地悲从中来，烤鱼也不香了。小师妹怔怔望着你的背影，感觉既熟悉又陌生。
Story/D_5_2_7_1_058,这是奖励的拍拍吗？
Story/D_5_2_7_1_059,嗯？嗯……。
Story/D_5_2_7_1_060,……。
Story/D_5_2_7_1_061,……。
Story/D_5_2_7_1_062,拍拍，师兄不哭了。
Story/D_5_2_7_1_063,好……。
Story/D_5_2_7_1_064,我没事了，让你见笑了。
Story/D_5_2_7_1_065,其实我没哭，柴灰飘进眼睛里而已。
Story/D_5_2_7_1_066,嗯。
Story/D_5_2_7_1_067,师兄。
Story/D_5_2_7_1_068,怎么啦？还有什么想要的？
Story/D_5_2_7_1_069,什么都可以，说吧。
Story/D_5_2_7_1_070,谢谢你。
Story/D_5_2_7_1_071,……这是我的荣幸。
Story/D_5_2_7_1_072,……不客气。
Story/D_5_2_7_1_073,我走了。
Story/D_5_2_7_1_074,好。
Story/O_5_2_7_1_002,你睡不着
Story/D_5_2_7_1_075,嗯。
Story/D_5_2_7_1_076,你当真？
Story/D_5_2_7_1_077,嗯。
Story/D_5_2_7_1_078,这可怎么办呢？你明天有得忙呢。打瞌睡可不行。
Story/D_5_2_7_1_079,怎么办才好？
Story/D_5_2_7_1_080,有了，不如我说故事给你听吧。
Story/D_5_2_7_1_081,不要，我又不是小孩子。
Story/D_5_2_7_1_082,居然被拒绝了。
Story/D_5_2_7_1_083,师兄，你唱歌给我听，好吗？
Story/T_5_2_7_1_005,咦？唱歌哄睡就比较成熟吗？
Story/D_5_2_7_1_084,好是好，不过怎么会有人想听我唱歌。
Story/D_5_2_7_1_085,我要听你以前唱过的山歌。
Story/D_5_2_7_1_086,实不相瞒，你师兄我五音不全，就只会唱山歌，就不知你说的是哪一首？
Story/D_5_2_7_1_087,我小时候，你在窗下唱的那个。
Story/D_5_2_7_1_088,……那个？不要那个吧？
Story/D_5_2_7_1_089,就要那个。
Story/T_5_2_7_1_006,小师妹很少这样主动提出什么要求啊……。是因为离别将近了，想要撒娇吗？
Story/D_5_2_7_1_090,好吧，这可是你说的。
Story/D_5_2_7_1_091,咳嗯。
Story/D_5_2_7_1_092,阿妹你岸上走～阿哥我水里游～我是调皮的小蝌蚪～要带你郊游～
Story/D_5_2_7_1_093,快看河边有牛～牛牛扭妞牛～快看树下有狗～狗勾宝煲狗～
Story/D_5_2_7_1_094,唉唷我的小师妹～为何悲伤那么久～阿哥怎生舍得你～把泪恣意流～再哭就把你～拿来作老婆～
Story/D_5_2_7_1_095,{size=60}妈巴羔子咧师兄！不要唱了啦！难听死了！{/size}
Story/D_5_2_7_1_096,{size=60}你半夜不睡觉鬼哭狼嚎是在招魂哦！{/size}
Story/D_5_2_7_1_097,……嘿，嘿嘿。
Story/N_5_2_7_1_007,你被一通怒骂，羞愧得恨不得挖个洞钻进去。
Story/D_5_2_7_1_098,对啊，今天不是你头七吗？给我闭嘴睡你们的！
Story/D_5_2_7_1_099,你才闭嘴啦，不要逼我们出去打你！
Story/D_5_2_7_1_100,哼，这群臭小子……别、别理他们。他们只敢说说而已啦。
Story/D_5_2_7_1_101,不必，我进来了！
Story/D_5_2_7_1_102,……。
Story/N_5_2_7_1_008,小师妹轻轻牵了你的衣角，都没说一句话，就制止了你的暴行。
Story/D_5_2_7_1_103,……我、我说笑的。
Story/D_5_2_7_1_104,我还以为你真的生气了。
Story/D_5_2_7_1_105,怎么样，我唱得好听吗？
Story/D_5_2_7_1_106,难听。
Story/D_5_2_7_1_107,那你还让我唱！
Story/D_5_2_7_1_108,可是很好笑，呵呵。
Story/D_5_2_7_1_109,……呵呵，哈。
Story/D_5_2_7_1_110,那就好。
Story/T_5_2_7_1_007,娘亲走的时候，我每晚都止不住流泪。如果那时没人看着我，说不定我会出发去寻娘亲。
Story/T_5_2_7_1_008,每到这时，师兄就会唱这首山歌给我听，逗我开心。师姐们骂他、作势打他，我还觉得有趣，很坏心跟着笑。直到师姐们真的生气了，我不想师兄被骂，才叫他不要唱的。
Story/T_5_2_7_1_009,……就像昨天的事情一样。
Story/D_5_2_7_1_111,师兄。
Story/D_5_2_7_1_112,怎么啦？不会想让我再唱一回吧？你不会这么凶残吧？
Story/D_5_2_7_1_113,能不能打个商量，我去跳崖，这歌就不唱了？
Story/D_5_2_7_1_114,噗哧。
Story/D_5_2_7_1_115,你不唱就不唱，何必跳崖。
Story/D_5_2_7_1_116,那就好，我就知道小师妹菩萨心肠，一定不忍见我陷进无地自容的绝境。
Story/D_5_2_7_1_117,嗯……师兄。
Story/D_5_2_7_1_118,谢谢你。
Story/D_5_2_7_1_119,……这是我的荣幸。
Story/D_5_2_7_1_120,……不客气。
Story/D_5_2_7_1_121,我走了。
Story/D_5_2_7_1_122,好。
Story/O_5_2_7_1_003,你怕嫁了以后见不到我
Story/D_5_2_7_1_123,……。
Story/D_5_2_7_1_124,我说笑的啦～还是说，你实在好奇，想让我带你下山，打听求亲侠士们的消息吗？
Story/D_5_2_7_1_125,好像是这样……。
Story/D_5_2_7_1_126,还真是啊。
Story/D_5_2_7_1_127,真拿你没办法，也是，我要是有亲可成，甭说前一晚别想睡，只怕会三天三夜都紧张得阖不上眼。
Story/D_5_2_7_1_128,你在这等我，我去拿一盏灯笼，就带你下山。
Story/D_5_2_7_1_129,不是，我没有要下山。
Story/D_5_2_7_1_130,你方才不是说好奇吗？
Story/D_5_2_7_1_131,和你说笑的呢，你竟惊得呆了，未免太伤人了。
Story/D_5_2_7_1_132,好像是这样……。
Story/D_5_2_7_1_133,是怎样？
Story/D_5_2_7_1_134,……是我害怕见不到你。
Story/D_5_2_7_1_135,真、真的吗？原来我在你心目中这么重要吗？
Story/D_5_2_7_1_136,……。
Story/D_5_2_7_1_137,我以为自己想好了……。
Story/D_5_2_7_1_138,可是我后悔了，我怕再也见不到大家。一但睡着了，今天就要过去了。还能在家的日子，越来越少了……。
Story/D_5_2_7_1_139,……。
Story/D_5_2_7_1_140,拍拍。
Story/D_5_2_7_1_141,……。
Story/D_5_2_7_1_142,小师妹，你一个人也要勇敢。离此而去以后，你会有更大更好的新家，为你遮风挡雨，会有新的家人，替我们将你捧在手心。
Story/D_5_2_7_1_143,可是……他们待我再好，也是别人啊。我不要好的，我不想认路了，我只想在家和大家在一起……不行吗？
Story/O_5_2_7_1_004,不行
Story/D_5_2_7_1_144,……不行喔。
Story/D_5_2_7_1_145,我和你约定，如果你过得不好，感到寂寞的话，就呼唤我吧。天涯海角，我也会去接你回家。
Story/D_5_2_7_1_146,你保证？
Story/D_5_2_7_1_147,我会全力以赴。
Story/D_5_2_7_1_148,那怕与世为敌，也无所畏惧。我只退让这么一次，算是报答师门恩情。你再让我逮到机会，就算伤天害理，我也会抢你回家。
Story/N_5_2_7_1_009,小师妹兀自啼哭不休，你也不催赶，只是陪伴，由她尽情宣泄。
Story/D_5_2_7_1_149,嗯……。
Story/N_5_2_7_1_010,小师妹抹去睫毛上的晶莹泪珠，回过头来的时候，已是平时淡漠神色。
Story/D_5_2_7_1_150,师兄。
Story/D_5_2_7_1_151,在这儿。
Story/D_5_2_7_1_152,这么快就想家了？
Story/D_5_2_7_1_153,嗯。
Story/D_5_2_7_1_154,谢谢你。
Story/D_5_2_7_1_155,……这是我的荣幸。
Story/D_5_2_7_1_156,……不客气。
Story/D_5_2_7_1_157,我要走啦。
Story/D_5_2_7_1_158,好。
Story/D_5_2_7_1_159,{size=24}刚才答应我的事，不能忘记哦？{/size}
Story/D_5_3_1_001,唐三侠，我这侄儿易凡一表人才，虽说无门无派，武功是他家一脉单传，可是近年在江湖也闯下不小功绩，比方说吧，前回那江陵大战。
Story/D_5_3_1_002,叔叔，这儿都是武功高强的前辈高人，侄儿怎敢自卖自夸？我在江陵也没多大贡献，只是追随各位前辈，四处冲杀而已。从头到尾，也只打败两人而已，何足挂齿。
Story/D_5_3_1_003,你可是要讨媳妇，谦什么？要让人家唐小娘子知道你的优点才行啊。你打的二人，那是普通的货色吗？那可是两名七袋长老。单一人挑出来，都是江湖上赫赫有名的人物。
Story/D_5_3_1_004,唐三侠，我这易凡侄儿就是这毛病，谦虚，太～谦虚。搞得我们都不知他武功进境如何，眨巴个眼睛，武功都比我还高了。将来更是不可限量，想来作唐门快婿，也不至辱没唐家千金。
Story/D_5_3_1_005,实不相瞒，我一见唐小娘子的花容月貌，就……就情根深种，无法自拔，我若有幸得唐小娘子垂青，终生不敢有负。我会敬你、爱你，把你当菩萨供奉，你叫往东，我绝不敢往西。
Story/D_5_3_1_006,辛苦二位远道而来，幸会，幸会。
Story/D_5_3_1_007,……。
Story/D_5_3_1_008,{size=24}小师妹，你看这人如何？{/size}
Story/D_5_3_1_009,还好。
Story/D_5_3_1_010,{size=24}师兄我也觉得，这位少侠方才答非所问，才学有限，{/size}{size=24}武功还未可知，却还差点儿骨气。{/size}
Story/D_5_3_1_011,贤侄既通过考核，人品想必没话说，便请二位随门人出外用茶，稍坐片刻再回。明日武试，还要请贤侄展露武功、武德。
Story/D_5_3_1_012,好极，凡儿，唐三侠也对你另眼相看。你可要好好表现。
Story/D_5_3_1_013,多谢唐前辈，多谢唐小娘子，我一定好好表现，不教你们失望。
Story/D_5_3_1_014,二位请随我来，入内用茶和点心。
Story/D_5_3_1_015,{size=24}这人是长得不差，武功好像也挺强的。{/size}{size=24}但不知怎么的，一股儿油耗味，让人看了不适。{/size}
Story/D_5_3_1_016,{size=24}闭嘴吧你，人家保不定就成了乘龙快婿，{/size}{size=24}有点儿油怎么了？好过你半点油水也没有，穷成人干。{/size}
Story/D_5_3_1_017,下一位，来自洪洲，人称『斩天黑翼双龙剑』，齐壬，齐少侠～
Story/D_5_3_1_018,武林后学齐壬，见过唐三侠、唐小娘子。
Story/D_5_3_1_019,我没带媒人，因为两情相悦，是重心灵相通。爱一个人，不须别人置喙。而我，看上了你，这就足够了。
Story/D_5_3_1_020,……。
Story/D_5_3_1_021,……。
Story/D_5_3_1_022,久仰大名，齐少侠至情至性，佩服佩服。江湖儿女，快意恩仇，不拘小节，不带媒人亦非……亦非大事！
Story/D_5_3_1_023,拍拍。
Story/D_5_3_1_024,……我出几道题，考较齐少侠文采、学问，还请不吝赐教可好？
Story/D_5_3_1_025,不，不好。我一生只与这对双剑为友。人剑合一，以剑问道。剑，就是道，就是不二学问。除此之外，我无可奉答！
Story/D_5_3_1_026,{size=24}小、小师妹，你，你听这位少侠所言，意下如何？{/size}{size=24}呼哧……呼哧……我看是不太妥。{/size}
Story/D_5_3_1_027,拍拍，不要生气，拍拍。
Story/D_5_3_1_028,唐三侠是文人，当朝重文轻武，你看不起武者，我岂能不知？可是那又如何？今日要嫁的，是唐小娘子才对。
Story/D_5_3_1_029,我不会说第二次。女人，跟我来。
Story/D_5_3_1_030,……。
Story/D_5_3_1_031,哼，有趣，胆敢忤逆我的女人，你是第一个。你成功引起了我的注意。我就破例再说一次，跟我来，不准你有『是』以外的回答。
Story/D_5_3_1_032,我要杀了你！我要杀了你！
Story/D_5_3_1_033,这不就对了吗？跟我……。
Story/D_5_3_1_034,你、你这丑八怪，是男是女？别过来，我警告你别过来啊！小心我一对黑翼双剑要你小命！
Story/D_5_3_1_035,{size=24}师兄，还有好多人在看，小师妹的选婿的事比较重要，别跟他一般见识。{/size}
Story/D_5_3_1_036,{size=24}大好日子，不宜见血，走走走。{/size}
Story/D_5_3_1_037,咦？地上有一本秘籍，师兄，是不是你掉的？
Story/T_5_3_1_001,师兄，师兄，师兄！
Story/N_5_3_1_001,小师妹几不可察的浅浅一笑，旋即又收敛起笑意，俏脸生寒。
Story/D_5_3_1_038,这不就对了吗？跟我……。
Story/D_5_3_1_039,你成功引起了我的注意～
Story/D_5_3_1_040,胆敢忤逆我的女人～你是第一个～
Story/D_5_3_1_041,哈哈哈哈哈！
Story/D_5_3_1_042,你敢嘲笑我！你知道我是谁吗？
Story/D_5_3_1_043,好啦，你最强，你无敌，你一出生就无敌。外边请吧，慢走不送。
Story/D_5_3_1_044,嘴贱杂种，你有胆出来与我大战三百回合！
Story/D_5_3_1_045,我没胆，我不敢。我怕你撑不到三回合就死掉了。今天是吉日，恕在下不想犯杀戒，少侠，你还是找棵树自我了断得了。
Story/D_5_3_1_046,尽知逞口舌之快，你就尽管动嘴皮子吧。
Story/D_5_3_1_047,……。
Story/N_5_3_1_002,你虽没说话，但嘴皮嘴唇一直掀动，极度惹人生憎之能事。
Story/D_5_3_1_048,{size=60}我迟早要杀了你！！{/size}
Story/T_5_3_1_002,师弟如此嘲弄客人，未免有失风度。但若一味容让，又让人难以释怀。
Story/D_5_3_1_049,……。
Story/D_5_3_1_050,……小师妹，你觉得……？
Story/D_5_3_1_051,还好。
Story/D_5_3_1_052,送客。
Story/D_5_3_1_053,好，你今日瞧我不起，明日我让你高攀不起。等我突破最后一重天──
Story/D_5_3_1_054,好了，别说了，还有完没完你？
Story/D_5_3_1_055,{size=24}这人怎么这样没礼貌？他以为他是谁啊，这么霸道。{/size}{size=24}我们又没欠他钱，真是莫名其妙。{/size}
Story/D_5_3_1_056,{size=24}偶尔就是会有这种人啦，习惯就好。{/size}{size=24}他们就觉得这样很有男子气概，别说，还真有小娘子肯吃这套，还不少。{/size}
Story/D_5_3_1_057,我不会说第二次。女人，跟我来。我看上你了！
Story/D_5_3_1_058,哈哈哈哈师兄你干嘛啦！你有病哎！
Story/D_5_3_1_059,哈哈哈哈哈！
Story/D_5_3_1_060,咳，嗯！
Story/D_5_3_1_061,{size=24}哎唷，三师兄怒了，大家小声点。{/size}
Story/D_5_3_1_062,下一位，来自江陵，南宫世家南宫深公子莅临！
Story/D_5_3_1_063,唐三侠，我『铁鞭』南宫伟，与你也不是头一回打交道，今儿个来为未来家主说亲，想必也不必我多作介绍。你老兄可别贵人多忘，一阵子没见，就忘了老哥哥我。
Story/D_5_3_1_064,深儿，来拜见唐三侠，这是叔公好朋友。
Story/D_5_3_1_065,唐三爷自然是要拜见的，不过叔公你忘了，这位唐三爷，先前在太上家主寿宴之时，就曾有幸得见尊范。
Story/D_5_3_1_066,至于唐世妹，更不待言。世妹之美，宛如冰雕美玉，流光自照，浑然天成。江陵寿宴片面之缘，就令愚兄印象深刻，念念不忘。
Story/D_5_3_1_067,三爷一称，万不敢当，伟兄好久不见了，大公子也好。二位莅临，蓬荜生辉。
Story/D_5_3_1_068,……。
Story/D_5_3_1_069,南宫世伯好，大公子好。
Story/D_5_3_1_070,{size=24}小师妹，我看名册，大公子就是最后一位压轴了。{/size}{size=24}他文武全才，琴棋书画四艺皆通，家财万贯，可能没有更好的了。{/size}{size=24}你再这样心不在焉，就没人啦。{/size}
Story/T_5_3_1_003,大公子竟然也来了……他不是才和上官家悔婚不久吗？
Story/T_5_3_1_004,南宫世家大公子竟然也来了。
Story/T_5_3_1_005,他上回还疑心我们下毒暗害老太爷，冷嘲热讽一番！莫不是失忆了吗？
Story/D_5_3_1_071,{size=24}江陵大战的少帅都来了，方才那易少侠未免相形可怜了。{/size}
Story/D_5_3_1_072,{size=24}你不早就清楚了？我见着他们来时，还与你寒暄。{/size}{size=24}他们一到，先哭后笑，既哀大师兄之丧，也庆小师妹之喜。{/size}
Story/D_5_3_1_073,{size=24}你不知道，南宫世家人面广，是他们肯礼贤下士。{/size}{size=24}碰着每个唐门弟子就慰问，见过面的都记得名字，没碰面的也寒暄一番。{/size}
Story/D_5_3_1_074,大公子文武双全，风度翩翩，两家本是世交，结为亲家，再好不过。
Story/D_5_3_1_075,老哥哥我作媒人，前来说亲，家主把事全权交给我。我素知唐门高风亮节，不敢太过庸俗，只带了象征吉祥的问肯之礼，万勿推却。
Story/D_5_3_1_076,唐掌门要出题考较在下，便请赐教。诗词歌赋、经义、论、策，皆可，虽不敢在儒侠面前卖弄，可是为显求亲之诚，我愿竭力一试。
Story/D_5_3_1_077,……请稍等。
Story/D_5_3_1_078,{size=24}小师妹，大公子从小浸淫书香，身怀大义，{/size}{size=24}曾领袖群侠抵抗魔教侵攻，这才学、品德、功绩都没话说。{/size}{size=24}我再考他，也无甚意义，但要不问，又好像不大公平。{/size}
Story/D_5_3_1_079,那还是问别的？
Story/D_5_3_1_080,{size=24}我满脑子都是经史子集，一时想不出什么好问。{/size}
Story/D_5_3_1_081,我也没有。
Story/D_5_3_1_082,……大公子，那唐某斗胆策问。
Story/D_5_3_1_083,题为『农夫耕耘种稻以养天下，樵夫伐木造纸以利学问，夫武人学成而不以之事国，何用于民生？儒能以文乱法，侠则以武犯禁，如何见容于云衢？』
Story/D_5_3_1_084,升兄，你这……这题出得有点儿刁难人吧？
Story/N_5_3_1_003,这题说难实易，说易实难。在场众人，都面面相觑。
Story/N_5_3_1_004,所有江湖人都被涵盖在这议题之下，为何武功高强，却不去报效国家？不是都说为国为民，侠之大者吗？那襄阳至今仍在打仗呢。
Story/T_5_3_1_006,我还道三师兄合该中意大公子，会轻松放过。这题不是江湖禁忌吗？谁都心知肚明，谁也不敢议论，讲不好就得罪人。这可比先前考诗词、释义的困难多了。
Story/T_5_3_1_007,我自有我一番见解，可惜三师兄问的不是我。
Story/D_5_3_1_085,叔公你切莫着急，唐三侠此问，并不是刁难我，而是另有深意。此地何地？唐门正心堂。我南宫世家护心诀，专论心意。我知行如一，正心正义，试论天下豪杰心迹则可。
Story/D_5_3_1_086,礼记大学有云：『物有本末，事有终始，知所先后，则近道矣。』
Story/D_5_3_1_087,『古之欲明明德于天下者，先治其国；欲治其国者，先齐其家；欲齐其家者，先修其身；欲修其身者，先正其心；欲正其心者，先诚其意；欲诚其意者，先致其知，致知在格物。』
Story/D_5_3_1_088,『物格而后知至，知至而后意诚，意诚而后心正，心正而后身修，身修而后家齐，家齐而后国治，国治而后天下平。』
Story/D_5_3_1_089,是以我辈无论文武，必先格物致知，明大义，知荣辱，意诚心正，以心从文、习武，皆为修身，成宗成派，则是齐家。
Story/D_5_3_1_090,唯有家齐，方能再论治国。苟利于国者，匹夫有责。将士攘外，侠客安内。所以我论江湖中人，无一不是为国为民！
Story/D_5_3_1_091,深儿……不，大公子，你……。
Story/N_5_3_1_005,慢了半拍，掌声响彻正心堂。
Story/D_5_3_1_092,怎么……我还道大公子只是仰仗家世的纨绔子弟，原来他不是草包啊！
Story/D_5_3_1_093,这话说得真好，没错，正是这样，我们都是为国为民！
Story/T_5_3_1_008,真不愧是南宫世家……。
Story/T_5_3_1_009,只有说得好听，不惜引经据典，可实际上根本不是这样吧。江湖人争名夺利，何尝不想做官飞黄腾达，只是做不了而已。又没领朝廷俸禄，没吃官家一粒米粮，还要为别人的江山送死？
Story/T_5_3_1_010,可惜大家快意恩仇，快得习惯了，脑子都变不好使，只消有人登高一呼，把话说得动听一点，就以他为马首是瞻。
Story/T_5_3_1_011,天下攘攘，皆为利往，百姓图的就是丰衣足食日子舒爽。江湖人不爱钱的也爱名声，为了名声，连性命都可以不要。大公子这番话，给天下武林同道脸上添金，不知要有多少人追随他。
Story/T_5_3_1_012,其中不会包含我就是了。我长得像猪，但毕竟是人。多数人长得人模人样，头壳里装的却都是猪脑。
Story/T_5_3_1_013,更差一点的，头壳里还会装屎。
Story/T_5_3_1_014,论策应以事实为本，要讲根据的。这番话能令江湖人抬头挺胸，走路有风，然而对现况却一点帮助也没有。说穿了，就是一团比较香的屁，明明是屁，大家还闻得乐不可支。
Story/T_5_3_1_015,真恶心。
Story/T_5_3_1_016,……大公子口才真好。他胸怀磊落，或许真作如是想也说不定。然而事实又是如何呢？江湖之中，只考虑自己的人，十有八九啊。
Story/T_5_3_1_017,说到底，大家都怕死。武林门派不是官，只是民，又没领朝廷俸禄，年年还有赋税。日旦争名逐利，不就是为了自己和家人们日子好过一点？
Story/T_5_3_1_018,百姓纳税，朝廷发饷，将士并非官家所豢，而是万民共养。上阵杀敌保家卫国，是勇气，也是职责所在。
Story/T_5_3_1_019,而我们呢？我们自己养自己，还把命送朝廷花使，就说不过去了。别说抚恤，一人一条裹尸布都算朝廷恩宠。
Story/T_5_3_1_020,不在其位，不谋其政，我山中粗鄙之人，只管活好我自己。国家颠危之际尚且不提，平白无故前仆后继去送死，就大可不必了吧。
Story/T_5_3_1_021,论策应以事实为本，而非夸夸其谈，否则难免有矫饰之嫌。这番话能令江湖人抬头挺胸，走路有风，却对现况一点帮助也没有。
Story/T_5_3_1_022,我不一定是对的，但我不很认同大公子。也许我将来又会改变主意，但起码我现在不很认同大公子。要想说服我，得说出更有道理的话来。
Story/T_5_3_1_023,虽然不完全明白，但好像很有道理啊！
Story/T_5_3_1_024,原来我也是为国为民的大侠。
Story/T_5_3_1_025,呸，我算什么大侠？连我这种人都夸上了，大公子口才真不得了，真不愧是南宫世家。
Story/N_5_3_1_006,你听了他一席高谈阔论，觉得与有荣焉，飘飘然想要上天。
Story/D_5_3_1_094,……大公子所言，令唐某茅塞顿开。虽说只答了一半，亦足见公子高才硕学，佩服，佩服。
Story/D_5_3_1_095,剩下的一半，将来再寻良机长晤。请大公子与伟兄随我门中弟子用些茶点，稍坐片刻再下山。明日还有一场武试，除了要比武功，还要论武德、武品。
Story/T_5_3_1_026,唐三侠似乎对我的回答不甚满意。无妨，如此说词，于我南宫所益最深。
Story/D_5_3_1_096,多谢掌门赐茶。
Story/D_5_3_1_097,大公子和南宫老侠，请随我来，小心阶梯。
Story/D_5_3_1_098,升兄，我们家大公子，可还不错吧。你可要擦亮眼睛了。
Story/D_5_3_1_099,那你问他，为什么不要萤姐姐，却想娶我？
Story/D_5_3_1_100,这……这……能不能换个问题？
Story/D_5_3_1_101,我只想知道这个。
Story/D_5_3_1_102,……公子的才学人品，众所周知，岂敢相试。只有一事不明，还请赐告，得罪勿怪。这事……便是公子和上官千金的婚约，不知作为解释。
Story/D_5_3_1_103,升兄，你这……这问得有点儿唐突了吧？不是说好考才识、学问吗？这问题似乎超纲了。
Story/N_5_3_1_007,江陵大战以来，南宫悔婚一事众说纷纭，但谁也不敢去打听别人家事。三师兄此话一出，厅中众人登时热议起来。
Story/T_5_3_1_027,问得好，小师妹，问死他！我倒要看看大公子害得萤姑娘伤心落泪，还能如何诡辩！他要是说不出个所以然来，我就是把命舍了，也要讨回公道！
Story/T_5_3_1_028,问不得，问不得啊三师兄。这一问下去，不就破局了吗？
Story/T_5_3_1_029,……虽然这一问下去，说不定就做不成亲家……。
Story/T_5_3_1_030,但这个问题，不论如何都要问的。
Story/D_5_3_1_104,叔公，你先别太激动。我要求娶唐小娘子，自然要重诚意，这些话原是绕不过去的。趁着今日天下英雄在场，不妨明说。
Story/D_5_3_1_105,这……好吧。
Story/D_5_3_1_106,我和上官娘子自幼便有婚约，此事众所周知。她容姿端秀，才华洋溢，毫无疑问是大家闺秀。
Story/D_5_3_1_107,既然如此，大公子何以为了一介乐籍贱妓，对上官大小姐如此绝情？
Story/D_5_3_1_108,小兄弟，还请稍安勿躁，我家公子正要说话呢。
Story/D_5_3_1_109,幸得江湖美言，都说我和上官娘子郎才女貌，门当户对。然而古语有云：『道不同不相为谋』，我俩终归不是一路人，走不到一块。
Story/D_5_3_1_110,上官家主前辈金盆洗手，退隐江湖，为朝廷效命。南宫世家也和官府交好，却始终不忘初衷，心系武林。试问两家成亲，江湖同道还能认为南宫刚正不阿，不偏不倚吗？
Story/D_5_3_1_111,……南宫与上官做不成亲家，依然是好兄弟、好朋友。我和上官娘子今生无缘，也有兄妹情份，随时可为她赴汤蹈火。至于说我和乐籍贱妓私通者，更是无稽之谈。
Story/D_5_3_1_112,我和乐屏娘子以琴艺交心，感其身世，引为异性知己。可无半分龌龊，望诸侠明鉴。
Story/D_5_3_1_113,但是，说我南宫深风流无妨，要想污辱乐屏娘子的名声，却别怪本公子不答应，若不收回此话，不免要找少侠论清黑白对错。
Story/D_5_3_1_114,原、原来是这样，是我冒昧了，公子勿怪。
Story/D_5_3_1_115,无妨，无妨，我家大公子，器量大得很。
Story/N_5_3_1_008,那人所以义愤填膺，只是偶有耳闻，为她打抱不平。待听了南宫深剖白，登时豁然开朗，儿女私情确不能比家族清誉相论，最后南宫深疾言厉色，更是一脸惭愧，拱一拱手，退出厅去。
Story/D_5_3_1_116,原来如此……为了大节割舍私情，非但无过，甚至堪称侠义楷模。唯有如此，方能成全南宫世家武林之心的令名，知交无论贫富贵贱，论心而已。
Story/D_5_3_1_117,小师妹，你听明白了吗？
Story/D_5_3_1_118,……明白了。
Story/D_5_3_1_119,听明白了，你为何愀然不乐？
Story/D_5_3_1_120,因为萤姐姐很好，这样很不公平。
Story/D_5_3_1_121,……我先请师弟们奉茶，这事慢慢再开导于你吧。
Story/D_5_3_1_122,请大公子与伟兄随我门中弟子用些茶点，稍坐片刻再下山。明日还有一场武试，除了要比武功，还要论武德、武品。
Story/T_5_3_1_031,唐小娘子似乎对我的回答不甚满意。无妨，如此说词，于我南宫所益最深。她一介女流也作不得主，依我看，娶嫁之事仍以唐三侠意见为重。
Story/D_5_3_1_123,多谢掌门赐茶。
Story/D_5_3_1_124,大公子和南宫老侠，请随我来，小心阶梯。
Story/D_5_3_1_125,升兄，我们家大公子，可还不错吧。你可要擦亮眼睛了。
Story/D_5_3_1_126,呼……来这么多人求亲，总算一一面试完了。
Story/D_5_3_1_127,小师妹，可有特别中意的人选？
Story/D_5_3_1_128,没有。
Story/D_5_3_1_129,没有也没关系，用过午膳，下午还要武试。保不准到时就能显出这些少年侠士各自出彩之处。
Story/D_5_3_1_130,嗯。
Story/D_5_3_1_131,那我们先洗把脸，去用膳吧。
Story/D_5_3_1_132,等等，掌门，还有一位刚来的！
Story/D_5_3_1_133,现在才来？
Story/D_5_3_1_134,──下一位，来自峨嵋派，『风神』解无尘解大侠。
Story/D_5_3_1_135,在下解无尘，见过唐三侠，还有唐姑娘。
Story/D_5_3_1_136,果真是风神解无尘！幸会，幸会！蓬荜生辉。
Story/D_5_3_1_137,{size=24}小师妹，这位大侠可来头不小。他和大师兄齐名，互许为毕生劲敌。{/size}{size=24}曾经和崆峒夏侯女侠三人一同游历，力挫旧魔教左护法的野心。{/size}{size=24}是当世难得的英雄人物。{/size}
Story/D_5_3_1_138,唐三侠还说漏了两人，不过那两个终日打情骂俏的家伙无关紧要。
Story/D_5_3_1_139,重要的是『互许为毕生劲敌』，这话并没说错。我和唐布衣切磋上百回，有胜有负，只在伯仲之间……。
Story/D_5_3_1_140,不，二十九胜，三十败，四十七平手，我输多一场，那该算是我输。
Story/D_5_3_1_141,唐三侠考较我才学之前，请先容我过问一事。听说唐前辈原来有意将这位唐小娘子许配给唐布衣为妻，可有此事？
Story/D_5_3_1_142,这……确有此事，不过……。
Story/D_5_3_1_143,那就好了。
Story/D_5_3_1_144,身为唐布衣的头号劲敌，怎么也不能让唐姑娘受委屈。今日我解某不是来求亲，而是来替唐姑娘把关的！
Story/D_5_3_1_145,连我都胜不过的庸才，连给唐布衣提鞋也不配，求亲云云，都甭提了，回家练练再来吧！不用等明天，我今天就把人打没了！
Story/D_5_3_1_146,解大侠何出此言？武功尚在其次，武德、武品才至关重要啊！
Story/D_5_3_1_147,解大侠，别捣乱啦！
Story/D_5_3_1_148,你别嚷嚷，赵活，别人要是看轻唐小娘子，以为她很容易娶，那就等如看轻了唐布衣，间接就等如看轻了我！
Story/D_5_3_1_149,……说得对吶。
Story/D_5_3_1_150,交给你了，解大侠！上啊！
Story/D_5_3_1_151,噢！包在我身上吧！
Story/D_5_3_1_152,不行！不行啊～！
Story/D_5_3_1_153,我小师妹万一嫁不出去，你来负责吗！
Story/D_5_3_1_154,……负责就负责……唐姑娘这般貌美……。
Story/D_5_3_1_155,不行！我收回方才的话！朋友妻，不可戏！就算还没成亲，那也是未婚妻！就算没有婚约，还有父母之命，我才不要碰唐布衣的女人！
Story/D_5_3_1_156,……这、这就是峨嵋风神吗？
Story/D_5_3_1_157,对……江湖传言不可尽信，这个就是本人没错。
Story/D_5_3_1_158,再有品德，无法力抗仇敌，又凭何保护妻儿家室？
Story/D_5_3_1_159,话不能这么说！
Story/N_5_3_1_009,之后，三师兄费了九牛二虎之力，才把人姑且劝住，劝他明日再行切磋。
Story/N_5_3_1_010,许多前来凑热闹、试想碰运气的人见解无尘都来角逐，当晚便默默的收拾东西回家去了。
Story/D_5_3_1_160,总算把解大侠劝走了。光是请他们鱼贯进来见面说话，居然就用了一天。没试过这么难熬的。
Story/O_5_3_2_Break_001,回房休息
Story/D_5_3_2_Break_001,好挤！
Story/D_5_3_2_Break_002,有什么办法呢？许多来宾受不了蜀地气温，喊热。所以三师兄命我们在练功场上搭棚架，好给来宾明日乘凉，不住大院的师弟妹都来帮忙了，总不能忙完就赶人下山去吧？
Story/D_5_3_2_Break_003,那倒也是，那也太不通人情了。
Story/D_5_3_2_Break_004,那自然是我们这群资历深点的委屈一下，把饭桌椅让给师弟妹啦。
Story/D_5_3_2_Break_005,好久没这么挤过了，挺热闹的。
Story/D_5_3_2_Break_006,怎么没有？大院还没修缮以前，东一片瓦碎的，西一面窗破的，半夜大风一刮，大把雨水泼脸上，你不记得了吗？
Story/D_5_3_2_Break_007,当然记得，我们跑到讲经楼躲雨，全身湿淋淋的，把好多书本画卷弄湿了，三师兄气到差点背过气去。
Story/D_5_3_2_Break_008,哈哈哈哈！对，对，对！
Story/D_5_3_2_Break_009,最近怎么大家都尽挑以前的事说？
Story/D_5_3_2_Break_010,也没啥，就是突然怀念从前无忧无虑的日子吧。
Story/D_5_3_2_Break_011,……后来怎么样了？
Story/D_5_3_2_Break_012,还能怎么样？风声那么喧嚣，谁睡得着？就是点亮蜡烛，团团围坐在一起聊天说地呀，和现在差不多了。
Story/T_5_3_2_Break_001,对了，那时我也在，就在角落边上。师兄们煮酒暖身，我也分到了一小杯，入喉又辣又暖。
Story/N_5_3_2_Break_001,你在弟子房和同门挤在一块，榻上地下随意坐着。吃得也很随意，人手一颗饭团而已，饶是如此，这饭团却似别有一番滋味，大家都吃得津津有味。
Story/N_5_3_2_Break_002,也许这样聚在一起的时光不多了，所有人都心照不宣罢了。
Story/O_5_3_2_Break_002,拜访南宫深
Story/D_5_3_2_Break_013,……有些事不向大公子问个明白，实在坐立不安。说不得，也只好打着灯笼走夜路回家了。
Story/D_5_3_2_Break_014,或者干脆在山下住一晚。天黑了，谁晓得山上会有什么玩意儿出没，小心驶得万年船，我可不是怕鬼。
Story/D_5_3_2_Break_015,公子，伟爷，饭菜给您们送来了，放这边桌上。小人特意交代厨子，没下茱萸、芥末，请二位慢用。
Story/D_5_3_2_Break_016,好极，折腾那么久，天都黑了才吃上饭，饿扁老夫了。
Story/D_5_3_2_Break_017,……可是我们这儿烧的菜式不合大家胃口吗？
Story/D_5_3_2_Break_018,少侠哪儿的话呢？就是老儿我年纪大，吃得养生点，不吃重咸、重辣，又不好意思挑三拣四，只得自备吃食了。
Story/D_5_3_2_Break_019,那就好，我还怕你们是疑心有毒呢。
Story/N_5_3_2_Break_003,此话一出，二人登时脸上变色。其实不只二人谨慎，外堡备好的酒菜也没几人动筷，都是自备饮食。唐门以毒药暗器闻名，谁敢不留心眼儿，在唐门地盘大快朵颐？
Story/D_5_3_2_Break_020,赵兄说笑了，要作唐门女婿，怎能没有这点胆识呢？
Story/D_5_3_2_Break_021,您老太见外了，这点小事，其实和我们说一声就成了。不过既然你们饭菜已做好了，不吃也怪糟蹋。
Story/D_5_3_2_Break_022,各路英雄也是，有吃不惯的，多请海涵。这回就算本门疏忽，招待不周，请勿见怪。
Story/N_5_3_2_Break_004,你脸带笑意，四面拱手，以示歉意。其实唐门以毒药暗器闻名，谁敢不留心眼儿，在唐门地盘大快朵颐？满桌菜色没几人动筷，吃的都是自带的饮食。
Story/N_5_3_2_Break_005,你这说法，等如是给众人一道下台阶，众人松了一口气之余，也觉自己小人之心度君子之腹，不由得纷纷脸红。几个胆大的人吃得正香，听了好不得意，又夹了几筷子，炫耀自己胆气。
Story/T_5_3_2_Break_002,这位小兄弟好会做人，倒显得我们心胸狭窄了。
Story/D_5_3_2_Break_023,我特来敬大公子一杯，明日要比武，不喝酒的话，喝茶也行。
Story/D_5_3_2_Break_024,赵兄弟，你来得正好。实不相瞒，本公子有一要事，欲寻贵掌门相商，又苦无良机，唯恐遭人非议，你却自己找上我来。
Story/D_5_3_2_Break_025,敢问何事？
Story/D_5_3_2_Break_026,商量自是无妨，我未必做得了主就是了。
Story/D_5_3_2_Break_027,借一步说话。
Story/D_5_3_2_Break_028,大公子这边请。
Story/D_5_3_2_Break_029,……赵少侠客气了，先干为敬。
Story/D_5_3_2_Break_030,大公子好气魄，请。
Story/N_5_3_2_Break_006,大公子以袖掩嘴，脖颈一仰，乍看豪爽，实则将酒都收进袖中。你看破却不说破，饮尽杯中酒水。
Story/N_5_3_2_Break_007,大公子脖颈一仰，倒扣酒杯，以示磊落。你暗道一声好气魄，也跟着饮尽杯中酒水。
Story/D_5_3_2_Break_031,叔公，请您暂时回避，这位赵少侠，想必有话要对我说。
Story/D_5_3_2_Break_032,好，好，你们年轻人聊。
Story/N_5_3_2_Break_008,二人离席而去，目光到处，周遭宾客也识趣地走开。
Story/D_5_3_2_Break_033,赵少侠，本公子用完餐后，还要运功调息，以备午后比试。唐三侠若有什么话要你传达，还请长话短说。
Story/D_5_3_2_Break_034,代掌门对你没什么话说，我却有。
Story/D_5_3_2_Break_035,你？你甚至都不姓唐。有何脸面来问我话？
Story/T_5_3_2_Break_003,周遭一没人，讲话登时就不客气了啊。
Story/O_5_3_2_Break_003,远来是客，让他
Story/D_5_3_2_Break_036,我就是不姓唐，也是唐门长大的。这些事不向大公子讨教清楚不行。
Story/D_5_3_2_Break_037,要问就问，答不答在我。至于这些废话，就不必多说。
Story/O_5_3_2_Break_004,反唇相讥，呛他
Story/D_5_3_2_Break_038,外姓弟子也是唐门弟子，你来唐门求亲，却和唐门如此不熟吗？都没求到亲，就对本门的门规说三道四，气焰未免跋扈了吧。
Story/D_5_3_2_Break_039,这里是蜀中唐门，可不是你江陵南宫世家。
Story/D_5_3_2_Break_040,好你个牙尖嘴利的狗奴才，本公子不与你斗，废话少说。话说完了就请离本公子远点。
Story/D_5_3_2_Break_041,那我可要开门见山说了。
Story/D_5_3_2_Break_042,本门到江陵驰援，你还疑心本门对老太爷下毒，放话要我们好看。今日却来求亲，可是事情水落石出，你发觉错怪好人了？
Story/D_5_3_2_Break_043,……哼。
Story/T_5_3_2_Break_004,指向唐门的证据并非没有，但细究起来，多半全是嫁祸。纵使如此，也不能说明唐门没有嫌疑，为何不能是他们故布疑阵？
Story/D_5_3_2_Break_044,大公子既然不信本门清白，焉能与仇家结亲？否则愧对老太爷在天之灵，岂非不孝。
Story/D_5_3_2_Break_045,此事真凶仍在侦查，未有定数以前，不能妄下结论。家仇不共戴天，却不能以私害公，罔顾天下正气。结亲，是为集结两大世家之力，登高呼吁正道，共抗魔教。
Story/D_5_3_2_Break_046,可笑，与萤姑娘那门亲事，不是你亲自退的吗？
Story/D_5_3_2_Break_047,于公，上官家主今为官身，两家结亲有损南宫公道清名。于私，呵，本公子的家事还轮不到你这等喽啰来过问吧？
Story/D_5_3_2_Break_048,你……。
Story/D_5_3_2_Break_049,能给你耽误的时间已经够多了。本公子作不作得唐门快婿，又非你说了作算，何必多费口舌？这便请回吧。
Story/D_5_3_2_Break_050,哼。
Story/D_5_3_2_Break_051,不巧得很，比起中原武林会怎么样，我们唐门更重视自家人，最擅长的就是因私忘公。小师妹怎么也不能托付给你这种虚伪矫情的大少爷。
Story/D_5_3_2_Break_052,好个心胸狭隘，鼠目寸光之辈！
Story/D_5_3_2_Break_053,随你怎么说。
Story/D_5_3_2_Break_054,哦，我听明白了。
Story/D_5_3_2_Break_055,不是不追究，只是现在迫于魔教威胁，还用得上唐门，所以勉为其难把私仇放一边，先共抗强敌要紧，是吗？
Story/D_5_3_2_Break_056,你这人是存心把话说得如此难听的是吧。
Story/D_5_3_2_Break_057,在下山野粗人，说话不得体，也是有的。
Story/D_5_3_2_Break_058,我说得不实在吗？
Story/D_5_3_2_Break_059,我说的话哪处有错，还请大公子斧正。
Story/T_5_3_2_Break_005,此人不可貌相，谈吐绝非草包。
Story/D_5_3_2_Break_060,哪里不对，你倒是说啊。
Story/D_5_3_2_Break_061,……没有不对，既然如此，本公子不妨把事摊开来说。你唐门内忧外患亦多，一步行差踏错，就成武林公敌。若有南宫世家出面担保，事情大可不必走到那步田地。
Story/D_5_3_2_Break_062,只要唐门往后，以南宫马首是瞻，待唐世妹嫁来，我保证不亏待她，保她衣食无虞便是。
Story/D_5_3_2_Break_063,哦～你要早这么说，我不就听懂了吗？
Story/D_5_3_2_Break_064,如此我是一定不会让大公子如愿以偿的，于公于私都是。
Story/D_5_3_2_Break_065,你……区区的──
Story/D_5_3_2_Break_066,我可不是『区区』的我，我就是我。
Story/D_5_3_2_Break_067,就算是区区的我，也懂反抗的。
Story/O_5_3_2_Break_005,后山练功
Story/D_5_3_2_Break_068,趁着太阳还没下山，我去后山打几套拳吧。可不能荒废了武功。
Story/D_5_3_3_001,此处行吗？
Story/D_5_3_3_002,可以了。赵兄弟，此物请你妥善收好。
Story/D_5_3_3_003,这是……。
Story/D_5_3_3_004,青城仙药『还虚丹』。此丹得自青城邹掌门，是爷爷百岁大寿之时所赠。
Story/D_5_3_3_005,可惜我爷爷天寿到了，走得突然，无福消受这枚仙丹。
Story/D_5_3_3_006,如此珍贵的仙丹，为何要交给我？
Story/D_5_3_3_007,赵兄弟，此丹不是给你的，是献给唐掌门唐世伯的。逝者已矣，来者可追。本公子不懂药性、医理，也愿为唐门略效绵力，不枉世交一场。
Story/D_5_3_3_008,大公子实在仗义，这样价值连城的仙药，就这样轻易馈赠于人。
Story/D_5_3_3_009,此丹确实价值连城，但是说穿了，也不过区区一座城。若助唐世伯一人，能兴唐门，以活万千百姓，这枚丹药便用的不亏。
Story/D_5_3_3_010,若得此丹，说不定掌门当真有救。大公子，请受我一拜！
Story/D_5_3_3_011,赵兄弟，你我平辈论交，我可不受你这一拜，快快请起。
Story/D_5_3_3_012,要是那样，可就太好了！此恩赵某人定当图报！
Story/D_5_3_3_013,知恩图报，天经地义。南宫世家受唐门恩惠实多，所以本公子才结草衔环，前来报恩。你我平辈论交，讲义气则可，欠来欠去，没完没了。
Story/D_5_3_3_014,还有一事，请听兄弟我一言。
Story/D_5_3_3_015,大公子请说。
Story/D_5_3_3_016,如今江湖纷乱不休，谁也不服谁，争名逐利，旦夕有人家破人亡。正需有人登高一呼，呼吁武林同道齐心协力，共抗浩劫。
Story/D_5_3_3_017,说得对，极乐教、千灯楼来势汹汹。若不早作准备，只怕江湖又有一场腥风血雨。
Story/D_5_3_3_018,极乐教、千灯楼重现江湖一事，我亦有耳闻。并非不信，但一来青城、崆峒矢口否认，也不能凭唐门片面之词，便上门兴师问罪。
Story/D_5_3_3_019,防范旧魔教死灰复燃，固然重要。但当务之急，首在应对泥教才是。
Story/D_5_3_3_020,难道泥教又有行动了？
Story/D_5_3_3_021,江陵与畜生道一战之后，饿鬼道、地狱道都蠢蠢欲动。与武林正派摩擦加剧，遑论还有那诡秘的人间道藏于水面之下。
Story/D_5_3_3_022,泥教六道各行其是，就算拿住了别人，也都拷问不出所以然来。谁也说不准其余四道会做出什么事来，不得不防。
Story/D_5_3_3_023,这确实令人忧心。
Story/D_5_3_3_024,除全真丘真人地位超然，崆峒新掌派人尚未出世，便属三大家主、三派掌门地位最尊。
Story/D_5_3_3_025,本公子自知阅历尚浅，苦口婆心也说不动六派掌门。而上官世伯退隐江湖，唯有请唐世伯出山，与南宫世家携手共进退。
Story/D_5_3_3_026,原来如此……。
Story/D_5_3_3_027,这便是大公子前来求亲的原因吗？
Story/D_5_3_3_028,本公子并非挟恩图报，但两家结亲，同盟自然牢不可破。愿贵门慎重考虑。
Story/D_5_3_3_029,实不相瞒，赠药之情，永铭五内。但是依我所见，大公子对萤姑娘所言所行未免刻薄。我如何信你不会辜负小师妹呢？
Story/D_5_3_3_030,……这话由你来问，我就不说假话了。
Story/D_5_3_3_031,愿闻其详。
Story/D_5_3_3_032,萤儿心性坚毅，处世踏实，无愧为大家闺秀，虽是女儿身，亦颇有豪气。论才干，本公子自叹弗如，心服口服。论姿色，更是明艳绝伦，当世屈指的美人。
Story/T_5_3_3_001,我还道大公子与萤姑娘不合，想不到评论起来，头头是道。
Story/D_5_3_3_033,然而物极必反，凡事过了限度，都有害处。
Story/D_5_3_3_034,萤儿生得太美了些，身为男子，谁能不多看她两眼？我低声下气劝她别再从商，我不愿她到处抛头露面。她反过来就训我食古不化，遭遇危险的事，也不止一两回。
Story/D_5_3_3_035,刘颚与海盗并没有染指萤姑娘，这我可以作证。
Story/D_5_3_3_036,……我想信，但很困难。那刘颚何许人也？恶人榜上天字第一，萤儿落在他手里，还能清白？就算我信了，世人信吗？世人将如何议论我？
Story/D_5_3_3_037,……背负家族名声可真难啊。
Story/D_5_3_3_038,此言深得我心。不过这都不是我和她决裂的原因。
Story/D_5_3_3_039,萤儿顽固又刚愎，对上端庄得体，对下则傲慢无礼。斤斤计较，善妒泼辣，又爱搬正论、摆架子教训人。
Story/T_5_3_3_002,这……这话似乎也没说错。萤姑娘还真的是凶猛得很，动不动就打人。
Story/D_5_3_3_040,平辈之中，也只有崆峒魏掌门说的话，勉强能入她耳。就是本公子在她面前，也只有低头服软的份。
Story/D_5_3_3_041,是吗？我还道你们势均力敌。
Story/D_5_3_3_042,那是与乐娘子邂逅以后，萤儿才有忌惮，稍微收敛。不妨告诉赵兄弟一件糗事，本公子和舍弟几年以前，曾在自家门口，被一个蒙面人打过。
Story/T_5_3_3_003,啊……那个蒙面凶手好像是大师兄。
Story/D_5_3_3_043,萤儿闻讯，千里迢迢来探望我。一句体己话也没说，便气急败坏数落我不知进取，终日与狐朋狗友来往，所以才技不如人。
Story/D_5_3_3_044,试问赵兄弟，换作是你，作何感想？
Story/D_5_3_3_045,萤姑娘嘴硬心软，实际上是关心则乱，也未可知。
Story/D_5_3_3_046,这层道理，本公子又何曾没有想过？
Story/D_5_3_3_047,但是倚仗关心之名，就能恣意恶语相向吗？谁也不想当着亲朋好友的面，被未婚妻子劈头盖脸大骂。
Story/D_5_3_3_048,她骂你跟狐朋狗友结交时，原来你朋友还在场吗？
Story/D_5_3_3_049,在你看来，她像是会分时间地点的人吗？
Story/D_5_3_3_050,她是心直口快的那种人。
Story/D_5_3_3_051,这便是了。
Story/D_5_3_3_052,江陵、福建相距几千里之远，纵是自小便有婚约，我俩也聚少离多。每次见面，都免不了要被一顿数落批评。骂多了，谁不心寒？
Story/D_5_3_3_053,我也经常挨她骂，还以为她针对我。
Story/D_5_3_3_054,赵兄弟想得多了，她看谁都不顺眼，看不顺眼的就骂。
Story/O_5_3_3_001,我挺喜欢挨骂的
Story/D_5_3_3_055,起码她骂人往往都是为了人好，和寻常骂法不太一样。比较像老妈子碎碎念，嘴巴毒，心底还是怀着好意。
Story/D_5_3_3_056,像老妈子有比较好吗？
Story/D_5_3_3_057,那是你没挨过别人充满恶意的辱骂，才分辨不出来的。
Story/D_5_3_3_058,本公子养尊处优，确实不明白，想必你很懂个中滋味。
Story/D_5_3_3_059,唉唷，你趁机嘲讽我，堂堂大公子，也这样阴阳怪气的。
Story/D_5_3_3_060,抱歉，一时没忍住。
Story/D_5_3_3_061,哈哈！
Story/O_5_3_3_002,认同
Story/D_5_3_3_062,凶得要命。
Story/D_5_3_3_063,嗯，着实凶得要命。
Story/D_5_3_3_064,还会打人。
Story/D_5_3_3_065,这本公子比你好点，她还不至于对我太过放肆。
Story/N_5_3_3_001,你和南宫深在上官萤的淫威下，建立起了同病相怜的革命情感。天下挨她骂最多的，不是你，就是你眼前这位公子哥。
Story/D_5_3_3_066,相较之下，乐娘子温婉可人，说话总是轻声细语，小鸟依人，若论容色尚逊萤儿几分，但内在却不可同日而语，令人为她颠倒。
Story/D_5_3_3_067,有道是英雄难过美人关，不爱美人的，算什么英雄呢？
Story/D_5_3_3_068,真料不到你会说这种话。
Story/D_5_3_3_069,我身系家业，有旁人在的时候，我自然要道貌岸然一点。对你赵兄弟，还不能随兴一点吗？
Story/D_5_3_3_070,欢迎之至。
Story/D_5_3_3_071,不过你不是说和乐娘子只是异性知己吗？
Story/D_5_3_3_072,连你也当真？不过都是权宜说词罢了。
Story/D_5_3_3_073,唉，本公子这么说，也是昧着良心，着实惭愧。又不是懵懂无知的少年，哪有什么异性知己？
Story/D_5_3_3_074,恕我直言，欢场女子，便是卖艺不卖身的清倌人，用心亦不得不防。
Story/T_5_3_3_004,这倒是，不见得每个人都像我，能吃得消她火爆脾气。
Story/D_5_3_3_075,便是知道乐娘子多少有几分曲意逢迎，又何尝不是想讨人欢心呢？如此用心，好过萤儿说是开口闭口便是唠叨。
Story/D_5_3_3_076,唯有唐世妹这样性情温良，一片冰心的善良女子，或能海量接纳乐娘子，和睦相处。
Story/D_5_3_3_077,求亲一事能成，自然上上大吉。就算落花有意，流水无情，也不能以此分毫有损两家情义。
Story/D_5_3_3_078,我南宫深若有幸迎唐世妹入门作正妻，必定以礼相待，竭尽所能保她衣食无虞，平安喜乐。令江湖之中，无一人敢轻蔑于她。
Story/D_5_3_3_079,……我明白了，但这事我可帮不上忙，祈请见谅。
Story/D_5_3_3_080,赵兄弟说的这是那儿话？又非本公子想求你暗中使力，分明是你自己开口问的，我不过如实置答而已。
Story/D_5_3_3_081,这么说来也是。
Story/D_5_3_3_082,求亲能成与否，端看缘份。至于结盟，还得另议。那事虽然至关重大，却不必急着便下结论，请赵兄弟转献仙丹，再与唐三侠、唐四侠商议不迟。
Story/D_5_3_3_083,好。
Story/D_5_3_3_084,谈得够久了，本公子先回席上，告辞了。
Story/D_5_3_3_085,请。
Story/D_5_3_3_086,……大公子，倘若小师妹首肯，你能保证会好好对待她吗？不娶二房、不纳妾，一心一意对她好，别让人看她性子软就欺负她。
Story/D_5_3_3_087,不能。
Story/D_5_3_3_088,你说什么？
Story/D_5_3_3_089,我来此确实是为求亲，但是现在改变主意了。本公子看出来了，她不已经有个称职的守护者了吗？唐世妹的事，那该是你的使命。
Story/D_5_3_3_090,……大公子，你在胡说甚么呢。
Story/D_5_3_3_091,没听明白吗？本公子是在说，君子不夺人所爱。
Story/D_5_3_3_092,我凭什么呢？我何尝不想护她周全。但就是没办法啊。
Story/D_5_3_3_093,不，有办法的。只要两大世家结盟，何愁江湖风雨。当不成亲家也无妨，方法多得是。
Story/O_5_3_3_003,南宫浅
Story/D_5_3_3_094,托我爷爷高瞻远瞩，令舍弟阿浅到唐门留学，算得上半个唐门弟子。凭此机缘，便足为两家楔子。
Story/D_5_3_3_096,舍弟和赵兄弟交情深厚，关系还比我这个做兄长的更亲昵。既有这层因缘，便足以互信。
Story/D_5_3_3_097,我有意令舍弟阿浅改宗姓唐，从此他既是唐门弟子，与南宫世家亦有渊源，堪为两家楔子，赵兄弟以为如何？
Story/D_5_3_3_098,这……这似乎……。
Story/D_5_3_3_099,不必急着便下结论，先与唐三侠、唐四侠商议不迟。
Story/D_5_3_3_100,谈得够久了，本公子先回席上，告辞了。
Story/D_5_3_3_101,请。
Story/O_5_3_3_004,改娶别的师妹
Story/D_5_3_3_102,唐门尚未娶嫁的女弟子何其多？美貌的倒也不少。娶的不是独生千金，倒不如说本公子肩上担子更轻了几分。
Story/D_5_3_3_103,说、说得也是，我怎么没想到呢？
Story/D_5_3_3_104,不过，那就不能作正妻迎娶了。我要先娶了乐娘子，再接贵门师妹进门。
Story/D_5_3_3_105,大公子，你不是说和乐娘子只是异性知己吗？
Story/D_5_3_3_106,连你也当真？不过都是权宜说词罢了。
Story/D_5_3_3_107,唉，本公子这么说，也是昧着良心，着实惭愧。又不是懵懂无知的少年，哪有什么异性知己？
Story/D_5_3_3_108,大公子不愧是多情种子，肩担世家名誉，还能独排众议，无惧世俗非议。
Story/D_5_3_3_109,一个男人，连自己的女人都能委屈，还谈什么担当。我和我爹可不一样。
Story/T_5_3_3_005,可你方才还大言不惭，说是异性知己，存心想委屈她做小啊。
Story/D_5_3_3_110,不瞒赵兄弟你，江陵大战那会儿，她肚里都有我的孩子了。
Story/D_5_3_3_111,蛤？
Story/D_5_3_3_112,{size=60}噢我操！！{/size}
Story/D_5_3_3_113,现在你知道我为何千方百计要赶走萤儿了吧？我连她小手都没牵过几回，就和别的女子有夫妻之实。以她那火爆霹雳的脾气，还不活活把人打死，再自寻短见？
Story/D_5_3_3_114,还真是不无可能。
Story/D_5_3_3_115,本来萤儿花容月貌，脾气虽不讨人喜欢，但生得实在好看。若不是乐娘子有了身孕，本公子何尝不想一并娶了回家，唉。可惜没有两全其美的好事。
Story/D_5_3_3_116,崆峒派玄功掌门魏大才女，却兼得二女之所长。才高八斗不压人，性情谦和，恬静文雅，本公子倾慕已久。只可惜她总是拒我于千里之外。
Story/D_5_3_3_117,魏掌门确实是不可多得的奇女子。
Story/D_5_3_3_118,说到奇女子，她们二人曾谈论过南阳杏花仙。据说她们都有仙缘，得睹仙家真容，可惜我去了，影都没见着。
Story/D_5_3_3_119,你心术不正，满脑邪秽思想，被仙人看穿了吧。
Story/D_5_3_3_120,哈哈哈！有道理。
Story/D_5_3_3_121,人家求仙都是有难关过不去，谁像大公子，忒太风流，连仙人也敢觊觎，难怪仙驾不肯降临了。
Story/D_5_3_3_122,哈哈哈！本公子不过就是想开开眼界。觊不觊觎，那还得等到见了面才说得准。
Story/D_5_3_3_123,大公子这话可是将我推心置腹了吗？今日才得知你庐山真面目。
Story/D_5_3_3_124,大公子风流多情，佩服佩服。
Story/D_5_3_3_125,你赵兄弟也来笑话本公子？少来这套。换作是你，生得俊美，又家财万贯，多少好看娘子投怀送抱，我看你怎么坐怀不乱，哈哈哈！
Story/D_5_3_3_126,哈哈哈！
Story/D_5_3_3_127,这事不必急着便下结论，先与唐三侠、唐四侠商议不迟。
Story/D_5_3_3_128,谈得够久了，本公子先回席上，告辞了。
Story/D_5_3_3_129,请。
Story/D_5_3_3_130,……倘若小师妹首肯，你能保证会好好对待她吗？
Story/D_5_3_3_131,这话既是你问的，我便不说假话了。
Story/D_5_3_3_132,唐世妹貌美如花，但凡男子，谁能见了不爱？
Story/D_5_3_3_133,但本公子生平挚爱，当非乐娘子莫属。乐娘子既为知己，亦相倾慕。已有誓约在先，要为她脱离贱籍，恢复良民身份，再纳她进房。
Story/D_5_3_3_134,大公子，你不是说和乐娘子只是异性知己吗？
Story/D_5_3_3_135,连你也当真？不过都是权宜说词罢了。
Story/D_5_3_3_136,唉，本公子这么说，也是昧着良心，着实惭愧。又不是懵懂无知的少年，哪有什么异性知己？
Story/T_5_3_3_006,大公子虽然风流，倒挺讲信用。身为名门之后，浑不惧世人讥讽他伤风败俗，对那乐妓不离不弃。
Story/D_5_3_3_137,她虽是女流，却深明大义，顾念我的名声，甘愿作小。
Story/D_5_3_3_138,试问身为一个男子，对一个无依无靠的娇弱女流尚且不能守信，我南宫深的为人处世，又何以为信？是以乐小娘子，我是一定不会辜负的。无论娶谁，都必须迎她进门。
Story/O_5_3_3_005,认同
Story/T_5_3_3_007,我虽非贱籍，但是身份低微，给人看轻惯了。大公子能折节与我结交，也分毫没有看轻贱籍乐妓，如此气度，殊为难得。
Story/O_5_3_3_006,不认同
Story/T_5_3_3_008,说得好听，不就是既得了熊掌，又舍不得鱼吗？两者兼得，焉有是理。
Story/D_5_3_3_139,萤儿性情刚烈又善妒，尽管乐娘子一再退让，亦不能见容。我也无可奈何，上官前辈捐得官位，身分尊贵，已非江湖草莽可比，他的掌上明珠、千金小姐，我也着实不敢高攀。
Story/D_5_3_3_140,反观唐世妹性情温良，一片冰心，或能海量接纳乐娘子，和睦相处。求亲一事能成，自然上上大吉。就算落花有意，流水无情，也不能以此分毫有损两家情义。
Story/D_5_3_3_141,我南宫深若有幸迎唐世妹入门作正妻，必将相敬如宾，竭尽所能保她衣食无虞，平安喜乐。令江湖之中，无一人敢轻蔑于她。
Story/D_5_3_3_142,……我明白了，但这事我可帮不上忙，祈请见谅。
Story/D_5_3_3_143,赵兄弟说的这是那儿话？又非本公子想求你暗中使力，分明是你自己开口问的，我不过如实置答而已。
Story/D_5_3_3_144,这么说来也是。
Story/D_5_3_3_145,求亲能成与否，端看缘份。至于结盟，还得另议。那事虽然至关重大，却不必急着便下结论，请赵兄弟转献仙丹，再与唐三侠、唐四侠商议不迟。
Story/D_5_3_3_146,好。
Story/D_5_3_3_147,谈得够久了，本公子先回席上，告辞了。
Story/D_5_3_3_148,请。
