Story/D_7_5_3_1_001,唐门诸位师弟妹、弟子齐聚在此共证，我唐升以代掌门身份，将要宣告一件至关重大的决策。
Story/D_7_5_3_1_002,如诸位所知悉，本门秉持侠义，除非中原浩劫，否则从不结党。所习毒药、暗器，亦常为正道中人所不齿，诟病者在所多有。我们行得正、坐得直，却非世人所云「武林正派」。
Story/D_7_5_3_1_003,在官府中人的眼里，所行更是罄竹难书。虽然未被指为反逆，终似芒刺在背。
Story/D_7_5_3_1_004,如今朝廷欲假武林盟之手，排除异己，整肃江湖。泥教首当其冲，其后便是唐门，我等若不投诚，迟早覆灭于武林盟之手。
Story/D_7_5_3_1_005,又或者夹着尾巴逃跑，各奔东西苟活，留得青山在，不怕没柴烧。
Story/D_7_5_3_1_006,──但是我胆子太小，固然怕死，更不敢逃！一走了之聪明，但那就不是唐门风骨。怕逃了去，一生挺不起脊梁，愧对唐家列祖列宗！
Story/D_7_5_3_1_007,老掌门将唐门家业交托于我手，可不是让我们作个缩头乌龟。
Story/D_7_5_3_1_008,争一言以相杀，是贵义于其身也，万事莫贵于义也！我欲登高号召江湖游勇，集结西武林盟，与武林盟相抗衡，怎么着也不能让他们只手遮天！
Story/D_7_5_3_1_009,这才象话！三师兄你就是心事太重了，才飞不起来！
Story/D_7_5_3_1_010,正是，其实扪心自问无愧，你发一声喊，大家痛痛快快干一场，也不枉人世来一遭！
Story/D_7_5_3_1_011,欺到头上的若不还以颜色，还算什么好汉？即便是女子，也没有这样任人欺负的，不然混个屁的江湖！风光的都是别人，哪有这种道理？
Story/D_7_5_3_1_012,便是要死，也要往那些自命潇洒的英雄侠客脸上涂泥！我不好过，谁也别想好过！王八蛋！
Story/D_7_5_3_1_013,我们蜀中唐家人顶天立地，在这开枝散叶百年，忠于信念，锄强扶弱，除暴安良，谁也没有对不起，谁也赶不走！
Story/D_7_5_3_1_014,我要引用掌门旧话，无论唐门盛时、衰时我都会说──
Story/D_7_5_3_1_015,侠者，不受名利所牵，但求俯仰无愧。正邪存乎在我，声名留问诸君。非我桀傲不驯，乃因唐门薪火，自古如今！
Story/D_7_5_3_1_016,{size=50}唐门薪火，自古如今！！{/size}
Story/D_7_5_3_1_017,西武林盟若想势成，少不了要有几大正派支持，与本门声望亦息息相关。否则中小零散门派不敢趋附。
Story/D_7_5_3_1_018,正是。
Story/D_7_5_3_1_019,六大派中，以全真、嵩山最为大宗。本山虽被金国圈在疆域之内，但是信众遍布中原，端的是一呼百诺。
Story/D_7_5_3_1_020,各位唐施主请勿担心，小僧已然修书，飞雁传讯禀报方丈。虽说此际未得回讯，但小僧曾聆方丈大师法旨，自忖能够揣度几分心思。
Story/D_7_5_3_1_021,想他老人家慈悲为怀，固不忍见中原生灵涂炭，亦不愿道义沦丧，否则谁主中原，有何区别？
Story/D_7_5_3_1_022,既派我嵩山众师兄弟到此，足证心迹。嵩山便是远在天边，帮不了西武林盟，也不会甘为朝廷鹰犬！
Story/D_7_5_3_1_023,福韫师弟所言甚是！
Story/D_7_5_3_1_024,有法师此言，那我就安心了。
Story/D_7_5_3_1_025,嵩山派向为武林泰斗，近年虽然淡出，仍受万民敬仰。倘若袖手，武林盟不单失却一大助力，所为更将备受世人置疑。
Story/D_7_5_3_1_026,如此一来，其他见风使舵的家伙也会跟着动摇吧。
Story/D_7_5_3_1_027,武林人不肯出力，朝廷便是干著急也没用了。
Story/D_7_5_3_1_028,再来不可避免的，便是要与六大派之首全真抗衡。
Story/D_7_5_3_1_029,六大派中，以全真、嵩山最为大宗。本山虽被金国圈在疆域之内，但是信众遍布中原，端的是一呼百诺。
Story/D_7_5_3_1_030,嵩山派都是慈悲为怀的僧侣，与本门又有共抗旧魔教的情谊。无奈福韫法师中毒圆寂在唐门，致生嫌隙，这冤屈也不知能否昭雪。
Story/D_7_5_3_1_031,嵩山派都是慈悲为怀的僧侣，与本门又有共抗旧魔教的情谊。便是不能违逆大势，想必也不会咄咄逼人。
Story/D_7_5_3_1_032,我以为武林盟最大宗势力，当属全真。有天下第一人丘真人坐镇，名符其实是武林第一大派。
Story/D_7_5_3_1_033,啊。
Story/D_7_5_3_1_034,怎样，你啊什么啊？
Story/D_7_5_3_1_035,可是我哪处说的不对吗？
Story/D_7_5_3_1_036,不，我想起尹道长说，让我去一趟全真派。都怪武林大会出了那样的岔子，我一时就给忘了。
Story/D_7_5_3_1_037,你又干了什么？我们跟终南山离这么远你都能得罪人家？
Story/D_7_5_3_1_038,此言差矣，怎见得是我得罪了人家？
Story/D_7_5_3_1_039,那不然呢，尹道长那样德高望重的武林前辈，叫你过去除了揍你一顿，难道还能有别的指教？
Story/D_7_5_3_1_040,可是我哪处说的不对吗？
Story/D_7_5_3_1_041,不，我想起尹道长说，要叫我去一趟全真派。
Story/D_7_5_3_1_042,哦……却不知尹道长邀你，有何指教。
Story/D_7_5_3_1_043,不是尹道长找我，是丘真人。
Story/D_7_5_3_1_044,全真掌教长春子……！
Story/D_7_5_3_1_045,天下第一人！
Story/D_7_5_3_1_046,丘真人传召你欲将面授何等天机，师弟可愿见示否？
Story/D_7_5_3_1_047,三师兄怎么说话这般小心翼翼？也不是什么秘密，听说他老人家只是要收我作关门弟子罢了。
Story/D_7_5_3_1_048,哼哼。
Story/D_7_5_3_1_049,{size=50}？！{/size}
Story/D_7_5_3_1_050,怎么了？大家为何这么吃惊？
Story/D_7_5_3_1_051,那可是丘真人啊！连义父都佩服，说不定便是方今武林武功最高的人！
Story/D_7_5_3_1_052,哼哼哼。
Story/D_7_5_3_1_053,哈哈哈哈哈！这下羡慕死你们了吧！你们也有今天！
Story/D_7_5_3_1_054,想不到吧？我也想不到。
Story/D_7_5_3_1_055,……。
Story/D_7_5_3_1_056,……。
Story/D_7_5_3_1_057,师弟……能当丘真人的关门弟子，这是多少人求也求不来的福份。你有这样天大的机缘，怎么不好好把握？
Story/D_7_5_3_1_058,我哪有不把握？这不是忙吗？
Story/D_7_5_3_1_059,等我们先把武林盟打到不敢吱声，我再去拜师不迟。
Story/D_7_5_3_1_060,你确定到时人家还肯收你为徒？
Story/D_7_5_3_1_061,不收就算了，终南山那么远，来回也麻烦。
Story/D_7_5_3_1_062,你去了还回来？
Story/D_7_5_3_1_063,当然回，花花世界那么美好，你当我真打算出家当道士？留学而已，迟早要回家的。
Story/D_7_5_3_1_064,总要等到风过天晴才去留学。要是没有唐门撑腰，天晓得我去了什么待遇？
Story/D_7_5_3_1_065,我就知道你会这么说，本门摊上了你，甩也甩不掉。
Story/D_7_5_3_1_066,哈哈哈！我比练武场上陈年的顽垢还要顽强！
Story/D_7_5_3_1_067,……。
Story/D_7_5_3_1_068,三师兄……？
Story/D_7_5_3_1_069,师兄，师兄，师兄！
Story/D_7_5_3_1_070,哎唷，小师妹，头锤撞我干嘛？
Story/D_7_5_3_1_071,小师妹，说正事呢，别闹。
Story/D_7_5_3_1_072,喔。
Story/D_7_5_3_1_073,这个人真是傻的，有好地方也不去，冥顽不灵。难怪混到了今天，还是外姓弟子。
Story/D_7_5_3_1_074,我怎么觉得，他比大师兄还有师兄的榜样呢？
Story/D_7_5_3_1_075,我拜师比较晚，没见过大师兄，只知道赵师兄。我只知道有赵师兄在，事情总会有办法解决。
Story/D_7_5_3_1_076,虽然很丑。
Story/D_7_5_3_1_077,是啊，佩服归佩服，总之我不行。
Story/T_7_5_3_1_025,我可以。我就爱他这样笨、这样偏执。漂亮的石子握在掌心，拿珍珠也不换。
Story/D_7_5_3_1_078,总而言之，全真派对我印象应该是不坏的。他们听奉武林盟号令，八成是为武林公义，而非趋附朝廷。我们号召团结西武林，全真派应该也不至于强力反对。
Story/D_7_5_3_1_079,要是这样，那就好了！
Story/D_7_5_3_1_080,全真派在武林大会上曾经表态支持唐门，是以我想全真听奉武林盟号令，八成是为武林公义，而非趋附朝廷。我们号召团结西武林，全真派应该也不至于强力反对。
Story/D_7_5_3_1_081,嗯，若真如此，那自然很好。但难保他们不会受朝廷压迫，还是莫要抱着侥幸心态为佳。
Story/D_7_5_3_1_082,全真派信众虽然多，厉害的也就那几个。我倒希望他们别怂，都下终南山来与我争锋。
Story/D_7_5_3_1_083,口气真狂。
Story/D_7_5_3_1_084,师弟，你也不能小觑全真弟子。
Story/D_7_5_3_1_085,我不单要小觑他们，我还要捅死他们。
Story/D_7_5_3_1_086,全真派信众遍布中原，论人数堪与丐帮并论，不得不防。
Story/D_7_5_3_1_087,正是。
Story/D_7_5_3_1_088,要知全真弟子无论老少，人手一本全真剑法，一对一比武虽不管用，但群战之际，由七人一组摆出的北斗七星阵法，却大有玄机，极为难斗。
Story/D_7_5_3_1_089,唐掌门，要要要要比人数，丐帮也不见得会输！让，让让让～新旧派再斗会儿，泥沙沉淀下去，水就干净了。到时我丐丐～丐帮的弟兄，也来帮忙！大义分舵的弟兄，最讲义气！
Story/D_7_5_3_1_090,帮主，俺最先来的唐门，俺更讲义气！
Story/D_7_5_3_1_091,对，你什么包袱也没带着，你第第第……第一！
Story/D_7_5_3_1_092,再来，最大的强敌，可能就是丐帮。不为别的，人太多了，若像包围江陵那样包围本门，又无官兵支持，我们定然无倖，会被活活饿死。
Story/D_7_5_3_1_093,饿死？不要哇！这是我最怕的死法第二名！
Story/D_7_5_3_1_094,那第一名呢？
Story/D_7_5_3_1_095,凌迟。我肉太多了，割起来一时不死，想想就发毛。
Story/D_7_5_3_1_096,那种的就算没长肉也怕吧。
Story/D_7_5_3_1_097,唐三爷！要打丐帮的时候派俺打头阵！有些老不死的早就该死，都是帮规碍事，俺才姑且记着，他妈的，阿花的仇该报了！看俺不把老杂种通通活活揍死！
Story/T_7_5_3_1_001,师妹气极，说话又变得粗鲁了。
Story/T_7_5_3_1_002,阿花莫非是狗的名字吗？名字取得太像狗，害人将信将疑。
Story/D_7_5_3_1_098,好，到时还要拜托樊少侠出力周旋，唐三在此谢过。
Story/D_7_5_3_1_099,那丐帮也不见得人人都对本门有意见。大义分舵和咱们就是打出来的交情，非比寻常。
Story/D_7_5_3_1_100,丐帮新旧派矛盾仍在，只是王帮主辞世以后新派备受打压。我们能够成立东西武林盟，丐帮为何不能分东西丐帮？
Story/D_7_5_3_1_101,哦……好有道理。好比广东唐门不来找我们麻烦，掌门也是睁一只眼闭一只眼。
Story/D_7_5_3_1_102,丐帮龙蛇混杂，都当了乞丐，为人也没啥下限可言。像大义分舵这般还肯讲道义的，都值得结交。
Story/D_7_5_3_1_103,丐帮新旧派矛盾仍在，只是王帮主辞世以后新派一直被压着低头。我们能够成立东西武林盟，丐帮为何不能分东西丐帮？
Story/D_7_5_3_1_104,你们抢菜煮火锅结下的交情，这也是种缘分。但愿不要昔日旧友兵戎相见吧。
Story/D_7_5_3_1_105,丐帮龙蛇混杂，都是见风使舵之辈，身无长物，贵的只有自己性命。若无王帮主那样的领袖发号施令，便不足为惧。西武林盟一旦声势壮大，他们谁也不肯一马当先来送命。
Story/D_7_5_3_1_106,丐帮都是见风使舵的废物，人人只顾自己性命。没有王帮主那样的领袖发号施令，还济什么事？我们西武林盟一旦声势壮大，他们还不缩进龟壳里。
Story/D_7_5_3_1_107,有道理。
Story/D_7_5_3_1_108,再来论到六大派中其余四派。青城、峨嵋位在蜀地，争取这二派的支持尤其重要。其次则是北方崆峒、南方点苍。
Story/D_7_5_3_1_109,三师兄～崆峒那边大可不必担心。本梅早想耍一耍第一掌派夫人的威风，待我去说道说道，必定水到渠成！
Story/D_7_5_3_1_110,……崆峒那边，我去吧！我回一趟，呼叫援军来造势。
Story/D_7_5_3_1_111,别看我这样，我可是崆峒第一掌派夫人啊。
Story/D_7_5_3_1_112,小妹已经安排妥当，崆峒派随时待命驰援，听候掌派人号令。
Story/D_7_5_3_1_113,好极！
Story/D_7_5_3_1_114,崆峒第一夫人出马，哪有不成的道理？稳了稳了！
Story/T_7_5_3_1_003,想不到当时留学，竟结下如此福缘，这都多亏了南宫老太爷。
Story/D_7_5_3_1_115,金乌上人已死，掌派人之位虚悬，崆峒四门如今依旧针锋相对。道法将军和玄功魏掌门虽然对本门友善，但其他几位掌门就不知道了。
Story/D_7_5_3_1_116,这正是我所烦恼的事情，一个不好，又会树敌。是以派去崆峒的人选，也不能随意。
Story/D_7_5_3_1_117,三哥，届时我亦修函，一并请人捎去吧。我和玄功魏掌门是儿时同窗、手帕之交，由我出面游说，她必不会无动于衷。
Story/D_7_5_3_1_118,上官娘子此言当真？那可真是太好了。
Story/D_7_5_3_1_119,有上官大小姐出马，十有八九稳！
Story/D_7_5_3_1_120,实在没法，可以派我走一遭。我怎么着也混了个脸熟，多少说得上几句话。
Story/D_7_5_3_1_121,你没讹他们钱吧？不要本来没事，你去了反被追杀回来。
Story/D_7_5_3_1_122,你怎么能这样说？
Story/D_7_5_3_1_123,做生意嘛，哪有不贪财的？我赚得盆满钵满，他们又不知道被骗，岂不是皆大欢喜？
Story/D_7_5_3_1_124,……是否要请四师弟出马，容后计议。
Story/D_7_5_3_1_125,崆峒掌派金乌上人与本门有不共戴天之仇，与那厮之间只有你死我活，不可能和解。
Story/D_7_5_3_1_126,正是，把崆峒当作仇敌看待比较妥当。
Story/D_7_5_3_1_127,峨嵋派向掌门深藏不露，从来与世无争。他在岳阳武林大会技压群雄，却又自甘舍弃名利，推举南宫大侠。足见他心怀仁义，派去游说的人选，当以仁人为上选。
Story/D_7_5_3_1_128,那不就是你了吗？
Story/D_7_5_3_1_129,那不就是你了吗？
Story/D_7_5_3_1_130,这……我好歹是代掌门，走得开吗？
Story/D_7_5_3_1_131,依我之见，师弟你就挺适合的。你命途崎岖，难得没走歪路，还是一身正气。
Story/D_7_5_3_1_132,三师兄过奖了，我可没什么好自豪的。
Story/D_7_5_3_1_133,谦虚是好事，但也莫过谦了，贬低了自己。
Story/D_7_5_3_1_134,就是说啊，你唐门弟子的傲骨呢？唐门弟子坏要坏的坦荡，好要好的张扬，让世人效仿！
Story/D_7_5_3_1_135,哈哈哈！正是！
Story/D_7_5_3_1_136,那不然你打算派谁去？我吗？
Story/D_7_5_3_1_137,师弟的名声……不好不坏吧，峨嵋掌门八成不把他当回事儿，能否上得峨嵋山都未可知。
Story/D_7_5_3_1_138,我去是无妨，就怕我被拒之于门外，白跑一趟。
Story/D_7_5_3_1_139,嗯……。
Story/D_7_5_3_1_140,那不然你打算派谁去？我吗？
Story/D_7_5_3_1_141,师弟，你有这份心，师兄我很感动。但你的名声……我就怕你去了回不来。
Story/D_7_5_3_1_142,峨嵋派疾恶如仇，这家伙去了八成会被乱拳打死。
Story/D_7_5_3_1_143,你个奸商也差不多待遇啦。
Story/D_7_5_3_1_144,那我还是留此有用之身，报效师门好了。
Story/D_7_5_3_1_145,没法子，我设法将掌门职务交接，亲自去一趟峨嵋吧。
Story/D_7_5_3_1_146,青城的话，如何呢？
Story/D_7_5_3_1_294,我曾留学青城，是不二人选。
Story/D_7_5_3_1_295,师弟，稍安勿躁，先剖析利害不迟。
Story/D_7_5_3_1_147,青城潜伏着极乐教余孽，不仅是本门仇敌，更是中原共同的隐患。可是那申屠龙不说仙风道骨，也是年轻俊逸的后生。
Story/D_7_5_3_1_148,轮回、夺舍云云纯属玄说，任凭我们说破了嘴皮，又有几人信他返老还童？
Story/D_7_5_3_1_149,别说邹掌门不能轻易相信，事实上，就连我也存疑。道你是被敌人伤了头脑，神智不清，才会说出这样匪夷所思的事情来。
Story/D_7_5_3_1_150,唐三侠！那申屠龙乃为万恶罪魁，亦是我亲眼所见！可以作证！
Story/D_7_5_3_1_151,连龙女侠也这么说，那想必确有其事。
Story/D_7_5_3_1_152,锦香宫的女侠龙湘当日也在现场，曾与申屠龙短暂交手，能为我作证。
Story/D_7_5_3_1_153,不必了，我信你。
Story/D_7_5_3_1_154,阿弥陀佛，唐施主，小僧斗胆插口说一句。此事小僧若非亲眼所见，也不敢轻信。赵施主所言属实，并无一句诳言。
Story/D_7_5_3_1_155,连福韫法师也这么说，那想必确有其事。
Story/D_7_5_3_1_156,嵩山派的福韫当日也在现场，能为我作证。
Story/D_7_5_3_1_157,师弟……你忘了吗？福韫法师就在本门坐化圆寂了。
Story/D_7_5_3_1_158,啊……。
Story/D_7_5_3_1_159,不打紧，我信你便是。
Story/D_7_5_3_1_160,不必了，我信你。
Story/D_7_5_3_1_161,师弟，无端怀疑了你，抱歉。
Story/O_7_5_3_1_001,这事说来匪夷所思，存疑是人之常情
Story/D_7_5_3_1_162,你不怪我就好。
Story/O_7_5_3_1_002,竟敢怀疑我……赔钱！赔钱！
Story/D_7_5_3_1_163,这……好吧，我也没啥私房钱，能让你释怀一点，那便收下吧。
Story/T_7_5_3_1_004,师弟简直像个流氓似的，利用了三师兄的愧疚之心。是我就一定不肯给，反正师弟也不能拿他怎样。
Story/T_7_5_3_1_005,等等，三师兄赔了钱后心安理得，这何尝不是一种买卖？
Story/T_7_5_3_1_006,这有赚头啊！我要把所有人欠我的旧帐都翻一遍，跟他们要钱！
Story/N_7_5_3_1_001,四师兄被你影响，道德更下一层楼了。
Story/D_7_5_3_1_164,总之，有申屠龙在青城腹中，要想说服青城支持，势必困难重重。
Story/D_7_5_3_1_165,这可不好说。我们前往武林大会的路上，曾与邹掌门有片面之缘。他已承诺回山就会彻查此事，那申屠龙还想蒙混过关，只怕不易。
Story/D_7_5_3_1_166,小梅，可否请你来一下。
Story/D_7_5_3_1_167,啊唷，你唤我何必那么生份客气。
Story/D_7_5_3_1_168,小梅。
Story/D_7_5_3_1_169,有！
Story/D_7_5_3_1_170,三师兄、四师兄～你们都知道我本来是什么身份了。然后同样的事，我也告诉了邹掌门。
Story/D_7_5_3_1_171,蛤？真的假的你……这可以说吗？
Story/D_7_5_3_1_172,三师兄，你知道我本来是什么身份了。同样的事，我也告诉了邹掌门。
Story/D_7_5_3_1_173,什么……你怎么这样胡涂？这话我们自己人知道还好，你说与外人听，万一传出去，你还想有安生日子吗？
Story/D_7_5_3_1_174,我便是不说，给武林盟这一闹同样不得安生呀。唯有以此取信邹掌门，他才不会嗤之以鼻。
Story/D_7_5_3_1_175,就算是这样……。
Story/D_7_5_3_1_176,……大师兄辞世，与我脱离不了干系。是小梅害了大家，再不显出诚意来，自己都不能原谅自己。
Story/D_7_5_3_1_177,何况曝光了，被追杀也没多大关系。只消阿活健在、唐门不将我扫地出门，天王都动不了我～哇哈哈～！
Story/D_7_5_3_1_178,太乐观了吧。
Story/D_7_5_3_1_179,小梅师妹够狂的，天生的唐门坏胚子。
Story/D_7_5_3_1_180,……即使如此，去劝说青城还是异常凶险。
Story/D_7_5_3_1_181,青城派与本门是邻居，两派弟子时有往来，只是今时不同往日，也恨上了咱们。这误会不说开，结盟一事根本无从说起。
Story/D_7_5_3_1_296,所以说，由我－－
Story/D_7_5_3_1_296,比起赵师弟，不如我去。
Story/D_7_5_3_1_297,我曾在青城山下医馆坐堂，小有名气。在地的乡亲父老都承我情，我去谈，比师弟更有说服力。
Story/D_7_5_3_1_298,有道理！那便有劳师妹，代师门走一趟青城。
Story/D_7_5_3_1_299,遵命，我如今也就只能帮得上这点忙了。
Story/D_7_5_3_1_182,是以人选必须慎重，以能言善道、辩才无碍者为佳。
Story/D_7_5_3_1_183,……那不就我吗？
Story/D_7_5_3_1_184,师弟你口若悬河，自然是出使青城上佳人选。但是你用武之地多着，还别太早便下定论。
Story/D_7_5_3_1_185,比如说……我？
Story/D_7_5_3_1_186,四师弟，你愿意去吗？
Story/D_7_5_3_1_187,开什么玩笑，当然不愿意，稳死的好吗～
Story/D_7_5_3_1_188,干嘛，干嘛这样看我～
Story/D_7_5_3_1_189,……。
Story/D_7_5_3_1_190,……。
Story/D_7_5_3_1_191,好啦，我知道了，要是没别的人选我再去成了吧？
Story/D_7_5_3_1_192,最后是点苍了。本门与点苍的宿怨……大概是难解了，一战恐怕在所难免。
Story/D_7_5_3_1_193,武林大会上，他们虽然一时支持唐门，但不过是为了不想宿敌为奸计所害。想要堂堂正正的打败唐门。
Story/D_7_5_3_1_194,依我之见，唐门和点苍派是有可能化敌为友的。但是一战在所难免。
Story/D_7_5_3_1_195,从前都是南宫世家居中调停，否则点苍派早就提剑杀过来了。
Story/D_7_5_3_1_196,如今我们结成西武林盟，与东武林盟分庭抗礼，恐怕正遂了点苍派的心意。
Story/D_7_5_3_1_197,赵兄所言正是。点苍派以剑问道，求一宿敌以为天堑。关卡越难，越有跨越的价值，西武林盟一旦结成，点苍只会见猎心喜。
Story/D_7_5_3_1_198,神经病呢。
Story/D_7_5_3_1_199,啊，对喔。点苍派都是一群好战的蠢材。成日里疯疯颠颠的说什么以剑问道，怪胎似的。
Story/D_7_5_3_1_200,大概是说什么也劝不住他们的。
Story/D_7_5_3_1_201,只能说那群家伙想事的观点跟常人不大一样。
Story/D_7_5_3_1_202,六大派除外，便是南宫、上官世家的态度了。南宫世代与本门交好，但与各派的交情也同样匪浅，届时态度如何，难说的很。
Story/D_7_5_3_1_203,……不能期望南宫世家还像从前一般待我们啊。老太爷、南宫世伯都已经过世了。
Story/D_7_5_3_1_204,是啊……想着就让人不胜唏嘘，唉。他们那样好的人，就这样走了。
Story/D_7_5_3_1_205,近年江湖动荡，走了好多人啊。不，是因为南宫世家提倡和平，江湖安逸太久了。其实这才是江湖的庐山真面目吗？
Story/D_7_5_3_1_206,南宫世家向称江湖和事佬、武林之心，而且江陵位于中原腹地，让他们站到西武林盟这边，未免太过强人所难。
Story/D_7_5_3_1_207,反过来说，南宫世家也极有可能顾念江湖道义，两不相帮。
Story/D_7_5_3_1_208,他们不相帮，就是帮了天大的忙。
Story/D_7_5_3_1_209,四师弟说的对极！
Story/D_7_5_3_1_210,至于上官世家……。
Story/N_7_5_3_1_002,三师兄说着，目光就瞥向上官萤。
Story/D_7_5_3_1_211,三哥，我能说几句话吗？
Story/D_7_5_3_1_212,上官世家的事，上官娘子当然有话要说，请到这里来吧。
Story/D_7_5_3_1_213,萤姑娘，你……。
Story/D_7_5_3_1_214,{size=24}别担心我，我才没那么脆弱。{/size}
Story/D_7_5_3_1_215,大家应该不难看出，上官世家的背后便是朝廷。朝廷如今还忌惮武林势力，不能亮出刀刃，是以退隐江湖、官拜御使的上官家主自也不能明面介入。
Story/D_7_5_3_1_216,但是各位可别忘了沧帮！上官世家培植沧帮，除了牟利，便是为了今天。
Story/D_7_5_3_1_217,……我轻言许诺过沧帮弟兄，跟我做事，保他们一生不愁吃穿。结果没能等兑现诺言，我都自身难保。
Story/D_7_5_3_1_218,真到兵戎相见时，我也不敢厚着脸皮求各位留情，但是……但是大家同样都是讨生活、养家活口罢了。
Story/D_7_5_3_1_219,若能为沧帮弟兄安家立身，让他们不为生计愁苦，届时再劝他们退出沧帮，就容易多了。
Story/D_7_5_3_1_220,我很想夸下海口：「请三哥给我一点时间，我会设法筹钱。」但我如今被上官家主收回权柄，断绝一切后援。若不倚仗唐门为后盾，连翻身的本钱都筹措不出。
Story/D_7_5_3_1_221,所以说……能、能不能请三哥拨一点钱，派我去办这事呢。用不着太多，只要可以打通关系，让水流动就好，接着财滚财，很快就能还上的。
Story/N_7_5_3_1_003,唐门举债成山虽有自己的责任，但上官世家背地里没少使绊子陷害。如今这位大小姐又向掌门请款，如何能不惹人非议。
Story/D_7_5_3_1_222,说来汗颜，本门债款都还没还清呢……要生钱出来谈何容易。
Story/D_7_5_3_1_223,何况举办武林大会也要烧钱，哪有阵前资敌的道理呢。
Story/D_7_5_3_1_224,……我知道这样不合情理，但是那都是和我出生入死的兄弟。要是、要是唐门……。
Story/T_7_5_3_1_007,要是换作唐门散了，我也一定竭力所能为大家筹钱安家。这话却不能说，以免触霉。
Story/D_7_5_3_1_225,{size=24}死人，快帮我说话呀，我还是不是你的人呀。{/size}
Story/D_7_5_3_1_226,哦，哦。
Story/D_7_5_3_1_227,三师兄，萤姑娘对我们讲义气，对她手下那帮人自然也讲。要是散点钱财就能打发，何乐而不为呢？
Story/D_7_5_3_1_228,如若水土不服或者不愿迁徙的，就此劝退也好过徒造杀业。救一个人，也等如救了他的家人。真有觉悟不死不休的，再来厮杀不迟。
Story/D_7_5_3_1_229,不识相的再打死就是了。
Story/D_7_5_3_1_230,喂！
Story/D_7_5_3_1_231,啊唷，这女人狠起来连自己夫君都打。
Story/D_7_5_3_1_232,上官大小姐，你说的财滚财，是怎么滚法？愿闻其详。
Story/D_7_5_3_1_233,对了，四哥。你也是商人，该有点家底吧。我把此中精要详细与你说道，你一听便知关系利害了。
Story/D_7_5_3_1_234,哈！哈！哈！
Story/D_7_5_3_1_235,堂堂上官千金，如今也要叫我一声四哥！现在谁才是有钱人啊！谁呀！
Story/D_7_5_3_1_236,呃……。
Story/D_7_5_3_1_237,四师兄，你别欺负萤姑娘了。你忍心看我挨打吗？
Story/D_7_5_3_1_238,好啦，弟妹，我同你闹着玩呢。
Story/D_7_5_3_1_239,四师兄，快别闹她了，萤姑娘有恩必还，有仇必报。说笑要是过火，等会儿你会被拖进茅厕毒打。
Story/D_7_5_3_1_240,我说笑的！我说笑的啊！女侠饶命！
Story/D_7_5_3_1_241,三师兄，沧帮的事情，就我和师弟、上官千金来想办法吧。详情等我听说详细方案再下决断，要是可行，这钱便由我独资出了。
Story/D_7_5_3_1_242,这……。
Story/D_7_5_3_1_243,当然，赚了有剩多的我也要独拿，算是我的投资营利，这样公平吧？
Story/D_7_5_3_1_244,你出的钱，赚了自然落入你口袋。赔了本门也不亏，只有利处而已。你真舍得吗？
Story/D_7_5_3_1_245,三师兄，你也太厚道，有便宜可占，还替人着想？大可不必那么见外，我也是唐门弟子啊，有钱出钱，有力出力罢了。
Story/D_7_5_3_1_246,那我半点没有意见了。弟妹，要是能劝沧帮不与本门为难，我代师门上下谢你。如若不能，也承你的情意。
Story/D_7_5_3_1_247,事在人为，我会竭尽所能。
Story/D_7_5_3_1_248,……不是我不信弟妹的经商手腕。但本门财务不容乐观，此事需要从长计议，详情稍晚再提。
Story/D_7_5_3_1_249,抱歉，说了这样唐突的话，那我先退下了。
Story/D_7_5_3_1_250,事到如今，事情已经再明显不过了。上官世家金盆洗手是假，甘为朝廷鹰犬，荼毒武林同道是真。
Story/D_7_5_3_1_251,无怪本门横祸不断，门下产业连年亏损，什么古怪巧合都有。我就奇了怪了，哪有人这么倒霉的？原来是有人从中作梗！
Story/D_7_5_3_1_252,师弟，你在武林大会挑战上官家主虽说鲁莽，但是换作是我也不能忍！打得好！
Story/D_7_5_3_1_253,就是说！打得好！就是要让他知道，唐门可不是吃素的！便是打不赢也不能让那混账太好过！
Story/D_7_5_3_1_254,当时大家还怪我鲁莽来着。
Story/T_7_5_3_1_008,我总不能说是为了萤姑娘才意气用事的，唉。
Story/D_7_5_3_1_255,上官世家昔年豢养的江湖门客都遣散了，但是沧帮却还在麾下。只不知会来多少人，我们要防的，便是这群人了。
Story/D_7_5_3_1_256,最后是锦香宫。无论如何，人间道法王身受回天乏术之伤，与南宫家主携手长眠，这是在众目睽睽之下发生的事实。
Story/D_7_5_3_1_257,后来的那位锦香宫主带领宫人，收回退隐成命，向盟主致意。却以风雨山一役元气大伤为由，深锁宫门不出，谢绝一切拜访，不接受任何人致歉，心思委实难猜。
Story/D_7_5_3_1_258,这有什么好难猜的？生气了呗。
Story/D_7_5_3_1_259,……也许她们最初就应该这样。关上宫门，在不为人知的时候，一个一个换下白衣离开。她们想要光明正大退隐，结果却是这样的下场。
Story/D_7_5_3_1_260,……后来这位锦香宫主，和原先那位容貌、声音，仪态均无二致。可是作风却大不相同啊。我还是欣赏原先那位，心高气傲，冷对千夫所指。
Story/D_7_5_3_1_261,……。
Story/T_7_5_3_1_009,是啊……为何师父不带着大家，在风和日丽的时候散了呢？为什么还要去武林大会？
Story/T_7_5_3_1_010,师父聪明绝顶，一定知道朝廷会驱使武林盟对付唐门。唐门如今几乎成了武林公敌，谁都知道唐门斗不过武林联盟，螳臂挡车。为什么师父当时还劝师姊妹们，不想退隐就到唐门？
Story/O_7_5_3_1_003,不明白
Story/T_7_5_3_1_011,不行，我太笨了，还是想不明白。
Story/T_7_5_3_1_012,师父最后单独召见了赵弟，究竟嘱托了些什么事情啊……。
Story/T_7_5_3_1_013,等等，最后来唐门的锦香宫弟子好像只有我！难道师父连这也料到了吗？
Story/T_7_5_3_1_014,……换言之，师父是把我托付给了弟吗？
Story/T_7_5_3_1_015,怎么可能，我一定哪处想错了……。
Story/T_7_5_3_1_016,万一我没想错呢？师父早料到她辞世以后，我不肯回锦香宫。所以替我想好了去处，嘱托他照顾我……嗯，一定是这样。
Story/T_7_5_3_1_017,我弟真厉害啊，连师父也认同。
Story/N_7_5_3_1_004,龙湘想岔了，以为你是温夫人选定的饲养员，对你越发依赖了。
Story/T_7_5_3_1_018,湘姊怎么一回事，动来动去的，一下吃惊一下脸红。现在又冲着我笑。
Story/T_7_5_3_1_019,虽然不可能是看上我了，总之冲着我笑比冲着我拔剑要好。
Story/O_7_5_3_1_004,想通了
Story/T_7_5_3_1_020,说起来，和锦香宫最像的门派说不定就是唐门，一样离经叛道。师父觉得男尊女卑不合情理，所以才教我们勇敢去想、挺身相抗。武林之中，也只有唐门敢正面违逆朝廷那些不合情理的政令……。
Story/T_7_5_3_1_021,我明白了……只有在唐门，我才能想到这些事情。师父身为人间道法王，不是漏夜逃亡，却坦然赴武林大会的事、特地邀请唐门盘桓锦香宫、劝说宫人避居唐门的事。
Story/D_7_5_3_1_262,为了尊严啊。我们根本没做坏事，为何必须躲躲藏藏？
Story/D_7_5_3_1_263,啊，抱歉，我只是在自言自语。
Story/D_7_5_3_1_264,龙姑娘何必道歉呢，你又没说错。我们根本没做坏事，何必躲躲藏藏？天底不是只有男儿有脾气，娘子军也有傲骨。
Story/D_7_5_3_1_265,我们都看到了，锦香宫没一个人是被欺负了跪地求饶的。
Story/D_7_5_3_1_266,龙姑娘，我怕你对本门做派生疏不晓得，特地大发慈悲告诉你。我只说一次，你可得牢牢记住了。
Story/D_7_5_3_1_267,锦香宫遭遇的鸟事现在轮到唐门了，我们会怎么办？姊妹们，告诉她──
Story/D_7_5_3_1_268,{size=50}战他娘亲！！{/size}
Story/D_7_5_3_1_269,是，我记得了！战他娘亲！
Story/D_7_5_3_1_270,那边师妹们在闹什么？怎么突然这么凶。莫非是我说错了什么吗？
Story/D_7_5_3_1_271,莫非是我胖吗？
Story/D_7_5_3_1_272,莫非是我丑吗？
Story/D_7_5_3_1_273,啊～言之有理，真相大白了。
Story/D_7_5_3_1_274,妈的。
Story/D_7_5_3_1_275,综上所述，我认为锦香宫是有意搪塞武林盟，不奉盟主号令。
Story/D_7_5_3_1_276,何况你们在武林大会，独排众议力护锦香宫。锦香宫贞风亮节，定不会恩将仇报。
Story/D_7_5_3_1_277,其实前往武林大会的时候，温夫人招待我们在宫中盘桓了几日。那时就透露她是刻意让宫人与本门师弟妹相处结交，好在将来把宫人托付给唐门。
Story/D_7_5_3_1_278,当真？那可太好了！
Story/D_7_5_3_1_279,不过武林大会那时，我们跟着武林盟一块儿围剿了锦香宫。便有什么交情，这下八成也没有了。
Story/D_7_5_3_1_280,……。
Story/D_7_5_3_1_281,成事不足败事有余的家伙。
Story/D_7_5_3_1_282,我哪知道后来会变这样。
Story/D_7_5_3_1_283,论完了武林盟，还有一股势力不得不提，那便是泥教。
Story/D_7_5_3_1_284,东西武林盟分庭抗礼，是为了形成鼎立之局，相互制衡。可不能掉以轻心，正派拼了个两败俱伤，却教泥教渔翁得利。
Story/T_7_5_3_1_022,世人对泥教成见太深，仇已结成，正邪就只是光明正大打架的借口。
Story/T_7_5_3_1_023,泥教六道都不知彼此想作什么，何况是我们呢？防范他们合情合理。
Story/T_7_5_3_1_024,就算我和泥教中人有点交情，也不可掉以轻心。
Story/D_7_5_3_1_285,唐门号召西武林盟一事，定会引起轩然大波。武林盟决计不可能坐视不理，比起泥教，必会先针对西武林盟从中作梗。大计究竟是否能成，此际犹未可知。
Story/D_7_5_3_1_286,今日当着各位门人、朋友的面，将西武林盟大计告以要旨，各位亦不妨当作誓师，盼能群策群力，齐心动员促成西武林盟结成，共抗武林盟，贯彻唐门风骨！
Story/D_7_5_3_1_287,大家跟着三师兄，喊出来！共抗武林盟！贯彻唐门风骨！
Story/D_7_5_3_1_288,{size=50}共抗武林盟！贯彻唐门风骨！{/size}
Story/D_7_5_3_1_289,方略已定，实行办法尚须琢磨。弟子不必不如师，为资周妥，即日起唐门会议大开，无论内外姓弟子、门客，爰请各位师弟妹、弟子、朋友惠示卓见！
Story/D_7_5_3_1_290,预于二月十五日，召集江湖侠士，于本门召开大会。誓师为盟，共抗武林盟！
Story/D_7_5_3_1_291,须让他们深刻铭记，即便是武林同盟也不能替本门决定任何事情。要是非得苦苦相逼，那就放马过来──
Story/D_7_5_3_1_292,打架！
Story/D_7_5_3_1_293,{size=50}打架！！{/size}
Story/O_7_5_4_1_001,离开
Story/O_7_5_4_1_002,外交：我欲出使青城派离开
Story/D_7_5_4_1_001,万万不可。那申屠龙若真如你所言，连大师兄也非敌手，你此去不是自投罗网吗？
Story/D_7_5_4_1_002,我也怕啊……但是青城地理位置特殊，放任不管终是隐患。
Story/D_7_5_4_1_003,青城地理位置特殊，我们隔绝了青城与武林盟联系，倘若结成了西武林盟，他们又成隐患，如何能够置之不理呢。
Story/D_7_5_4_1_004,大师兄没有输，是中了暗算。我就算不如大师兄，他们想拿住我，却也没这么容易。
Story/D_7_5_4_1_005,……。
Story/O_7_5_4_1_003,不行
Story/D_7_5_4_1_006,不行，我是代掌门，你必须听我的！不许去！
Story/D_7_5_4_1_007,三师兄难得这么强硬。
Story/D_7_5_4_1_008,抱歉，本门已经没有冒险的余裕。不能再失去任何一个强将，不得已才动用掌门权威压你。
Story/D_7_5_4_1_009,别放心上，我听令不去便是。
Story/D_7_5_4_1_010,承蒙你海量。
Story/D_7_5_4_1_011,哈哈，没事儿，挺新鲜的。当掌门就该这样，大约有掌门三分之一的气魄了。
Story/D_7_5_4_1_012,要真有就好了。
Story/D_7_5_4_1_013,既然如此，青城的事再另觅人选吧。
Story/D_7_5_4_1_014,待我深思熟虑一番，再行定夺。
Story/O_7_5_4_1_004,放行
Story/D_7_5_4_1_015,……本门现在危急存亡之秋，少不了任何一员强将。本来我是怎么也不愿你去冒险的，但你确实言之有理。
Story/D_7_5_4_1_016,三师兄这是同意了？那我去去就回。
Story/D_7_5_4_1_017,怎么着也得带多点人马去壮声势。
Story/D_7_5_4_1_018,如今青城派与本门关系颇为紧张，你单枪匹马过去只怕不妥。要不多带点人马，去帮你壮一壮声势？
Story/D_7_5_4_1_019,你别说，我还真挺慌的，如果可以甚至想把唐门都搬去，说话才有底气。但是不行啊。
Story/D_7_5_4_1_020,我若带着大票人马去，你想青城还会当我是结盟的吗？
Story/D_7_5_4_1_021,这……说的也是。
Story/D_7_5_4_1_022,那你可得千万小心，莫要冲动行事。
Story/D_7_5_4_1_023,我尽量。
Story/D_7_5_4_1_024,啊……好担心啊，师弟这火爆脾气，别要误事才好。想着想着，胃就好痛。
Story/D_7_5_4_1_025,我理会得。
Story/D_7_5_4_1_026,……也只能放手让他去了，本门之中，已经无人比师弟更加可靠。
Story/O_7_5_4_1_005,外交：我欲出使峨嵋派
Story/D_7_5_4_1_027,师弟，峨嵋掌门向来只和高人逸士结交。我怕你去了也是白跑一趟。
Story/D_7_5_4_1_028,白跑一趟也无所谓，反正不远，就当碰碰运气也好。
Story/D_7_5_4_1_029,可你万一激怒了人家怎办？不若还是另择人选吧。
Story/O_7_5_4_1_006,硬要去
Story/D_7_5_4_1_030,不，我去定了！
Story/D_7_5_4_1_031,……好吧，你如此坚持，想必胸有成竹。那你去了可得千万小心，说话别太莽撞了。
Story/D_7_5_4_1_032,好！
Story/O_7_5_4_1_007,好吧
Story/D_7_5_4_1_033,你说得对，以大局为重。去游说又不是去打架，我没有十足把握，那还是打消念头好了。
Story/D_7_5_4_1_034,这样想就对了。
Story/D_7_5_4_1_035,你愿意出马，那我就放心了。
Story/D_7_5_4_1_036,峨嵋那么近，我去去就回，你们就在家中等我捷报吧。
Story/O_7_5_4_1_008,外交：我欲出使丐帮大义分舵
Story/D_7_5_4_1_037,丐帮这么大，你单只说服大义分舵舵主，只怕也无济于事。
Story/D_7_5_4_1_038,我这一趟去即便搬不到援军，好歹也要劝他们闪远点，别撞我们小剑上。
Story/D_7_5_4_1_039,再没良心的人，杀朋友都难免睡不安稳。
Story/D_7_5_4_1_040,我的小剑不能染朋友的血。
Story/D_7_5_4_1_041,……好，我知道了，你去吧。
Story/D_7_5_4_1_042,丐帮和别派不一样，我要带些人去。这些家伙经常听不懂讲人话，不得已的时候得要打一顿才行。
Story/D_7_5_4_1_043,你说啥！等等，你回来啊！
Story/D_7_5_4_10_001,啊……安心。
Story/D_7_5_4_10_002,啊……舒适。
Story/D_7_5_4_10_003,……李帮主，我们还有空的房间，你不必屈就在帐棚里。
Story/D_7_5_4_10_004,倒不如说，你在练武场中央搭帐棚很碍事啊。
Story/D_7_5_4_10_005,然后也别在人家练武场上生火好吗？太离谱了。
Story/D_7_5_4_10_006,是帮主弄的！不是俺！
Story/D_7_5_4_10_007,叛徒！你这个叛徒！
Story/D_7_5_4_10_008,抱、抱歉，住惯了帐棚，住房子反而睡睡睡不着。崖边风又大，还是在练武场中央较安安安安心，我这就收拾。
Story/O_7_5_4_10_Break_01_001,丐帮的情况
Story/D_7_5_4_10_Break_01_001,你放心，据我所知，丐帮新旧派正正正在内斗。
Story/D_7_5_4_10_Break_01_002,这是可以让人放心的情报吗？
Story/D_7_5_4_10_Break_01_003,我来唐门正是要闹失踪，让野心勃勃的家伙觉得有有有机可趁，新派不被逼到走投无路，怎会来投靠西西西武林盟呢？
Story/D_7_5_4_10_Break_01_004,……。
Story/D_7_5_4_10_Break_01_005,帮主，想不到你一脸憨厚，心也挺黑的。
Story/D_7_5_4_10_Break_01_006,坏人奸，所以想当好人，就就就要更奸，才有得选。我虽然结巴，但又不笨。
Story/D_7_5_4_10_Break_01_007,原来李帮主早就胸有成竹，失敬失敬。
Story/D_7_5_4_10_Break_01_008,好说好说。
Story/D_7_5_4_10_Break_01_009,稍安勿躁，让丐帮再斗一会儿。如果我所所所料不差，旧派八成会占上风。因为长老多是旧派的，人面比较广，武林盟一定支持。
Story/D_7_5_4_10_Break_01_010,新派的丐帮弟子，就是泥教畜生道的人吗？
Story/D_7_5_4_10_Break_01_011,多半，但不尽然。
Story/D_7_5_4_10_Break_01_012,我严格来说，算算算是旧派的人。我生父是丐帮旧派的长老，人称千千千金叟，我是说千千千金叟，妈的。
Story/O_7_5_4_10_Break_01_002,取笑他
Story/D_7_5_4_10_Break_01_013,千千千，我算算……也就是十亿金叟。
Story/D_7_5_4_10_Break_01_014,赵兄弟说笑了，你明知知知道我口吃。
Story/O_7_5_4_10_Break_01_003,友善对待
Story/D_7_5_4_10_Break_01_015,千金叟。
Story/D_7_5_4_10_Break_01_016,对，只有一个千。
Story/D_7_5_4_10_Break_01_017,我生父其其实不算好人。他一个乞丐，居然被称为千千千金叟，不觉得奇怪吗？
Story/D_7_5_4_10_Break_01_018,我从江湖快报读过千金叟李相公的故事。听说你爹本来有功名在身，为了江湖道义散尽家财加入丐帮，连南宫家主都佩服他的慷慨，怎么你却说他不是好人？
Story/D_7_5_4_10_Break_01_019,骗人的。他支持南宫家主不假，但也是为了自己的目的。
Story/D_7_5_4_10_Break_01_020,说来汗颜，我不大清楚上一辈的江湖故事。
Story/D_7_5_4_10_Break_01_021,无妨，本本本来也不算什么值得被歌颂的人。
Story/D_7_5_4_10_Break_01_022,他虽然和南宫家主有旧交，但但那是为了自己的目的。
Story/D_7_5_4_10_Break_01_023,所以我自然也是旧派了。
Story/D_7_5_4_10_Break_01_024,然而王帮主却是畜生道，亦即新派的领袖。
Story/D_7_5_4_10_Break_01_025,对，他在丐帮大会上一一一一掌拍死了我爹，带着新派弟子崛起。
Story/D_7_5_4_10_Break_01_026,他杀了你爹……难怪你恨他，却又怎么成为他的义子？
Story/D_7_5_4_10_Break_01_027,因为我是旧派领袖的遗孤，他要要，要掌控我，以此挟制旧派长老。当然──这些也是假的，是他他他这样告诉我的。
Story/D_7_5_4_10_Break_01_028,他教我读书、教我武功，要我卧、卧薪尝胆。我无一日不恨他，对天发誓迟早替替……替我爹报仇，所以拼命的苦练。
Story/D_7_5_4_10_Break_01_029,但我又不笨，我只是口吃，我郑重声明。我长大了，也就渐渐想通了当年的事，义父为为为何要杀我爹。
Story/D_7_5_4_10_Break_01_030,为何……？
Story/D_7_5_4_10_Break_01_031,因为我爹是恶人。
Story/D_7_5_4_10_Break_01_032,你这样有说等于没说。
Story/D_7_5_4_10_Break_01_033,他仗义散尽家财的传传闻，是因为贪赃被朝廷派员抄家，他心知躲不了，索性彻夜散财，将钱钱钱财都送给乞丐，买得好名声。躲进丐帮，做贼喊捉贼，说官官官府冤枉他。
Story/D_7_5_4_10_Break_01_034,哦……。
Story/D_7_5_4_10_Break_01_035,我义父和南宫家主年轻的时候，也被我爹蒙骗，以为他是好人。他后来的钱，都是挟恩使唤丐帮弟子替他赚赚赚赚的黑心钱。怎么个黑心法呢？
Story/D_7_5_4_10_Break_01_036,他将二十年前战败的旧魔教余孽收收收入囊中，男的不值钱，杀掉。女的就挑断手脚筋，发配给手下的丐丐丐帮手下充作玩物。
Story/D_7_5_4_10_Break_01_037,生下的小孩就卖去金国，或者采生折割，伪装成天生残疾，以此博、博取路人同情，讹骗钱财。
Story/D_7_5_4_10_Break_01_038,这……这也太……！
Story/D_7_5_4_10_Break_01_039,那些受害的人，都是武武武林中人，不算寻常百姓。按照朝廷不成文规定，江湖殴杀都是睁、睁一只眼，闭一只眼。我爹就钻这个空子，大发缺德财。
Story/D_7_5_4_10_Break_01_040,岂有此理！果然该杀！
Story/T_7_5_4_10_Break_01_001,如此令人发指的恶行，连我听了都毛骨耸然。
Story/T_7_5_4_10_Break_01_002,大师兄不在，附近的山贼差不多又该滋生出来了。不知道山贼的行情怎么样，肉多的应该比较好卖吧。
Story/D_7_5_4_10_Break_01_041,人很难为善，但是很容易变得很坏、很坏。心中没有信念的人、不信神佛的人，特别容易变成妖怪。
Story/D_7_5_4_10_Break_01_042,可笑的是，我小时候竟浑然不觉得我爹有错。我隐约知知知道他的恶行，却装作没看见，只管问他要钱花。
Story/D_7_5_4_10_Break_01_043,……他虽然十恶不赦，但毕竟是疼我的。明知义父是替天行道，还是情不自禁想报杀父之仇。我既敬爱、崇拜义父，却又恨恨恨他入骨。
Story/D_7_5_4_10_Break_01_044,……。
Story/D_7_5_4_10_Break_01_045,……大义灭亲，是义父的意思。
Story/D_7_5_4_10_Break_01_046,我虽经常气他，但我其实已经不想报仇了。我甚至庆幸自己天资不不不、不怎么样好，一生望尘莫及。
Story/D_7_5_4_10_Break_01_047,但他收我当义子，就是为了迟早有一天能杀死他自己。他总是考虑得很很很远，彷佛不是活在眼下一样。
Story/D_7_5_4_10_Break_01_048,最后他如愿背负畜畜生道法王的污名，死去了，而我要活着赎罪。
Story/D_7_5_4_10_Break_01_049,我这人没别的强强强，强项，就是单纯身份比较特殊，唯有我才能安抚新旧两派，统一丐帮，所以我才当了帮主。
Story/D_7_5_4_10_Break_01_050,原来还有这等因缘……。
Story/D_7_5_4_10_Break_01_051,……因为骑虎难下，因为只有我能做到，所以我做了。如义父所料，丐丐丐帮重归正道怀抱，我也博得了大好名声。可是我感到很悲伤，时时怀念跟义父相处的日子。
Story/D_7_5_4_10_Break_01_052,抱歉，男儿有泪不轻弹，让赵兄弟见笑了。我去洗把脸。
Story/D_7_5_4_10_Break_01_053,……换作是我的话，我会怎么办呢？血肉之亲是恶人，那也是血肉之亲；杀父仇人是英雄，那还是杀父仇人。
Story/D_7_5_4_10_Break_01_054,……我似乎没有资格批判李帮主啊。
Story/D_7_5_4_10_Break_01_055,幸好被迫抉择的不是我。
Story/O_7_5_4_10_Break_01_004,王二壮
Story/D_7_5_4_10_Break_01_056,李帮主，你还没就任帮主以前，我们算是有点交情吧。
Story/D_7_5_4_10_Break_01_057,赵兄弟，干嘛这这样生疏。
Story/D_7_5_4_10_Break_01_058,……那我就斗胆问了。
Story/D_7_5_4_10_Break_01_059,……恕我直言，我很难信任你。
Story/D_7_5_4_10_Break_01_060,我要怎么相信一个刺死义父的人？世人皆赞你大义灭亲，你真觉得王帮主十恶不赦吗？
Story/D_7_5_4_10_Break_01_061,……。
Story/D_7_5_4_10_Break_01_062,不问丐帮来不来支援，首先问、问这个啊……。
Story/D_7_5_4_10_Break_01_063,世人皆赞我大义灭亲，你觉得呢？
Story/O_7_5_4_10_Break_01_005,我觉得你是王八蛋
Story/D_7_5_4_10_Break_01_064,骂得好。我无论到哪儿去，都听人说，说说我大义灭亲。义个屁，去他奶奶的。
Story/D_7_5_4_10_Break_01_065,我可是在骂你。
Story/D_7_5_4_10_Break_01_066,我知道。
Story/O_7_5_4_10_Break_01_006,你若有隐情，就说服我吧
Story/D_7_5_4_10_Break_01_067,好，我若不说，唐门是是是很难信任我的，对不？
Story/D_7_5_4_10_Break_01_068,这事非得从丐帮新旧派恩恩怨说起，才解释得清楚。
Story/D_7_5_4_2_1_001,你们在聊什么？这么开心的样子。
Story/D_7_5_4_2_1_002,没啥，就生意上的事，你难道有兴趣吗？
Story/D_7_5_4_2_1_003,他是当家的，攸关唐门、赵家的前程，自然不能不听。我从头说一遍吧。
Story/D_7_5_4_2_1_004,居然有人关心赵家前程。
Story/D_7_5_4_2_1_005,不然呢？你又不只是唐门弟子，总要自立吧。
Story/N_7_5_4_2_1_001,一个时辰过后
Story/O_7_5_4_2_1_001,失去意识
Story/D_7_5_4_2_1_006,──综上所述，摸准买家心态，提供商品、市占、定价固然重要，但每个从商的人都知道，每个都在做。那么一笔生意能否真正成交，关键是什么呢？
Story/D_7_5_4_2_1_007,……。
Story/D_7_5_4_2_1_008,关键是什么呢？
Story/D_7_5_4_2_1_009,……。
Story/D_7_5_4_2_1_010,睁着眼睡了是吧？混蛋，你给我醒！
Story/D_7_5_4_2_1_011,咕哇！
Story/D_7_5_4_2_1_012,呵，呃，我是谁？我在哪？
Story/D_7_5_4_2_1_013,……四哥，我耐心告罄了。你要是同意，这笔钱就当我借了，利息按方才你提的那样算，可以吧？
Story/D_7_5_4_2_1_014,可、可以，只要你高抬贵手别打我。
Story/D_7_5_4_2_1_015,呵呵，四哥真爱说笑，你可是金主啊，我哪敢冒犯？你们师兄弟聊吧，我这便去着手安排了。
Story/D_7_5_4_2_1_016,想不到吧？我还活着。
Story/T_7_5_4_2_1_001,我想好了，我这一生一世都不成亲了。
Story/O_7_5_4_2_1_002,醒着
Story/D_7_5_4_2_1_017,──综上所述，摸准买家心态，提供商品、市占、定价固然重要，但每个从商的人都知道，每个都在做。那么一笔生意能否真正成交，关键是什么呢？
Story/D_7_5_4_2_1_018,是信用与人缘。
Story/D_7_5_4_2_1_019,对了，看你一脸呆样，原来有在听啊。
Story/D_7_5_4_2_1_020,必须要有信用与人缘，否则再好的货，买家也觉得你在抬价骗钱。就算你卖得再便宜，也只会遭人轻贱，没人会感激。
Story/D_7_5_4_2_1_021,当然，狡猾的人不乏手段炒作行情，这种人往往崛起得快，殒落也快。
Story/T_7_5_4_2_1_002,这是不是指桑骂槐在说我？
Story/D_7_5_4_2_1_022,因为投机取巧赚快钱亦非长久之道，毕竟生意人人都做，你不懂人情世故得罪了同行，那上下游供货、销售都将处处受挫，人总不会一辈子只作一单生意吧？
Story/T_7_5_4_2_1_003,我自己行脚作小本生意时还不觉得，组建商团就处处受阻，大笔买卖老是谈不下来，恐怕就是我自作自受。
Story/N_7_5_4_2_1_002,又是一个时辰过后
Story/O_7_5_4_2_1_003,昏昏欲睡
Story/D_7_5_4_2_1_023,所以说，要赚大钱，就必须要有组织，花钱请人去做不必你做的工作。你把两手空下来，才有心力综观大局。
Story/D_7_5_4_2_1_024,从一万个穷人手里挣了一文钱，不如从一个富人手里赚十两银子。拿准那位富人的喜好，取信于他，让他看得起，重视你的话语。届时我们便是空口说白话，他也上赶子把钱送来……。
Story/D_7_5_4_2_1_025,……。
Story/D_7_5_4_2_1_026,……。
Story/D_7_5_4_2_1_027,喂！
Story/D_7_5_4_2_1_028,我、我有在听！我醒着！
Story/D_7_5_4_2_1_029,撒谎要下地狱拔舌头的，别瞎说，我都看到你流口水了。
Story/D_7_5_4_2_1_030,好汉饶命！
Story/D_7_5_4_2_1_031,难为你不感兴趣，还能奉陪这么久，我就破例不跟你计较吧。
Story/D_7_5_4_2_1_032,好极，我幸存了。
Story/D_7_5_4_2_1_033,四哥，理论和实行方案我都倾囊相授了。你要是觉得可行，抽成和利息按方才你提的那样算，可以吧？
Story/D_7_5_4_2_1_034,可以，呀～不愧是上官大小姐，眼界就是不一样。跟我这样的行脚商人完全不可同日而语。
Story/D_7_5_4_2_1_035,哪里哪里，四哥不过是为人太过谦虚踏实了，不算坏事。
Story/T_7_5_4_2_1_004,四师兄……谦虚踏实？
Story/D_7_5_4_2_1_036,那我这便去着手安排，你们师兄弟聊吧。
Story/D_7_5_4_2_1_037,赵活，好教你知道我并非不谙世事的深闺千金。等着看我手腕吧。
Story/D_7_5_4_2_1_038,说到底，我还是听不大明白。她是要作什么生意？
Story/D_7_5_4_2_1_039,大生意。你甭管了，你脑浆不够用的。
Story/O_7_5_4_2_1_004,依然清醒
Story/D_7_5_4_2_1_040,所以说，要赚大钱，就必须要有组织，花钱请人去做不必你做的工作。你把两手空下来，才有心力综观大局。
Story/D_7_5_4_2_1_041,从一万个穷人手里挣了一文钱，不如从一个富人手里赚十两银子。拿准那位富人的喜好，取信于他，让他看得起，重视你的话语。届时我们便是空口说白话，他也上赶子把钱送来。
Story/D_7_5_4_2_1_042,也就是说，你说的那挣钱方法，买卖的事物是……根本没有？
Story/D_7_5_4_2_1_043,这不是骗钱吗？
Story/D_7_5_4_2_1_044,眼睛看不到，却非不存在呀。
Story/D_7_5_4_2_1_045,武林盟有朝廷支持，东西武林盟开战，民生必受波及。中原越不太平，商货通路便越受局限，兵荒马乱不仅交易困难，人人身家亦无保障，官府都要自危了，哪有闲情管老百姓？
Story/D_7_5_4_2_1_046,所以我们先去向吕翁等在地富户兜售安心感，承诺他们一旦开战，便派人优先保护该地产业，不受流寇、宵小趁机滋扰。倘若唐门护卫不力，致使该地产业有所损伤，战后加倍赔偿。
Story/D_7_5_4_2_1_047,我们如何赔偿得起？也没有那么多人可以派去保护啊！
Story/D_7_5_4_2_1_048,你傻呀？腿长在你身上，把敌人约到别处去打，不就万事大吉了？宵小想要趁火打劫，一听说哪家哪户是唐门罩的，哪里还敢造次？更不用担心正道侠士去打劫百姓了。
Story/D_7_5_4_2_1_049,哦～这……
Story/D_7_5_4_2_1_050,一本万利已经非同小可，弟妹这招可谓是无本万利啊！高，实在是高哇！
Story/D_7_5_4_2_1_051,这种生意听上去怎么有点缺德？
Story/D_7_5_4_2_1_052,怎么能说缺德呢？我们若不声明保护，要是坏人盯上了吕翁那头肥羊，趁乱宰了怎办？保不定我们又会被栽赃。
Story/D_7_5_4_2_1_053,有点道理。
Story/D_7_5_4_2_1_054,──我怎么没想到还能这样挣钱？这种买卖该怎么称呼，保护费吗？
Story/D_7_5_4_2_1_055,我也没想过，空口说白话也能挣钱。看来我们心肠还是不够黑啊。
Story/D_7_5_4_2_1_056,喂，别说得我好像坏人。我借机牟利不假，可是没说不会回馈乡里啊。
Story/D_7_5_4_2_1_057,受战事影响，官道及邻近村镇的居民、商家不免人心惶惶。我们再不时危言耸听，想搬家的一定大有人在。
Story/D_7_5_4_2_1_058,我们正好打着捍卫乡里的名义，趁机讨价买下来扩建唐家堡。等到局势稳定，再招租或者抬价卖掉。
Story/D_7_5_4_2_1_059,到时乡亲不但不会怨我们，还会感恩戴德。要是他们有怨言，就出钱修一座庙，这招屡试不爽。
Story/T_7_5_4_2_1_005,萤姑娘的心究竟算是黑还是白呢。
Story/D_7_5_4_2_1_060,哈哈哈哈！
Story/D_7_5_4_2_1_061,哈哈哈！
Story/D_7_5_4_2_1_062,哈哈哈！
Story/D_7_5_4_2_1_063,就这样办吧，弟妹。这种信用买卖少不了贵人的金面，要偏劳你了。
Story/D_7_5_4_2_1_064,成。我就先从吕翁开始着手哄骗……说服。你得先给我钱，人要衣装，我得帮唐门弟兄治装，充充场面造势。至于送礼交际、打通关系的重要性，我不说你也清楚吧。
Story/D_7_5_4_2_1_065,没问题。
Story/D_7_5_4_2_1_066,赵活，好教你知道我并非不谙世事的深闺千金。等着看我手腕吧。
Story/D_7_5_4_2_1_067,你不必特别证明什么，我早就知道你的厉害了。
Story/T_7_5_4_2_1_006,我帮沧帮的弟兄安家、减轻唐门负担是一回事，总要替自己挣点嫁妆才体面吧。
Story/D_7_5_4_2_1_068,师弟，你来的正好。
Story/D_7_5_4_2_2_001,事情是这样的，我有个烦恼，正愁呢，刚好听听你意见。
Story/D_7_5_4_2_2_002,请说？
Story/D_7_5_4_2_2_003,我感觉自己太管用了，无论去游说哪派都有很大机会能成。但是嘛，做买卖我在行，战略啥的就一窍不通。你来给点意见，看我该去出使哪一派？
Story/D_7_5_4_2_2_004,你太大看我了，我能出啥主意。
Story/D_7_5_4_2_2_005,你就随意说一个嘛，这样搞砸了我才好赖你。
Story/D_7_5_4_2_2_006,你别乌鸦嘴！
Story/O_7_5_4_2_2_Break_01_001,出使崆峒派
Story/D_7_5_4_2_2_Break_01_001,崆峒派……崆峒派吗。
Story/D_7_5_4_2_2_Break_01_002,好！就这么定了，我去和三师兄请命。
Story/O_7_5_4_2_2_Break_01_002,出使青城派
Story/D_7_5_4_2_2_Break_01_003,……我自己送上门去，会不会被那个申屠龙给干掉啊。
Story/D_7_5_4_2_2_Break_01_004,我不知道，但假如我是申屠龙，我会干掉你。
Story/D_7_5_4_2_2_Break_01_005,那你还叫我去，你是存心要我死吗？我不去了！要去你自己去！
Story/D_7_5_4_2_2_Break_01_006,青城派呀……行。便依你，我去和三师兄请命。
Story/O_7_5_4_2_2_Break_01_003,出使丐帮
Story/D_7_5_4_2_2_Break_01_007,丐帮……我也考虑过。不说整个丐帮，单是大义分舵的话，说不定可以劝到唐门。
Story/D_7_5_4_2_2_Break_01_008,樊兄弟要是可以同行，那把握就多了几分。
Story/D_7_5_4_2_2_Break_01_009,我四师兄不妨去问问他。
Story/D_7_5_4_2_2_Break_01_010,好，我这便去和三师兄请命，去一趟丐帮大义分舵。
Story/O_7_5_4_2_2_Break_01_004,出使峨嵋派
Story/D_7_5_4_2_2_Break_01_011,不去，我会被拒绝。
Story/D_7_5_4_2_2_Break_01_012,你又还没去。
Story/D_7_5_4_2_2_Break_01_013,因为会被拒绝，所以不去。
Story/D_7_5_4_2_2_Break_01_014,你怎么知道？
Story/D_7_5_4_2_2_Break_01_015,因为我生意手段高明。
Story/D_7_5_4_2_2_Break_01_016,看来是得罪过人啊。
Story/O_7_5_4_2_2_Break_01_005,出使各大中小门派
Story/D_7_5_4_2_2_Break_01_017,出使各地中小门派吗？
Story/D_7_5_4_2_2_Break_01_018,也不是不行。但若大帮大派不响应，等武林盟打过来，这些中小门派八成也靠不住，会作鸟兽散吧。这样也无所谓的话，我就去跟三师兄请命了。
Story/O_7_5_4_2_2_Break_01_006,在家待着
Story/D_7_5_4_2_2_Break_01_019,你让我……在家待着？
Story/D_7_5_4_2_2_Break_01_020,师弟，你……人还真好啊。
Story/D_7_5_4_2_2_Break_01_021,恭敬不如从命，就这样办吧！这下我可以心安理得躺着啃甘蔗了，也给你一根。
Story/D_7_5_4_3_001,阿弥陀佛。敢问赵施主，出使各派游说的人选，都已决定了吗？
Story/D_7_5_4_3_002,不全然。
Story/D_7_5_4_3_003,那么，小僧有意毛遂自荐，前往峨嵋。
Story/D_7_5_4_3_004,当真吗？凭法师的佛法修为、名声名望，峨嵋掌门一定迎为座上宾。
Story/D_7_5_4_3_005,峨嵋也信佛，小僧曾到金顶听峨嵋大师开坛说法，与向掌门有数面之缘，想来小僧的言语，他不至于充耳不闻。
Story/D_7_5_4_3_006,法师口若悬河，向掌门要完蛋。
Story/D_7_5_4_3_007,哪有这么严重，小僧又不会把人给骂死。
Story/D_7_5_4_3_008,赵某在此代唐门，多谢法师高义。
Story/D_7_5_4_3_009,高义不敢当，小僧虽是方外之人，这回却不免有点私心。希望能凭微薄功劳，劝唐门往后多积善缘，少造杀业。
Story/D_7_5_4_3_010,你居然还没放弃洗脑唐门。
Story/D_7_5_4_3_011,小僧相信精诚所至，金石为开。既得允可，那么还请赵施主替我向掌门禀报，小僧就此诀行了。
Story/D_7_5_4_3_012,恭送法师。
Story/D_7_5_4_4_1_001,阿活，你在这儿呀，让我好找。
Story/D_7_5_4_4_1_002,你找我有什么吩咐吗？
Story/D_7_5_4_4_1_003,没啥吩咐，我就是打包好要回崆峒去了，跟你说一声。
Story/D_7_5_4_4_1_004,什么说一声，我东西都还没收拾，你等我一下，很快
Story/D_7_5_4_4_1_005,你收拾什么，本梅又没打算带你。
Story/D_7_5_4_4_1_006,你这是什么话，你打算独自回去不成？
Story/D_7_5_4_4_1_007,你是大忙人，唐门都指望你，本梅可不敢耽搁阿活宝贵光阴。我邀请了几位要好的师姐与我同行，一路相互照应。
Story/D_7_5_4_4_1_008,但是……。
Story/D_7_5_4_4_1_009,别担心～我从前讨厌崆峒，是因为金乌上人。那肥猪被宰了，本梅又是崆峒第一掌派夫人，地位跟当朝皇后差不多，谁敢对我不敬？回个娘家而已，用得着紧张兮兮的吗。
Story/D_7_5_4_4_1_010,话是这么说……。
Story/D_7_5_4_4_1_011,……要分别一小段时光了，我不在的时候，你可不能拈花惹草。
Story/D_7_5_4_4_1_012,岂敢。
Story/D_7_5_4_4_1_013,本梅还以为丑的男人会比较安份，谁知道你阿活长本事了，如今这么大能耐，魔爪到处伸，完全不把本梅的刀子放眼里。
Story/D_7_5_4_4_1_014,噫！快把刀子收回去！
Story/D_7_5_4_4_1_015,想是本梅日日都在你身边打转，你就不珍惜了。趁我不在，你最好改过自新，否则本梅回来阉掉你。
Story/D_7_5_4_4_1_016,那你可以带着我去，一路监控我？
Story/D_7_5_4_4_1_017,不要，你这黏人精。你跟去了，我就不好意思狐假虎威了。
Story/D_7_5_4_4_1_018,那你可得早日回来看紧我。
Story/D_7_5_4_4_1_019,好！
Story/D_7_5_4_4_1_020,你家小梅要出去为师门打拼啦，阿活，你保重。
Story/D_7_5_4_4_1_021,好，路上多小心。
Story/N_7_5_4_4_1_001,小梅拉着你衣领，在你唇上浅啄一口，羞红着飞速逃出门去。
Story/D_7_5_4_4_1_022,……。
Story/D_7_5_4_4_2_001,嘿咻。
Story/D_7_5_4_4_2_002,啊，忘了槌子。
Story/D_7_5_4_4_2_003,……敢问竹夫人，这么大包小包的是要去哪儿？
Story/D_7_5_4_4_2_004,我话说在前头，想从我身边逃开，想都别想！别逼我去寻千年玄铁，打成手铐脚镣，任凭你力气再大，也插翅难飞！
Story/D_7_5_4_4_2_005,你想对我怎样啊！
Story/D_7_5_4_4_2_006,我又不是要逃，是要回崆峒搬救兵啊，正要去和你说呢。
Story/D_7_5_4_4_2_007,我要回崆峒搬救兵，正要去和你说呢。
Story/D_7_5_4_4_2_008,哦……你一副要离家出走的样子，害我以为……。
Story/D_7_5_4_4_2_009,莫非你是怕我不回来、在紧张我？
Story/D_7_5_4_4_2_010,这不是当然的吗。
Story/D_7_5_4_4_2_011,我好不容易才有家可归，哪里舍得走。赵郎，你把我放心上，我是既欢喜，又感激。
Story/T_7_5_4_4_2_001,赵郎心底终究有我的位置，虽不知几分是真心、几分是施舍。但我不奢求独占你，像这样卑微的活着，有地方遮风挡雨就满足了。
Story/D_7_5_4_4_2_012,我本来想请你陪我，但转念一想，又觉得唐门少不了你。谁让我的夫君本领这么大呢？
Story/D_7_5_4_4_2_013,过奖了，但我若不陪你，怎能放心。
Story/D_7_5_4_4_2_014,我已经和掌门报备过了，他派几位师姐与我同行，你不必担心。小竹我攀上了掌派人，地位一下子就腾地高了，无人敢对我不敬的。
Story/D_7_5_4_4_2_015,即便是这样……。
Story/D_7_5_4_4_2_016,行了行了～我好不容易派得上用场，能为唐门建功，你别烦我。我堂堂崆峒裂骨魔，这么大力气，老虎都能生撕，你还有什么好啰唆的。
Story/D_7_5_4_4_2_017,说、说得也是……好吧。
Story/D_7_5_4_4_2_018,等我回来，你得使劲儿夸我，否则我可不依。
Story/D_7_5_4_4_2_019,好，一言为定。
Story/D_7_5_4_4_2_020,{size=24}然后你说要给我打的脚镣，也得打好。{/size}{size=24}我乐意让你铐着，哪儿也不去。{/size}
Story/D_7_5_4_4_2_021,我可不是铐上就能善罢干休的。
Story/D_7_5_4_4_2_022,{size=24}坏人。{/size}
Story/D_7_5_4_4_3_001,小菊，在忙吗？
Story/D_7_5_4_4_3_002,郎，你来得正好。妾身正好有事要向你禀报，在那之前，请郎君先说吧。
Story/D_7_5_4_4_3_003,我来找你商量向崆峒求援的的事。
Story/D_7_5_4_4_3_004,呵，妾身想要禀报的，正是此事。
Story/D_7_5_4_4_3_005,请恕妾身僭越，替掌派人代笔知会了丹霞子师兄、崆峒三掌门。方才送出的信鸽其实已是回信，而崆峒来信在此。
Story/D_7_5_4_4_3_006,他们都答应了？太好啦！我一时还在烦恼该怎么开口，没想到你就把事办好了。
Story/D_7_5_4_4_3_007,掌派人的法谕，谁敢不听从呢？妾身不过借用夫君一点威光罢了。
Story/D_7_5_4_4_3_008,不愧是我的贤内助！
Story/D_7_5_4_4_3_009,掌派人过奖了，为君分忧，这是妾身应尽的义务。
Story/D_7_5_4_4_3_010,还这么谦虚……你莫非是完人吗？
Story/D_7_5_4_4_3_011,赵郎，你别太夸我啦。
Story/D_7_5_4_4_3_012,崆峒事情不需赵郎操心，只要你不嫌弃，别的事情也能随时与我参详。
Story/D_7_5_4_4_3_013,好。
Story/D_7_5_4_5_001,好了。
Story/D_7_5_4_5_002,哎唷！
Story/D_7_5_4_5_003,怎么冒冒失失的！
Story/D_7_5_4_5_004,抱歉……虽说我只是普通的进来而已。
Story/D_7_5_4_5_005,……好像是这样，冒失的是我才对，抱歉。
Story/D_7_5_4_5_006,我写好了要致玄功魏掌门的信，正要托人飞雁传书。
Story/D_7_5_4_5_021,哎呀，你不早说，我已经请四师兄去了。
Story/D_7_5_4_5_022,是吗？也无妨，他走陆路，飞雁用飞的，双管齐下不也很好？
Story/D_7_5_4_5_023,那倒是，就是怕飞雁不牢靠，路上给人打下来烤了怎办？
Story/D_7_5_4_5_024,闭嘴，这飞雁是我上官商会调教的，办事比你都牢靠。我用人不疑，鸟也一样，你少在那边讲些不吉利的，当心我揍你！
Story/D_7_5_4_5_007,本来我亲自去一趟更稳，但崆峒太远了，时局也不安稳。与其冒险走一趟，还不如在家。
Story/D_7_5_4_5_008,我可以陪你去。
Story/D_7_5_4_5_009,那更不行，你要认清自己身份。你还当自己是无名小卒吗？给我稳重一点！
Story/D_7_5_4_5_010,是！遵命！
Story/D_7_5_4_5_011,噗哧。
Story/D_7_5_4_5_012,我有那么凶吗？你这样怕会被人笑话，说你没有男子气概。
Story/D_7_5_4_5_013,我天不怕地不怕，就怕老婆。
Story/D_7_5_4_5_014,啐，不正经，天还亮着就说这种轻薄话。
Story/D_7_5_4_5_015,你不可怕，是我心甘情愿听你的话。
Story/D_7_5_4_5_016,喔……。
Story/D_7_5_4_5_017,其实我也不想当个河东狮，只是颐指气使惯了，脾气上来，说话就冲。你不要太往心里去，委婉提醒我一下，我会慢慢收敛的。
Story/T_7_5_4_5_001,萤姑娘真的变了好多啊。
Story/T_7_5_4_5_002,这样沉鱼落雁的一位大家闺秀，居然成了我的伴侣。只要她不嫌弃，我长得难不难看都无所谓了。
Story/D_7_5_4_5_018,答话啊你，不要用那种表情看我，笑得那么龌龊！恶心！
Story/D_7_5_4_5_019,我、我方才说的话，不是真心的。呃……是有点恶心，但没有我说的那么恶心。
Story/D_7_5_4_5_020,喂，对不起啦，不要哭了。
Story/N_7_5_4_5_001,事后上官萤饱受良心煎熬，不知如何赔罪才好，于是偷偷在你口袋放了钱。
Story/D_7_5_4_6_001,师弟，这四封信务必分交至崆峒四位掌门手中。内容虽是一样的，台启却不同，万万不可混淆。
Story/D_7_5_4_6_002,我记住了，信封外边红点的是致书飞天掌门、蓝点是夺魄掌门、绿点是铁拳掌门、黄点是玄功掌门，对吧？
Story/D_7_5_4_6_003,对，有劳你了。
Story/D_7_5_4_6_004,定不辱命，掌门师兄，我动身了！
Story/D_7_5_4_6_005,师兄，回头见了。
Story/D_7_5_4_6_006,一路顺风。
Story/D_7_5_4_6_007,三师兄，我正想来和你商议此事，没想到你就派人出去了。
Story/D_7_5_4_6_008,你曾留学崆峒，本来应该是出使崆峒最佳人选。但是无奈崆峒太远，一去一回，武林盟就该打上门来了。这样紧要关头，你我少了谁都不行。
Story/D_7_5_4_6_009,崆峒太远，又怕路上有什么耽搁，所以我便专断了一回。
Story/D_7_5_4_6_010,说什么专断，你本来就是代掌门啊。反而太过谦虚，容易让人背后说话。
Story/D_7_5_4_6_011,我宁可被人当作优柔寡断，也不想刚愎自用。
Story/D_7_5_4_7_001,唉，青城那边，实在不知派谁去好。要把信丢了就跑倒也不难，但那样压根无济于事。要想与邹掌门深谈，又怕申屠龙那厮出手暗害。
Story/D_7_5_4_7_002,就说我去了……。
Story/D_7_5_4_7_003,不行，我越想越觉得，便你去不得。
Story/D_7_5_4_7_004,如果实在派不出人，只能放弃青城了。本门正在聚集力量，不宜钻牛角尖。
Story/D_7_5_4_7_005,……也只能这样了，总不能因小失大。
Story/D_7_5_4_7_006,师弟，此去青城，万事小心。虽说青城道人修养功夫甚佳，但难保不会碰上特别记恨的。万一苗头不对，至少要明哲保身。
Story/D_7_5_4_7_007,你还不放心我吗三师兄，我可是本门最惜命的款。不必等到苗头不对，人家眉头皱一下我就溜了。
Story/D_7_5_4_7_008,那也溜得太快了。
Story/D_7_5_4_7_009,所以你们最好也别对我抱着太大期望。抱着死马当活马医的心态比较妥当。
Story/D_7_5_4_7_010,真的没问题吗……。
Story/D_7_5_4_7_011,不，这不是显然问题大的很吗？
Story/D_7_5_4_8_001,掌门师兄、赵师兄。我业师守鸿虽然行差踏错，但一生读经诵佛，故江湖人称佛手香。我亦耳濡目染，读过几部佛经。
Story/D_7_5_4_8_002,加之我江湖名声不坏，亦曾随业师上峨嵋金顶，听禅师讲法。由我出使峨嵋，想来再合适不过。
Story/D_7_5_4_8_003,师弟，能否说服向掌门，都指望你了。
Story/D_7_5_4_8_004,是，我一定竭尽所能，晓以大义说服向掌门！
Story/D_7_5_4_8_005,三师兄，你错了，要指望的是我。你莫非忘了吗？本娇从前可是峨嵋弟子，为爱而奔赴的唐门，可谓爱的战士。我办成了这事，恳请三师兄论功行赏，替我赐婚！
Story/D_7_5_4_8_006,师姐，我可是听说了，你对赵活纠缠不休的事。我如今人还在这儿呢，你竟敢大放厥词。
Story/T_7_5_4_8_001,萤姑娘在宣示主权！她真的在意我！
Story/D_7_5_4_8_007,哼，上官小妞儿先别急着吵闹，我才不希罕你那丑八怪郎君。我之前不过是跟他玩玩罢了，还道我动了真心？哈！天真！
Story/D_7_5_4_8_008,咦？
Story/D_7_5_4_8_009,咦？
Story/D_7_5_4_8_010,小师妹你嘟什么嘴儿？又没人要跟你抢这丑八怪。你瞎了眼别当所有人都瞎！我之前不过是跟他玩玩罢了，还道我动了真心？哈！天真！
Story/D_7_5_4_8_011,咦？
Story/D_7_5_4_8_012,师兄不丑。
Story/D_7_5_4_8_013,你别睁眼说瞎话行不？
Story/D_7_5_4_8_154,不行～这个是我的！
Story/D_7_5_4_8_155,谁希罕这种丑陋没人爱的玩意儿？我之前不过是跟他玩玩罢了，还道我动了真心？哈！天真！
Story/D_7_5_4_8_156,咦？
Story/D_7_5_4_8_157,收回你的话！哥哥丑，但是有人爱！我哥哥爱他！
Story/D_7_5_4_8_158,咦？
Story/D_7_5_4_8_159,你不要乱讲！
Story/D_7_5_4_8_160,我哪有？手足之爱、同门之爱，不也是爱吗？
Story/D_7_5_4_8_161,原来是这样，裳儿说的不错。
Story/D_7_5_4_8_162,{size=24}然后人家对你，跟你对我的一样喔。{/size}
Story/D_7_5_4_8_014,万万不可！
Story/D_7_5_4_8_015,哼，不可个屁，我与我小亲亲亲亲关你屁事。
Story/D_7_5_4_8_016,这～才是我唐娇娇的新宠儿，最适合我的坐骑。
Story/D_7_5_4_8_017,师姐……别说什么坐骑，太不雅了。
Story/D_7_5_4_8_018,……师弟，借一步说话。
Story/D_7_5_4_8_019,不借。
Story/D_7_5_4_8_020,掌门师兄，我和娇娇师姐是两情相悦的。虽说她确实强硬了点，但我没受胁迫，是心甘情愿的。
Story/D_7_5_4_8_021,{size=50}哈──？！{/size}
Story/D_7_5_4_8_022,毕竟出过从前那事，我刚来唐门那会儿，师兄弟们对我成见颇深。无论我作什么，都当我是别有用心。只有师姐对我敞开心扉。
Story/D_7_5_4_8_023,对，只有我。
Story/D_7_5_4_8_024,后来我随大师兄前往卧云岗赴约，遭受袭击身受重伤。大师兄救了我的命，但我挫折的不止身体，还有斗志。是师姐找到了我，不住激励、鼓舞我。
Story/D_7_5_4_8_025,对，用我独门的波动气功。
Story/D_7_5_4_8_026,于是……你们就成了？
Story/D_7_5_4_8_027,还没，中间还有一番亡命追逐，但是无奈我轻功不行……。总之没错，最后就变成这样了。
Story/D_7_5_4_8_028,胜利的果实总是多汁又甜美，滋味硬是要得。
Story/D_7_5_4_8_029,走！我带你领略峨嵋山的名胜美景！
Story/D_7_5_4_8_030,游说峨嵋派的使命，就交给我们吧。
Story/D_7_5_4_8_031,……。
Story/D_7_5_4_8_032,……。
Story/D_7_5_4_8_033,……。
Story/T_7_5_4_8_002,我可没资格笑话他们，我看上赵活，旁人八成也觉得奇怪。
Story/D_7_5_4_8_034,你们怎么了？他们在一块儿不好吗？
Story/D_7_5_4_8_035,不，也不是不好，就是感觉很微妙。
Story/T_7_5_4_8_003,旁人看你们俩，感想也差不多。
Story/N_7_5_4_8_001,唐衫与唐娇娇成了唐门侠侣，携手去访峨嵋山。峨嵋弟子对唐衫出乎意料的热情，嘘寒问暖，亲切到令人毛骨耸然。
Story/D_7_5_4_8_036,师弟，我势不可免，得亲自去一趟峨嵋。
Story/O_7_5_4_8_001,带在身上
Story/T_7_5_4_8_004,掌门将信物交托予我，委任我唐升代掌唐门。这块令牌便是唐门家长的象征，我要带在身上警醒自己。便是拚了老命，也不能堕了唐门的威风！
Story/D_7_5_4_8_037,三师兄一副视死如归的表情……。你不是去游说谈判的吗？你该不会想独自杀上峨嵋山，干掉向掌门吧？
Story/D_7_5_4_8_038,哪有可能！你别乱说！
Story/D_7_5_4_8_039,三师兄，一路顺风！
Story/D_7_5_4_8_040,三师兄，你要早日回来。
Story/D_7_5_4_8_041,好，此去又不远，便是慢慢走，至多五到七日就能往返。
Story/D_7_5_4_8_042,那七天你没回来，我们去接你。
Story/D_7_5_4_8_043,你要来接我？
Story/D_7_5_4_8_044,嗯，唐门全部人一起去迎接你。
Story/D_7_5_4_8_045,可不敢这般劳师动众，那我得要抓紧时间，早去早回。
Story/D_7_5_4_8_046,拍拍，平安，健康，一路顺风。
Story/D_7_5_4_8_047,哈哈，好，我出门去了，你们都别送了。师弟，小师妹，我不在的时候，师门要你们多操心了。
Story/D_7_5_4_8_048,没问题。唐门弟子赵活，恭送掌门出行。
Story/D_7_5_4_8_049,唐门弟子唐默铃，恭送掌门出行。
Story/D_7_5_4_8_050,爷爷路上小心，回来记得给我买纪念品。
Story/D_7_5_4_8_051,好，我到了峨嵋山市集，看看有什么新奇小玩意儿，便给你买回来。
Story/D_7_5_4_8_052,耶咿！谢谢爷爷～爷爷最好了！
Story/D_7_5_4_8_053,呵呵，那当然，你在家别乱跑，我很快就回来。
Story/D_7_5_4_8_054,好！我去玩了！
Story/D_7_5_4_8_055,……。
Story/D_7_5_4_8_056,……。
Story/D_7_5_4_8_057,不对，我啥时就真变她爷爷了？
Story/D_7_5_4_8_058,也不坏，不是吗？
Story/D_7_5_4_8_059,……是啊，感觉还不坏。
Story/D_7_5_4_8_060,就是辈份乱了点。
Story/D_7_5_4_8_061,沾上这小魔星，乱的何止辈份。行了，回头再聊，我出门的时候，师门要你多操心了。
Story/D_7_5_4_8_062,没问题。唐门弟子赵活，恭送掌门出行。
Story/D_7_5_4_8_063,我出门的时候，师门要你多操心了。
Story/D_7_5_4_8_064,交给我吧。
Story/D_7_5_4_8_065,唐门弟子赵活，恭送掌门出行。
Story/O_7_5_4_8_002,暂时交给你
Story/D_7_5_4_8_066,三师兄，这事物如此重要，你怎能轻易交到我这外姓人手上。
Story/D_7_5_4_8_067,正是因为重要，只能交你保管。
Story/D_7_5_4_8_068,此言差矣，小师妹不比我更可靠吗？
Story/D_7_5_4_8_069,我来拿？
Story/D_7_5_4_8_070,说的也是，我一时忘了。小师妹可是我们唐家嫡亲血脉，执掌令牌再合适不过了。
Story/D_7_5_4_8_071,崆峒、锦香宫都有女掌门、女宫主了。小师妹，你要不要考虑就此接掌唐门？
Story/D_7_5_4_8_072,才不要。
Story/D_7_5_4_8_073,拒绝的真爽快……。
Story/D_7_5_4_8_074,那不然等你年长几岁，再重新考虑三师兄的提议如何？
Story/D_7_5_4_8_075,也不要。
Story/D_7_5_4_8_076,好吧。
Story/D_7_5_4_8_077,哈哈哈！你看看你！
Story/D_7_5_4_8_078,你是逃不了的。
Story/D_7_5_4_8_079,那我出门去了，你们都别送了。师弟，小师妹，我不在的时候，师门要你们多操心了。
Story/D_7_5_4_8_080,没问题。唐门弟子赵活，恭送掌门出行。
Story/D_7_5_4_8_081,唐门弟子唐默铃，恭送掌门出行。
Story/D_7_5_4_8_082,爷爷，你可以交给我保管的嘛。我一定保管得很好，还会帮它刻一些小花、小猫。
Story/D_7_5_4_8_083,拜托你了，摧残师弟就好，放过掌门令牌吧！
Story/D_7_5_4_8_084,不要嘛，哥哥太迟钝了，他到现在还没发现我把他乳头涂黑了，我闹他这种笨蛋还有什么乐趣？
Story/D_7_5_4_8_085,什么？
Story/N_7_5_4_8_002,你拉开襟口一看。
Story/D_7_5_4_8_086,还真的！你什么时候下的手！
Story/D_7_5_4_8_087,不告诉你的说～
Story/D_7_5_4_8_088,习武之人，警戒之心必强，风吹草动都感应得到才对。
Story/D_7_5_4_8_089,是啊，应该是这样的啊……我也没感觉被下药啊。她是怎么办到的？
Story/N_7_5_4_8_003,你百思不得其解，越想越骇然。然而真相很简单，在你单衣内侧涂碳，你穿上去活动一阵子，乳头就黑了。
Story/D_7_5_4_8_090,你慢慢想吧，我出门去了。我不在的时候，师门要你多操心了。
Story/D_7_5_4_8_091,没问题。唐门弟子赵活，恭送掌门出行。
Story/D_7_5_4_8_092,……我事先说好，暂时代你保管可以。你可别想把这烂摊子甩给我喔。
Story/D_7_5_4_8_093,瞧你说的……怎么能说唐门是烂摊子呢……。
Story/D_7_5_4_8_094,……。
Story/D_7_5_4_8_095,……好吧，还真是烂摊子，我亦无话可说。
Story/D_7_5_4_8_096,……我事先说好，暂时代你保管可以。掌门将家业嘱托于你，你可别想溜之大吉喔。
Story/D_7_5_4_8_097,这令牌可谓是烫手山芋，足有一座山这么重。我这把老骨头给压得喘不过气来，搁你那儿几天，让我缓缓。
Story/D_7_5_4_8_098,我至多充充样子，可不敢发号什么施令。久了就怕露馅，被人发现我们外强中干，没了主心骨。三师兄，你可得快点回来呀。
Story/D_7_5_4_8_099,我尽量。
Story/D_7_5_4_8_100,唐门弟子赵活，恭送掌门出行。
Story/O_7_5_4_8_003,隐藏住了
Story/D_7_5_4_8_101,三师兄，你安心出门吧，唐门就包在我身上了！我赵活誓死捍卫师门！绝不辜负你的信赖！
Story/D_7_5_4_8_102,咦，啊，好。那就拜托你了。
Story/D_7_5_4_8_103,唐门弟子赵活，恭送掌门出行。
Story/D_7_5_4_8_104,……那我出发了。
Story/T_7_5_4_8_005,总有不祥的预感。
Story/D_7_5_4_8_105,哼……！
Story/D_7_5_4_8_106,哼哼哼哈哈！
Story/T_7_5_4_8_006,我隐忍多年，终于把掌门令牌纳入掌中了！这可是二师兄盼也盼不来的掌门令牌呀！从现在开始，唐门我说了算！
Story/D_7_5_4_8_107,小师妹！这可是掌门令牌！看见了吧！
Story/D_7_5_4_8_108,看见了。
Story/D_7_5_4_8_109,手持令牌，就是掌门。你对本门的新任掌门就没什么要说的吗？
Story/D_7_5_4_8_110,……呃。
Story/D_7_5_4_8_111,有提示吗？
Story/D_7_5_4_8_112,又不是考你。
Story/D_7_5_4_8_113,师兄，你当了掌门，是不是会更忙？我爹、三师兄都日日埋首案牍，以后我还能跟着你吗？
Story/D_7_5_4_8_114,当然可以，我求之不得。
Story/D_7_5_4_8_115,可是门中很多事务，我怕妨碍你。我还是……我还是走吧。
Story/D_7_5_4_8_116,哎唷，我说笑的呢，我只是帮三师兄保管。其实我怎么做得来掌门呢？你别走，别走。
Story/D_7_5_4_8_117,云裳！这可是掌门令牌！看见了吧！
Story/D_7_5_4_8_118,哇！哇！见令牌如见掌门，哥哥当上掌门了！
Story/D_7_5_4_8_119,没错，哼哼哼……！
Story/D_7_5_4_8_120,哼哼哼～！
Story/D_7_5_4_8_121,哈哈哈哈！
Story/D_7_5_4_8_122,哈哈哈哈！
Story/D_7_5_4_8_123,走，我们兴风作浪去！
Story/D_7_5_4_8_124,我要狐假虎威！
Story/O_7_5_4_8_004,暴露出来了
Story/D_7_5_4_8_125,哈……！
Story/D_7_5_4_8_126,哈哈哈哈哈！
Story/D_7_5_4_8_127,我隐忍多年，终于把掌门令牌纳入掌中了！这可是二师兄盼也盼不来的掌门令牌呀！从现在开始，唐门我说了算！
Story/D_7_5_4_8_128,师弟，你……。
Story/D_7_5_4_8_129,小师妹，我以代掌门身份，命令你立刻嫁给我！！
Story/D_7_5_4_8_130,哪有这样的。
Story/D_7_5_4_8_131,云裳，我以代掌门身份，命令你立刻嫁给我！！
Story/D_7_5_4_8_132,啊呜～可怜如我，要是不听话的话，就要被坏哥哥赶出唐门了。那我只好乖乖从命了，是吗？
Story/D_7_5_4_8_133,首先向师弟妹们强制征收学费！然后我要下山买一匹蜀锦，命令师妹们帮我连夜缝制新衣！对了，我还要买一匹马，又漂亮又跑得快！
Story/D_7_5_4_8_134,令牌还来！
Story/D_7_5_4_8_135,对嘛，你自己收着就好，干嘛给我，多危险啊。
Story/T_7_5_4_8_007,这人是那种登基以后突然变成暴君的类型。我往后可得千万提防着他。
Story/D_7_5_4_8_136,放心，你不必把令牌交我，我也会胡乱发号施令。唐门就交给我吧。
Story/D_7_5_4_8_137,真是的。
Story/D_7_5_4_8_138,唐门弟子赵活，恭送掌门出行。
Story/D_7_5_4_8_139,唐门弟子唐默铃，恭送掌门出行。
Story/D_7_5_4_8_140,爷爷早去早回喔！要带礼物回来给我喔！
Story/D_7_5_4_8_141,好久不曾出远门了。要不是身负重任，游山玩水一番倒也不坏。
Story/D_7_5_4_8_142,哼哼哼，掌门师兄，你要去峨嵋派，怎么没想到我？
Story/D_7_5_4_8_143,谁？是谁？
Story/D_7_5_4_8_144,是我！狄傲哒！
Story/D_7_5_4_8_145,是你……！
Story/D_7_5_4_8_146,没错，是我。原名狄傲，拜入唐门后改宗姓唐，顺便改名为娇娇的狄傲哒！
Story/D_7_5_4_8_147,师妹，你等在道中，可是有话想对我说？
Story/D_7_5_4_8_148,三师兄，你莫非忘了吗？本娇从前可是峨嵋弟子，为爱而奔赴的唐门。
Story/D_7_5_4_8_149,如今唐门有我能够出力的地方，以我唐娇娇狄傲的尊严、骄傲，岂能置身事外！带我一起去峨嵋！
Story/D_7_5_4_8_150,原来是为了这个……师妹，你的意思我明白了。那你便与我同行，一块儿上峨嵋吧。
Story/D_7_5_4_8_151,好！
Story/D_7_5_4_8_152,哼哼哼……等我办成了这事，就请三师兄论功行赏，替我赐婚！到时看我怎么蹂躏那个赵活！
Story/N_7_5_4_8_004,之后在你和叶云裳一番胡天胡地之后，唐门债务变多了。
Story/D_7_5_4_8_153,啊、啊呜～！别、别打了！要裂掉了！哥哥，你去打赵哥哥的屁股啊！别专找我的麻烦！啊呜！哥哥救命啊！我哥哥在谋杀！啊呃嗯－－！
Story/N_7_5_4_8_005,但是叶云裳尝到了恶果，被她亲哥打到屁股骨折，因此记恨上了你。
Story/D_7_5_4_9_001,喂，别在人家床位上抠脚啊。
Story/D_7_5_4_9_002,我方才好像听见赵师兄的声音，叫你不要抠脚。
Story/D_7_5_4_9_003,我怎么不能抠脚了？我怎么不能抠脚了？赵师兄长这么恶心，我还不是看他有用处的份上忍他很久！做人要互相，不要这么自私好不好！
Story/D_7_5_4_9_004,你拉我来这儿做甚？
Story/D_7_5_4_9_005,别离悬崖太近，我看了就心慌。
Story/D_7_5_4_9_006,好。
Story/D_7_5_4_9_007,我要和你谈钱的事，用以收买沧帮。
Story/D_7_5_4_9_008,哦。
Story/D_7_5_4_9_009,我也不瞒你，这回打算做的买卖，是安心买卖。
Story/D_7_5_4_9_010,安心也能买卖？
Story/D_7_5_4_9_011,是不是我到花月楼玩耍，玩得提心吊胆，这时只消给你一点钱，你便气消，我便安心了？
Story/D_7_5_4_9_012,对，等我打死了你，我自然就气消了。那钱我会给你安置棺材。
Story/D_7_5_4_9_013,大爷饶命！我不去了！我就是说笑！
Story/D_7_5_4_9_014,我有这么好看的未婚妻子，别说烟花女子了，谁我也不屑一顾。
Story/D_7_5_4_9_015,油嘴滑舌的……比我更美的女子多如过江之鲫好吗。等我色衰爱弛了，你就变心了。
Story/D_7_5_4_9_016,我不用老就色衰了，你爱驰了吗？
Story/D_7_5_4_9_017,我又不是看中你皮囊。
Story/D_7_5_4_9_018,我也不是。
Story/D_7_5_4_9_019,不全然是，当然你的皮囊我也馋得很。
Story/D_7_5_4_9_020,……跟我说干嘛，你身为男子，去和三哥商议良辰吉时啊。
Story/D_7_5_4_9_021,安心买卖不是那个意思，这词是我想的。
Story/D_7_5_4_9_022,这词是我想的。
Story/D_7_5_4_9_023,你想啊，武林盟有朝廷支持，东西武林盟开战，民生必受波及。中原越不太平，商货通路便越受局限，兵荒马乱不仅交易困难，人人身家亦无保障，官府都要自危了，哪有闲情管老百姓？
Story/D_7_5_4_9_024,所以我们先去向吕翁等在地富户兜售信用，承诺他们一旦开战，便派人优先保护该地产业，不受流寇、宵小趁机滋扰。倘若唐门护卫不力，致使该地产业有所损伤，战后加倍赔偿。
Story/D_7_5_4_9_025,然而实际上武林盟名面上还是正派侠士，根本不会对百姓出手。我们至多派两三个人过去防范有人趁火打劫就够了。
Story/D_7_5_4_9_026,哦～这……
Story/D_7_5_4_9_027,这种生意听上去怎么有点缺德？
Story/D_7_5_4_9_028,哪会？所以我说的不是安全买卖，而是安心买卖呀。根本童叟无欺，哪里缺德？
Story/D_7_5_4_9_029,你不知道，人在惶恐不安的时候就像溺水一样，这份安心千金难买呀。
Story/D_7_5_4_9_030,好像又有点道理。
Story/T_7_5_4_9_001,就像你对我夸下的海口，宛如救命绳一样，将我系在这片土地上。便是因为有你，我才想到这种生意的。
Story/D_7_5_4_9_031,──我怎么没想到还能这样挣钱？这种买卖该怎么称呼，保护费吗？
Story/D_7_5_4_9_032,喂，别说得我好像坏人。我借机牟利不假，可是没说不会回馈乡里啊。
Story/D_7_5_4_9_033,受战事影响，官道及邻近村镇的居民、商家不免人心惶惶。我们再不时危言耸听，想搬家的一定大有人在。
Story/D_7_5_4_9_034,我们正好打着捍卫乡里的名义，趁机讨价买下来扩建唐家堡。等到局势稳定，再招租或者抬价卖掉。
Story/D_7_5_4_9_035,到时乡亲不但不会怨我们，还会感恩戴德。要是他们有怨言，就出钱修一座庙，这招屡试不爽。
Story/T_7_5_4_9_002,萤姑娘的心究竟算是黑还是白呢。
Story/D_7_5_4_9_036,你干嘛那种表情……你真觉得不妥，我再想法子便是了。
Story/D_7_5_4_9_037,哈哈哈哈！
Story/D_7_5_4_9_038,哈哈哈！
Story/O_7_5_4_9_1_001,贡献你的积蓄
Story/D_7_5_4_9_1_001,我这里有些积蓄，也许只是杯水车薪。你先拿着看够不够，还欠多少，我再设法帮你挣来。
Story/D_7_5_4_9_1_002,你个人的积蓄，哪够──
Story/D_7_5_4_9_1_003,你、你怎么能有这么多钱？
Story/D_7_5_4_9_1_004,当然是我省吃俭用，一点一点慢慢存的，够吗？
Story/D_7_5_4_9_1_005,够了！我掂了掂，约有三十两银子吧？我这身衣饰、首饰要显得体面，不能卖，但还有一些碎银在身上。这买卖一定能成。
Story/D_7_5_4_9_1_006,我只是要给师兄弟们治装充门面、送礼交际打通关系的。好说服吕翁和在地商户，用不了更多。
Story/D_7_5_4_9_1_007,放手去干吧。
Story/D_7_5_4_9_1_008,事情都还没着手进行，可是像这样得到你的支持，就足以让人欣慰。这是怎么一回事呢？感觉真好。
Story/D_7_5_4_9_1_009,赵……赵郎，谢谢你信赖我，萤儿一定不会让你失望的。
Story/D_7_5_4_9_1_010,你个人的积蓄，哪里够用呢？给师兄弟们治装冲门面、送礼交际都要花钱啊。没有一点排场，如何取信吕翁和在地商户？
Story/D_7_5_4_9_1_011,那该怎么办？
Story/D_7_5_4_9_1_012,你能不能……替我向三师兄请款，或者说服师兄弟们一人出一点钱？
Story/O_7_5_4_9_1_002,向三师兄请款
Story/D_7_5_4_9_1_013,你等着，这也是跟唐门存亡息息相关的事，不能由你一人操心。我去和三师兄谈谈。
Story/D_7_5_4_9_1_014,我也去。
Story/D_7_5_4_9_1_015,不，你性子太急，去了一定喋喋不休。你越急，三师兄越难放心。
Story/D_7_5_4_9_1_016,你性子就不急吗？
Story/D_7_5_4_9_1_017,我哪儿急了？总比你好吧。
Story/D_7_5_4_9_1_018,你看你看你！说你一句就不高兴。
Story/D_7_5_4_9_1_019,我哪有不高兴，你才不高兴。
Story/D_7_5_4_9_1_020,……。
Story/D_7_5_4_9_1_021,……。
Story/D_7_5_4_9_1_022,噗哧，这下糟了，我们好像是半斤八两。
Story/D_7_5_4_9_1_023,唉，还真是，不是一路人，走不到一起。
Story/D_7_5_4_9_1_024,行，你不让我跟，那我就在这等你好消息吧，别搞砸了喔。
Story/D_7_5_4_9_1_025,别小看我，我哪会搞砸。
Story/D_7_5_4_9_1_026,……一针见血。
Story/D_7_5_4_9_1_027,那我就在这儿等你消息吧。
Story/D_7_5_4_9_1_028,我尽力而为。
Story/N_7_5_4_9_1_001,一个时辰过后
Story/D_7_5_4_9_1_029,……好慢啊，会不会是谈不拢呢？唉，都怪我，从前一心一意为了上官世家，透支了唐门对我的信任。如今让我住这儿，已经算是格外包容了。
Story/D_7_5_4_9_1_030,我回来了。
Story/D_7_5_4_9_1_031,我不是让你别靠崖边那么近吗？给我过来！
Story/D_7_5_4_9_1_032,好凶，我过去就是了。
Story/D_7_5_4_9_1_033,抱歉，我见你在悬崖边上，情不自禁就紧张。你说你胆子怎么就这么大？万一突然风大一刮，如何是好？
Story/D_7_5_4_9_1_034,我虽远不及你，好歹有一点身手的，还能摔下去不成？瞎操心。
Story/D_7_5_4_9_1_035,太慢了！
Story/D_7_5_4_9_1_036,三哥怎么说？
Story/O_7_5_4_9_1_003,不给就是不给
Story/D_7_5_4_9_1_037,他不给就是不给。
Story/D_7_5_4_9_1_038,唉，我想也是，辛苦你跑这一趟，得另外想办法了。
Story/N_7_5_4_9_1_002,说是这么说，她面上却难掩失望。
Story/O_7_5_4_9_1_004,成了
Story/D_7_5_4_9_1_039,成了，你稍晚写成书面，给我署名之后，让三师兄批阅，钱就拨下来了。
Story/D_7_5_4_9_1_040,署名你吗？你用自己的名义担保？
Story/D_7_5_4_9_1_041,不然三师兄怎么能轻易妥协呢？
Story/D_7_5_4_9_1_042,你傻了不成！我没告诉过你吗？做啥都好，就是不能替人担保，万一我拿钱跑了怎办？
Story/D_7_5_4_9_1_043,我会追上你，让你付出代价，欠债肉偿。
Story/D_7_5_4_9_1_044,那这样你还是亏呀。我本就是你的人，卷你的款还是你的人。
Story/D_7_5_4_9_1_045,噢……还真是。
Story/D_7_5_4_9_1_046,傻子。
Story/D_7_5_4_9_1_047,我看你不像啊，难道你觉得我看错人了？
Story/D_7_5_4_9_1_048,我自然不会卷款就跑，但你今日信我，改日可能会对其他人心软。你信得过其他朋友，我却未必信得过，你替人担保，难免要挨我拳头！
Story/D_7_5_4_9_1_049,等发生了你再揍我不迟。
Story/D_7_5_4_9_1_050,欠揍！
Story/D_7_5_4_9_1_051,呃啊！又还没发生！
Story/D_7_5_4_9_1_052,我这拳是教训你嘻皮笑脸。
Story/D_7_5_4_9_1_053,真严厉……。
Story/D_7_5_4_9_1_054,不过，多亏了你，看来此事能有善解之法。我代沧帮的弟兄感谢赵大侠的大德。
Story/D_7_5_4_9_1_055,我只是担保而已，剩下的要靠你了。
Story/D_7_5_4_9_1_056,包在我身上。
Story/O_7_5_4_9_1_005,向师兄弟募捐
Story/D_7_5_4_9_1_057,不如问师弟妹们募捐筹款吧。
Story/D_7_5_4_9_1_058,这是最不好的法子，非不得已才为之。否则师兄弟一定觉得我胳膊向外弯，拿他们的钱财去替沧帮弟兄安家，那大家情何以堪？我以后逢人就得低声下气，哪里受得。
Story/O_7_5_4_9_1_006,还是算了吧
Story/D_7_5_4_9_1_059,不如还是算了吧，他们不远千里从东海打过来，我们全力奉陪，也算诚意十足。
Story/D_7_5_4_9_1_060,但是他们未必想来啊，不过是为了讨生活而已。他们要养家活口，很多弟兄随我走南闯北，没有功劳也有苦劳。
Story/D_7_5_4_9_1_061,为了笼络他们替我卖命，那些弟兄的妻子、小孩我都牢牢记得。逢年过节去关心慰劳，夸下海口会保他们衣食无忧。要是他们在战乱中死去，那些眷属如何是好？他们都是我招来的呀。
Story/D_7_5_4_9_1_062,你没有不守信用，只是他们已经不归你管了。
Story/D_7_5_4_9_1_063,但是……！
Story/D_7_5_4_9_1_064,萤姑娘，唐门自身都难保了，再怎么好心也没有先顾他人温饱的道理。
Story/D_7_5_4_9_1_065,……。
Story/D_7_5_4_9_1_066,说的……也是。
Story/D_7_5_4_9_1_067,抱歉呢，说了任性的话。你去忙吧，别理我了，我自己静一静就好。
Story/D_7_5_4_9_1_068,萤姑娘。
Story/D_7_5_4_9_1_069,一下就好……我想自己……待一下。
Story/D_7_5_4_9_1_070,好吧……风大，你别待太久，我在稍远的地方看着你。
Story/N_7_5_4_9_1_003,沧帮学武是为抵御白鲨帮海贼，是否算得上江湖人都难讲，却被卷入江湖纷争，可能客死异乡。追根究底是她招来的人，她对这些人总是心怀歉疚。
Story/O_7_5_4_9_1_007,为了化敌为友，不得不厚着脸皮
Story/D_7_5_4_9_1_071,这毕竟不只是你的良心问题，也和本门存亡息息相关。大家不出钱就得出力，还是一样的道理。
Story/D_7_5_4_9_1_072,我去和他们谈谈吧。
Story/D_7_5_4_9_1_073,好吧……。
Story/N_7_5_4_9_1_004,经过你一番苦口婆心劝说……。
Story/O_7_5_4_9_1_008,想要我的钱，我先要你的命！
Story/O_7_5_4_9_1_009,不情不愿的交钱
Story/N_7_5_4_9_1_005,在你的游说下，师弟妹们最终不情不愿的交了钱。三师兄见此，终于松口，动用门派资产将不足的份补上。
Story/D_7_5_4_9_1_074,谢谢……他们没有说什么吗？
Story/D_7_5_4_9_1_075,一切尽在不言中。
Story/D_7_5_4_9_1_076,唉，这钱我会还的，加上利息，届时大家就不那么气恼我们了。
Story/O_7_5_4_9_1_010,万众一心
Story/N_7_5_4_9_1_006,师兄弟们都嫌你见外。唐门是大家的归宿，有钱出钱、有力出力，哪有二话可言？三师兄闻知此事，大受感动，终于点头动用门派资产，将不足的份补上。
Story/D_7_5_4_9_1_077,真的吗？瞧不出你还真有人望。
Story/D_7_5_4_9_1_078,我也料不到大家这么好说话，从小被揍到大，我都不太敢开口。
Story/T_7_5_4_9_1_001,我还怕赵活没有身为师兄的担当，结果是我想岔了。领袖也有各式各样的啊。
Story/O_7_5_4_9_1_011,闭嘴你这败家娘们
Story/O_7_5_4_9_1_012,解锁条件：［心上人］不是［上官萤］且［修养］为［暴躁］以下
Story/D_7_5_4_9_1_079,闭嘴，你个败家娘们！
Story/D_7_5_4_9_1_080,你再讲一遍！
Story/D_7_5_4_9_1_081,闭嘴，你个败家娘们！你怎不想想自己的处境，别忘了你从前怎么对付唐门的，多少人在指指点点，我为了护你，也没少被人说闲话！
Story/D_7_5_4_9_1_082,我都已经快烦死了，你还一直闹！
Story/D_7_5_4_9_1_083,我是说，那个，你这样有点不太好。毕竟那啥，唐门师兄弟都还记着从前的，你一来就要钱去接济唐门敌手，总是说不过去。
Story/N_7_5_4_9_2_001,你自知理亏，虚应故事，让师弟妹们揍了一顿消气。他们打了人，把钱掷你身上，当作给你看大夫的医药费。
Story/D_7_5_4_9_2_001,我回来了。
Story/D_7_5_4_9_2_002,你、你怎么被打成这样？
Story/D_7_5_4_9_2_003,别问了，这些钱你拿着，这可是我的血汗钱。
Story/D_7_5_4_9_2_004,……疼吗？不，我问得笨了，一定很疼吧。对不住……为了我的任性，害你吃这样的苦。
Story/N_7_5_4_9_2_002,上官萤取出自己香帕，替你擦拭血迹，泪珠在眼眶里打转，显是心痛不已。
Story/D_7_5_4_9_2_005,没事儿，这些家伙的三脚猫功夫，哪里打得痛我？都是皮肉伤罢了，还不及你拳头有劲。
Story/D_7_5_4_9_2_006,你还有心情说笑，唉。
Story/D_7_5_4_9_2_007,……我从商之时没少和江湖草莽打交道，以为所谓大侠只是社交辞令。那些人无一个不是好勇斗狠，又死要面子。今日才知道真正的大侠不是一定要赢。
Story/D_7_5_4_9_2_008,赵大侠，小女子上官萤，谢你高义成全。令我可以兑现昔日承诺，不做背信弃义之人。我向你发誓，一定全力劝退沧帮，使他们不与唐门为难。
Story/D_7_5_4_9_2_009,比起这个，你发誓不会将我始乱终弃，我还比较欢喜。
Story/D_7_5_4_9_2_010,……皇天在上，后土在下，我上官萤发誓不会对赵活始乱终弃。若违此誓，天打雷劈。
Story/D_7_5_4_9_2_011,你……你来真的？
Story/D_7_5_4_9_2_012,是啊，你还不知道我吗？我从始至终都很认真。你只要不变心，我跟了你，那便生死不渝。
Story/D_7_5_4_9_2_013,话说你伤势真不要紧吗？要不我们去炼丹房，我替你擦药吧。
Story/D_7_5_4_9_2_014,不用了，你这样待我，便是胳膊断了，好像都能长回来。
Story/D_7_5_4_9_2_015,又说傻话。
Story/D_7_5_4_9_2_016,好，那就拜托你了。
Story/D_7_5_4_9_2_017,那我这便去张罗了，不可免要借几个人走，你们就等我好消息吧。
Story/N_7_5_4_9_2_003,你打了师弟妹们，抢走了他们的钱，大家恨你，只是敢怒不敢言。
Story/D_7_5_4_9_2_018,你说真的？
Story/D_7_5_4_9_2_019,真的啊，我就这样把他们打了一顿，让他们乖乖把钱交出来。这事情也没多难嘛。
Story/D_7_5_4_9_2_020,你这个蠢材！这不是让大家更讨厌我们了吗？
Story/D_7_5_4_9_2_021,我以前也没少被师兄打、被师兄抢钱啊。
Story/D_7_5_4_9_2_022,你被抢钱时难道很高兴？难道不曾咒骂你师兄强盗土匪？你要变成那种人吗？
Story/D_7_5_4_9_2_023,你劝得太慢了，土匪这行，我从业好久了。
Story/D_7_5_4_9_2_024,亏你还有脸说，你要抢，也不能抢自家兄弟啊。
Story/D_7_5_4_9_2_025,呃……。
Story/D_7_5_4_9_2_026,唉，说来都是为了我。没办法，等到挣钱了再拿去还，届时还得加上利息买回人心。
Story/D_7_5_4_9_3_001,别打了。
Story/D_7_5_4_9_3_002,你耍我是吧！武功好了不起吗？看拳！
Story/D_7_5_4_9_3_003,啊唷，这一下跌得不轻，摔疼了吗？
Story/D_7_5_4_9_3_004,不要你来假好心！一下对我口出恶言，一下又假惺惺，你有病是吧！
Story/D_7_5_4_9_3_005,这下冷静一点了吧？
Story/D_7_5_4_9_3_006,你欺负我……你花钱巧语骗我跟你到唐门，却这样对待我，你这死没良心的！南宫深、刘颚都没你恶毒！
Story/D_7_5_4_9_3_007,我真是瞎了眼，才会相信你的鬼话！我恨你！
Story/D_7_5_4_9_3_008,唉……烦死了，小师妹就不像她脾气这么坏。
Story/D_7_5_4_9_3_009,算了，不理她，她事到如今还能去哪？打从她随我回到唐门那一日起，她就没地方可以去了。
Story/N_7_5_4_9_3_001,你显然小看了上官萤，她回房哭了一场，暗下决心，翌日清晨就独自下山去了。
Story/N_7_5_4_9_3_002,你整日不见她人影，渐渐着急起来，这才下山去打听她的消息。
Story/D_7_5_4_9_3_010,……。
Story/N_7_5_4_9_3_003,上官萤气恼你，有意躲着，你又不能不顾唐门，最终只得落寞回家。
Story/D_7_5_4_9_3_011,……。
Story/D_7_5_4_9_3_012,……你真不来哄一哄我吗？
Story/N_7_5_4_9_3_004,她就在离你一步之遥的地方等你来哄，等着等着，心便凉了。收拾包袱，独自踏上旅途，这一生一世都不再与你相见。
Story/T_7_5_5_1_001,如此一来，感觉上能够拉拢的各派都有人出使了。
Story/D_7_5_5_1_001,师兄，武林盟那边也听到消息了。听说中原武林耆老不是嗤之以鼻，便是暴跳如雷，纷纷站出来挞伐本门。丐帮旧派、嵩山福建分院、上官世家尤为愤慨。
Story/D_7_5_5_1_002,这是意料之中的事。
Story/D_7_5_5_1_003,怎么你和三师兄都这么淡定，一点不慌？
Story/D_7_5_5_1_004,要是我怕，他们就不来，那我不妨抖一抖。没有的话我还是省点力气吧。
Story/D_7_5_5_1_005,说、说得也是，怕个屁。
Story/T_7_5_5_1_002,其实我哪里不怕呢，打肿脸充胖子罢了。
Story/D_7_5_5_1_006,别慌别慌，该来的躲不掉。
Story/D_7_5_5_1_007,本来要攻打泥教的，现在调转了枪头，直指本门。已经放出风声，要是响应本门的，一律视作魔教同党。更有传闻说，武林盟将于西武林大会召开之日东来，歼灭唐门。
Story/D_7_5_5_1_008,已经放出风声，要是响应本门的，一律视作魔教同党。更有传闻说，武林盟将于西武林大会召开之日东来，歼灭唐门。
Story/D_7_5_5_1_009,但凡不肯从众的都是敌人，便是死路一条吗。
Story/D_7_5_5_1_010,哈！
Story/D_7_5_5_1_011,你竟还笑得出来。
Story/D_7_5_5_1_012,师兄，接下来怎么办？我们也要学武林盟那样，在山上搭设台子、凉棚、插旗布置吗？
Story/D_7_5_5_1_013,不，没有那种闲情逸致了。我们号召西武林盟一事，等如不承认武林盟。名不正则言不顺，言不顺则事不成，他们一定很快就会发难挞伐。
Story/D_7_5_5_1_014,不，没有那种闲情逸致了。我们号召西武林盟，等如是拆武林盟的台。你想他们能有这么好心不来捣乱吗？
Story/D_7_5_5_1_015,哪怕我们把唐家大院里里外外翻修了一遍，看不起我们的人依然看不起，他们总有说的。
Story/D_7_5_5_1_016,师兄，别以为我们不知道此刻掌门令牌在你手中。既然拿着令牌，你便是代代掌门。大伙要作什么，你该有点定见。
Story/D_7_5_5_1_017,代代掌门是什么？
Story/D_7_5_5_1_018,就是代理掌门的的代理人。你说的话倘若中听，咱们就听，不中听的就当你放屁。没半点特权，为大家鞠躬尽瘁就是你的宿命。
Story/D_7_5_5_1_019,这也太命苦了吧。
Story/D_7_5_5_1_020,代代掌门，茅厕堵了。
Story/D_7_5_5_1_021,茅厕也归我管吗！
Story/D_7_5_5_1_022,哈哈哈哈！
Story/D_7_5_5_1_023,哈哈哈哈！
Story/D_7_5_5_1_024,你来说吧，师兄，我们该做些什么才好？
Story/O_7_5_5_1_001,特训(战役)
Story/D_7_5_5_1_025,唯有我们自强不息，展现出决心与傲气，才能赢得别人的尊敬。为此得要抓紧时间练功，没错……需要的是特训！不是一对一的比斗，而是必须习惯战场。
Story/D_7_5_5_1_026,回想起江陵大战那时的紧张感吧。我们将要面对的危机，只怕比那时更甚。
Story/D_7_5_5_1_027,回想起武林大会为护锦香宫，与武林正派群雄鏖战的胆气吧。我们今日要争的，是自己的公平。
Story/D_7_5_5_1_028,好！我们都来练功！
Story/D_7_5_5_1_029,既然要特训，就该添点柴薪，火才烧得旺。稍微从库中取一点钱财，当作彩头吧。
Story/D_7_5_5_1_030,你们都不够看，我一人可敌十个，通通放马过来！
Story/D_7_5_5_1_031,好大的口气，好哇，我们多的那十个，等下就专门瞄准你打。
Story/D_7_5_5_1_032,那、那倒也不必吧～何必呢～？
Story/O_7_5_5_1_002,设陷阱
Story/D_7_5_5_1_033,如今我们最占上风的，就是地利。此处不比风雨山，山中草木有谁比我们更熟？唐门除了暗器、毒药，也善机关巧术，此时不设陷阱，更待何时！
Story/D_7_5_5_1_034,师兄，你说真的吗？这……未免有失光明磊落了吧。
Story/D_7_5_5_1_035,若我们的敌手光明正大，这些陷阱就派不上用场。但若不然，就是保命的关键。
Story/D_7_5_5_1_036,师兄说的对，防范于未然嘛。
Story/D_7_5_5_1_037,失了就失了，管他呢？用卑鄙手段办成大事，或者光明正大把事搞砸，你们选那个？
Story/D_7_5_5_1_038,我选前者，好歹人活着。
Story/D_7_5_5_1_039,这便是了。有空的人都动起来，去设陷阱，准备坑害武林正派侠士！哪处藏了陷阱，记得都要详细记录起来。
Story/D_7_5_5_1_040,我都听到啦！哥哥，我向你请命，担任监工成吗？
Story/D_7_5_5_1_041,我有信心，一定会让那群正派侠士求生不得、求死不能！
Story/D_7_5_5_1_042,好，那就委任你啦，这回你奉命玩人，尽管往死里整。
Story/D_7_5_5_1_043,遵命！
Story/D_7_5_5_1_044,各位姊姊，我们去玩～还有那谁、谁谁，也随我来。
Story/D_7_5_5_1_045,为了避免你不知道，叶姑娘口中「那谁」说的就是我。这是叶姑娘擅自帮我取的外号。
Story/D_7_5_5_1_046,而我则是「谁谁」。你不要觉得这种外号很过份，更没人性的都有。
Story/O_7_5_5_1_003,爱干啥干啥
Story/D_7_5_5_1_047,自己去想啊，都到了这步，能做的都做了。与其穷紧张，不如把握寸光阴，爱干啥干啥。
Story/D_7_5_5_1_048,倒也不必作什么特别的事情。能做的都做了，然而谋事在人，成事在天。剩下的时间，大家各自看着办吧。
Story/D_7_5_5_1_049,有家人在世，见得到面的便去见一面，不想回来就别回来。有倾慕的人便去表露心迹，别留下遗憾了。
Story/D_7_5_5_1_1_001,那倒是。算啦，再急也没用，尽人事听天命吧。
Story/D_7_5_5_1_1_002,那我要下山去把积蓄花光，免得死了便宜别人。我舍不得花的钱，到时会被那群正道侠士搜去买新的装备和草药！
Story/D_7_5_5_1_1_003,那我去把没来得及缝给大师兄的新衣缝好，烧给他吧。也好了却一桩心事。
Story/D_7_5_5_1_1_004,我也去做点自己的事吧。
Story/D_7_5_5_1_2_001,我也来掺一脚。
Story/D_7_5_5_1_2_002,我还以为叫不动你。
Story/D_7_5_5_1_2_003,我是佣兵，那边出的价钱高，我就帮那边！
Story/D_7_5_5_1_2_004,这种钱你都赚，好卑鄙！
Story/D_7_5_5_1_2_005,嘻嘻嘻嘻～
Story/D_7_5_5_1_2_006,师兄，我要跟你一国。
Story/D_7_5_5_1_2_007,好。
Story/D_7_5_5_1_2_008,咻咻！
Story/N_7_5_5_1_2_001,小师妹空挥粉拳，难得干劲十足的样子。
Story/T_7_5_5_1_2_001,啊，这个人为什么做什么事都能这么可爱。
Story/D_7_5_5_1_2_009,我来了！光明正大乱打人的机会，怎能错过！
Story/D_7_5_5_1_2_010,你又想趁机打我。
Story/D_7_5_5_1_2_011,怎见得？我自然是要跟你同一阵线的，你可得护着我。
Story/D_7_5_5_1_2_012,各位唐门师兄、师姊，与点苍派一战既然难免，叶某愿演示点苍快剑，不至使大家一动上手便着了道。
Story/D_7_5_5_1_2_013,那再好不过！
Story/D_7_5_5_1_2_014,叶师弟得加入我们这一国才行。
Story/D_7_5_5_1_2_015,我看赵师兄你还怎么嚣张。
Story/D_7_5_5_1_2_016,现在收回方才一打十的豪言还来得及吗？
Story/D_7_5_5_1_2_017,覆水难收啊。
Story/D_7_5_5_1_2_018,臭哥哥吃我点苍棍法！
Story/D_7_5_5_1_2_019,哎唷，哥哥你干嘛拎我，我要打他～
Story/D_7_5_5_1_2_020,别闹，去旁边。
Story/D_7_5_5_1_2_021,那我不打他，弹琴给大家助阵，哥哥你快替我抱琴出来！
Story/D_7_5_5_1_2_022,你来凑什么热闹呢，真拿你没辙。
Story/D_7_5_5_1_2_023,什么，你们要玩什么？
Story/D_7_5_5_1_2_024,湘姊，我们正要特训，分成两军对练，习惯乱战，以备与武林盟决一死战。
Story/D_7_5_5_1_2_025,我也要加入！
Story/D_7_5_5_1_2_026,那龙姑娘来我们这边！我们女弟子不打群架，但赌赵师兄输，同为女子，你可不能背叛我们。
Story/D_7_5_5_1_2_027,要打架？算上俺！
Story/D_7_5_5_1_2_028,不是打架，是特训。
Story/D_7_5_5_1_2_029,一样啦。
Story/D_7_5_5_1_2_030,师、师父！俺方才，不，人家只是想凑热闹。
Story/D_7_5_5_1_2_031,慌什么，为师又没训你。
Story/D_7_5_5_1_2_032,师父。
Story/D_7_5_5_1_2_033,你们要特训，那好得很啊。为师从没教过你群战之中保命护身的法子，此刻传你一字真言，你当场实践。
Story/D_7_5_5_1_2_034,是，弟子恭听师父教诲。那个一字真言，不知却是那个字？
Story/D_7_5_5_1_2_035,「逃。」
Story/D_7_5_5_1_2_036,咦？
Story/D_7_5_5_1_3_001,表现得挺好，逃得很快，狡猾的弟子。
Story/D_7_5_5_1_3_002,我真不知你是在夸我，还是讽我。
Story/D_7_5_5_1_3_003,为师自然是在夸你，狡猾也好，胆小也好。我可舍不得你死了，你得逃快一点，活久一点。
Story/D_7_5_5_1_3_004,我本也舍不得死。
Story/D_7_5_5_1_3_005,师兄你还真的没叫强援，乱战之中一打十……！
Story/D_7_5_5_1_3_006,虽说你都东躲西藏，但我是真服了。
Story/D_7_5_5_1_3_007,东躲西藏怎么了？东躲西藏也是本事，否则你怎不躲给我看？攻守进退有度，这才叫高手，一味蛮冲，不过莽夫。
Story/D_7_5_5_1_3_008,师兄说的是。
Story/N_7_5_5_1_3_001,这场特训直打到黄昏方始决出胜负。输赢两方都是精疲力尽，但感悟也着实不少。
Story/D_7_5_5_2_001,唐掌门、赵少侠。
Story/D_7_5_5_2_002,李帮主，行色匆匆，有何要事？
Story/D_7_5_5_2_003,赵少侠。
Story/D_7_5_5_2_004,李帮主。
Story/D_7_5_5_2_005,我这一来，是为告告告辞求去的。丐帮的事成了，该该该是我现身整饬纪律的时刻。
Story/D_7_5_5_2_006,是吗！
Story/D_7_5_5_2_007,那可真是太好了！
Story/D_7_5_5_2_008,待到西武林大会那一日，在在在下定当再来，与唐门并肩作战。二二二二位大侠，暂时先别过了。
Story/D_7_5_5_2_009,李帮主慢走。来人，恭送李帮主下山！
Story/D_7_5_5_2_010,我送吧。
Story/D_7_5_5_2_011,赵兄弟留步吧，不必送我，我又又又，又不是不认得路。不必这么客套，反正很快就见面了。告辞！
Story/D_7_5_5_2_012,待到西武林大会那一日，在在在下定当再来，与唐门并肩作战。等等等到唐掌门回来，烦请代我说一声。
Story/D_7_5_5_2_013,没问题。
Story/D_7_5_5_2_014,赵兄弟，暂时先别过了。
Story/D_7_5_5_2_015,我送你一程。
Story/D_7_5_5_2_016,赵兄弟留步吧，不必送我，我又又又，又不是不认得路。不必这么客套，反正很快就见面了。告辞！
Story/D_7_5_5_2_017,好，我们到时并肩作战。
Story/D_7_5_5_2_018,你信得过我，把背背背后交我，这一回，我绝不辜负。再也不干什么大义灭亲，妈妈妈，妈的，逼急了，老子大亲灭义。
Story/D_7_5_5_2_019,哈哈哈！那啥狗屁玩意，灭得了才怪。
Story/D_7_5_5_2_020,哈哈哈！走走走了！
Story/D_7_5_5_2_021,我回来啰～
Story/D_7_5_5_2_022,四师弟，欢迎回家。你丐帮大义分舵之行，结果如何？
Story/D_7_5_5_2_023,这个嘛。
Story/D_7_5_5_2_024,我回来啰～
Story/D_7_5_5_2_025,就你在吗？三师兄上哪儿去了？
Story/D_7_5_5_2_026,他亲自去峨嵋游说向掌门了。
Story/D_7_5_5_2_027,他都当了掌门，也真够拚命了。
Story/D_7_5_5_2_028,四师兄，你丐帮大义分舵之行，结果如何？
Story/D_7_5_5_2_029,这个嘛。
Story/O_7_5_5_2_001,失败
Story/O_7_5_5_2_002,颇有斩获
Story/D_7_5_5_2_1_001,我无颜面对江东父老，都带上了樊兄弟，结果还是谈崩了。差点我们俩都没命回来。
Story/D_7_5_5_2_1_002,怎么回事？
Story/D_7_5_5_2_1_003,本来谈得好好的，想说丐帮说不动，好歹说服大义分舵的人也好。结果他们新任舵主突然反目，召来了大仁分舵的人马包围。说是拿到了大义分舵叛帮的证据，要肃清叛徒。
Story/D_7_5_5_2_1_004,那大仁分舵的压根不讲道义，还未进庙来就先一把石灰粉乱撒。抡起棍棒便是一阵乱打，大义分舵的弟兄们拚了性命才护我脱逃。
Story/D_7_5_5_2_1_005,我眼看远水救不了近火，就立刻跑去报官。谎称我看见有坏乞丐不知打哪劫来一笔钱财，正在庙里瓜分。你也知道，官府嘛，惩奸除恶未必来劲，讲到钱才会较真。
Story/D_7_5_5_2_1_006,等我们赶到，大义分舵的弟兄已经死伤惨重。那群恶丐手里拿棍棒，打人跟打狗一样，竹棍不是戳眼就是打喉结，端的是狠辣无比，半点没人性的。
Story/D_7_5_5_2_1_007,为了救大义分舵的人，我一通胡说，忍痛把一袋钱趁乱扔地上栽赃。才让官府的人相信确有其事，把钱缴下了，人带回去盘问，不让他们以江湖斗殴为由袖手，大义分舵的人才幸免于难。
Story/D_7_5_5_2_1_008,那后来呢？
Story/D_7_5_5_2_1_009,大义分舵从此就没有了。我又失血赠了些盘缠，大义分舵的朋友们各散东西，或往西，或往南，退隐江湖去了。
Story/D_7_5_5_2_1_010,是吗……。
Story/D_7_5_5_2_1_011,唉，总是不能尽如人意。师弟，辛苦了，难为你愿慷慨解囊。
Story/D_7_5_5_2_1_012,我不破财，他们多半都要交代在那间破庙里。就算幸存，被逐出丐帮，行乞也会挨打，如何过活呢？我给点钱，也是买自己心安。
Story/D_7_5_5_2_1_013,坏里尚算庆幸的是，往后我们揍丐帮的人不必顾忌手软了。我们可要拚命的打，往死里打。师弟，你可要替我连本带利讨回来！
Story/D_7_5_5_2_1_014,没问题，绑起来逼他们到义田耕作赚钱，奴役到死！
Story/D_7_5_5_2_1_015,那还叫义田吗？根本是不义之田。
Story/D_7_5_5_2_1_016,明白了，总之好的乞丐不会来送死，被我们看见的全都欠打。简单易懂得很。
Story/N_7_5_5_2_1_001,听闻大义分舵解散，不必生死相搏，你既感慨又松了一口长气，百感交集。
Story/D_7_5_5_2_1_017,师弟，还有件事得由你出面善后。我们逃脱的时候，樊兄弟主动断后掩护，他人负了伤，幸无大碍。但是他那些狗子忠心耿耿来护主，被打死了好几条。
Story/D_7_5_5_2_1_018,……他此刻人在何处？
Story/D_7_5_5_2_1_019,我请师妹们给他上药疗伤，这当儿应该在后山埋葬他的狗兄弟。
Story/D_7_5_5_2_1_020,我明白了。
Story/D_7_5_5_2_2_001,丐帮李帮主就任以后，新派就备受打压，大勇分舵江陵一战就瓦解了，剩下的，就属蜀中大义分舵最受诟病。
Story/D_7_5_5_2_2_002,说来也险，新舵主居然是丐帮旧派长老的奸细！本待拿到了口实，就带人清算自己舵中弟子。
Story/D_7_5_5_2_2_003,幸好他这个奸细不够沉稳，见舵中弟子和我相谈甚欢，言语间颇有维护唐门、缅怀王帮主的意思，便忍不住出言相讥，吵架吵到说溜了嘴。
Story/D_7_5_5_2_2_004,无怪樊兄弟的狗子一见到他就凶神恶煞狂吠。原来是灵犬辨忠奸，吠得那家伙心神不宁。
Story/D_7_5_5_2_2_005,这一来，等若是把大义分舵逼上梁山……不，是逼上眉山。大义分舵便是不反，也得要反了，我都不用劝，他们就想投靠唐门了。
Story/D_7_5_5_2_2_006,人数太多，我暂且将他们带到外堡安置，请叶师弟安排食宿。
Story/D_7_5_5_2_2_007,人数太多，我暂且将他们带到外堡安置。正愁空屋不够，他们便自己搭起了帐棚，转眼新的大义分舵就建好了。
Story/D_7_5_5_2_2_008,你把丐帮的朋友带到外堡，住客没有怨言？你就不怕吕翁生气？那处如今可不是我们的地盘。
Story/D_7_5_5_2_2_009,吕翁见到那么多乞丐涌进自家房子，只怕以为自己招惹了祸事。
Story/D_7_5_5_2_2_010,弟妹已经出面解释了，说是特意请来保护吕翁产业的，他简直千恩万谢，好酒好肉招待，哪里还有怨言。
Story/D_7_5_5_2_2_011,萤姑娘好手段。分明对不起人，还能颠倒是非，说得好像人家欠她恩情。
Story/D_7_5_5_2_2_012,我哪管得了那么多，反正他也不能拿我们怎么样。唐门欠他钱硬气不起来，大义分舵的丐侠们却不会跟他客套。识时务者为俊杰，他也只能忍气吞声，不然把他家都拆了。
Story/D_7_5_5_2_2_013,你这……唉，好吧，大局为重，现在也只好委屈一下吕翁。待我修书一封，携带礼物遣人下山好生安抚吧。
Story/D_7_5_5_2_2_014,哈哈……这也太乱来了。
Story/D_7_5_5_2_2_015,希望他们不要客气，尽情肆虐，上完茅厕拿屎涂墙。
Story/D_7_5_5_2_2_016,你这人真没品，可怕。欠人钱的还这么坏，以后我可不敢借钱给你。
Story/D_7_5_5_2_2_017,师弟，那好歹也是我们唐家祖宗盖的坞堡，你得心存敬意。
Story/N_7_5_5_2_2_001,丐帮大义分舵的帮众，成为唐门外姓弟子了！
Story/D_7_5_5_3_001,阿弥陀佛，二位施主都在，勿怪小僧唐突。此来，是报喜的。
Story/D_7_5_5_3_002,这么说，峨嵋向掌门他……？
Story/D_7_5_5_3_003,向掌门已经同意，愿与唐门共进退。武林盟兴师之日，峨嵋会负责阻断点苍北征之路。
Story/D_7_5_5_3_004,好极！
Story/D_7_5_5_3_005,真不知该如何感谢福韫法师！
Story/D_7_5_5_3_006,愿唐门永如今日，严守本心，不拘成见世俗，坚持良善。倘若行有余力的话，但愿行侠手段能够温和一些。本来要杀的打一打，本来要打的骂一骂，得饶人处且饶人。
Story/D_7_5_5_3_007,这便是谢小僧的法子了。
Story/N_7_5_5_3_001,言罢，福韫双掌合十，你和三师兄亦还了一礼。
Story/N_7_5_5_3_002,峨嵋派将在武林盟东来之日，与唐门并肩作战！
Story/D_7_5_5_3_008,掌门、师兄，师弟唐衫归来禀报。
Story/D_7_5_5_3_009,师弟！你可回来了，无恙乎？
Story/D_7_5_5_3_010,谢掌门师兄关怀，师弟我无病无灾，一路平安。
Story/O_7_5_5_3_001,成功一半
Story/O_7_5_5_3_002,成功
Story/O_7_5_5_3_003,说服失败
Story/D_7_5_5_3_011,呼，三师兄的事也太多了吧。这是一个人能干的活吗？要命啊。
Story/D_7_5_5_3_012,拍拍，辛苦师兄。师兄喝茶。
Story/D_7_5_5_3_013,多谢小师妹。
Story/D_7_5_5_3_014,赵郎，西武林大会上誓师用的祝文写好了，你要过目吗？还是说，妾身读给你听？
Story/D_7_5_5_3_015,饶了我吧，我这儿才刚忙到一段落，正想歇息。我再读你的文章，脑子恐怕要烧坏。
Story/D_7_5_5_3_016,哦……那晚点再读，也是一样。
Story/T_7_5_5_3_001,你就是不肯放过我是吧？
Story/D_7_5_5_3_017,好，但是先容我歇会儿，给眼珠子和脑瓜都松弛一下。
Story/D_7_5_5_3_018,辛苦了。
Story/D_7_5_5_3_019,师兄、小师妹！三师兄回来了，快来！
Story/D_7_5_5_3_020,马上来！
Story/D_7_5_5_3_021,总算可以摆脱了，走。
Story/D_7_5_5_3_022,师兄！三师兄回来了，快来！
Story/D_7_5_5_3_023,马上来！
Story/D_7_5_5_3_024,我们也去迎接掌门吧。
Story/D_7_5_5_3_025,三师兄，可把你盼回来了。
Story/D_7_5_5_3_026,这掌门令牌，我是一刻也不敢再拿手里，还你。
Story/D_7_5_5_3_027,你不在这几日，我彷佛老了十岁。
Story/D_7_5_5_3_028,这下你知道我何以未老头先白。
Story/D_7_5_5_3_029,欢迎回家。
Story/D_7_5_5_3_030,我回来了。带了一些糖果子、色纸，等会儿给你。
Story/D_7_5_5_3_031,谢谢三师兄。
Story/D_7_5_5_3_032,爷爷～您回来啦～
Story/D_7_5_5_3_033,回来了，回来了。
Story/D_7_5_5_3_034,礼物呢？
Story/D_7_5_5_3_035,我不知你爱什么，带了一些糖果子、点心回来，等会儿给你。
Story/D_7_5_5_3_036,哇～谢谢爷爷。我也有礼物要送您，是一幅画，我亲手画的。上边有老掌门、有爷爷、有哥哥，还有我哥哥，我，还有默铃。
Story/D_7_5_5_3_037,是吗？等会儿定要好好品鉴。你先去泡茶，我和师弟说会儿话，等下我们品茶、吃果子、赏画。
Story/D_7_5_5_3_038,好！
Story/D_7_5_5_3_039,等等，没有我吗？你没有画我吗？
Story/D_7_5_5_3_040,三师兄，你亲去峨嵋，向掌门总不会怠慢避而不见吧。
Story/D_7_5_5_3_041,怠慢倒是没有怠慢。
Story/D_7_5_5_3_042,我还待先托人替我送上拜帖，怎知刚到峨嵋山脚下，就有峨嵋弟子等在镇上迎接领路，行到山腰，更见向掌门、解大侠亲来相迎。
Story/D_7_5_5_3_043,早有耳闻向掌门性情恬淡，身着宽袍大袖，有古之遗直，似画里仙人。如今一见，果然名不虚传。山中暮鼓晨钟，日复一日，浑无江湖人的戾气、狠劲。
Story/D_7_5_5_3_044,我在峨嵋山作客几日，亦随主便，朝夕受佛法熏陶。我一生苦读圣贤书，是治国齐家修身的道理。
Story/D_7_5_5_3_045,《礼记・大学》有云：物有本末，事有终始，知所先后，则近道矣。古之欲明明德于天下者，先治其国；欲治其国者，先齐其家；欲齐其家者，先修其身；欲修其身者，先正其心……
Story/D_7_5_5_3_046,三师兄，先别背了，大家都很焦急，快说结论吧。
Story/D_7_5_5_3_047,说得也是，抱歉。
Story/D_7_5_5_3_048,我这是老毛病了，无意班门弄斧，魏才女莫笑。
Story/D_7_5_5_3_049,有感则发，这是文人通病，小女子也时常喋喋不休，不怪不怪。
Story/O_7_5_5_3_004,两不相帮
Story/O_7_5_5_3_005,说动了
Story/D_7_5_5_3_1_001,我愧对掌门师兄厚望，没能完成使命。
Story/D_7_5_5_3_1_002,向掌门，执意与唐门为难吗。
Story/D_7_5_5_3_1_003,是。那释明恶僧早我们一步，已向峨嵋掌门灌了迷魂汤洗脑，他是南嵩山老住持，云游时不止一次到峨嵋开坛说法，在峨嵋人望绝佳。便是向掌门，也佩服他的佛法修为，但有所言无不信。
Story/D_7_5_5_3_1_004,我追随业师时也曾侍奉释明，虽无师徒之名，却有师徒之情。平心而论，他不针对唐门时，言行举止截然不同，确有高僧风范。
Story/D_7_5_5_3_1_005,我受益匪浅，却又背弃于他，改投唐门。向掌门清高不能容，故而将我拒之于山门之外，任我想方设法，也无缘见到一面。
Story/D_7_5_5_3_1_006,若非此际寸阴必争，我不妨在山门打坐跟他们耗下，但转念又想若不知变通误了良机，恐成师门罪人，于是赶回唐门报讯，并向掌门负荆请罪。
Story/D_7_5_5_3_1_007,这事我是办不成了，对不住大家。还请掌门另择人选，还有机会说服向掌门。
Story/D_7_5_5_3_1_008,唉……此事不能全怪你。那释明旧年被掌门所骇，终生都被心魔所困，才生了恶念。这何尝不是本门该尝的业果。
Story/D_7_5_5_3_1_009,你一路辛苦了，回来报讯的决策也不算错。下去洗漱休息吧，剩下的我自理会。
Story/D_7_5_5_3_1_010,是。
Story/D_7_5_5_3_1_011,我就知道这个唐衫吼，成事不足败事有余啦！光只有脸皮子好看，办事一点都不牢靠。三师兄，这必须重重责罚！
Story/D_7_5_5_3_1_012,别光顾着落井下石了，你也太爱记恨。
Story/D_7_5_5_3_1_013,……所谓名声，似乎也是一种成见呢。
Story/D_7_5_5_3_1_014,谁说不是呢。
Story/D_7_5_5_3_1_015,虽然不抱期望，还是请别的师弟走一趟峨嵋吧。路途虽不远，可是大会日期也近，我是无论如何走不开身了。
Story/N_7_5_5_3_1_001,峨嵋对唐门成见已深，将来一战在所难免。
Story/D_7_5_5_3_2_001,我愧对掌门师兄厚望，没能完成使命。
Story/D_7_5_5_3_2_002,向掌门，执意与唐门为难吗。
Story/D_7_5_5_3_2_003,是。那释明恶僧早我们一步，已向峨嵋掌门灌了迷魂汤洗脑，他是南嵩山老住持，云游时不止一次到峨嵋开坛说法，在峨嵋人望绝佳。便是向掌门，也佩服他的佛法修为，但有所言无不信。
Story/D_7_5_5_3_2_004,我追随业师时也曾侍奉释明，虽无师徒之名，却有师徒之情。平心而论，他不针对唐门时，言行举止截然不同，确有高僧风范。
Story/D_7_5_5_3_2_005,我受益匪浅，却又背弃于他，改投唐门。向掌门清高不能容，故而将我拒之于山门之外。
Story/D_7_5_5_3_2_006,我绞尽脑汁，想方设法，也无缘见到一面。正当此时，忽闻山中钟鸣之声，峨嵋知客弟子齐声诵念佛号。我闻此忽有感悟，索性什么也不想了，盘腿便在山门坐下。
Story/D_7_5_5_3_2_007,我亦自知从前种种无法挽回，并非不愧，之所以不跪，是不敢堕师门威风，何况我可以跪天跪地跪佛跪掌门，却没道理跪峨嵋。虽然不跪，但要表示虔诚，还有别的方法。
Story/D_7_5_5_3_2_008,于是我开始不吃不喝、不眠不休读诵佛经。
Story/D_7_5_5_3_2_009,从般若波罗蜜多心经、金刚经、法华经、华严经，所有我曾熟读在心的经文都背过一遍，诵完了又重诵一遍。
Story/D_7_5_5_3_2_010,我又饿又渴，宛若苦行重活一遍，直至终于透支晕厥过去。醒来的时候，就在峨嵋山上了。向掌门接见我，我便向他分说实情。
Story/D_7_5_5_3_2_011,只叹我最终也没能取信于他，至多将信将疑。
Story/D_7_5_5_3_2_012,向掌门言，他奉南宫大侠为盟主，为武林献力共抗魔教义不容辞，而今武林盟指谁谁便是贼，令同道互相攻伐，却非他所乐见。但身为掌门却不能公然与武林盟相抗，陷峨嵋于水深火热之中。
Story/D_7_5_5_3_2_013,这也难怪……向掌门本就是闲云野鹤。能不掺和，便不掺和。
Story/D_7_5_5_3_2_014,是以峨嵋决定两不相帮，置身事外。武林盟要想秋后算账，也是将来的事。
Story/D_7_5_5_3_2_015,就不怕唇亡齿寒吗？
Story/D_7_5_5_3_2_016,只怕不是不怕，是不信。
Story/D_7_5_5_3_2_017,太天真了。
Story/D_7_5_5_3_2_018,但凡江湖里游的，哪有一个能够真正置身事外？缩起脖子来、遮住眼睛，迟早刀子还是要落下来。
Story/D_7_5_5_3_2_019,只怕向掌门偏不信那刀会招呼到自己身上。宁不知生于忧患，死于安乐。
Story/D_7_5_5_3_2_020,师弟一路辛苦了，此行倒也不算全无收获，最起码不必担心峨嵋响应武林盟，北上夹攻。下去洗漱休息吧。
Story/D_7_5_5_3_2_021,是。
Story/D_7_5_5_3_2_022,……。
Story/D_7_5_5_3_2_023,怎么了？师弟。还不去歇吗？
Story/D_7_5_5_3_2_024,掌门师兄，有客人来了。
Story/D_7_5_5_3_2_025,解大侠！
Story/D_7_5_5_3_2_026,解大侠突然造访唐门，不知有何贵干？
Story/D_7_5_5_3_2_027,你们不是要办武林大会吗？我来帮忙的。
Story/D_7_5_5_3_2_028,但是向掌门不是说两不相帮吗？
Story/D_7_5_5_3_2_029,峨嵋派他说了算，可他两不相帮，又不是我。
Story/D_7_5_5_3_2_030,你、你这岂不是忤逆掌门吗？
Story/D_7_5_5_3_2_031,放心～峨嵋门规很松，我们派中也没几个乘字辈师长了。剩下的都是与我平辈，要不辈份较小。我怎么着也算是顶到峨嵋派的天，我掌门师兄不敢拿我怎样。
Story/D_7_5_5_3_2_032,至多就把我关石窖里面壁思过。面壁是一定不可能的，我不会站起来练功吗？在外边也是练功，在石窖里也是练功，区别又不大。
Story/T_7_5_5_3_2_001,这人完全没有一派师长的自觉。
Story/D_7_5_5_3_2_033,唐布衣不在，就由我解无尘来坐镇唐门。你们想把我当成大师兄尊敬也可以。
Story/D_7_5_5_3_2_034,这个不难，毕竟我大师兄在唐门一点都不受尊敬。想揍他的人比比皆是，你吃饭睡觉自己小心点。
Story/D_7_5_5_3_2_035,真的假的……。
Story/N_7_5_5_3_2_001,解无尘加入唐门。
Story/D_7_5_5_3_3_001,唐门弟子唐衫幸不辱命。
Story/D_7_5_5_3_3_002,好极，一切顺利就好。
Story/D_7_5_5_3_3_003,不，其实颇不容易啊。
Story/D_7_5_5_3_3_004,那释明恶僧早我们一步，已向峨嵋掌门灌了迷魂汤洗脑，他是南嵩山老住持，云游时不止一次到峨嵋开坛说法，在峨嵋人望绝佳。便是向掌门，也佩服他的佛法修为，但有所言无不信。
Story/D_7_5_5_3_3_005,我追随业师时也曾侍奉释明，虽无师徒之名，却有师徒之情。平心而论，他不针对唐门时，言行举止截然不同，确有高僧风范。
Story/D_7_5_5_3_3_006,我受益匪浅，却又背弃于他，改投唐门。向掌门清高不能容，故而将我拒之于山门之外。
Story/D_7_5_5_3_3_007,我绞尽脑汁，想方设法，也无缘见到一面。正当此时，忽闻山中钟鸣之声，峨嵋知客弟子齐声诵念佛号。我闻此忽有感悟，旋即什么也不想了，盘腿便在山门坐下。
Story/D_7_5_5_3_3_008,我亦自知从前种种无法挽回，并非不愧，之所以不跪，是不能堕唐门威风，何况我可以跪天跪地跪佛跪掌门，却没道理跪峨嵋。虽然不跪，但要表示虔诚，还有别的方法。
Story/D_7_5_5_3_3_009,于是我开始不吃不喝、不眠不休读诵佛经。
Story/D_7_5_5_3_3_010,从般若波罗蜜多心经、金刚经、法华经、华严经，所有我曾熟读在心的经文都背过一遍，诵完了又重诵一遍。
Story/D_7_5_5_3_3_011,我又饿又渴，宛若苦行重活一遍，几乎晕厥过去。但是身系重任，不敢有负所托，恍惚之间，梦回前尘。眼前似有佛光万丈。
Story/D_7_5_5_3_3_012,不知不觉之间，麻木的五感恢复，周遭梵音宏亮，我睁眼一看，周身坐满了峨嵋弟子，与我齐颂经文，当中就有向掌门。
Story/D_7_5_5_3_3_013,居然……。
Story/D_7_5_5_3_3_014,他观察我多日，乃至我生命之火将竭弥留之际，才出手渡以内力相救。之后我慢慢喝水、进食，才养回了身子。
Story/D_7_5_5_3_3_015,由生到死，由死到生走一遭，我心境颇有转折。待我陪唐门挺过这一关，也许会剃度出家。
Story/D_7_5_5_3_3_016,师弟，你当真吗？你一表人才，还大有可为啊！
Story/D_7_5_5_3_3_017,还没想清楚，看看情况吧。
Story/N_7_5_5_3_3_001,峨嵋派将在武林盟东来之日，与唐门并肩作战！
Story/D_7_5_5_3_4_001,我绞尽脑汁，想方设法，也无缘见到一面。正当此时，娇娇师姊突然从我身边闪过，一拳就招呼到她昔日师弟脸面上。吆喝着就往山上闯。
Story/D_7_5_5_3_4_002,！？
Story/D_7_5_5_3_4_003,当时我害怕极了，又不能放着她不管，只好一起打到山上去。
Story/D_7_5_5_3_4_004,像你这种软脚虾形意拳，没资格参加我唐门所举办的西武林大会！
Story/D_7_5_5_3_4_005,师姊，别骂人啊！
Story/D_7_5_5_3_4_006,呜呜……师姊你说话太狠毒了！
Story/D_7_5_5_3_4_007,师妹，离我男人远一点！否则别怪我一拳下去将你毁容！
Story/D_7_5_5_3_4_008,咿咿！
Story/D_7_5_5_3_4_009,男人，你让开。
Story/D_7_5_5_3_4_010,掌门师兄，还不出来吗？惹怒了我狄傲会有什么后果，你很好奇是吗？
Story/D_7_5_5_3_4_011,……我来了。
Story/D_7_5_5_3_4_012,唐门弟子唐衫，拜见向掌门。
Story/D_7_5_5_3_4_013,拜个屁，给我挺直身板！你以为你对他客气，我就不打他吗？
Story/D_7_5_5_3_4_014,有话好说。
Story/D_7_5_5_3_4_015,没用没用没用没用没用没用没用没用没用没用没用没用没用没用没用没用没用没用没用没用没用没用没用没用没用没用没用没用没用没用没用没用没用没用没用没用没用没用没用没用没用没用没用没用没用没用没用没用！
Story/D_7_5_5_3_4_016,我的天！你为什么要这样！
Story/D_7_5_5_3_4_017,于是向掌门就打消了呼应武林盟、围攻唐门的念头。决定两不相帮。
Story/D_7_5_5_3_4_018,事后向掌门才肯听我把事情娓娓道来，辨明忠奸，怒不可遏，势与唐门共进退。
Story/D_7_5_5_3_4_019,武林盟东来之日，会担任屏障阻挡点苍派北征。
Story/D_7_5_5_3_4_020,那真是太好了……结果虽好，就是过程太玄。
Story/D_7_5_5_3_4_021,那娇娇师妹……？
Story/D_7_5_5_3_4_022,因为打了掌门，被关押在从前镇压剑狱老人的石窟。罚她思过半年，西武林大会之后，我还得再去照顾她。
Story/D_7_5_5_3_4_023,打了一派掌门，居然只是面壁思过半年。她在峨嵋究竟什么位份，竟得这般宽厚处置。
Story/D_7_5_5_3_4_024,我也不知道，只知道峨嵋大家都挺敬畏她。
Story/D_7_5_5_3_4_025,总之没伤性命，皆大欢喜就好。师弟，此行辛苦了，过会儿我也写信向向掌门求情，愿能缩短刑期。
Story/D_7_5_5_3_4_026,不，不必了，半年而已，先关着她吧。不然我怕普天之下无人可以镇压她。
Story/D_7_5_5_3_4_027,唉，心好累。如无其他的事，师弟我便先下去休息了。
Story/D_7_5_5_3_4_028,好。
Story/D_7_5_5_3_4_029,赵师兄，你能和我来一下吗？
Story/D_7_5_5_3_4_030,你是要谈娇娇师妹的事吗？不要喔，你得对她负责。
Story/D_7_5_5_3_4_031,不是啦！你出来再说。
Story/D_7_5_5_3_4_032,什么话，到这总能说吧。
Story/D_7_5_5_3_4_033,师弟得了唐门正宗武功，感觉茅塞顿开，功力大进，只是苦无验证机会，我想请赵师兄与我切磋，指点一二。
Story/D_7_5_5_3_4_034,你大费周章找我出来，便是为了揍我吗？
Story/D_7_5_5_3_4_035,……可以这么说。
Story/D_7_5_5_3_4_036,凭什么你这样的人，这么得师门信赖？我比你英俊，天赋比你佳，江湖名声比你好，凭什么大家不听我的？我不打你一顿，让你知道斤两，总是觉得不痛快。
Story/D_7_5_5_3_4_037,你他妈！
Story/D_7_5_5_3_4_038,唐门大难当前，你还存着这样的心思，心胸太过狭窄。
Story/D_7_5_5_3_4_039,随便你怎么说，人活着不就是为了爬到高处吗？我踩低了你，就能当唐门第二把交椅！看招！
Story/D_7_5_5_3_4_1_001,你武功竟然变得如此高强。
Story/D_7_5_5_3_4_1_002,……我赢了。
Story/D_7_5_5_3_4_1_003,师兄，你听我一句劝。连我都打不赢，武林盟多的是高手，你会死。
Story/D_7_5_5_3_4_1_004,那又如何？
Story/D_7_5_5_3_4_1_005,像你这样的好人，应该长命一点。
Story/D_7_5_5_3_4_1_006,我希望你长命一点，我好令你日渐对我改观。
Story/D_7_5_5_3_4_1_007,什么？
Story/D_7_5_5_3_4_1_008,大师兄为了救我而负伤，我只能眼睁睁看着他上卧云岗送死。这种让人一辈子也难释怀的事情，一件就吃不消了。
Story/D_7_5_5_3_4_1_009,我知道你素来对我心有芥蒂，却在风雨山接纳我。其实我知道唐门师兄弟姊妹为何服你，因为我也服。
Story/D_7_5_5_3_4_1_010,是、是吗。
Story/D_7_5_5_3_4_1_011,你为了师门的事，操心劳形荒废了武功进境，那可不行。你必须得做榜样，必须是强者。
Story/D_7_5_5_3_4_1_012,东西武林盟大战在即，忙进忙出的庶务我来替你分担，师兄，你快加紧时间练功，别辜负了大家期待。
Story/D_7_5_5_3_4_1_013,噢，噢……好。
Story/N_7_5_5_3_4_1_001,你输了，感觉五味杂陈。
Story/D_7_5_5_3_4_1_014,……你武功进境着实不小。
Story/D_7_5_5_3_4_1_015,还是远不及赵师兄。
Story/D_7_5_5_3_4_1_016,现在讲好话巴结我已经晚了。
Story/D_7_5_5_3_4_1_017,挨我拳头，回去洗洗睡！
Story/D_7_5_5_3_4_1_018,我要告诉三师兄！我还要跟师妹们告状！让你没人喜欢！跟我一样的下场！
Story/T_7_5_5_3_4_1_001,这人心胸真狭窄……。
Story/D_7_5_5_3_4_1_019,师兄，若我不激你全力以赴，只怕你顾念同门之情，对我留手。那我便不能印证心中所想。
Story/D_7_5_5_3_4_1_020,你想太多了，我平生最恨英俊公子，长得比我俊的都与我有仇。我不公报私仇，就算仁义了。
Story/D_7_5_5_3_4_1_021,是、是吗。
Story/D_7_5_5_3_4_1_022,你想要印证何事？
Story/D_7_5_5_3_4_1_023,从前过招之时，我便觉你怪招层出不穷，似是唐门武功，又不像唐门武功。待我自己习练峨嵋武功，才恍然大悟。
Story/D_7_5_5_3_4_1_024,两派武功各有所长，并非一味混练便能长进。招式不连贯，强行融合，只会适得其反。
Story/D_7_5_5_3_4_1_025,我自认武学天赋算得尚佳，与娇娇师姊反复切磋，思量讨论、去芜存菁才纵整出几式招意相近，能够互补的招数。
Story/D_7_5_5_3_4_1_026,没想到师兄你竟能信手拈来，奇招层出不穷。便是同样的招数，两回施展招意也会截然不同，可谓是千变万化。我从前便目不暇给，今日长进了再看，只有更加惊佩。
Story/D_7_5_5_3_4_1_027,若是唐门武功，不知师兄可愿见示？
Story/D_7_5_5_3_4_1_028,这……。
Story/D_7_5_5_3_4_1_029,大师兄为了救我而负伤，我却只能眼睁睁看着他上卧云岗送死。这种让人一辈子也难释怀的事情，一件就吃不消了。
Story/D_7_5_5_3_4_1_030,我亦知你对我心怀芥蒂，却在风雨山接纳我，于此常怀感恩之心。
Story/D_7_5_5_3_4_1_031,我知道这请求实属厚颜。今师门大难在前，我欲为师门献一分心力，却陷于瓶颈，武功实难再有寸进。说不得只好腆着脸，厚颜想向师兄请教其中奥秘。
Story/D_7_5_5_3_4_1_032,……。
Story/O_7_5_5_3_4_1_001,我不知道，我不晓得。（装傻）
Story/D_7_5_5_3_4_1_033,我不知道，我不晓得～你怎么问我呢？我只是一个外姓弟子啊，至今连歌诀都不知道。你何不去问问掌门？
Story/D_7_5_5_3_4_1_034,……说得也是。
Story/D_7_5_5_3_4_1_035,抱歉，耽误了师兄的时间。方才切磋，师弟受益匪浅，这便告辞回去了。
Story/T_7_5_5_3_4_1_002,防人之心不可无，谁晓得你是何居心呢？
Story/D_7_5_5_3_4_1_036,老实练你的功吧，我要独自变强，成为唐门最抢眼的大侠！
Story/O_7_5_5_3_4_1_002,奥义在于《忘形篇》。
Story/D_7_5_5_3_4_1_037,……『形而上者谓之道，形而下者谓之器。』
Story/D_7_5_5_3_4_1_038,『无器则道无从显，非器则道无所寓。惟圣人可以践形，万化皆从方寸发，万物皆备于我。』
Story/D_7_5_5_3_4_1_039,这是……！
Story/D_7_5_5_3_4_1_040,《唐门暗器总纲》开篇忘形论。唐门弟子，谁都读过，谁都不解其义，讲了也不听。我见解有限，你若听得进去，便和你详解。
Story/N_7_5_5_3_4_1_002,当下你将近年所悟倾囊相授，不知他受益几多，你却无保留。那日在后山得自蒙面前辈的恩惠，又传承旁人。
Story/D_7_5_5_3_4_1_041,……。
Story/D_7_5_5_3_4_1_042,朝闻道，夕可死。师兄所言，恰好印证我心中隐约猜想，令我一朝顿悟。
Story/D_7_5_5_3_4_1_043,武学奥义，本来人人自秘。便是我恩师守鸿，亦难似师兄这般无私。
Story/D_7_5_5_3_4_1_044,不是你说的吗，要为师门尽瘁。只有我独自变强，害死同门兄弟这种阴损事，赵某做不来。
Story/D_7_5_5_3_4_1_045,师兄说的武学至理，我听明白了，只是要想实践，八成很难。我已先入为主，幼年所习基本功扎根于脑海，无法做到真正忘形。这恐怕是说来容易，却只有你能使用的武功。
Story/D_7_5_5_3_4_1_046,是、是吗。
Story/D_7_5_5_3_4_1_047,师兄，师门大难在即，我不知能长进几分。不论如何还得指望你，事到如今多少不择手段，也没办法了。
Story/D_7_5_5_3_4_1_048,雷神脚……？
Story/D_7_5_5_3_4_1_049,这是峨嵋派至高无上的神技，心剑・雷神脚。形意拳的极致，象的不是生灵，而是天地自然之形，或为风，或为雷。与师兄所言《忘形篇》似是殊途同归之理。
Story/D_7_5_5_3_4_1_050,解无尘大侠的风雷神脚，便是揉合自家学的《风神步》与这部《雷神脚》，灵动敏捷，却无原典的神威凛凛，方今天下，只有向掌门会使。
Story/D_7_5_5_3_4_1_051,你、你是如何得来？
Story/D_7_5_5_3_4_1_052,自峨嵋剑狱盗来的，娇娇师姊被禁于石窟，意图掘地逃亡，意外发现了昔年峨嵋前辈剑狱老人的遗物，其中之一便是这部秘籍。我当下潜心暗记，下山以后才抄写出来。
Story/D_7_5_5_3_4_1_053,原来你记心这么好吗？居然整本秘籍抄录下来？
Story/D_7_5_5_3_4_1_054,恩师守鸿常说我是千载难逢的好苗子，天赋绝佳。何况大道至简，这部秘籍也没多厚，更无图画，背下来不难。
Story/D_7_5_5_3_4_1_055,要让峨嵋派知道了，可要不死不休！
Story/D_7_5_5_3_4_1_056,别让他们知道不就得了？
Story/D_7_5_5_3_4_1_057,你如何不留着自己习练？有这样的机缘，却将宝典赠我。
Story/D_7_5_5_3_4_1_058,师兄不也无私授我《忘形篇》的奥义吗？彼此彼此罢了。
Story/D_7_5_5_3_4_1_059,何况我不是不练，只是限于功力，暂时难以参悟。我自己也留了一部抄本，假以时日万事俱备，一定会追上你。
Story/N_7_5_5_3_4_1_003,你和唐衫交换了武学，相视一笑，此际才算真正尽弃前嫌。
Story/D_7_5_5_3_5_001,这回我到峨嵋之前，他对唐门究竟是否邪魔歪道，依然存疑。只因那释明大师佛法修为深湛，讲起经来头头是道，他总深以为然，虽然风雨山局势诡谲，他仍不敢断言孰是谁非。
Story/D_7_5_5_3_5_002,经历数日相谈，他才疑心渐去。
Story/D_7_5_5_3_5_003,向掌门奉南宫大侠为盟主，为武林献力共抗魔教，事了拂衣而去则可，武林同道互相攻伐，却非他所乐见。只是不论如何也不能因为一己喜恶，将峨嵋卷入是非。
Story/D_7_5_5_3_5_004,这也难怪。
Story/D_7_5_5_3_5_005,是以峨嵋决定两不相帮，置身事外。武林盟要想秋后算账，也是将来的事。
Story/D_7_5_5_3_5_006,就不怕唇亡齿寒吗？
Story/D_7_5_5_3_5_007,不是不怕，是不信。
Story/D_7_5_5_3_5_008,太天真了。
Story/D_7_5_5_3_5_009,但凡江湖里游的，哪有一个能够真正置身事外？缩起脖子来、遮住眼睛，迟早刀子还是要落下来。
Story/D_7_5_5_3_5_010,他便不信那刀会招呼到自己身上。
Story/D_7_5_5_3_5_011,他眼底的江湖，就这么单纯美好吗。
Story/D_7_5_5_3_5_012,此行倒也不算全无收获，最起码不必担心峨嵋响应武林盟，北上夹攻。
Story/D_7_5_5_3_5_013,如此足矣。最恐峨嵋接应点苍，如今峨嵋言明要袖手旁观，点苍北征便无接济。
Story/D_7_5_5_3_5_014,这么说来也是。
Story/D_7_5_5_3_5_015,可恶，没能后发先至，还是比唐三侠你慢了一步到唐门。
Story/D_7_5_5_3_5_016,解大侠，你怎么来了？
Story/D_7_5_5_3_5_017,自然是来帮忙的，你们不是要跟武林盟打架吗？
Story/D_7_5_5_3_5_018,但我三师兄说，向掌门决意两不相帮。
Story/D_7_5_5_3_5_019,我向师兄两不相帮，却不代表我解无尘无动于衷。别说我跟唐布衣了，我和你小子又何尝没有交情？你说是吧？
Story/D_7_5_5_3_5_020,很是！
Story/D_7_5_5_3_5_021,唐三侠，我来你不会不欢迎吧？
Story/D_7_5_5_3_5_022,哪里的话，欢迎之至！
Story/D_7_5_5_3_5_023,好！唐布衣不在，就由解无尘来坐镇唐门。你们想把我当成大师兄尊敬也可以。
Story/D_7_5_5_3_5_024,咦，兰──
Story/N_7_5_5_3_5_001,解无尘加入唐门，但是很快就被捉走了。
Story/D_7_5_5_3_5_025,这个不难，毕竟我大师兄在唐门一点都不受尊敬。想揍他的人比比皆是，你吃饭睡觉自己小心点。
Story/D_7_5_5_3_5_026,真的假的……？
Story/N_7_5_5_3_5_002,解无尘加入唐门。
Story/D_7_5_5_3_6_001,这回我到峨嵋之前，他对唐门究竟是否邪魔歪道，依然存疑。只因那释明大师佛法修为深湛，讲起经来头头是道，他总深以为然，虽然风雨山局势诡谲，他仍不敢断言孰是谁非。
Story/D_7_5_5_3_6_002,经历数日相谈，他才疑心渐去。
Story/D_7_5_5_3_6_003,与武林盟反目，陷峨嵋于水深火热之中，实非吾等所愿。但向掌门亦深明大义，心知这一步便是历史的分水岭。要想让侠义长存世间，便不能再当闲云野鹤，独善其身。
Story/D_7_5_5_3_6_004,那么说他是答应了？
Story/D_7_5_5_3_6_005,正是，也是为全南宫盟主遗愿。大同理想，不能是用排除异己的手段来达成。武林盟东来之日，峨嵋派会担任城墙，阻挡点苍派北上！
Story/D_7_5_5_3_6_006,这下心头大患便除啦！
Story/D_7_5_5_3_6_007,多亏了掌门，如此不愁大事难成。
Story/N_7_5_5_3_6_001,峨嵋派将在武林盟东来之日，与唐门并肩作战！
Story/D_7_5_5_4_086,启禀掌门，弟子赴青城游说归来。
Story/D_7_5_5_4_087,师妹，欢迎回家。不知你青城之行，可有捎回佳音？
Story/D_7_5_5_4_088,──幸不辱命。
Story/D_7_5_5_4_089,实不相瞒，我差点搞砸了。我先递了拜帖，想着时间还早，不如先去探望几个患者。结果就误了时辰。
Story/D_7_5_5_4_090,别、别用那种眼神看我啦！要不是我迟到，说不准还不能误打误撞把事办成呢。
Story/T_7_5_5_4_001,唐铮离开以后，师妹总神色淡淡。还道她稳重了，结果老毛病还是没改掉。
Story/D_7_5_5_4_091,青城三老在老君阁等我半天，不见人来，又派弟子三催四请。我倒不是摆架子不理，是我到处走动，没碰上他人。最后青城三老竟亲自下山逮我。
Story/D_7_5_5_4_092,青城三老亲自下山请人，你这后生晚辈架子还不算大？
Story/D_7_5_5_4_093,师姐所说的三老，不知指的是……？
Story/D_7_5_5_4_094,自然是邹掌门、不平道长、怀素道长三位。
Story/T_7_5_5_4_002,也对，那老怪从万丈高空摔将下来，他多行不义，又没奇遇，总不能摔不死他。
Story/D_7_5_5_4_095,见有乡亲给我撑腰，青城三老另眼相看，才有耐心听我说明事情原委。
Story/D_7_5_5_4_096,邹真人一拍大腿便答应了，二位老长也异口同声答应，都说义不容辞。
Story/D_7_5_5_4_097,虽说两派近来不少摩擦，二位长老听说结盟，都面露古怪颜色，意见也不尽相同，还是邹真人雷霆一怒，以掌门至尊身份下令，师妹此行才得个准信儿。
Story/D_7_5_5_4_098,不愧是邹道长，骨子里一如当年热血。
Story/D_7_5_5_4_099,而且，还有个意外之喜。那隐世不出的逸尘道子申屠龙申屠道长，也要出山来助阵！
Story/D_7_5_5_4_100,此话当真！好呀，申屠道长出马，又是一位强援！
Story/D_7_5_5_4_001,我回来啰～
Story/D_7_5_5_4_002,四师弟，欢迎回家。你青城之行，结果如何？
Story/D_7_5_5_4_003,这个嘛。
Story/D_7_5_5_4_004,我回来啰～
Story/D_7_5_5_4_005,就你在吗？三师兄上哪儿去了？
Story/D_7_5_5_4_006,他亲自去峨嵋游说向掌门了。
Story/D_7_5_5_4_007,他都当了掌门，也真够拚命了。
Story/D_7_5_5_4_008,四师兄，你青城之行，结果如何？
Story/D_7_5_5_4_009,这个嘛。
Story/O_7_5_5_4_001,失败了
Story/D_7_5_5_4_010,失败了。
Story/D_7_5_5_4_011,咦？
Story/D_7_5_5_4_012,失、失败了？
Story/D_7_5_5_4_013,我与青城邹掌门长谈，他本来心事重重，见了我才下定决心。
Story/D_7_5_5_4_014,见了你就下定决心不帮我们？
Story/D_7_5_5_4_015,劝你出使青城真是败笔。
Story/D_7_5_5_4_016,才不是这样！倒不如说多亏我，他才没去搭理武林盟好吧！
Story/D_7_5_5_4_017,怎么一回事，四师弟，你把话说明白点。
Story/D_7_5_5_4_018,原来邹掌门亦深感江湖水寒。南宫大侠亡故以后，更是心灰意冷，已不愿再掺和武林纠纷。
Story/D_7_5_5_4_019,邹掌门言道，江湖腥风扑鼻，弥漫暴戾之气，有害修道人平和心境。既不愿响应西武林盟号召，却也无心与唐门拼斗。
Story/D_7_5_5_4_020,我和邹掌门密谈的时候，武林盟派来的使者也捎来盟主檄文。邹掌门当着我的面，就婉拒了来使要求。
Story/D_7_5_5_4_021,自称风雨山一役与地狱道法王对掌负伤，力不从心，即将闭关养伤。不能亲率门人参战，唯恐有负武林盟主期望。话虽如此，亦不禁青城弟子下山，凭自身所见所闻决事。
Story/D_7_5_5_4_022,这是什么意思，说得不清不楚的。
Story/D_7_5_5_4_023,这话说得模棱两可，大有玄机啊。
Story/D_7_5_5_4_024,意思很明白了，就是青城并不表态，青城弟子无论做甚，都是个人行为。说不定会出现一半青城弟子追随武林盟围攻唐门，然后另一半居然跟我们同仇敌忾并肩作战的情况。
Story/D_7_5_5_4_025,这……这也太乱来了，身为掌门，竟不管束门中弟子吗？
Story/D_7_5_5_4_026,离谱！
Story/D_7_5_5_4_027,他风雨山一行，感慨万千，和我说了不少话。从前坚信不移的事物，眨眼就面目全非了，人世无常，本不是非黑即白。
Story/D_7_5_5_4_028,他也曾是奋不顾身的少年，如今故友无一在世，豪情已淡了。倦看江湖纷扰，只在青城坐镇，待大事一了，便择一佳弟子传袭掌门衣钵。从此一心修真，再不牵涉因果。
Story/D_7_5_5_4_029,这话是说，邹掌门要退隐江湖了吗？
Story/D_7_5_5_4_030,正是。
Story/D_7_5_5_4_031,邹掌门竟和你说了这么多话。
Story/D_7_5_5_4_032,我没说过吗？我和邹掌门挺熟的。主要是我看他胖，又是唐门邻居，一度疑心他是我亲爹。
Story/D_7_5_5_4_033,我千方百计去接近，旁敲侧击去打听，才排除嫌疑。话虽如此，也混了个脸熟。
Story/D_7_5_5_4_034,他至今都以为我是个耿直敦厚的可爱小胖子。
Story/O_7_5_5_4_002,成了
Story/D_7_5_5_4_035,当胖爷我谁？我都出马了，自然马到成功。
Story/D_7_5_5_4_036,当真吗？那可真是太好啦！
Story/D_7_5_5_4_037,是啊！
Story/D_7_5_5_4_038,当真？太好啦！
Story/D_7_5_5_4_039,原来邹掌门亦深感江湖水寒。南宫大侠亡故以后，更是心灰意冷，已不愿再掺和武林纠纷。若我们不兴办西武林大会，他都考虑退隐江湖了。
Story/D_7_5_5_4_040,我和邹掌门密谈的时候，武林盟派来的使者也捎来盟主檄文。邹掌门当着我的面就将来使轰了回去。
Story/D_7_5_5_4_041,爽～！
Story/D_7_5_5_4_042,痛快！
Story/D_7_5_5_4_043,多亏了四师弟你，有青城在背后支持，我等后顾无忧！
Story/D_7_5_5_4_044,我可不会谦让，这还真是我的功劳。
Story/D_7_5_5_4_045,从前我看邹掌门胖，又是邻居，总疑心他是我亲生爹，老是爱找由头上青城露脸，才和邹掌门多少混了个脸熟。若非如此，那有这么好说话呢？
Story/N_7_5_5_4_001,青城派将在武林盟东来之日，与唐门并肩作战！
Story/D_7_5_5_4_046,启禀掌门！我出使青城归来了！
Story/D_7_5_5_4_047,好，此去可有佳音？
Story/D_7_5_5_4_048,三师兄去了峨嵋派，还未归来。结果如何，师弟你同我说吧。
Story/D_7_5_5_4_049,也行。
Story/O_7_5_5_4_003,想都别想
Story/D_7_5_5_4_050,遗憾的是，我没能带回什么好消息。邹掌门对本门成见颇深，问了我一些问题，就把我赶了回来。
Story/D_7_5_5_4_051,啊……是吗，连邹掌门也不与我们并肩。
Story/D_7_5_5_4_052,什么问题？
Story/D_7_5_5_4_053,何谓侠义，何谓江湖，斗争的理由，人生的意义。
Story/D_7_5_5_4_054,这些问题，我自以为我知道，其实压根没怎么想过。答得一塌糊涂，连自己也忘了自己说什么。
Story/D_7_5_5_4_055,邹道长遣人送客之前，留下了话。他让我转达掌门，我们要做的事会燃起燎原大火，牵连大宋国运，若再一意孤行，就不能怪他不顾昔日情谊，拔剑除魔卫道。
Story/D_7_5_5_4_056,……我们捍卫的可不只是自己的身家性命，还有公平与道义。要是朝廷治下四海升平，没有半点冤屈，世间就不需有侠客。
Story/D_7_5_5_4_057,正是，我们能为不义之事发声，如何不能为自己的清白抗争。
Story/D_7_5_5_4_058,对、对嘛，就是这样。可惜我当时回答不上来，唉。
Story/D_7_5_5_4_059,我们要是屈服，世人都当我们被屠戮殆尽，乃是罪有应得。
Story/D_7_5_5_4_060,我们能为路见的不义之事仗剑鸣冤，如何不能为自己的清白抗争？
Story/D_7_5_5_4_061,对、对嘛，就是这样。可惜我当时回答不上来，唉。
Story/D_7_5_5_4_062,那不然你叫他去劝武林盟主不要来烦啊，又不是我们找的碴。我们好端端在这受人冤枉，还劝被害者为了大局着想不要抵抗，吃屎吧。
Story/D_7_5_5_4_063,你这话说起来倒痛快，就怕说了走不下青城。
Story/D_7_5_5_4_064,我当然不会在邹掌门面前说，起码要下到山门再放狠话。
Story/D_7_5_5_4_065,孬种。
Story/D_7_5_5_4_066,这叫识相，明哲保身。
Story/D_7_5_5_4_067,我倘若怕死，就不会在这儿了。
Story/N_7_5_5_4_002,青城派对唐门成见颇深，拒绝了结盟之请。
Story/O_7_5_5_4_004,态度含糊
Story/D_7_5_5_4_068,我也不知这算不算佳音。最起码武林盟东来讨伐之日，邹掌门不会位列其中。
Story/D_7_5_5_4_069,亦即是青城派打算两不相帮吗？
Story/D_7_5_5_4_070,不，只有邹掌门。
Story/D_7_5_5_4_071,这意思是说……？
Story/D_7_5_5_4_072,邹掌门说风雨山一役与地狱道法王对掌负伤，即将闭关养伤。又说江湖弥漫暴戾之气，有害他修道人的平和心境，所以不会奉陪两方。
Story/D_7_5_5_4_073,话虽如此，却又不禁青城弟子下山参与武林大事。至于加入哪边，全凭个人见闻论断。
Story/D_7_5_5_4_074,这是什么意思，说得不清不楚的。
Story/D_7_5_5_4_075,这话说得模棱两可，大有玄机啊。
Story/D_7_5_5_4_076,不过就是推托之词吧。邹掌门与我们老掌门是旧魔教抗战时的老战友，讲义气就不该落井下石，所以推托不来，只让门人弟子出动。
Story/D_7_5_5_4_077,说真的，正经人有几个会加入八字都还没一撇的西武林盟？我看我们还是别抱太大期望了。
Story/D_7_5_5_4_078,唉，你说的对，不能太过乐观啊。
Story/D_7_5_5_4_079,也是，没有天真的余裕了。
Story/O_7_5_5_4_005,支援
Story/D_7_5_5_4_080,他答应了。
Story/D_7_5_5_4_081,好，好！有青城在背后支持，我等后顾无忧！
Story/D_7_5_5_4_082,好极。
Story/D_7_5_5_4_083,邹掌门叹说，他何尝不知风雨山有冤？可是年纪越长心事越重，身为一派掌门，已不能像少年横冲直撞。南宫大侠之死，更令他感慨万千，考虑退隐江湖。
Story/D_7_5_5_4_084,锦香宫时邹掌门就有所动摇，又是唐门沦为众矢之的，这才恍然大悟，这哪是什么正邪之战？排除异己罢了。等到消灭了泥教，几时轮到青城？
Story/D_7_5_5_4_085,于是他一听我们有意集结西方武林势力，立马就一拍大腿答应了。
Story/N_7_5_5_4_003,青城派将在武林盟东来之日，与唐门并肩作战！
Story/D_7_5_5_5_001,我回来啦。
Story/D_7_5_5_5_002,四师弟辛苦了，你下山游说蜀地各地门派，可有斩获没有？
Story/D_7_5_5_5_003,嗨，别的大帮大派我还不敢说，这些中小门派平日我可没少走动。有疑虑的也给我一通忽悠，讲成没有，稳的。
Story/D_7_5_5_5_004,青蟒帮、白风寨、龙马潭、合江派，他们全都签了投名状！
Story/D_7_5_5_5_005,是吗？这可太好了！
Story/D_7_5_5_5_006,真是辛苦死我了，我要整点油花多的肉菜吃，补补身子。
Story/D_7_5_5_5_007,……唉。
Story/D_7_5_5_5_008,不是好消息吗？三师兄何以唉声叹气，一脸愁容？
Story/D_7_5_5_5_009,实不相瞒，这些日子以来我终日提心吊胆。方才听了好消息，高兴片刻，随即又变得患得患失。既怕他们食言，又怕连累朋友。
Story/D_7_5_5_5_010,我懂你，太懂了。
Story/D_7_5_5_5_011,但愿西武林盟结成，从此可以睡得安稳。
Story/D_7_5_5_5_012,朋友就是关键时刻拿来连累的。
Story/D_7_5_5_5_013,当你朋友的真倒霉。
Story/D_7_5_5_5_014,师父、师兄，我们回来了。
Story/T_7_5_5_5_001,三师兄的徒弟，却叫我师兄，真够古怪，什么乱七八糟的。
Story/D_7_5_5_5_015,徒儿们辛苦了，派你们下山游说蜀地各地门派，可有斩获没有？
Story/O_7_5_5_5_001,没有收获
Story/D_7_5_5_5_016,我们分别去了青蟒帮、白风寨、龙马潭、合江派。但这些人不是敷衍，就是将我们扫地出门，极尽嘲讽之能事。
Story/D_7_5_5_5_017,我们客客气气，反被嘲讽，说唐门已无当年锐气，从前趾高气昂，如今成了武林盟的眼中钉才来讨好，都瞧不起我们。
Story/D_7_5_5_5_018,唉……我料是这样的结果，不怪你们。一路辛苦了，洗去风尘歇会儿吧。
Story/D_7_5_5_5_019,多谢师父，弟子告退。
Story/D_7_5_5_5_020,唉……说得简单，做起来却不那么容易啊。虽然说这话已经迟了，但下这样的决定真的对吗？
Story/O_7_5_5_5_002,观望
Story/D_7_5_5_5_021,我们分别去了青蟒帮、白风寨、龙马潭、合江派。这些昔日里巴结奉承唐门都来不及的中小帮派，对我们虽然算得上客气，但说到结盟一事，却始终支支吾吾，说不出个准儿来。
Story/D_7_5_5_5_022,他们无非是不敢得罪唐门，又怕被武林盟当作与我们一挂。想当墙头草见风倒呗，呸，懦夫。
Story/D_7_5_5_5_023,等我们搞定武林盟，回头再找他们算账！
Story/D_7_5_5_5_024,好！
Story/D_7_5_5_5_025,好个屁，师弟，你别教坏我弟子。
Story/D_7_5_5_5_026,畏死之心，人皆有之。不能因为他们畏缩就记恨，否则我们跟武林盟也没两样了。
Story/D_7_5_5_5_027,是。
Story/D_7_5_5_5_028,此行辛苦了，洗去风尘歇会儿吧。
Story/D_7_5_5_5_029,多谢师父，弟子告退。
Story/D_7_5_5_5_030,唉……说得简单，做起来却不那么容易啊。虽然说这话已经迟了，但下这样的决定真的对吗？
Story/O_7_5_5_5_003,得到了答复
Story/D_7_5_5_5_031,我们分别去了青蟒帮、白风寨、龙马潭、合江派。他们全都当场应了我们的邀请，要与本门同仇敌忾！
Story/D_7_5_5_5_032,是吗？这可太好了！
Story/D_7_5_5_5_033,我这儿也有好消息，掌门师伯，您看。
Story/D_7_5_5_5_034,这都是来自蜀中之外，各地帮派、门派写来的信。他们说的无一不是愿在决战之日，与西武林同盟！派来的人都还住在镇上等您召见或者回信答复。
Story/D_7_5_5_5_035,是吗！这般有心，那可千万不能怠慢了。通通都得见上一面，有得忙了。
Story/D_7_5_5_5_036,事情谈得这么顺利，除了武林盟招人讨厌之外，也多亏了师父您的名声。
Story/D_7_5_5_5_037,那是唐门的名声，不只我一人。
Story/D_7_5_5_5_038,都先下去洗把脸，歇会儿吧。
Story/D_7_5_5_5_039,多谢师父，弟子告退。
Story/D_7_5_5_5_040,……唉。
Story/D_7_5_5_5_041,不是好消息吗？三师兄何以唉声叹气，一脸愁容？
Story/D_7_5_5_5_042,实不相瞒，这些日子以来我终日提心吊胆。方才听了好消息，高兴片刻，随即又变得患得患失。既怕他们食言，又怕连累朋友。
Story/D_7_5_5_5_043,我懂你，太懂了。
Story/D_7_5_5_5_044,但愿西武林盟结成，从此可以睡得安稳。
Story/D_7_5_5_5_045,朋友就是关键时刻拿来连累的。
Story/D_7_5_5_5_046,当你朋友的真倒霉。
Story/D_7_5_5_5_047,三师兄～瞧你们说那什么丧气话。这么没骨气，唐门祖宗才要笑话你呢。
Story/D_7_5_5_5_048,仙儿师妹！你、你这些日子都上哪儿去了？唐门内战以后便不见你踪影，我还以为……还以为……。
Story/D_7_5_5_5_049,以为我死了？还是随着二师兄去了？
Story/D_7_5_5_5_050,你……！
Story/D_7_5_5_5_051,你个外姓弟子给我闭～嘴～这儿哪有你说话的份！
Story/D_7_5_5_5_052,师妹，你可不能再这样说，师弟如今是唐门的中流砥柱。要是没他，光凭我和四师弟，怎么也不能撑到今天。
Story/D_7_5_5_5_053,喔是喔？那是因为没有我在的缘故。这就叫做山中无老虎，丑男当大王。
Story/D_7_5_5_5_054,贱货，你苦笑个屁？难道我还说错你了？
Story/D_7_5_5_5_055,好了，好了，师妹，你快消停一下，留点口德，别骂了。
Story/D_7_5_5_5_056,我不过就是心情烦乱，普通的出门旅游了一下，我嫖……喝茶的时候听说你们想组什么西武林盟。我的天，怎么几个月没回来，你们就搞出这么大阵仗？
Story/D_7_5_5_5_057,你刚是不是差点说出什么不得了的话？
Story/D_7_5_5_5_058,没有，你老了，听错了。
Story/D_7_5_5_5_059,是吗……。
Story/T_7_5_5_5_002,我也听见了。
Story/D_7_5_5_5_060,可是我好像也听见了。
Story/D_7_5_5_5_061,那是你思想龌龊！人家是女生耶！你敢乱听一通污我清白？
Story/D_7_5_5_5_062,这样险恶的局势，你依然归来！唐门欢迎你。
Story/D_7_5_5_5_063,废话，这我家，你们敢不欢迎我？信不信我反手把你们赶出去？
Story/D_7_5_5_5_064,好，三师兄请吧。这我自己家里，我可不会跟你客气。
Story/D_7_5_5_5_065,等等，我差点忘了说件事。
Story/D_7_5_5_5_066,什么？
Story/D_7_5_5_5_067,我出门在外的时候，结识了锦香宫的朋友。消息传得老远，江陵洞庭都在传闻你们想闹事。
Story/D_7_5_5_5_068,那能说是闹事呢。
Story/D_7_5_5_5_069,听说锦香宫对唐门印象不坏，像在商量举家搬到蜀中来住。来了就不走，以后说不定会变邻居，不妨期待她们支持。
Story/D_7_5_5_5_070,这可真是意料之外的好消息！
Story/D_7_5_5_5_071,这消息也得告诉湘姊，她一定乐坏了。
Story/D_7_5_5_5_072,我派弟子东行时没少受锦香宫照拂，那得投桃报李，好生张罗接待才行。
Story/D_7_5_5_5_073,……。
Story/D_7_5_5_5_074,看屁看，本仙儿貌美如花，你别癞虾蟆想吃天鹅肉！排到天边去也轮不到你一亲芳泽，别说芳泽，你连我的屁股都亲不到！
Story/D_7_5_5_5_075,师姊还是老样子，真够粗鲁的……半点不像女子。
Story/D_7_5_5_5_076,我竟然会怀念这种事，哈。
Story/D_7_5_5_5_077,知道你有满腔疑虑，这儿不是说话的地方，随我来。
Story/D_7_5_5_5_078,太慢了，你腿瘸了吗？
Story/D_7_5_5_5_079,呃……。
Story/D_7_5_5_5_080,我家小梅呢？
Story/D_7_5_5_5_081,她主动请缨，回崆峒去搬救兵了。
Story/D_7_5_5_5_082,你怎没跟去替她撑腰，却在家里悠悠哉哉的？吃软饭的家伙，废物。
Story/D_7_5_5_5_083,那是因为──
Story/D_7_5_5_5_084,我龙师妹呢？
Story/D_7_5_5_5_085,这当儿不是在练剑，就是吃东西吧。
Story/D_7_5_5_5_086,还吃得下？那就好。人只要吃得下饭、睡得着觉、拉得出屎就能活。
Story/D_7_5_5_5_087,虽然是实话，但你大可委婉一点。
Story/D_7_5_5_5_088,好像是这样。
Story/D_7_5_5_5_089,你把她身子骗到手没？
Story/D_7_5_5_5_090,突然这是什么话，给她听见了我会被砍死！
Story/D_7_5_5_5_091,够了，你别说了。
Story/D_7_5_5_5_092,师姊，你还是一样嘴上不饶人。
Story/D_7_5_5_5_093,难道你帮了锦香宫，就奢望奴家对你客气吗？可惜得很，你太丑了，所以没门～哦呵呵呵～
Story/D_7_5_5_5_094,呃啊！
Story/D_7_5_5_5_095,不过嘛，姑且谢一谢你吧，师弟。
Story/D_7_5_5_5_096,锦香宫和我都承你的情。知你满腹疑窦，等到时机成熟，奴家自会与你分说。现在嘛～你只要知道奴家是伙伴就好了。
Story/O_7_5_5_5_004,我信
Story/D_7_5_5_5_097,很好。
Story/O_7_5_5_5_005,不信，你一定有阴谋
Story/D_7_5_5_5_098,你不信？那你真是蠢过只猪。奴家若想唐门倒霉，只消冷眼旁观就好，自有武林盟收拾你们。犯得着特地跑回唐门跟你们吃苦吗？
Story/D_7_5_5_5_099,呃……。
Story/D_7_5_5_5_100,不过呢，由于向三师兄解释起来特别麻烦的缘故，为了避免他忧思过重脱发～所以请你暂时替我身份保密啰。这书～就当作收买你的礼物吧。
Story/D_7_5_5_5_101,这不就是……！
Story/D_7_5_5_5_102,你不是崆峒掌派人吗？这部神功如今物归原主了。
Story/D_7_5_5_5_113,好了，回去吧。咱们孤男寡女独处，别要传出什么绯闻，奴家听得心头火起，可能会忍不住杀了你。
Story/D_7_5_5_5_114,不要哇！
Story/D_7_5_5_5_115,哦呵呵。
Story/T_7_5_5_5_003,我给姊姊派来监视唐铮那小伙子，结果住着住着都有感情了呢。姊姊的遗策，我来替她完成吧。
Story/D_7_5_5_6_001,嘎～～～！
Story/D_7_5_5_6_002,？！
Story/D_7_5_5_6_003,嘎啊啊～～～！
Story/D_7_5_5_6_004,是你……火闪电！
Story/D_7_5_5_6_005,这是小梅的信吗。
Story/D_7_5_5_6_006,阿活，当你看到这封信的时候，我已经不在人世了。
Story/D_7_5_5_6_007,！？
Story/D_7_5_5_6_008,骗你的啦～紧张了？哇哈哈哈！
Story/D_7_5_5_6_009,混蛋！
Story/D_7_5_5_6_010,紧张我了？还是说生气了呢？
Story/D_7_5_5_6_011,活该，看你这薄情郎还敢不敢花心。
Story/D_7_5_5_6_012,可惜没能看到你爱哭的表情，一定很丑。
Story/D_7_5_5_6_013,没关系，弄哭你的机会多的是，走着瞧。等本梅回家，非把你弄个死去活来。
Story/D_7_5_5_6_014,掌派人交代的事，你的小梅已经办妥了。那不知死活的阿笙攻打唐门之日，就是他的死期。
Story/D_7_5_5_6_015,至于我呢，临时有些事情要办，要迟一些才回唐门。同来的师姊都在崆峒作客，请三师兄放心。
Story/D_7_5_5_6_016,就这样了，见不到面的时候要想我，必须思之如狂。不能只有我受煎熬，明明丑的是你，凭何是我为情所困呢？
Story/D_7_5_5_6_017,妾　虞氏　裣衽。
Story/D_7_5_5_6_018,真是的……这小妞又跑哪儿去？
Story/D_7_5_5_6_019,但愿小梅快些回来吧，最怕相聚时光不多了。
Story/N_7_5_5_6_001,崆峒派将在武林盟东来之日，与唐门并肩作战！
Story/D_7_5_5_6_020,师兄，这个……嫂子寄了飞鸽传书回来，书信在这。
Story/D_7_5_5_6_021,小竹吗。
Story/D_7_5_5_6_022,怪我最近练功太勤，见了会飞的东西就手痒，不小心就掷镖把鸽子给打死了，你想回信只怕有点难了，得下山问问还有没人有人调教往返两地的鸽子。
Story/D_7_5_5_6_023,哦……不妨，我且看看她信怎么说。
Story/D_7_5_5_6_024,掌派人尊览。幸甚，妾无负掌派人所托。崆峒四门齐心奉召，不日动员南下，与唐门会师，共赴战场。
Story/D_7_5_5_6_025,暌违多时，梦想为劳。与君异地，节日清冷，床榻苦寒。归心似箭，恨不能插翅。但妾有不可不为之事，将欲迟归，望郎君珍摄为幸，勿以为念。
Story/D_7_5_5_6_026,端此，顺候近安。
Story/D_7_5_5_6_027,妾　郁竹　裣衽。
Story/D_7_5_5_6_028,这……这不对啊，这不是小竹的口吻啊！
Story/D_7_5_5_6_029,想必有人给她当参谋了。不过字还是一样歪七扭八的。
Story/D_7_5_5_6_030,写这什么，那么文诌诌，读起来真辛苦。
Story/D_7_5_5_6_031,小竹临时有什么事呢，又不说明白，存心害人担心。
Story/D_7_5_5_6_032,但愿小竹快点回来吧，最怕相聚时光不多了。
Story/N_7_5_5_6_002,崆峒派将在武林盟东来之日，与唐门并肩作战！
Story/D_7_5_5_6_033,我回来啰～
Story/D_7_5_5_6_034,四师弟，欢迎回家。你长途跋涉辛苦了，不过还是要先问一问，你崆峒之行，结果如何？可有捎回好消息？
Story/D_7_5_5_6_035,这个嘛。
Story/O_7_5_5_6_001,失败了
Story/D_7_5_5_6_036,好消息就是我活着回来了。乖乖，武林都要大乱了，那四门竟还顾着窝里反，胖爷一去就被卷进他们内战，差点没把小命送掉。
Story/D_7_5_5_6_037,掌派人之位虚悬，崆峒群龙无首，四掌门本就各怀鬼胎。这回武林大会，那长年闭关不出的夺魄掌门就似拿住了把柄，跳出来问责。
Story/D_7_5_5_6_038,怪罪丹霞子、魏掌门堕了崆峒威风，非要讨个说法。又质疑夺魄嫡传女弟子夺魄幽兰失踪一事，乃是三门搞鬼。
Story/D_7_5_5_6_039,那二位有什么好作话柄的？又有什么说法好讨？武林大会的憾事，又不是他们害的。
Story/D_7_5_5_6_040,反正他处心积虑要作对，那二位处世再周到，也总有说的。摆明了就是鸡蛋里挑骨头，故意挑衅吧。
Story/D_7_5_5_6_041,夺魄门猝然反目，胁持铁拳门下九流不会武功的居民百姓，威逼魏掌门开启玄功洞秘境，交出崆峒秘宝。
Story/D_7_5_5_6_042,魏掌门用计解围，率门人避入玄功秘境，放下忘尘石堵住洞口，那是铁了心誓死不降，等到洞中储粮、储水断绝，就集体殉派。
Story/D_7_5_5_6_043,怎么可能……。
Story/D_7_5_5_6_044,魏掌门。
Story/T_7_5_5_6_001,这事……怎么瞒过萤姑娘才好？她听闻噩耗，必定伤心欲绝。
Story/D_7_5_5_6_045,丹霞子道长力抗夺魄掌门，本来大有胜算，却冷不防被自家恩师火龙仙君背后偷袭。
Story/D_7_5_5_6_046,好可恶！
Story/D_7_5_5_6_047,早听闻火龙仙君素来不喜这位大弟子，但那丹霞子道长不是别人，乃是戍守襄阳、战功赫赫的道法将军啊！又是崆峒栋梁，他怎地如此是非不分，竟尔痛下杀手？
Story/D_7_5_5_6_048,可惜了这位英雄啊。
Story/D_7_5_5_6_049,三师兄，先别哭，我话还没说完。我也道他必死无疑，只顾保命，匆匆就走，结果驾车回程路上，这人突然浑身浴血，从我马车底下窜了出来。
Story/D_7_5_5_6_050,他没死？
Story/D_7_5_5_6_051,幸好我带了一车货，货里不乏伤药，当下死马当活马医，一股脑儿通通用上，也不管对不对症，先把创口糊起来。后来又秘密找了大夫熬了几副药，才把人救了回来。
Story/D_7_5_5_6_052,事情就是这样，唐掌门、赵大侠，幸会了！
Story/D_7_5_5_6_053,你、你便是道法将军吗？
Story/D_7_5_5_6_054,哈哈哈！什么道法将军，都是军中弟兄取笑，胡乱喊的，当不得真！
Story/D_7_5_5_6_055,贫道乃是修真之人，又没军籍，擅自乱入战场，承蒙赵方老将军宽仁，没杀我头，反而不拘小节，唯才是用，才能为大宋百姓略尽绵薄之力。倒教唐掌门见笑了，惭愧，惭愧。
Story/D_7_5_5_6_056,道长没事，真是太好了！
Story/D_7_5_5_6_057,正是，这回我们四师弟可谓是立了大功。
Story/D_7_5_5_6_058,有功劳就该打赏，赏罚分明的才是好掌门。三师兄，请给我钱！
Story/D_7_5_5_6_059,道长幸免于难，实是百姓之福。
Story/D_7_5_5_6_060,有没有福，也得看我来日作为。我若就此一蹶不振，那跟死了也没啥区别。
Story/D_7_5_5_6_061,道长身经百战换来一身伤疤，这回没死成，又添几道新痕，帅得很啊。
Story/D_7_5_5_6_062,哈哈哈！赵兄弟这话说得很是。这身伤痕便是我历劫重生的记号，只要没死，就多多益善。
Story/D_7_5_5_6_063,我与飞天门恩断义绝，却不忍见崆峒百姓受难。迟早要杀回崆峒，找铁拳名匠郁竹造一柄大斧，劈开忘尘石，救出玄功门的师姊妹！
Story/D_7_5_5_6_064,只不知洞中储粮，能够挨到那时吗？她们的处境该不会比我们都要危急吧？
Story/D_7_5_5_6_065,够的。旁人或许不得而知，其实玄功洞中别有洞天，通往一处绝谷，谷中有果树可接雨水，魏掌门早有先见之明，在谷中开垦农地，自耕自足，想来住上十五、十六年都不成问题。
Story/D_7_5_5_6_066,当真吗？那真是太好了！
Story/D_7_5_5_6_067,在谷中耕田？魏掌门吃饱太……魏掌门果然料事如神啊。
Story/D_7_5_5_6_068,吉人天相，魏才女命不该绝！
Story/D_7_5_5_6_069,至于贫道，伤愈之前免不了要叨扰唐门。我身无分文出逃，领受唐四侠救命之恩，更不敢白住。
Story/D_7_5_5_6_070,贫道愿为恩公再当一回将军，如若唐掌门信我，可将门人交我操练。武林盟进犯之日，便是末将用武之时！
Story/D_7_5_5_6_071,将军快快请起！
Story/D_7_5_5_6_072,与道法将军同一阵线，令人无比心安，哪有信不过的。就怕我们山野乡人，临阵磨枪也不管用。
Story/D_7_5_5_6_073,哈哈哈，临阵磨枪，不亮也光，乱指挥本就是末将拿手好戏。走着瞧吧！
Story/N_7_5_5_6_003,道法将军丹霞子加入唐门。
Story/D_7_5_5_6_136,怎么会有这种事……。
Story/D_7_5_5_6_137,那群崆峒混蛋、臭流氓、土包子，竟敢对当今第一才女如此失礼！简直有辱斯文！
Story/D_7_5_5_6_138,当我上官萤是吃草的吗？走着瞧！等我回家搬救兵，用上官家的实力讨回公……道……。
Story/D_7_5_5_6_139,啊……我忘了，我已经不是上官世家的人了，如何喊得动人。
Story/D_7_5_5_6_140,萤儿，你还有唐门当靠山。丹霞子道长说魏才女一时没有性命之忧，等到此间麻烦一了，我们就带同师兄弟北上，去要回魏才女。
Story/D_7_5_5_6_141,好。
Story/D_7_5_5_6_142,干嘛苦笑，对我多点信心吧，我一定办到。
Story/D_7_5_5_6_143,你要是真办得到就好了……唉。
Story/O_7_5_5_6_003,你只管不信，我说到做到
Story/D_7_5_5_6_144,我没有不信，只是……唉。我心里急，你别跟我计较。
Story/O_7_5_5_6_004,讲干话刺激她
Story/D_7_5_5_6_145,当真？那我把魏才女也一起娶－－
Story/D_7_5_5_6_146,你敢！
Story/D_7_5_5_6_147,怎就见得是我敢不敢的问题。万一我救了她，是她自己愿意以身相许呢？
Story/D_7_5_5_6_148,我……我到时把你们俩个一起揍！
Story/D_7_5_5_6_149,你竟扬言要打当今第一才女，太野蛮了吧。
Story/D_7_5_5_6_150,你再说！再说！
Story/D_7_5_5_6_151,好啦，别打，我不说了。魏才女要是对我图谋不轨，我一定严词拒绝她，告诉她：区区赵活不才，今生只属上官萤，不变不移，非要对我用强，在下只有以死明志。
Story/D_7_5_5_6_152,你，你……。
Story/D_7_5_5_6_153,噗，呵呵。
Story/D_7_5_5_6_154,哈哈哈哈，少臭美了～魏才女哪里看得上你！还以死明志呢，不要脸！
Story/D_7_5_5_6_155,哈哈哈哈！
Story/D_7_5_5_6_156,她眼睛雪亮的呢，哪似我眼盲心瞎，竟然跟了你。
Story/D_7_5_5_6_157,说话真过份，我有什么不好？
Story/D_7_5_5_6_158,不就脸吗。
Story/D_7_5_5_6_159,除了脸，我真是挑不出毛病来了。你相貌不好，十分里扣了九分，可是你又凭本事，把那九分加了回来。
Story/D_7_5_5_6_160,赵活。
Story/D_7_5_5_6_161,干嘛，突然严肃起来。
Story/D_7_5_5_6_162,你可要说到做到，帮我救出魏娘子。
Story/D_7_5_5_6_163,那样的话，只要是我能给的，都给你。便是让我当丫鬟，伺候你洗漱更衣都可以。
Story/D_7_5_5_6_164,哪有你这么大的丫鬟，便是伺候人，你也是个嫲嫲。
Story/D_7_5_5_6_165,欠揍，你不讲这种讨人厌的话会死是吗？
Story/D_7_5_5_6_166,哎唷岂敢，我哪舍得委屈你。
Story/D_7_5_5_6_167,你要真是个英雄，萤儿伺候你，也不算委屈。
Story/D_7_5_5_6_168,萤姑娘这是害羞了，哈哈。
Story/D_7_5_5_6_169,呼呼，萤姑娘想什么了，脸倏地就红，嘿嘿嘿。
Story/O_7_5_5_6_002,成了
Story/D_7_5_5_6_074,办成是办成了……。
Story/D_7_5_5_6_075,坏就坏在我差点赊了一条命，至今余悸犹存。
Story/D_7_5_5_6_076,怎么回事？
Story/D_7_5_5_6_077,乖乖，武林都要大乱了，那四门竟还顾着窝里反，胖爷一去就被卷进他们内战，差点没把小命送掉。
Story/D_7_5_5_6_078,掌派人之位虚悬，崆峒群龙无首，四掌门本就各怀鬼胎。这回武林大会，那长年闭关不出的夺魄掌门就似拿住了把柄，跳出来问责。
Story/D_7_5_5_6_079,怪罪丹霞子、魏掌门堕了崆峒威风，非要讨个说法。又质疑夺魄嫡传女弟子夺魄幽兰失踪一事，乃是三门搞鬼。
Story/D_7_5_5_6_080,那二位有什么好作话柄的？又有什么说法好讨？武林大会的憾事，又不是他们害的。
Story/D_7_5_5_6_081,反正他处心积虑要作对，那二位处世再周到，也总有说的。摆明了就是鸡蛋里挑骨头，故意挑衅吧。
Story/D_7_5_5_6_082,夺魄门猝然反目，胁持铁拳门下九流不会武功的居民百姓，威逼魏掌门开启玄功洞秘境，交出崆峒秘宝。
Story/D_7_5_5_6_083,魏掌门反过来煽动群情，崆峒百姓早就对飞天、夺魄两门积怨已久，又听说唐门曾有建外堡收容难民为外姓弟子的美谈，纷纷叫嚷起来，再也不服统治，要迁居蜀中，至于崆峒，他们爱怎么搞便怎么搞。
Story/D_7_5_5_6_084,这……是有这事儿没错，但崆峒居民众多，本门哪里收容得下？
Story/D_7_5_5_6_085,放心，他们只是叫嚷，没有真的要来。眼看激起了众怒，即便通通打杀镇压，往后也没人耕田打猎供养自己，那夺魄掌门也是瞬间变了脸色，开始赔笑服软，真他妈的能屈能伸。
Story/D_7_5_5_6_086,眼看谋权未果，只得假正经，口口声声说是为了大局着想。之后四掌门在半雨屏议事，经夺魄门一闹，各有反思。深有唇亡齿寒之忧，总算把我的话听进去了。
Story/D_7_5_5_6_087,还真多亏了夺魄门。
Story/D_7_5_5_6_088,因祸得福啊。
Story/N_7_5_5_6_004,崆峒派将在武林盟东来之日，与唐门并肩作战！
Story/D_7_5_5_6_089,事情还没完。
Story/D_7_5_5_6_090,议定南下支持本门之后，魏掌门又反客为主，借题发挥。自言深感德不配位，手掌崆峒民生，不想却令夺魄门心生怨怼犹不自知，于是自请卸任，要将掌门之位传予玄功护法鞠冬音。
Story/D_7_5_5_6_091,要知飞天、夺魄势如水火，飞天门掌权时夺魄门绝不好过，反之亦然。这一代勉强还能相安无事，都是仰仗魏掌门明里暗里刻意制衡。
Story/D_7_5_5_6_092,她手腕高明的很，不领玄功门去争权，而以总管自居。善用权术虚拱飞天门，巧立名目指派夺魄门担任警备、潜火要职，让飞天门心怀忌惮收敛几分，才得以在没有掌派人的情况下维稳局势。
Story/D_7_5_5_6_093,她这一走，飞天门必会报复，届时夺魄门诸多职权被褫夺，地位一落千丈，只怕要沦落到陪铁拳门的去挑大粪干些下九流营生。这下那夺魄掌门可谓是叫苦不迭，不住鞠躬赔罪，就差没有跪下磕头。
Story/D_7_5_5_6_094,哈，痛快！宁不知那魏掌门是何许人也？不涉江湖以前，便是名满临安的状元之才。山中武夫想要弄权，等于鲁班门前弄大斧，只有自讨没趣。
Story/D_7_5_5_6_095,是啊，我去崆峒做买卖都得避着她，那人太精明了。又总笑笑的，笑得我心里发寒，碰上了我都赚不了几个子儿，搞得我还要私下找人把货脱手，像干不正经买卖似的。
Story/D_7_5_5_6_096,那后来如何收场？
Story/D_7_5_5_6_097,魏掌门人缘太好，百姓都说她比县老爷还像清官，纷纷慰留。便是向来互看不顺眼的其他三掌门都敬畏有加。最后她退而求其次，推说要外出游历散心，三掌门才松口答应。
Story/D_7_5_5_6_098,却不知她去了哪里……。
Story/D_7_5_5_6_099,这里。
Story/D_7_5_5_6_100,咦？
Story/N_7_5_5_6_005,此时你们才听见外边女子的咯咯娇笑之声。
Story/D_7_5_5_6_101,出去看看。
Story/D_7_5_5_6_102,哎，大家让让，三师兄来了。
Story/D_7_5_5_6_103,赵活，你看是谁来了？
Story/D_7_5_5_6_104,哦，这位是……。
Story/D_7_5_5_6_105,崆峒玄功魏掌门、魏才女！
Story/D_7_5_5_6_106,唐掌门，赵大侠，小女子这厢有礼了。起行仓促，快逾书信，不速而至，有失礼数。还请君子雅量，千万海涵。
Story/D_7_5_5_6_107,魏掌门何必那么客套，还曲解了事实？三师兄，她本来打算在山下客栈留宿，先寄拜帖上山，是我请弟妹下山硬拽上来的。
Story/D_7_5_5_6_108,没错，就是我。三哥，有朋自远方来，不亦乐乎？倒屣相迎都来不及了，江湖儿女太多虚礼，便看不见真心。
Story/D_7_5_5_6_109,弟妹说的很对。
Story/D_7_5_5_6_110,我与魏掌门素未谋面，却素来仰慕才名。贵客莅临唐门，可谓蓬荜生辉。失礼云云，千万莫要再提。
Story/D_7_5_5_6_111,多谢掌门宽仁，不与小女子计较。我听闻上官娘子托庇于贵门荫下，此行特来访友。备薄礼一些，并非名贵珍品，皆是秦州名产，还请掌门笑纳。
Story/D_7_5_5_6_112,魏才女客气了。
Story/D_7_5_5_6_113,上官娘子，小妹也带了一些你从前遗落我这儿的事物。从前你不放心上，此刻应有用场。
Story/D_7_5_5_6_114,我忘了什么事物吗？
Story/D_7_5_5_6_115,这……这是……。
Story/D_7_5_5_6_116,{size=24}你怕我在崆峒吃苦，每回过来都硬要把钱财往我掌心里塞。{/size}{size=24}我都默默收着，如今你正是用钱之际，可别跟我推辞，不然小妹要生气的。」{/size}
Story/D_7_5_5_6_117,怎么又哭又笑的，也不怕人笑话。
Story/T_7_5_5_6_002,萤姑娘有个好朋友啊。
Story/D_7_5_5_6_118,唐掌门，小女子厚颜斗胆，欲在贵门借居小段时日，与上官娘子作伴。不知是否方便，能得允可否？
Story/D_7_5_5_6_119,自无不可，只是想必魏才女也曾耳闻江湖传言，武林盟磨刀霍霍不日将欲东来，魏才女盘桓寒舍，就怕届时遭到牵连。
Story/D_7_5_5_6_120,……开门见山的说，小女子是来展露决心的。
Story/D_7_5_5_6_121,崆峒派从前给添过的麻烦，而今着落我来弥补。
Story/D_7_5_5_6_122,这……魏才女有大才，这又何苦？
Story/D_7_5_5_6_123,不苦。何况我还有私心呢。
Story/D_7_5_5_6_124,流落江湖以来千般辛苦，尚幸还有一点好，便是那摸不着、看不见的义气。我一介弱质女流，也想学一学榜样，来与上官娘子共患难。
Story/D_7_5_5_6_125,招弟……说不定会死的喔。千金之子不死于盗贼，不是吗？你平日看着挺聪明的，怎就这么傻呢，好端端的，自己卷进浪里来。
Story/D_7_5_5_6_126,生亦我所欲也，义亦我所欲也；二者不可得兼，舍生而取义者也。举头自引刃，顾义谁顾形。烈士不忘死，所死在忠贞。
Story/T_7_5_5_6_003,魏才女这是引用了孟子，和唐代柳宗元诗作典回答。
Story/D_7_5_5_6_127,你真好，交上你这个朋友，是我生平最好的投资。
Story/D_7_5_5_6_128,小妹很荣幸。
Story/N_7_5_5_6_006,崆峒玄功魏掌门成为了唐门的客人。崆峒派将在武林盟东来之日，与唐门并肩作战！
Story/D_7_5_5_6_129,赵活、三哥，崆峒那边，至今没有回音吗？
Story/D_7_5_5_6_130,萤姑娘，你先别急。
Story/D_7_5_5_6_131,我怎么能不急啊，也不知崆峒出了什么事情，魏才女迟迟不回我书信，托人去打听，连打听的人也没了音讯。
Story/D_7_5_5_6_132,本门派去崆峒派的说客至今未归，可千万别出什么乱子才好。
Story/D_7_5_5_6_133,他们好歹是名门正派，总不能将我们的人强留在山中。
Story/D_7_5_5_6_134,大会时日将近，不宜再拨人力，我将书信托予旁人，花钱请人跑一趟崆峒，向四掌门相询吧。
Story/D_7_5_5_6_135,我也写。其他三位掌门，我也或多或少打过一点交道，特别是铁拳掌门。要托人送信的话，就托行脚商吧。不是武林人，他们怎样也不能下手加害。
Story/D_7_5_5_7_001,小菊。
Story/D_7_5_5_7_002,启禀掌派人，据信，崆峒援军不日即将行至蜀境。
Story/D_7_5_5_7_003,太好了。
Story/D_7_5_5_7_004,是。
Story/D_7_5_5_7_005,崆峒玄功女弟子魏菊，向掌派人请命，前往昭化接应。
Story/D_7_5_5_7_006,你要去接引崆峒人马？
Story/D_7_5_5_7_007,是，崆峒人马为数颇众，一味涌至眉山乱打一气亦非良策。为防武林盟兵分多路自北包围，妾欲亲往面授机宜，遣兵排阵， 确保万一之时的退路。
Story/D_7_5_5_7_008,此事确实至关重大……。
Story/D_7_5_5_7_009,但是非你不可吗？
Story/D_7_5_5_7_010,也不必是你亲自前往吧。道法将军是将才，你有计策，信里稍加提醒，他也应该心领神会。
Story/D_7_5_5_7_011,丹霞子师兄胸有兵甲，当知其中关窍。然而妾身心小，并非帷幄之才，不能调兵于千里之外，安坐于素帐之中。凡事不敢懈怠，以谨慎行事为上，故此请命。
Story/D_7_5_5_7_012,你不去盯着，心就不踏实对吧？
Story/D_7_5_5_7_013,可以这么说。
Story/D_7_5_5_7_014,妾欲向掌门师兄请调女弟子数名随行，以利监督，关键时刻还能传讯回家。
Story/D_7_5_5_7_015,你让她们监督谁？崆峒弟兄？她们只怕不懂行军打仗那套吧。
Story/D_7_5_5_7_016,自然是监督妾身了，妾若有二心，师姊们可以将魏菊就地正法。
Story/D_7_5_5_7_017,你这是说什么傻话！
Story/D_7_5_5_7_018,掌派人。倘若崆峒派居心叵测，魏菊此去会合，就彻底脱离郎君的掌控，若无监军管束，要是妾身心怀鬼胎怎办？防人之心不可无，请师姊们随行，也有自清的含意。
Story/D_7_5_5_7_019,我信你不疑，请别再说这种话，没的让人感觉孤寂。
Story/D_7_5_5_7_020,掌派人……赵郎。
Story/D_7_5_5_7_021,身为掌派人，你可不能这样示弱。崆峒派虽然奉你为尊，但也潜伏着野心勃勃之辈。要想御下，你得维持高深莫测。
Story/D_7_5_5_7_022,……知道了。
Story/D_7_5_5_7_023,你信我不疑，小菊好生欢喜。作臣子如是，作妻子亦如是。
Story/D_7_5_5_7_024,那么换个说法，小妹欲请师姊随行，护卫你的妻子如何呢？
Story/D_7_5_5_7_025,那样就好，我去请门中武功最高、品行最好的师姊妹保护你。
Story/D_7_5_5_7_026,我就偏不防你，就爱中门大开。给你捅刀子也心甘情愿，倒不如说你若想害我，不必这么多弯弯绕绕。在此时此刻说一句：「我其实很讨厌你。」我就会当场暴毙而亡。
Story/D_7_5_5_7_027,呃。
Story/D_7_5_5_7_028,别说你是我钟情、敬爱之人，便是当真只论从属，我也有用人不疑的觉悟。
Story/D_7_5_5_7_029,……。
Story/D_7_5_5_7_030,赵郎，我、我按捺不住，要说真心话了。
Story/D_7_5_5_7_031,我准备好受死了。
Story/D_7_5_5_7_032,{size=24}我其实……我其实很倾慕你，心悦于你。{/size}{size=24}能够以你的夫人自居，每日清醒都有不胜之喜。{/size}{size=24}想要和你执手白头，老来含饴弄孙。{/size}
Story/D_7_5_5_7_033,为了达成这个愿望，所以正在努力，请让我去吧。
Story/D_7_5_5_7_034,那么换个说法，小妹欲请师姊随行，护卫你的妻子如何呢？
Story/D_7_5_5_7_035,那样就好，我去请门中武功最高、品行最好的师姊妹保护你。
Story/D_7_5_5_7_036,说什么监督，我哪里有不信你的……。不过既然你都这么说了，表现给唐门其他师弟妹看也挺要紧的。
Story/D_7_5_5_7_037,否则他们还道我管不住你。
Story/D_7_5_5_7_038,否则他们难免多想。
Story/D_7_5_5_7_039,是。
Story/D_7_5_5_7_040,那么妾身就此请去，拜别掌派人。
Story/D_7_5_5_7_041,好……那我送你一小程吧。
Story/D_7_5_5_7_042,掌派人还请留步，依依不舍，平白蹉跎光阴罢了。妾身几日便回，不必操心。
Story/D_7_5_5_7_043,哦……好吧。
Story/D_7_5_5_7_044,等我回来邀功，请赵郎你务必奖励我。
Story/D_7_5_5_7_045,我有的不都全是你的？
Story/D_7_5_5_7_046,我想要你的陪伴，从早到晚，一天十二时辰都不分开。
Story/D_7_5_5_7_047,到晚？晚上你也会伺候着？
Story/D_7_5_5_7_048,赵郎！这还大白天呢！
Story/D_7_5_5_7_049,左右无人，你老实答我便是。
Story/D_7_5_5_7_050,……凡是妻子的分内之事，妾身自然责无旁贷。
Story/D_7_5_5_7_051,这是我的奖励才对。
Story/D_7_5_5_7_052,好，路上小心，早去早回。
Story/D_7_5_6_1_001,明日便是西武林大会了。
Story/D_7_5_6_1_002,太阳要下山了，今宵便是唐门最后一夜。
Story/D_7_5_6_1_003,是啊……人事已尽，成败皆在明天。
Story/D_7_5_6_1_004,……我是不是应该趁早跑路？
Story/D_7_5_6_1_005,都已经到了这一步，你还想跑吗？
Story/D_7_5_6_1_006,我说笑的。
Story/D_7_5_6_1_007,真是的。
Story/D_7_5_6_1_008,我明天再跑。
Story/D_7_5_6_1_009,结果还是要跑吗。
Story/D_7_5_6_1_010,胜算越大，我跑得越慢。
Story/D_7_5_6_1_011,……不得不说，真让人感慨啊。
Story/D_7_5_6_1_012,启禀掌门师兄，各路师兄弟都带消息回来，我特来汇报。
Story/D_7_5_6_1_013,……好，你说吧。
Story/D_7_5_6_1_014,唉，各位师兄都做好觉悟吧，我是带着坏消息回来的。
Story/D_7_5_6_1_015,您要先听坏消息，还是好消息？
Story/D_7_5_6_1_016,先听坏消息吧。
Story/D_7_5_6_1_017,三师兄，你也太消极了。
Story/D_7_5_6_1_018,我先听些坏的，等下再听好消息，才好调适心情。
Story/D_7_5_6_1_019,该来的终归要来。
Story/D_7_5_6_1_020,坏消息就是，武林盟如期而至。
Story/D_7_5_6_1_021,果然来了啊……！
Story/D_7_5_6_1_022,嗯，这也不算坏消息，我们早料到他们会来捣乱。
Story/D_7_5_6_1_023,近日常有形迹可疑的生客，到眉山镇来打听消息。他们倒也不敢直接侵犯唐门地界，只是分散在邻近村镇之中。
Story/D_7_5_6_1_024,你怎不早说？
Story/D_7_5_6_1_025,你早说我就先下手为强了。看我下个毒，还没开打就让他们先死一半。
Story/D_7_5_6_1_026,万万不可，你这一下手，就坐实了唐门邪恶的罪名。便是一战在所难免，也要先礼后兵，不能丢了大义名份。
Story/D_7_5_6_1_027,三师兄，你这未免有点迂腐了。
Story/D_7_5_6_1_028,我这不是迂腐，而是守护师门的名声。我们不畏人言，前提是自己光明正大。
Story/D_7_5_6_1_029,师兄弟们去探查过，各门各派的武林人都有，离眉山镇至多半日脚程。四面八方包围眉山镇，后头大派浩浩荡荡，还陆续有来。看这阵仗，少说也有二、三千人！
Story/D_7_5_6_1_030,反观我们……倾巢而出，人手也不及对方十分之一。费尽了唇舌，依然没有人愿和我们同一阵线。
Story/D_7_5_6_1_031,硬要说有，便只剩飞石帮了。帮主跟我们拍胸脯担保，却不知明天到底会不会真来送死。
Story/D_7_5_6_1_032,……。
Story/D_7_5_6_1_033,……。
Story/D_7_5_6_1_034,师弟，你一路奔波辛苦了，快歇吧。
Story/D_7_5_6_1_035,好。
Story/D_7_5_6_1_036,各位师兄，一直以来多谢了。明日无论成王败寇，我都不后悔拜师唐门。
Story/D_7_5_6_1_037,完蛋了？
Story/D_7_5_6_1_038,你说呢？
Story/D_7_5_6_1_039,唉……到头来还是变成这样了啊。
Story/D_7_5_6_1_040,──二位师弟。
Story/D_7_5_6_1_041,干嘛？
Story/D_7_5_6_1_042,唉……到头来还是变成这样了啊。
Story/D_7_5_6_1_043,──师弟。
Story/D_7_5_6_1_044,干嘛？
Story/D_7_5_6_1_045,我有话，又是老生常谈。你八成要嫌我唠叨，说过的过反反复覆。但我身为你师兄，还是要再说一遍。
Story/D_7_5_6_1_046,可别又要劝我下山隐姓埋名，苟且偷生喔。
Story/D_7_5_6_1_047,三师兄的金玉良言，我听进心里去了，我这就去打包行李。
Story/D_7_5_6_1_048,如此甚好。至于赵师弟你……。
Story/D_7_5_6_1_049,师娘嘱咐你的事，已经办完了。你没亏欠唐门什么。
Story/D_7_5_6_1_050,是这样没错……掌门可是说了，要是我想留，没人能赶我走。
Story/D_7_5_6_1_051,你已经有了自己的家人，有了牵绊，不如……。
Story/D_7_5_6_1_052,免谈。
Story/D_7_5_6_1_053,我大不了休妻，赶走她，变回孓然一身。
Story/D_7_5_6_1_124,你来真的？
Story/D_7_5_6_1_054,你这又何苦。
Story/D_7_5_6_1_055,三师兄，你前阵子不是才说吗？侠者，不受名利所牵，但求俯仰无愧。即便我们已看见终点，也要挺起胸膛把这趟路走完。
Story/D_7_5_6_1_056,我是说过。
Story/D_7_5_6_1_057,我从小挨打便逃，不论如何也想想充一回好汉。你别不识趣老啰唆我。
Story/D_7_5_6_1_118,我离了家，他乡更非我容身之所。我纵然心黑，也不想与那人间同色，只受唐门约束。你真要放我下山，成为祸国殃民的魔头吗？
Story/D_7_5_6_1_119,这……。
Story/D_7_5_6_1_120,我可是想好了，要是下山就弄个新魔教出来。名为唐升教！
Story/D_7_5_6_1_121,万万不可，你疯了！干嘛用我的名字！
Story/D_7_5_6_1_122,用来纪念新魔教诞生的契机。到时世人都知道，是你非要把我赶下唐门，后来才会死那么多人。
Story/D_7_5_6_1_123,你！唉，岂有此理，我真服了你。
Story/D_7_5_6_1_058,好，那我真就再也不说了。
Story/D_7_5_6_1_059,这么多人吗！
Story/D_7_5_6_1_060,完了……这回死定了！这果然不是什么好主意，不行，得想想办法。
Story/D_7_5_6_1_061,师弟，镇定一点，是祸躲不过。
Story/D_7_5_6_1_062,噫，好了，兄弟们，青山不改，绿水长流。我会记得给你们烧香的，就此别过。
Story/D_7_5_6_1_063,你别想跑！要跑好歹也捎上我啊！
Story/D_7_5_6_1_064,太离谱了吧，唐门和眉山镇百姓加起来都未必有那么多！这还打个屁！
Story/D_7_5_6_1_065,师弟，镇定一点。
Story/D_7_5_6_1_066,噫，好了，兄弟们，青山不改，绿水长流。我会记得给你们烧香的，就此别过。
Story/D_7_5_6_1_067,你别想跑！
Story/D_7_5_6_1_068,真的假的……这数字听着也太吓人了，你们怎么数的？可别见着人多就随机数，长他人志气，灭自己威风。
Story/D_7_5_6_1_069,人来的挺多啊。
Story/D_7_5_6_1_070,师兄，你怎么还笑得出来？他们一人一口唾沫，我们就得淹死。便是我们通通一人打十个，他们还有剩的。
Story/D_7_5_6_1_071,别慌，你们能打几个就打几个，剩下的我全包了。
Story/D_7_5_6_1_072,哈哈，就该有这样的豪气！
Story/D_7_5_6_1_073,你听他臭屁，这家伙只得嘴皮子厉害，能吹得上天。真打起来，不消几回眨眼就死翘翘了好不。
Story/D_7_5_6_1_074,姑且不论谁输谁赢，这下蜀中方圆村镇的客栈要赚得盆满钵满了～哈哈哈！
Story/D_7_5_6_1_075,三师兄，四师兄在笑，他疯了。
Story/D_7_5_6_1_076,嗯，难为他了，给他一炷彼岸香，让他睡吧。
Story/D_7_5_6_1_077,我没疯，我是狂喜。说来多亏上官大小姐大有远见，让我提早把邻村、邻镇中小客栈、空屋都压价买下了。
Story/D_7_5_6_1_078,越是名门大派的越爱体面，总要有个落脚的地方。若不想露宿荒野，就得掏钱肥我，我还不趁机坐地起价，柴房当作上房租吗！
Story/D_7_5_6_1_079,他们甚至不知自己阵前资敌，杀人之前就先放他们血！狠狠宰他们一顿，哈哈哈哈！
Story/D_7_5_6_1_080,姑且不论谁赢谁输，这下蜀中方圆村镇的客栈要赚得盆满钵满了。可恶，我怎么没想到能做这种生意？
Story/D_7_5_6_1_081,武林盟以正道自居，定不肯落人口实。要对唐门下手，也会等明日武林大会，再浩浩荡荡登门来声讨挞伐。
Story/D_7_5_6_1_082,所以要暗算他们，今晚就是最后机会了。三师兄，你不再考虑一下吗？
Story/D_7_5_6_1_083,绝对不行！我以代掌门身份下令，你千万不可前去滋扰。
Story/D_7_5_6_1_084,呿。
Story/D_7_5_6_1_085,话虽如此，一想到明天就要打仗，今晚怕是睡不安稳了。
Story/D_7_5_6_1_086,所以今晚大可安心睡，反倒是他们越是挨近，越要疑神疑鬼。我们睡得越饱，赢面就越大。
Story/D_7_5_6_1_087,师弟此言甚是。
Story/D_7_5_6_1_088,坏消息说完了，接下来轮到令人振奋的消息了。
Story/D_7_5_6_1_089,李帮主召集了丐帮新派人马，自立门户。搭帐棚扎营占了四方官道，盯着武林盟动向。就连我手头这些消息，其实都是丐帮弟兄打探转告我的。
Story/D_7_5_6_1_090,李帮主果然是信人。
Story/D_7_5_6_1_091,青城邹掌门率领派中菁英、精锐，已到镇上道观挂单。又派了青城弟子上山告知，明日准时赴会。
Story/D_7_5_6_1_092,好极！
Story/D_7_5_6_1_093,峨嵋向掌门也已经到了，不派弟子，而是风吹的落叶一样，忽然现身就飘落在知客弟子面前，只说他来了，带了峨嵋菁英。至于主力，则由解无尘大侠率领，在道中拦截点苍派。
Story/D_7_5_6_1_094,好，好，那点苍双尊再厉害，解大侠却也不是好打发的。
Story/D_7_5_6_1_095,近日本门弟子在山下奔波走动，碰着最多的便是飞石帮众。他们一改往日嘴脸，帮着传递消息，着实热情，还真教人不习惯。
Story/D_7_5_6_1_096,一想到他们这是雪中送炭，便觉得往日结的粱子都是小题大作。
Story/D_7_5_6_1_097,侯赢是守门小吏；朱亥是屠夫，惟得信陵君礼遇，以死报知己。飞石帮壮士可比作朱亥、侯赢，唐门却不能说是信陵君啊，惭愧！
Story/D_7_5_6_1_098,……就这样？崆峒派没有一点消息吗？
Story/D_7_5_6_1_099,这个嘛……毕竟崆峒派很远。前些日子，倒是收到飞鸽，说是崆峒援军南征而来。不知怎么的，到现在都没有消息。
Story/D_7_5_6_1_100,是吗……。
Story/D_7_5_6_1_101,师弟，你可是在忧心小梅师妹吗？
Story/D_7_5_6_1_102,是啊，这人也不知道晃哪儿去了，到现在还不回家。总不能是迷路了。
Story/D_7_5_6_1_103,师弟，你可是在忧心竹娘子吗？
Story/D_7_5_6_1_104,是啊，按说小竹应该早该回来了，至今却还未见人影。
Story/D_7_5_6_1_105,师弟，你张目四望，焦虑之情溢于言表。可是在忧心魏才女吗？
Story/D_7_5_6_1_106,是啊……拙荆和师姊妹们去和崆峒会合，早该回来了，至今却杳无音信，何如不让我心急如焚。
Story/T_7_5_6_1_001,我就知道迟早会有这么一天……师弟毫无疑问是被抛弃了！那样如花似玉的美人儿，哪能真的看上师弟呢？不过是图他庇荫罢了。
Story/T_7_5_6_1_002,若在平时，以他崆峒掌派人的身份，多少还有利用价值。可是明日一战凶多吉少，掌派夫人想要明哲保身，也不意外。这命苦的家伙。
Story/D_7_5_6_1_107,唉，师弟，晚点来我铺子看看，今日特惠，给你打对折。
Story/D_7_5_6_1_108,你怎么突然人这么好，太不对劲了。
Story/N_7_5_6_1_001,四师兄笑而不语，流露出怜悯的神色。
Story/D_7_5_6_1_109,干什么，你为什么要用这么眼神看我！
Story/D_7_5_6_1_110,掌门师兄，若无其他的事情，我想先告退了。趁着太阳还没下山，我想趁今日自己依然活着，做点自己喜欢的事。
Story/D_7_5_6_1_111,好……辛苦你了，师弟。
Story/D_7_5_6_1_112,彼此彼此，各位师兄，一直以来多谢了。明日无论成王败寇，我都不后悔拜师唐门。
Story/D_7_5_6_1_113,那么我也早点歇了，便是我一时不睡，也别想使唤我做事。
Story/D_7_5_6_1_114,师弟，你没事也早点歇息，养足了精神，明日还得仰仗你。
Story/D_7_5_6_1_115,明白了。
Story/D_7_5_6_1_116,……就是明天了啊。西武林大会、武林盟西征唐门，明日便决了唐门的存亡。
Story/D_7_5_6_1_117,……。
Story/D_7_5_6_2_001,每日一成不变的平凡日子，也变成奢望了。要能许愿的话，希望后天还能在弟子房中醒来。
Story/D_7_5_6_2_002,舍不得也得睡了，成败皆在明天。
Story/D_7_5_6_2_003,掌门、大师兄、小师妹……你们看着吧，我来守护唐门。
Story/D_7_5_6_2_004,师兄。
Story/D_7_5_6_2_005,小师妹！你日课完了？
Story/D_7_5_6_2_006,没有。
Story/D_7_5_6_2_007,我逃课。
Story/D_7_5_6_2_008,你是不是学坏了？胆子越来越大。
Story/D_7_5_6_2_009,对啊。
Story/D_7_5_6_2_010,瞧你一脸得意……算啦。
Story/T_7_5_6_2_001,反正也没人会骂你了。
Story/D_7_5_6_2_011,师兄，等会儿晚膳之后，你能陪我吗？
Story/D_7_5_6_2_012,自然可以，有什么事我能效劳的？
Story/D_7_5_6_2_013,没事。
Story/D_7_5_6_2_014,只是想和你待在一起……不行吗？
Story/D_7_5_6_2_015,求之不得。
Story/D_7_5_6_2_016,那我等你来接我。
Story/D_7_5_6_2_017,哥～哥～
Story/D_7_5_6_2_018,走路小心，别见人就扑。
Story/D_7_5_6_2_019,哪有？我是瞄准了你才扑的。我爱怎么摔就怎么摔，而你要负责接住我。接不住我，哼哼～跌在我身，疼在你心。反正摔坏了我，你就孤寡终生。
Story/D_7_5_6_2_020,还有你这样威胁人的。
Story/D_7_5_6_2_021,谁让你是天底最软的柿子，被我拿捏在手。
Story/D_7_5_6_2_022,唉，还真是。
Story/D_7_5_6_2_023,哥哥，你最近实在太忙啦，总被大家占着。你家裳儿不吵不闹，忍耐至今，实在是太懂事了一点。可她再懂事，你也不能不知心疼人呀？
Story/D_7_5_6_2_024,说得很是，对不住。
Story/D_7_5_6_2_025,……总而言之，某人想念你啦。来日未必方长，你好歹要把最后一点时间留给她，谁也不许打扰。
Story/D_7_5_6_2_026,赵活。
Story/D_7_5_6_2_027,萤姑娘。
Story/D_7_5_6_2_028,明日就要和人打仗了，你怎不多休息，还站这儿发呆。
Story/D_7_5_6_2_029,太阳都还没下山，就算我躺床上也未必睡得着。
Story/D_7_5_6_2_030,睡不着也别动来动去，焚香闭目养神不好吗？
Story/D_7_5_6_2_031,……。
Story/D_7_5_6_2_032,你怎么好像欲言又止？
Story/D_7_5_6_2_033,你紧张睡不安稳也在所难免，不如等会儿你到讲经楼找我，我给你揉揉肩、搥搥腿好了。
Story/D_7_5_6_2_034,由上官千金亲自给你捶背、揉肩，你脸面可大了。
Story/D_7_5_6_2_035,……。
Story/D_7_5_6_2_036,干嘛不说话？
Story/D_7_5_6_2_037,我放下身段给你揉肩，你不知感恩，还一脸呆样！
Story/D_7_5_6_2_038,哼，随便你，爱来不来！
Story/D_7_5_6_2_039,哎唷喂，姑奶奶，脸皮也太薄了。我就是吃惊一时缓不过来，没有实时答上话，这也挨揍？
Story/D_7_5_6_2_040,邋遢的弟子。
Story/D_7_5_6_2_041,师父。
Story/D_7_5_6_2_042,你穿的衣服才补过，短短时日又给你穿破了洞。你是学猪在地上打滚吗？
Story/D_7_5_6_2_043,咦？是吗，我浑没注意。
Story/D_7_5_6_2_044,所以为师才说你邋遢啊。真是的，没了我，你就是不行啊。
Story/D_7_5_6_2_045,那倒是真的。
Story/D_7_5_6_2_046,没有师父，我何止不行，我登时变成一滩烂泥。
Story/D_7_5_6_2_047,吃饱饭来为师小筑，给你缝一缝、补一补。明日大场面，你身为雪山派大弟子、唐门高徒，可不能衣衫褴褛，太不体面，也丢了为师的脸。
Story/D_7_5_6_2_048,多谢师父。
Story/D_7_5_6_2_049,……记得洗过澡再来。
Story/D_7_5_6_2_050,啊。
Story/N_7_5_6_2_001,砰咚砰咚砰咚砰咚砰咚砰咚砰咚。
Story/D_7_5_6_2_051,你怎么了你？
Story/D_7_5_6_2_052,你还问我？你才奇怪吧。我们如今算是一对了吧，你见我怎么还能像从前那样淡定自若？都不会心头小鹿乱撞吗？
Story/D_7_5_6_2_053,你怎么先前不羞，现在羞？
Story/D_7_5_6_2_054,……问得好，我想一下究竟怎么回事。
Story/D_7_5_6_2_055,我得解释：先前没有不羞，只是一股脑热，夹杂着感激之情，这才鼓起了勇气，势在必行，全凭冲劲。
Story/D_7_5_6_2_056,还真是像你，现在冷静下来了，打算反悔吗？
Story/D_7_5_6_2_057,{size=24}现在冷静下来了，见你心就暖暖的。{/size}{size=24}反悔呢，是不可能反悔的。{/size}
Story/D_7_5_6_2_058,但、但是江湖儿女，即便敢爱敢恨，也不是淫荡无耻。我俩情意再深，还没有名份之前，依然不可逾礼。
Story/O_7_5_6_2_001,当然
Story/D_7_5_6_2_059,来日方长，我们的好日子还在后头。
Story/D_7_5_6_2_060,……好，你可别骗我。
Story/O_7_5_6_2_002,我说不定明天就没命，你还不许我亲近。
Story/D_7_5_6_2_061,你想让我死不瞑目吗？
Story/D_7_5_6_2_062,你、你怎么这样说？我哪有！
Story/D_7_5_6_2_063,你别想趁机要挟我，我才不会中计。
Story/D_7_5_6_2_064,可恶，居然变聪明了。
Story/D_7_5_6_2_065,话就说到这，该去吃饭了吧。
Story/D_7_5_6_2_066,你先去吧，我洗把脸再去。
Story/D_7_5_6_2_067,那好，我帮你占位，早点过来。吃饱我们再到后山练两手。
Story/D_7_5_6_2_068,什么？你还打算练……走掉了。
Story/T_7_5_6_3_001,……师兄怎么还不来呢？
Story/D_7_5_6_3_001,咦？默铃，你在这儿闲晃作甚？
Story/D_7_5_6_3_002,等人。
Story/D_7_5_6_3_003,……我姑且问一下，等的人莫非是……？
Story/D_7_5_6_3_004,……！
Story/D_7_5_6_3_005,哥哥再不来接我，天都要亮啦。
Story/D_7_5_6_3_006,啊，发现了好可爱的小妹子，让姊姊揉一揉。
Story/D_7_5_6_3_007,不要，我刚梳好的头发……要给师兄看的。
Story/D_7_5_6_3_008,默铃妹子……你说的是哪一位师兄？
Story/D_7_5_6_3_009,就是我师兄。
Story/D_7_5_6_3_010,萤姊姊，你找的人是……？
Story/D_7_5_6_3_011,萤姊姊不是很忙吗？怎会出现在这……慢着。
Story/D_7_5_6_3_012,萤姊姊，你是不是在找一个特别丑的花心大萝卜。
Story/D_7_5_6_3_013,……这下我懂了。
Story/D_7_5_6_3_014,欺人太甚，欺人太甚！
Story/D_7_5_6_3_015,道是俊美郎君最负心，岂料丑的也不可靠，一样的负心，而且还丑！
Story/D_7_5_6_3_016,赵活吃个饭，怎就那么慢呢，我还特意抿了胭脂呢。
Story/D_7_5_6_3_017,有没有人看见我弟子──
Story/D_7_5_6_3_018,没有！
Story/D_7_5_6_3_019,没有！
Story/D_7_5_6_3_020,夏侯女侠，怎么……你也找赵活？
Story/D_7_5_6_3_021,……呵，好的很啊，今晚有人要死。
Story/D_7_5_6_3_022,有没有人看见我弟子──
Story/D_7_5_6_3_023,夏侯女侠，你也找我师兄吗？
Story/D_7_5_6_3_024,「也」？小妹子，你找我弟子有什么事？
Story/D_7_5_6_3_025,他说我可以和他待在一块儿……。
Story/D_7_5_6_3_026,是吗，他这样说啊。
Story/D_7_5_6_3_027,夏侯姊姊，你也找我哥哥？
Story/D_7_5_6_3_028,「也」？小妹子，你找我弟子有什么事？
Story/D_7_5_6_3_029,我、我没有找他，我只是路过。
Story/D_7_5_6_3_030,……你还挺聪明的，小妹子。气归气，一看出我动了杀念，立刻撒谎包庇那个薄倖郎，对吗？
Story/D_7_5_6_3_031,……我真的没有找他。
Story/D_7_5_6_3_032,我答应你不杀他，至多只搧他两巴掌。
Story/D_7_5_6_3_033,对，我就是找他这个花心丑男的！夏侯姊姊，狠狠打他！气死我了！
Story/D_7_5_6_3_034,夏侯娘子，你找赵活有事吗？
Story/D_7_5_6_3_035,替他缝补衣服。
Story/D_7_5_6_3_036,这样亲密的事，就算是师徒也该设防。
Story/D_7_5_6_3_037,我既是他师父，也是他妻子。
Story/D_7_5_6_3_038,那么说，原来他有两个妻子啊。
Story/D_7_5_6_3_039,……你觉得今晚会死一人，还是死两人？
Story/D_7_5_6_3_040,一个，男的，丑的。
Story/D_7_5_6_3_041,很好。
Story/D_7_5_6_3_042,等了半天也没来，向来只有徒弟等师父，这没心肝的弟子，竟然大逆不道，害为师枯等。
Story/D_7_5_6_3_043,哦……好多人，你们有见到我弟吗？
Story/D_7_5_6_3_044,没有！
Story/D_7_5_6_3_045,默铃，看来今天就是我们使出点苍派阴阳双剑合击之术的日子了！
Story/D_7_5_6_3_046,好！绝不原谅！
Story/D_7_5_6_3_047,你弟他死翘翘了啦！
Story/D_7_5_6_3_048,怎么死的？！
Story/D_7_5_6_3_049,等会儿被我打死的。
Story/D_7_5_6_3_050,我的弟子还轮不到别人来杀，我来。
Story/D_7_5_6_3_051,……敢问龙姑娘，找我夫君何事？
Story/D_7_5_6_3_052,原来弟已经成亲了啊，真是见外，居然不和我说。我本来有事，现在却没了。
Story/D_7_5_6_3_053,你没事找她，我却有。
Story/D_7_5_6_3_054,那个……不好意思，请问你有见到我弟吗？
Story/D_7_5_6_3_055,没有，但是我也在找他，相约在这儿等。
Story/D_7_5_6_3_056,是吗，那我也在这等吧。
Story/D_7_5_6_3_057,龙师姊找我师兄，要作什么？
Story/D_7_5_6_3_058,也没什么特别的事，那你呢？
Story/D_7_5_6_3_059,他说我可以跟他待在一起。
Story/D_7_5_6_3_060,是吗……他也对我说了类似的话。
Story/D_7_5_6_3_061,骗人。
Story/D_7_5_6_3_062,你等下自己问他。
Story/D_7_5_6_3_063,我也正在找哥哥，估计他可能在蹲茅厕。龙姊姊找他作什么？能不能告诉我呀。
Story/D_7_5_6_3_064,也没什么特别的事，那你呢？
Story/D_7_5_6_3_065,……锦香宫是不是有个什么惜花令，专门痛宰花心薄倖郎。
Story/D_7_5_6_3_066,是啊，视乎情节轻重，轻则打一顿，重则取其性命。
Story/D_7_5_6_3_067,我认为赵哥哥的情节介于去死跟打一顿中间。
Story/D_7_5_6_3_068,什么？难道说除了我，他还和其他女子关系密切？
Story/D_7_5_6_3_069,我。
Story/D_7_5_6_3_070,……我一定给你一个交代，等着听他哀嚎吧。
Story/D_7_5_6_3_071,……敢问龙姑娘，找我夫君何事？
Story/D_7_5_6_3_072,原来弟已经成亲了啊，真是见外，居然不和我说。我本来有事，现在却没了。
Story/D_7_5_6_3_073,龙姑娘，你找我弟子有何贵干？
Story/D_7_5_6_3_074,也没什么特别的事。
Story/D_7_5_6_3_075,你为何脸泛红晕，一副羞人答答的样子？
Story/D_7_5_6_3_076,这、这个嘛……咳。
Story/D_7_5_6_3_077,没事，你不必答我了，我亲自去问，谅他不敢不答。
Story/D_7_5_6_3_078,这、那个，夏侯……呃，这辈份怎么算才好啊。
Story/D_7_5_6_3_079,你称我丈夫为弟，我便是你的弟妹。
Story/D_7_5_6_3_080,原来如此，弟妹……弟妹……。
Story/D_7_5_6_3_081,弟妹？！
Story/D_7_5_6_3_082,看来今晚有人会死。
Story/D_7_5_6_3_083,……说得没错。
Story/D_7_5_6_3_084,抱歉，抱歉，我突然闹肚疼……。
Story/T_7_5_6_3_002,啊，坏了，拉个屎，没把时间管理好，让她们撞上了。
Story/D_7_5_6_3_085,我讨厌你，我讨厌你，我……我恨你！
Story/D_7_5_6_3_086,小师妹气到铃铛响了！
Story/D_7_5_6_3_087,我还不如把命还你，好过给你这恶人作贱！
Story/D_7_5_6_3_088,英雄难过美人关，我这怎么能算是作贱你呢？
Story/D_7_5_6_3_089,你比南宫大公子还要恶劣！我真看错你了！
Story/D_7_5_6_3_090,我、我……呃……。
Story/D_7_5_6_3_091,记得第三香吗？我给你两个字的机会辩解。
Story/O_7_5_6_3_001,冤枉
Story/O_7_5_6_3_002,饶命
Story/O_7_5_6_3_003,噫噫
Story/D_7_5_6_3_092,好了，说完便受死吧。
Story/D_7_5_6_3_093,弟……你明知道锦香宫最不能容人负心。既然有了别人，为何还对我说那些话语？
Story/D_7_5_6_3_094,湘姊，你听我解释。
Story/D_7_5_6_3_095,我听，你说吧。
Story/D_7_5_6_3_096,呃……呃……。
Story/D_7_5_6_3_097,想编借口的话，省省吧！
Story/D_7_5_6_3_1_001,庆幸吧，我答应了叶小妹子不取你性命。我言而有信，和某人不一样。
Story/D_7_5_6_3_1_002,好哇你，还敢还手。
Story/D_7_5_6_3_1_003,师父，你招招狠辣，是真想要我的命吗？
Story/D_7_5_6_3_1_004,废话！
Story/D_7_5_6_3_1_005,三人……太邪恶了！罪无可恕的程度。别怪我不念旧情，是你太过可恶！
Story/T_7_5_6_3_1_001,是四个，还没算上小梅呢。
Story/T_7_5_6_3_1_002,是四个，还没算上小竹呢。
Story/T_7_5_6_3_1_003,是四个，还没算上小菊呢。
Story/D_7_5_6_3_1_006,脚踏两条船……太过份了！你这叫我怎么饶你啊。
Story/T_7_5_6_3_1_004,是三条船，还没算上小梅呢。
Story/T_7_5_6_3_1_005,是三条船，还没算上小竹呢。
Story/T_7_5_6_3_1_006,是三条船，还没算上小菊呢。
Story/D_7_5_6_3_1_007,便是你强，那又如何！
Story/D_7_5_6_3_1_008,好痛……。
Story/D_7_5_6_3_1_009,抱歉。
Story/D_7_5_6_3_1_010,你别过来！
Story/D_7_5_6_3_1_011,呜……你还打我……。
Story/D_7_5_6_3_2_001,我讨厌你……我再也不要和你说话了。
Story/D_7_5_6_3_2_002,臭哥哥！臭哥哥～！自以为是的恶毒家伙！
Story/D_7_5_6_3_2_003,我要跟你绝交！割袍断义，从此你再也不是我弟！
Story/D_7_5_6_3_2_004,你欺负我……你花钱巧语骗我跟你到唐门，却这样对待我，你这死没良心的！南宫深、刘颚都没你恶毒！
Story/D_7_5_6_3_2_005,我真是瞎了眼，才会相信你的鬼话！我恨你！
Story/D_7_5_6_3_2_006,我和你之间再也没有任何关系，别来打听我的事。下回见到你的面，便杀了你。
Story/N_7_5_6_3_2_001,你大难不死，只是被打成重伤。
Story/N_7_5_6_3_2_002,听闻这桩惨事的师弟妹出来，不怪他人行凶，却怪你头上。话虽如此，你明天还有用处，只得姑且包扎急救，胡乱喂些会伤身的急性补药，让你明天勉强可以动起来挨刀。
Story/D_7_5_6_3_2_007,你、你们何必这样小题大作呢，明日说不定就是生离死别了。我只不过是稍微多情了一点，为啥别人多情会被推崇，我多情就不行？
Story/N_7_5_6_3_2_003,任你如何尝试诡辩，她们都不领情。她们没一个因为容貌而倾慕于你，看重的是心。现在没人觉得你的心有啥希罕了。
Story/D_Talk_Girl4_10_001,……。
Story/D_Talk_Girl4_10_002,……不顺利吗？
Story/D_Talk_Girl4_10_003,不，目前为止都算是顺利的，挣的钱甚至比我预想更多一些，给你一些拿着零花。
Story/D_Talk_Girl4_10_004,多谢大小姐打赏。
Story/D_Talk_Girl4_10_005,不客气，乖。
Story/D_Talk_Girl4_10_006,那小女子和老爷汇报一下目前进度吧。
Story/D_Talk_Girl4_10_007,老爷二字万万不敢当，我怕当了到时你翻脸打我。
Story/D_Talk_Girl4_10_008,哎唷，我当老爷了？忒也风光。
Story/D_Talk_Girl4_10_009,噗哧，咳嗯！
Story/D_Talk_Girl4_10_010,我的本意是拿钱替沧帮弟兄安家，他们不愁生计，就不必刀头舔血。
Story/D_Talk_Girl4_10_011,福建地方太远，车马慢，书信来回都困难，这么大笔财富，我也不能傻到托人运送，于是存入上官字号，请交引铺开「替券」。
Story/D_Talk_Girl4_10_012,替券是什么？
Story/D_Talk_Girl4_10_013,是上官商会内部发行的纸币，类似会子、交子。
Story/D_Talk_Girl4_10_014,你、你们居然有自己的钱……这是否有点儿犯了朝廷忌讳？
Story/D_Talk_Girl4_10_015,所以只能内部通用啊。这么做是为了便利货品流通、降低运钱风险。持有上官替券，在上官商路所及的所有商铺都能换货，但不能领钱。
Story/D_Talk_Girl4_10_016,虽说如此，迂回一点拿替券兑换盐引、茶引、香引，再到其他商铺交易，还是可以换成钱，不过多半要亏罢了。
Story/D_Talk_Girl4_10_017,……这是变相逼人只能在你家商铺消费？好狠的手段。
Story/D_Talk_Girl4_10_018,可以这么说。多谢夸奖。
Story/T_Talk_Girl4_10_001,我可没夸你。
Story/T_Talk_Girl4_10_002,这些生意经听了真让人头脑发胀。
Story/D_Talk_Girl4_10_019,你如今还把钱存上官交引铺，就不怕他们不认吗？
Story/D_Talk_Girl4_10_020,为何不认？为了这区区几千两银子自毁商誉吗？各地交引铺老板都是我亲自提携的，我可不记得麾下养过无知短视之辈。
Story/D_Talk_Girl4_10_021,他们至多不收，收了钱开出替券来，就得认账。我借了你们债主吕翁的头衔，交引铺主不疑有他，爽快的收了。
Story/D_Talk_Girl4_10_022,高，真的是高。
Story/D_Talk_Girl4_10_023,你当时要是肯乖乖听我的话，我也不是不能提携你，当上某处交引铺老板喔？
Story/D_Talk_Girl4_10_024,幸好我没听你的，你如今整个人都归我。
Story/D_Talk_Girl4_10_025,大白天的，瞎说什么呢。
Story/D_Talk_Girl4_10_026,那也不错，不过现在更好。
Story/D_Talk_Girl4_10_027,以后我要靠你来提携了，赵老板可得看往日情分上，对萤儿小本经营多加照拂。
Story/D_Talk_Girl4_10_028,一定，一定。
Story/D_Talk_Girl4_10_029,那然后呢，你沧帮那些弟兄收到替券了吗？
Story/D_Talk_Girl4_10_030,收到了，连我的口信，也传达到了。
Story/D_Talk_Girl4_10_031,那你怎么还苦笑连连，一脸愁容？莫非他们拿了钱却不肯听劝，执意要与唐门为难吗？
Story/D_Talk_Girl4_10_032,失策，你应该先谈好条件再给钱的。
Story/D_Talk_Girl4_10_033,这本来就是我欠他们的，兑现诺言，哪里能当是买卖。何况千里迢迢，哪有闲情这样拉扯。
Story/D_Talk_Girl4_10_034,唉，不是。
Story/D_Talk_Girl4_10_035,……他们收到替券，又拿替券买千里加急传讯回来。说我仗义，他们都大受感动，宁死不能辜负我的义气。
Story/D_Talk_Girl4_10_036,这不是好事吗？你这样脸色铁青干嘛。
Story/D_Talk_Girl4_10_037,所以……所以他们打算背刺武林盟，等武林盟西征，沧帮弟兄就故意殿后，放火烧南宫世家，替我出气。
Story/D_Talk_Girl4_10_038,我的天！这下要出大事！
Story/D_Talk_Girl4_10_039,我也很慌啊！烧下去真的要战到不死不休！
Story/D_Talk_Girl4_10_040,那不是也挺好的吗？
Story/D_Talk_Girl4_10_041,瞎说什么！你没考虑过后果吗？本来就算能赢，你也不能对武林盟赶尽杀绝吧？都杀光了唐门反要成为众矢之的，别说还有朝廷不会放过你！
Story/D_Talk_Girl4_10_042,说得也是！
Story/D_Talk_Girl4_10_043,你那什么千里加急传讯，快买了传讯阻止他们啊！别给我们添乱！
Story/D_Talk_Girl4_10_044,买了啊！可是再加急，往返也是几千里路，我就怕来不及！
Story/D_Talk_Girl4_10_045,……。
Story/D_Talk_Girl4_10_046,……我、我是不是闯祸了？
Story/D_Talk_Girl4_10_047,你觉得呢？
Story/D_Talk_Girl4_10_048,你带我去见三哥吧，我认罪任罚。
Story/D_Talk_Girl4_10_049,事情都还没有定论，未必会发展成那样。你现在领罚，未免太早。不过还是得先告知三师兄一声。
Story/D_Talk_Girl4_10_050,他真要怪罪下来，只好说是我指使了。
Story/D_Talk_Girl4_10_051,一人做事一人当，你不能这样包庇我。
Story/D_Talk_Girl4_10_052,偏要。
Story/D_Talk_Girl4_10_053,你不能这样啦……真的。
Story/N_Talk_Girl4_10_001,你们将情况告诉三师兄，他两眼一翻，当场晕死了过去。
Story/D_S0701_01_001,……。
Story/T_S0701_01_001,从前唐门还很热闹的时候，大伙常常聚在后山玩闹。喝酒、捉溪鱼来烤、唱山歌、玩水、练功。
Story/T_S0701_01_002,多半是大师兄带头的。
Story/T_S0701_01_003,掌门很头疼，严令禁止，大师兄都当作耳边风，小师妹也常装作不知道，一言不发默默跟过来。
Story/T_S0701_01_004,她既不开口讨要东西，也不跟大家一起胡闹，只是安静地待着。待我问她要不要吃鱼，她才会眉开眼笑，旋即又努力收敛表情，拿着烤鱼呵凉了，小口小口的吃着的模样，真是太可爱了。
Story/T_S0701_01_005,她嫁的人，是个不世出的少年英雄，才貌、武功都胜我不知道多少倍。她远离家乡，不知道会不会想念唐门？
Story/O_S0701_01_001,唱山歌
Story/D_S0701_01_002,师－－
Story/N_S0701_01_001,你对着空幽的山谷，清嗓唱起歌来。
Story/N_S0701_01_002,你唱歌抒怀，心情有如雨后放晴，悲伤一扫而空。
Story/N_S0701_01_003,然而非常难听，附近的走兽纷纷走避。
Story/D_S0701_01_003,？！
Story/D_S0701_01_004,不要唱了，吵死人了！唱什么鬼东西完全听不懂，比鬼叫还吵！你是在发音波功还是什么临死悲鸣吗！闭嘴啦贱人！
Story/O_S0701_01_002,捉鱼来烤
Story/N_S0701_01_004,你武功早已今非昔比，心念一动，信手便甩出暗器，将山溪里的游鱼射死。
Story/N_S0701_01_005,再搜集了些干柴，就地烤了起来。
Story/D_S0701_01_005,从前唐门弟子还有内外姓之别的时候，我就经常被叫来负责烤鱼。大家吃剩了，才有我的份，真是过份。
Story/D_S0701_01_006,现在唐门中的师弟妹，应该都人心惶惶的吧。人人为了保命，都在勤练武功，没人有闲情逸致一块吃鱼。
Story/D_S0701_01_007,其实一走了之不就得了？真是搞不懂他们。……其实我也没资格说他们吧。
Story/D_S0701_01_008,唐门最是苛待我、把我当奴仆使唤的时候，我也没有离开。那是因为小师妹在的缘故。
Story/D_S0701_01_009,可是如今呢？我又为何不走呢？……因为我也把这里当家了吧。
Story/D_S0701_01_010,差不多烤好了。
Story/D_S0701_01_011,嘶，烫，烫。
Story/D_S0701_01_012,真好吃。
Story/D_S0701_01_013,真是寒酸的家伙，区区一条烤鱼就吃得津津有味。也对，反正你这种乡下土包子也不知道真正美味的珍馐是什么样的。真羡慕你塞条臭鱼就被满足了，俗话说越贱越好养倒是真的。
Story/O_S0701_01_003,练功
Story/N_S0701_01_006,你心烦意乱，不吐不快，随意拉开架式，打起拳来。以指作剑，以掌化刀，以腿为鞭，以肘当锤。
Story/T_S0701_01_006,本门的唐门暗器总纲，是不传外姓弟子的。虽然人手一本，但若无师长亲自点拨，要想得窥诀窍根本难如登天。像我这种爹不疼娘不爱的，就只能自己摸索。
Story/T_S0701_01_007,不过我翻来覆去，就只能读懂提纲的忘形篇而已。忘形篇旨在阐明万物皆可作暗器，无须拘泥于外形。我固然懂得这个道理，但手法、心诀一律欠奉，所以武功始终毫无寸进。
Story/T_S0701_01_08,没想到后来连番奇遇，竟教我参悟了武学奥秘，虽然不使暗器，我却能以忘形篇使用天下各家武学，既不拘于形，亦不会有贪多嚼不烂、驳杂不纯的情况。
Story/T_S0701_01_009,不过饶是如此，我独自修练，始终碰上了瓶颈。数月以来进境缓慢，要说和熟人拆招吧，他们的路数我也多半摸透了，再练也难有突破。
Story/T_S0701_01_010,……如今我隐约知道了，我之所以武学进境神速，全凭着技巧。实力比我更强的敌手，也有机会取巧得胜。
Story/T_S0701_01_011,可是单凭技巧，我多半止步于此了。还想更上层楼，就必须锻炼体魄、苦修内功，逐步扎实。
Story/D_S0701_01_014,……。
Story/D_S0701_01_015,默铃妹子，这货胡乱比划有啥好瞧的？乱七八糟的，完全不成路数，就连我这练过几个月功夫的，都比他还行。
Story/D_S0701_01_016,依我说啊，你都嫁为人妇了，别成日想着舞刀弄枪，在家相夫教子才是正经，你爹从前教你学武，没的耽误了你的人生。
Story/D_S0701_01_017,咦，咦！小、小师妹？
Story/D_S0701_01_018,……。
Story/D_S0701_01_019,我回来了。
Story/D_S0701_01_020,还有我也回来了。
Story/D_S0701_01_021,我不是在做梦吧，你怎么会回来的？怎么还会穿着从前的衣服？
Story/D_S0701_01_022,无视我是吧。
Story/D_S0701_01_023,见到你真好。
Story/D_S0701_01_024,少在那边对着有夫之妇面露垂涎之色了，丑男。别人回娘家看看，难道还有义务告知你？我们念旧，穿穿旧衣服，跟你又有什么干系了？
Story/D_S0701_01_025,因为想回来。
Story/D_S0701_01_026,那真是太好了，我时常挂念你。
Story/D_S0701_01_027,可惜人家没有挂念你啊，丑男。
Story/D_S0701_01_028,小师妹，我如果宰掉你旁边那头聒噪的母猪，你会生气吗？
Story/D_S0701_01_029,小师妹，我先点了旁边这人的哑穴，再来与你叙旧。
Story/D_S0701_01_030,喂，你别乱来喔，你知道我是谁吗？我从前在唐门的时候小师妹就要喊我一声师姊，如今更不得了。
Story/D_S0701_01_031,我家老爷可是她官人的拜帖兄弟，她官人都要叫我家老爷一声大哥。换言之，她还得喊我一声大嫂，是给我端茶漱口问安的辈分。
Story/D_S0701_01_032,她让你端茶给她？果然还是宰掉吧。
Story/D_S0701_01_033,噫噫！小、小师妹，你看他那什么眼神！快点阻止他，不然我回去要告状的！
Story/D_S0701_01_034,不要杀掉比较好。
Story/D_S0701_01_035,那稍微打一顿可以吗？
Story/D_S0701_01_036,不可以。
Story/D_S0701_01_037,可是她一直吵。
Story/D_S0701_01_038,不可以。
Story/D_S0701_01_039,好吧。
Story/D_S0701_01_040,哈，这才是我的好妹子呢。
Story/D_S0701_01_041,大嫂，你不要一直说话。
Story/D_S0701_01_042,好啊，嫌我多话是吧？我现在不说可以，回去你就别怪我向我家老爷嚼舌根。我家老爷是你官人的拜把兄弟，难保不传入他耳里，这样也无所谓吗？
Story/D_S0701_01_043,嗯。
Story/D_S0701_01_044,还无所谓？你是不知道自己的处境吗？唐门都要没了，你已经没靠山了，你道你还是掌门千金吗？
Story/D_S0701_01_045,你家官人是天下最俊美、出众的少侠，爱煞了他的美貌姑娘还少得了？他其余几位红颜知己，无一不是文武双全，才色兼备的奇女子。你再不机警点，使出浑身解数讨好他，往后日子怎会好过？
Story/D_S0701_01_046,没关系。
Story/D_S0701_01_047,我看你是没搞清楚状况，只要我一句话……
Story/D_S0701_01_048,噫噫！
Story/D_S0701_01_049,说了这么多，都口干了，我言尽于此，我要下山找茶喝了，你可别耽误归程。
Story/D_S0701_01_050,……。
Story/D_S0701_01_051,……。
Story/D_S0701_01_052,你去看过掌门了吗。
Story/D_S0701_01_053,嗯，爹在睡觉。
Story/D_S0701_01_054,最近掌门气色不错，呼吸匀凈，只是睡得比较久而已。也许有一天他突然醒过来，一脸神清气爽。
Story/D_S0701_01_055,那样的话，该有多好。
Story/D_S0701_01_056,三师兄说，想请可靠的人护送掌门去乡下赡养。四师兄已经找好了地方，往后你得闲可以时时去看他，应该比回到唐门方便。
Story/D_S0701_01_057,好。
Story/D_S0701_01_109,对了，云裳她好了喔！
Story/D_S0701_01_110,嗯。
Story/D_S0701_01_111,你去见她了吗？
Story/D_S0701_01_112,没。
Story/D_S0701_01_113,喔。
Story/D_S0701_01_058,……。
Story/D_S0701_01_059,……。
Story/D_S0701_01_060,烤鱼……要吃吗？
Story/D_S0701_01_061,要。
Story/N_S0701_01_007,你看着小师妹呵凉了烤鱼，小口小口地吃掉，舔舔手指。就像时光倒流，回到了一切都很美好的从前似的。
Story/D_S0701_01_062,我有一些话，不知当不当我问。
Story/D_S0701_01_063,？
Story/D_S0701_01_064,你……你婚后，日子舒心吗？
Story/D_S0701_01_065,还好。
Story/D_S0701_01_066,是吗？那就好。听说他有好几位红粉知己，我还怕你会受冷落呢。看在你夫君的面子上，武林盟的人总不会找你麻烦。
Story/D_S0701_01_067,师兄，你不回家吗？
Story/D_S0701_01_068,我？
Story/D_S0701_01_069,嗯，你又不姓唐。
Story/D_S0701_01_070,哈哈，对耶。别担心，我说不定改天就回家了。
Story/D_S0701_01_071,那我要走了。
Story/D_S0701_01_072,这么快吗？
Story/D_S0701_01_073,嗯，有人在客栈等我们。
Story/D_S0701_01_074,这样啊，那么我送你下山吧。
Story/D_S0701_01_075,我自己会下山。
Story/D_S0701_01_076,说的也是，你已经会自己下山了！那……那我就送到山门？
Story/N_S0701_01_008,小师妹摇了摇头，示意不必。
Story/D_S0701_01_077,不行吗？哈，哈哈……那就，在这里向你道别了。
Story/D_S0701_01_078,嗯。
Story/N_S0701_01_009,小师妹向你挥了挥手，转身而去。
Story/D_S0701_01_079,好了，和小师妹叙完旧，该去见另一个人了。
Story/D_S0701_01_080,小师妹。
Story/D_S0701_01_081,？
Story/D_S0701_01_082,小师妹。
Story/D_S0701_01_083,？
Story/D_S0701_01_084,我们正在召集西境武林势力，与武林盟相抗衡。
Story/D_S0701_01_085,嗯。
Story/O_S0701_01_004,为了保护唐门
Story/D_S0701_01_086,……什么动听的理由都可以有。然而，把大家拖下水的理由，只是想要保护唐门而已。
Story/D_S0701_01_087,……我也……。
Story/D_S0701_01_088,但我如今是、是瑞家的人了。嫁出去的女儿……是泼出去的水……。我是不能帮忙的……。
Story/D_S0701_01_089,……但是，我希望你们不要输。
Story/D_S0701_01_090,明白了。
Story/D_S0701_01_091,我知道。
Story/O_S0701_01_005,为了人间正气
Story/D_S0701_01_092,为了不让含冤的哭声被淹没，为了弱者不被牺牲。
Story/D_S0701_01_093,……那些事情，我不是很明白。
Story/D_S0701_01_094,是、是吗。
Story/D_S0701_01_095,但我不想唐门输。
Story/D_S0701_01_096,不会输的。
Story/D_S0701_01_097,你就放心吧。
Story/D_S0701_01_098,……嗯，那我回去了。
Story/D_S0701_01_099,好了，和小师妹叙完旧，该去见另一个人了。
Story/D_S0701_01_100,等我们打服了武林盟，再握手言和。江湖不就是这样的吗？
Story/D_S0701_01_101,不打不相识，有什么误解都甭说，打上一架，以武会友，以拳交心。扣入了心门，就能和平相处了。
Story/D_S0701_01_102,要是当真能够实现，那就好了。
Story/D_S0701_01_103,会实现的。我会让它实现，你看着吧。
Story/D_S0701_01_104,……你凭什么保证呢？
Story/D_S0701_01_105,呃。
Story/D_S0701_01_106,万一就是不行呢？你们不就是怕有今天，才催我出嫁的吗？
Story/D_S0701_01_107,为什么不逃走……万一连你也死掉呢？
Story/D_S0701_01_108,我才不会死呢。万一我当真死掉，那样的话……。
Story/D_S0701_02_003,以后有空也请回来看看吧，我会在这个地方，和大师兄他们葬在一起。
Story/D_S0701_02_004,你带着你的孩子、孙子，为我烧一炷香。到时你跟你的孩子、孙子说，从前有一个人很爱慕你们的奶奶。即使奶奶不喜欢他，但还是会记得他很久很久。
Story/D_S0701_02_005,……。
Story/O_S0701_02_001,？？？
Story/D_S0701_02_006,……。
Story/D_S0701_02_007,哈，是不是太恶心了？像我这种丑八怪，原是不配让你记得。
Story/N_S0701_02_001,小师妹一言不发，身上所系的铃铛却铃铃作响。
Story/D_S0701_02_008,咦，原来那个铃当不是哑的？
Story/D_S0701_02_009,……我骗你的，我很不开心。每天每天，都很不开心。
Story/D_S0701_02_010,为什么？
Story/D_S0701_02_011,我不知道，他没有对我不好，但是，很孤单。
Story/D_S0701_02_012,小师妹……停下来！
Story/D_S0701_02_013,你再靠近，会出事的。回去吧，回你家去，一切都会慢慢变好的。
Story/D_S0701_02_014,呜呜……呜呜……呜哇～～
Story/N_S0701_02_002,你很久不曾听过小师妹哭泣了，就连表情都很罕见。那姑娘的哭声回荡在山间，纵使远去，依然回响在你心中。
Story/T_S0701_02_001,这样就好，好好活下去吧，小师妹。
Story/D_S0701_02_015,好了，和小师妹叙完旧，该去见另一个人了。
Story/O_S0701_02_002,？？？
Story/D_S0701_02_016,……。
Story/D_S0701_02_017,哈，是不是太恶心了？像我这种丑八怪，原是不配让你记得。
Story/N_S0701_02_003,小师妹一言不发，身上所系的铃铛却铃铃作响。
Story/D_S0701_02_018,咦，原来那个铃当不是哑的？
Story/D_S0701_02_019,好，我会记得你，我会记得你们所有人。
Story/D_S0701_02_020,师兄，谢谢你一直对我那么好。我以前不懂，现在知道了。
Story/D_S0701_02_021,你知道了？
Story/D_S0701_02_022,我知道了。
Story/D_S0701_02_023,乖，别哭了，回家去吧，还有人在等你，不是吗？
Story/N_S0701_02_004,小师妹以衣袖抹去了泪水，点点头，缓步离开。
Story/T_S0701_02_002,这样就好，好好活下去吧，小师妹。
Story/D_S0701_02_024,好了，和小师妹叙完旧，该去见另一个人了。
Story/O_S0701_02_003,？？？
Story/D_S0701_02_025,……。
Story/D_S0701_02_026,不要。
Story/D_S0701_02_027,咦？
Story/D_S0701_02_028,就不要。
Story/D_S0701_02_029,不要这样嘛，我也没这么讨厌吧，还是说脸不好看就不行？
Story/D_S0701_02_030,跟脸没关系，我讨厌你。你快点回家，不要葬在唐门。
Story/D_S0701_02_031,原来你叫我回家是这个意思喔！
Story/D_S0701_02_032,嗯。
Story/D_S0701_02_033,臭小娘皮，我对你难道不好吗？你就这样报答我？
Story/N_S0701_02_005,小师妹抄暗器在手，摆出了准备战斗的架式。
Story/D_S0701_02_034,你自找的，等我打赢，就把你打包带回老家！
Story/D_S0701_02_035,……好吧，就听你的好了。
Story/D_S0701_02_036,反正我的冤魂会无时无刻纠缠你！
Story/D_S0701_02_037,！？不、不要。
Story/D_S0701_02_038,别怕，我的冤魂不会害你，还会保护你，帮你半夜赶蚊子。
Story/D_S0701_02_039,不要！我……我会去祭拜你的，不要缠我！
Story/D_S0701_02_040,一言为定喔。
Story/D_S0701_02_041,好。
Story/N_S0701_02_006,有如惊弓之鸟的小师妹落荒而逃了。
Story/D_S0701_02_042,哈哈哈，真是太可爱了。
Story/D_S0701_02_043,好了，和小师妹叙完旧，该去见另一个人了。
Story/D_S0701_02_01_001,呃啊！
Story/D_S0701_02_01_002,……。
Story/N_S0701_02_01_001,小师妹顾念旧日同门之谊，没有痛下杀手。
Story/D_S0701_02_01_003,小师妹，虽然你退隐了，论功夫果然还是胜我一筹啊。
Story/D_S0701_02_01_004,我没有希望你死掉。
Story/D_S0701_02_01_005,太善良了吧，这样不是让我更喜欢你了吗。
Story/D_S0701_02_01_006,……我有什么好的？
Story/D_S0701_02_01_007,很多地方都很好。
Story/D_S0701_02_01_008,不准你喜欢我，不准再对我好。你……你……去喜欢别人啊。
Story/D_S0701_02_01_009,要是我办得到就好了。
Story/D_S0701_02_01_010,呼……呼，听说你出嫁后都没练功了，怎么还这么强。
Story/D_S0701_02_01_011,你哭什么？我被打成这样才想哭吧。
Story/D_S0701_02_01_012,你想跳崖？
Story/D_S0701_02_01_013,要你管，不要碰我。
Story/D_S0701_02_01_014,……。
Story/D_S0701_02_01_015,我不要……去你老家。
Story/D_S0701_02_01_016,宁愿死也不要？
Story/N_S0701_02_01_002,小师妹擦干了眼泪。
Story/D_S0701_02_01_017,嗯。
Story/D_S0701_02_01_018,……那你走吧，我跟你闹着玩的呢。虽然不甘心，但也没办法，我早有心理准备了。不如意事十之八九，所谓人生就是这个样子啦。
Story/D_S0701_02_01_019,……。
Story/D_S0701_02_01_020,怎么了？我虽然是个又丑脾气又坏的人，也不可能伤害爱慕的女子吧。即使你厌憎我，也无所谓。
Story/D_S0701_02_01_021,……。
Story/N_S0701_02_01_003,小师妹饱含敌意的倒退着离开你的视线。
Story/D_S0701_02_01_022,我还真是被讨厌透顶了。
Story/D_S0701_02_01_023,好了，和小师妹叙完旧，该去见另一个人了。
Story/D_S0702_01_001,……。
Story/D_S0702_01_002,师兄，你站那儿动也不动，发什么呆？
Story/D_S0702_01_003,可以请你滚吗？坦白说，你很碍眼。
Story/D_S0702_01_004,过份，我哪儿惹你了。
Story/D_S0702_01_005,你给我记住，回头找你算账。
Story/D_S0702_01_006,弟，你也听见了吗？
Story/D_S0702_01_007,听见了。
Story/D_S0702_01_008,师兄！
Story/D_S0702_01_009,嗯。
Story/D_S0702_01_010,我去去就回。
Story/D_S0702_01_011,我也去。
Story/D_S0702_01_012,什么事情，脸色这么凝重。
Story/D_S0702_01_013,师弟！你可有听见什么声音？
Story/D_S0702_01_014,没有啊？怎么样的声音？
Story/D_S0702_01_015,我也听不大真切，像是啸声。来自很远的地方，乘着风，掀动了整片山林。
Story/D_S0702_01_016,你这家伙！
Story/D_S0702_01_017,樊兄弟，别太靠近。
Story/D_S0702_01_018,虽然我没打算伤人，但也不想单方面挨打。多谢了，叶少侠。
Story/D_S0702_01_019,阿弥陀佛，风雨山别来，施主平安否？
Story/D_S0702_01_020,承蒙法师垂询，忙归忙，尚且还过得去。
Story/D_S0702_01_021,今时不同往日，既然你自己送上门来，小僧不免要向你唠叨两句。
Story/D_S0702_01_022,别，求先别。晚些再恭听法师妙谛。
Story/D_S0702_01_023,盟主……！
Story/D_S0702_01_024,李兄，你打算站那边啊。
Story/D_S0702_01_025,……来了啊。
Story/D_S0702_01_026,你……你来做甚？怕不是疯了。
Story/T_S0702_01_001,有好多人在。
Story/D_S0702_01_027,唐姑娘也来了，别来无恙乎？
Story/D_S0702_01_028,……。
Story/D_S0702_01_029,谁？
Story/D_S0702_01_030,我戴着帽子掩藏面目，不怪你认不出来。
Story/D_S0702_01_031,是我。
Story/D_S0702_01_032,你是……！
Story/D_S0702_01_033,谁？
Story/D_S0702_01_034,我啊！是我啊！瑞笙啊！你又忘了！
Story/D_S0702_01_035,我啊！是我啊！瑞笙啊！
Story/D_S0702_01_036,哦～
Story/N_S0702_01_001,小师妹虽然哦了一声，但不是恍然大悟，而是嫌麻烦放弃回想，敷衍了一下。
Story/D_S0702_01_037,龙姑娘也来了。
Story/D_S0702_01_038,好多人！
Story/D_S0702_01_039,这是失误。
Story/D_S0702_01_040,敢问盟主莅临唐门，有何贵干？
Story/D_S0702_01_041,你这家伙不是当上武林盟主，想要攻打唐门吗？还来干嘛？
Story/D_S0702_01_042,想要攻打唐门的可不是我……。
Story/D_S0702_01_043,算了，这种像是推卸责任的话，还是不说了。
Story/D_S0702_01_044,我想同你单独叙话，又不想惊动别人，除了喊你出来别无他法。
Story/D_S0702_01_045,你觉得自己没惊动别人吗？
Story/D_S0702_01_046,失策，失策，惨遭围殴并非我的原意。看来千里传音加传音入密并使，委实太过异想天开了。
Story/D_S0702_01_047,这主意真是烂透了，你都没先试过就使。
Story/D_S0702_01_048,我只想叫阿活，没想到惊扰了旁人，还请各位恕罪。
Story/D_S0702_01_049,瑞某今日登贵宝地并无恶意，只为了和朋友叙旧。各位能否通融一二，好让我俩借一步说话？
Story/O_S0702_01_001,想和瑞笙单独谈话
Story/D_S0702_01_050,休想！
Story/D_S0702_01_051,师……樊兄弟，别激动，我们就说会儿话罢了，不会打架。
Story/D_S0702_01_052,樊兄弟，别激动，我们就说会儿话罢了，不会打架。
Story/D_S0702_01_053,不会打架吗？
Story/D_S0702_01_054,你说呢？盟主。
Story/D_S0702_01_055,应该不会。
Story/D_S0702_01_056,好吧，那俺走了。
Story/D_S0702_01_057,那我……真真真走了？
Story/D_S0702_01_058,李帮主请。
Story/D_S0702_01_059,瑞盟主，各各各为其主，抱歉。
Story/D_S0702_01_060,李兄弟，你用错词了，我们都没有主人，是自己决定争斗的。
Story/D_S0702_01_061,你说的对。
Story/D_S0702_01_062,师弟，放心。他要是想杀你，你就放心去死，我事后再帮你报仇。
Story/D_S0702_01_063,解大侠，我可不是你师弟，而且你说这话让人一点也不能放心啊。你这根本不是在安慰人吧。
Story/D_S0702_01_064,既然赵少侠都这么说了，贫道也无话可讲，告辞。
Story/D_S0702_01_065,丹霞子道长人真干脆啊。
Story/D_S0702_01_066,瑞盟主，得罪勿怪。
Story/D_S0702_01_067,言重了，改日再领教点苍绝学。
Story/D_S0702_01_068,阿弥陀佛，赵施主，你真不要小僧助你一嘴之力吗？
Story/D_S0702_01_069,我们也不是要吵架啊……。
Story/D_S0702_01_070,法师，我先上，说不赢他，等会你再出马教育他。
Story/D_S0702_01_071,善哉，如此甚好。
Story/D_S0702_01_072,不不，一点也不好。
Story/D_S0702_01_073,弟，你自己小心，姊就在附近散步。瑞少侠要是对你不利，你就尖叫，十招以内，姊一定到场。
Story/D_S0702_01_074,我普通的叫行吗？尖叫太伤脸面了。
Story/D_S0702_01_075,也行。
Story/D_S0702_01_076,你和龙女侠以姊弟相称？哇，好羡慕。实不相瞒，我打小就听龙大侠的传奇长大，憧憬不已。但是从前拜访锦香宫时，温夫人却不肯让龙女侠与我结交。
Story/D_S0702_01_077,湘姊性情直率，武功虽高，却涉世不深，而你相貌太好，温夫人恐怕是防范你诱拐湘姊吧。
Story/D_S0702_01_078,我族妹也是锦香宫弟子，都不帮我美言几句，唉。
Story/D_S0702_01_079,小师妹，我和阿笙单独说几句话，你先回大院等我，好吗？
Story/O_S0702_01_002,好
Story/D_S0702_01_080,好。
Story/O_S0702_01_003,不好
Story/D_S0702_01_081,不好。
Story/D_S0702_01_082,别担心，阿笙是我朋友。要是来意不善，哪肯自投罗网。
Story/D_S0702_01_083,就是说啊。
Story/D_S0702_01_084,别担心，要也是我暗算他，不会出乱子。
Story/D_S0702_01_085,喂，不要乱来喔。
Story/D_S0702_01_086,那有事就叫我。
Story/D_S0702_01_087,那样冷冰冰的姑娘，也这样黏你。到底有什么诀窍，能否传授一下？我拿武功秘籍跟你交换也可以。
Story/D_S0702_01_088,你都有五位夫人了，还想学吗？
Story/D_S0702_01_089,她们天天明争暗斗，吵了不是拿我撒气，就是曲意争宠，我实在怕得狠了，可是就算全都迎作平妻，总有一个正房最大。那个正房到底该谁，至今未见分晓。
Story/D_S0702_01_090,等吧，等她们不再把你放心上，不再吃醋的时候，你的后宫就和平了。
Story/D_S0702_01_091,要是那样的话……让人有点寂寞啊。
Story/D_S0702_01_092,……树上那位高人，也该现身了吧。
Story/D_S0702_01_093,师父。
Story/D_S0702_01_094,露馅了啊。
Story/D_S0702_01_095,夏侯女侠，能容瑞某与令高足一叙否？
Story/D_S0702_01_096,可。这个不成材弟子就借给瑞公子了。
Story/D_S0702_01_097,别推我呀。
Story/D_S0702_01_098,不过丑话说在前头，这个人再不成材，也是我夏侯兰的弟子。有道是敝帚自珍，公子要敢伤我扫帚一根帚毛……。
Story/D_S0702_01_099,奴家就把公子的头给拧下来，说到做到，你可别不信。
Story/D_S0702_01_100,阿笙，奉劝你一句：我师父说的话，你可不能当作玩笑。
Story/D_S0702_01_101,……我信，我可太信了。你不知道，我从前慕名去拜访她，曾被你师父搧过一巴掌。要不是我当机立断抛身旋转，空中卸力，那一巴掌就能要我命。
Story/D_S0702_01_102,你了得，我师父想杀的人，如今可没几个幸存。
Story/O_S0702_01_004,一起上，把武林盟主给拿下了！
Story/D_S0702_01_103,犯我唐门者，绝不轻饶！有什么话说，先把兵器缴来！
Story/D_S0702_01_104,你不是吧？玩真的？
Story/D_S0702_01_105,那我也不会坐以待毙！
Story/D_S0702_01_106,我头一次将千里传音加上传音入密并用，也不知好不好使，真亏你那么远还能听见。
Story/D_S0702_01_107,唐门不以内功见长，但凡我内功修为再低一点，就只会当蚊子叫。
Story/D_S0702_01_108,你老兄可也太大看我了，唐门可不是以内功见长，我就隐隐约约心生异感，将信将疑出来看看才碰见的你。
Story/D_S0702_01_01_001,唉……你想说的事，我大抵明白了。
Story/D_S0702_01_01_002,那便请吧，不消多言，恩义绝于此际，谁也不欠谁。下回你来，我们就决生死了。
Story/D_S0702_01_01_003,慢走不送。纵你下山去，你再攻上山来。下回你来，我们之间就得死一个人。
Story/D_S0702_01_01_004,好，瑞某记住了。
Story/D_S0702_01_01_005,唉……
Story/T_S0702_01_01_001,瑞兄贵为盟主，与我唐门已经不能两立，必须至死方休。既然如此，还不如了无牵挂。
Story/D_S0702_01_01_006,拍拍。
Story/D_S0702_01_01_007,唉，别过了，兄弟。
Story/D_S0702_01_01_008,瑞哥哥，事情这么快就谈完了？
Story/D_S0702_01_01_009,灵犀。
Story/D_S0702_01_01_010,奴家和其他几个荡妇正要去找你呢。
Story/D_S0702_01_01_011,盟主，我跟您说，我这小师妹她……她……。
Story/D_S0702_01_01_012,默铃妹子怎么样了啊？
Story/T_S0702_01_01_002,是那苗疆女子，我上回差点给她毒哑，我还是离她一点为妙。
Story/D_S0702_01_01_013,没、没没什么，我、我去把衣服换回来，找我老公去了。
Story/D_S0702_01_01_014,太好了，默铃妹子，郎君平安归来。要是折在你娘家，奴家少不得要驱使毒蛊折腾你。
Story/D_S0702_01_01_015,灵犀，别欺负铃儿。
Story/D_S0702_01_01_016,我不怕你的毒蛊。
Story/D_S0702_01_01_017,不怕是吗？你唐门就这么自信，毒得过我苗疆巫蛊。要不要咱们姊妹俩分一分高低。
Story/D_S0702_01_01_018,随便。
Story/D_S0702_01_01_019,行了，行了，别吵架。
Story/D_S0702_01_01_020,瑞哥哥，奴家跟妹子说笑呢，不是吵架，你说是吗？
Story/D_S0702_01_01_021,嗯。
Story/T_S0702_01_01_003,她生气了啊，真难得，还以为她什么感情也没有呢。
Story/D_S0702_01_01_022,别说自家姊妹是荡妇啊。
Story/D_S0702_01_01_023,奴家和她们可不是什么姊妹，是情敌。奴家又非不能生育，怎么你就如此花心，招惹了奴家，又有别的女人。
Story/D_S0702_01_01_024,我们聊过这个话题了。
Story/D_S0702_01_01_025,聊过是聊过，心里舒不舒坦却是另一回事，哼。
Story/D_S0702_01_01_026,灵犀，灵犀，是我不好，别恼啦。
Story/D_S0702_01_01_027,……这样啊，我懂你的意思了。我为情义之顾，不能违逆朝廷号令，你有怨忿，我是应该受着。
Story/D_S0702_01_01_028,这烟有毒！别靠近！
Story/D_S0702_01_01_029,瑞哥哥，趁现在快逃！
Story/D_S0702_01_01_030,咳，这什么毒石，我竟然都挨不住。
Story/D_S0702_01_01_031,这毒石一落在地上，就溃散成烟，令我胸腹郁闷，一度腥甜。若非我是唐门弟子，百毒不侵，恐怕嗅一口都得当场暴毙。
Story/D_S0702_01_01_032,把粉尘搜集回去研究一下吧。
Story/D_S0702_01_01_033,别怕，此毒虽猛，但瑞哥哥你饮过我们苗疆金龙血，万毒不侵。一时难受而已，不会害命的。
Story/D_S0702_01_01_034,多亏有你，灵犀。
Story/D_S0702_01_01_035,早叫你别跟那群恶人讲什么义气，他们会当武林公敌，根本是活该。
Story/D_S0702_01_01_036,……你受伤了？
Story/D_S0702_01_01_037,唐默铃！看你的好师兄、好师弟！瑞郎坦坦荡荡去与他们叙旧，他们却是怎样回报的？
Story/D_S0702_01_01_038,灵犀，这事跟铃儿无关，你别怪她。
Story/D_S0702_01_01_039,怎么跟她无关了？她就是那里出身的，耳濡目染，心地八成也坏得很。你不看她一点也没有歉然之色吗？
Story/D_S0702_01_01_040,对不起。
Story/D_S0702_01_01_041,呵，你来，叫上其他姊妹，说说你是无辜还有辜。
Story/D_S0702_01_01_042,等等，这又不是她的错，咳。
Story/D_S0702_01_01_043,唉，咳。
Story/D_S0702_01_01_044,你、你伤得很重是吗？难道毒趁伤侵入肺腑了？是我害的？
Story/D_S0702_01_01_045,没事，没事。
Story/D_S0702_01_01_046,快到静僻地方，我找梁有诗过来为你施治。她医术精湛，自称「灰有常」，总不能派不上用场，你别怕。
Story/D_S0702_01_02_001,……。
Story/D_S0702_01_02_002,……。
Story/D_S0702_01_02_003,从哪里开始说好？
Story/D_S0702_01_02_004,我问你啊。
Story/D_S0702_01_02_005,有朋自远方来，不亦乐乎？远来是客，在下到了你的地盘，怎么着也该请我喝杯茶吧。
Story/O_S0702_01_02_001,泡茶聊
Story/D_S0702_01_02_006,客官随便坐，我去冲一壶茶。
Story/D_S0702_01_02_007,有峨嵋雪芽吗。
Story/D_S0702_01_02_008,有，你还挺识货，不好打发。
Story/D_S0702_01_02_009,好说，好说！
Story/D_S0702_01_02_010,没有，给你什么就喝什么，少啰唆。
Story/D_S0702_01_02_011,也行。
Story/O_S0702_01_02_002,喝酒聊
Story/O_S0702_01_02_003,解锁：持有任何酒
Story/D_S0702_01_02_012,喝茶也不是不行，但我有酒，你选那边？
Story/D_S0702_01_02_013,当然选酒。
Story/O_S0702_01_03_Break_01_001,你怎么变的盟主？
Story/D_S0702_01_03_Break_01_001,你出息了啊，居然当上武林盟主。
Story/D_S0702_01_03_Break_01_002,我自己都吃惊得很，就是跟地狱道、饿鬼道打了一场大架，回头就突然被拱作盟主了。
Story/D_S0702_01_03_Break_01_003,在你而言是那样，其实你不在场的时候错过了很多事。所谓时势造英雄，你刚好逮住了人心惶惶，需要依托的时候吧。
Story/D_S0702_01_03_Break_01_004,怎么搞的啊，真是。南宫大侠不是才刚当上盟主吗。难道我是误闯了仙宫，回到人间一日千年吗？怎么我一别开眼，回头就物是人非了。
Story/D_S0702_01_03_Break_01_005,……其实最近我也时常有相似的感触。
Story/D_S0702_01_03_Break_01_006,时间过得可真快，欢声笑语一下就飘远了。被人期许仰仗，却怀念从前悠哉的日子。给江湖暗流推搡着，半步不由自己，以为就要缓下来了，又站上浪尖。
Story/D_S0702_01_03_Break_01_007,唉……。
Story/D_S0702_01_03_Break_01_008,唉……。
Story/D_S0702_01_03_Break_01_009,然后讲个不矫情的话，其实当盟主还挺爽的。
Story/D_S0702_01_03_Break_01_010,如何爽法，敞开说说？
Story/D_S0702_01_03_Break_01_011,走到哪儿都有人恭维、孝敬，我一下就光宗耀祖了。可以使唤各派人马不说，还特别受姑娘欢迎，坦露爱慕之情的书信收到手软，哈哈！
Story/D_S0702_01_03_Break_01_012,哈哈！
Story/D_S0702_01_03_Break_01_013,我恨你！绝交啦！
Story/D_S0702_01_03_Break_01_014,没品！你就是见不得我好！
Story/D_S0702_01_03_Break_01_015,哈哈哈哈哈！
Story/D_S0702_01_03_Break_01_016,你还打算扩建后宫？也不是不行，就怕你后宫失火。
Story/D_S0702_01_03_Break_01_017,不敢了，不敢了。家里那几位我就招架不来了。
Story/D_S0702_01_03_Break_01_018,话又说回来，作盟主虽然风光，与之而来的是责任。武林各派并不如表面上的和谐，就算没有泥教，也是明争暗斗不休。多年来若无南宫世家居中调停，不知多少死伤。
Story/D_S0702_01_03_Break_01_019,如今南宫大侠过世了，这个责任就落到我头上。纵有大公子辅佐，我亦时感力不从心。
Story/D_S0702_01_03_Break_01_020,没办法，当盟主要恩威并重，我不擅长板起脸来训话。语气强硬一点都觉得心底发虚。
Story/D_S0702_01_03_Break_01_021,你少年得志，都当盟主了，大可狂妄一点。
Story/D_S0702_01_03_Break_01_022,不瞒你说，我艺成要出山的那会儿，其实还挺狂妄的。满拟要先挑战点苍叶云舟，再战你唐门飞侠、峨嵋风神解无尘，靠一身武功闯出名堂来，令孤云山派之名震撼江湖。
Story/D_S0702_01_03_Break_01_023,然后呢？
Story/D_S0702_01_03_Break_01_024,……我族妹把我叫去，用玄门奇阵困了我七七四十九天。我既知道天高地厚，人从此就变得谦虚踏实了。
Story/D_S0702_01_03_Break_01_025,杏花仙到底是人是仙。
Story/D_S0702_01_03_Break_01_026,坦白说，我也不清楚。她是瑞家族长，声称是我妹，我若不认的话就把我从族谱除名。
Story/D_S0702_01_03_Break_01_027,你族妹究竟何方神圣，有这种通天本领。
Story/D_S0702_01_03_Break_01_028,我也想知道。她是瑞家族长，声称是我妹，我若不认的话就把我从族谱除名。
Story/D_S0702_01_03_Break_01_029,不说她了，说回我的就职感言吧。
Story/D_S0702_01_03_Break_01_030,好。
Story/D_S0702_01_03_Break_01_031,话说我在山里习武练功的岁月，没啥消遣。那时最大的乐趣，就是听人谈论龙大侠的故事。
Story/D_S0702_01_03_Break_01_032,我们这一辈的少年人，谁不是呢？
Story/D_S0702_01_03_Break_01_033,总觉得身为大侠就该像他那样，武功盖世、意气风发。挥宝剑斩邪祟，快意恩仇图一醉，傲啸于武林之颠，睥睨四野。好一个飒爽男儿郎。
Story/D_S0702_01_03_Break_01_034,你忘了说，还有许多美貌红颜前仆后继。
Story/D_S0702_01_03_Break_01_035,哈哈哈，对，羡慕死我……了。
Story/D_S0702_01_03_Break_01_036,唉，我收回这话。
Story/D_S0702_01_03_Break_01_037,二十年前的武林大会，龙大侠和南宫大侠角逐武林盟主之位，也是大家津津乐道的章节，精彩程度仅次于决战极乐教。
Story/D_S0702_01_03_Break_01_038,哦！我也喜欢那个章节。剑侠龙渊和南宫少家主两边阵营的高手都各显神通、斗智斗勇。最后龙大侠力挫劲敌，使群侠归心。
Story/D_S0702_01_03_Break_01_039,我行走江湖，阅历渐深，才晓得一个浅显的道理：一个人武功再高，能为毕竟有限，装模作样，亦不过是匹夫之勇，就是打打闹闹，满足虚荣心罢了。
Story/D_S0702_01_03_Break_01_040,龙大侠能够成为武林传奇，凭的不单是武功，非有天时地利人和不可。当年若没有南宫大侠与他竞争，龙大侠一个人是怎么也当不上盟主的，是砥砺出的星火才使他发光发热。
Story/D_S0702_01_03_Break_01_041,南宫世伯是千金之子，家学渊源，人脉亦广。盟主之位，本来众望所归，谁料中途冒出一个龙大侠呢。
Story/D_S0702_01_03_Break_01_042,二十年前的武林盟战胜了旧魔教，论首功当属龙大侠。可是为大局而潜身幕后，让名给劲敌、助龙大侠收服人心的南宫大侠，也一样居功甚伟。
Story/D_S0702_01_03_Break_01_043,是啊……你究竟想说什么呢？
Story/D_S0702_01_03_Break_01_044,南宫大侠要是当得成盟主，一定当仁不让，但为大局大义，还是割爱。我当了盟主方知两难成全。
Story/D_S0702_01_03_Break_01_045,阿活，我游历中原，各门各派都有交情深厚的朋友。曾与三五好友上临安，下岭南，入苗疆，患难相交，生死与共。论交情都不比你我为浅。
Story/D_S0702_01_03_Break_01_046,你可真会跑，怎么没找我一起。
Story/D_S0702_01_03_Break_01_047,我哪里不想邀你入队，可惜你比我都忙。我还想着迟早也把你介绍给朋友认识，大家热热闹闹。
Story/T_S0702_01_03_Break_01_001,真好啊，我也向往过像你，到处行侠仗义。
Story/D_S0702_01_03_Break_01_048,你想必也看出来了，武林盟乍看自由，实则受朝廷所驱使。若我一意孤行，抗命不从，武林盟恐将被污斥为寇。
Story/D_S0702_01_03_Break_01_049,届时泥教好心不发难，朝廷也断不能容。以荡寇为名，派兵清剿各派，瑞某该如何对得起那些好朋友？
Story/D_S0702_01_03_Break_01_050,唐门被污斥，你还带头对付，就很对得起我。
Story/D_S0702_01_03_Break_01_051,我要是问心无愧，就不会来了。
Story/O_S0702_01_03_Break_01_002,风雨山之变
Story/D_S0702_01_03_Break_01_052,武林大会那日，我只道南宫大侠当上盟主，武林气数方兴未艾。怎料转眼风云色变，南宫大侠、锦香宫主相继辞世，连唐门也差点和武林盟动上手来。
Story/D_S0702_01_03_Break_01_053,当日风雨山，群侠口口声声叫我们弃械留下问个清楚。为了正邪名义之分，连锦香宫那群退隐在即的女子也不放过，刀头都还滴滴答答淌着血，你想我能信得过你们吗？
Story/D_S0702_01_03_Break_01_054,……好吧，讲句良心话。换作是我，我也不信。倒不如说傻子才信这鬼话呢，谁想夺我剑，我就斩谁。
Story/D_S0702_01_03_Break_01_055,你还挺诚实的。
Story/D_S0702_01_03_Break_01_056,在外边我说不定还要矫情两下，跟你就不客套了。反正你就算想说我坏话，别人也不信。
Story/D_S0702_01_03_Break_01_057,可恶，这看脸的时代，也太肤浅。
Story/D_S0702_01_03_Break_01_058,虽然这话有说跟没说一样，但我还是姑且告诉你。风雨山会后，武林盟召集各派首脑商讨方针之时，我一力主张唐门清白。
Story/D_S0702_01_03_Break_01_059,是吗。
Story/D_S0702_01_03_Break_01_060,但释明和尚是当世高僧，云游多年，普惠十方，可谓德高望重。而唐门行事作风偏邪，两相对比，自然偏向释明的人更多。
Story/D_S0702_01_03_Break_01_061,只怕我们清白与否压根不重要，唐门树敌不少，都想推波助澜除掉心头隐患罢了。
Story/D_S0702_01_03_Break_01_062,在下实在人微言轻。即使是盟主的一己之见，也无法撼动大流……。抱歉啊，阿活，没帮上忙。
Story/O_S0702_01_03_Break_01_003,你真不可靠（嘴攻）
Story/D_S0702_01_03_Break_01_063,你真不可靠，亏你还是武林盟主呢。
Story/D_S0702_01_03_Break_01_064,唔呃……我毕竟只是江湖后生，时势造的英雄，徒有虚名罢了。没有南宫大侠那样的底蕴、人脉啊。
Story/D_S0702_01_03_Break_01_065,年轻侠士还比较好说话，那些前辈的架子根本一个比一个大，脾气一个比一个臭，我总不能动手揍他。
Story/D_S0702_01_03_Break_01_066,武林正派真矫情，不像我们唐门，一言不合就打人。
Story/D_S0702_01_03_Break_01_067,不不，那是你自己修养的问题吧。
Story/O_S0702_01_03_Break_01_004,没关系
Story/D_S0702_01_03_Break_01_068,帮不帮上忙是一回事，阿笙，我很承你的情，多谢。
Story/D_S0702_01_03_Break_01_069,在下实在愧对你的谢意。
Story/D_S0702_01_03_Break_01_070,虽然这话有说跟没说一样，但我还是姑且告诉你。风雨山会后，武林盟召集各派首脑商讨方针之时，我一力主张唐门清白。加上几派掌门联名担保，才打消对唐门的疑虑，邀你们共抗泥教。
Story/D_S0702_01_03_Break_01_071,是吗。
Story/D_S0702_01_03_Break_01_072,这才像你。
Story/D_S0702_01_03_Break_01_073,结果你倒好，搞出了一个西武林盟。弄得我们手忙脚乱。
Story/D_S0702_01_03_Break_01_074,谁知道你们脾气那么硬，也不来响应武林盟。反而摆出一副要硬抗到底的架势，这下朝廷也紧张了。我的努力通通付诸东流。
Story/D_S0702_01_03_Break_01_075,抱歉，虽然我一点也不觉得抱歉就是了。
Story/O_S0702_01_03_Break_01_005,争斗的理由
Story/D_S0702_01_03_Break_01_076,阿活，你可曾想过为何朝廷不理江湖事，却一定要针对唐门吗？为此不惜破格提拔、重用上官家主，又大费周章笼络人心。
Story/O_S0702_01_03_Break_01_006,因为唐门祖宗有造反前科
Story/D_S0702_01_03_Break_01_077,莫不是唐门祖师爷曾经聚众于外堡，违抗前朝玄宗皇帝的圣旨吗？
Story/D_S0702_01_03_Break_01_078,也不能说没有这层因素，但那已经是很久以前的事了。前朝皇帝不德，导致天下大乱，便被推翻了又与大宋江山何关？
Story/O_S0702_01_03_Break_01_007,驱虎吞狼
Story/D_S0702_01_03_Break_01_079,不外乎就是驱虎吞狼，不费一兵一卒，引江湖人自相残杀。先是泥教，后是唐门，再来呢？全真派吗？
Story/D_S0702_01_03_Break_01_080,只要杀的够多，迟早轮到孤云山派。你们当了朝廷鹰犬还沾沾自喜，迟早自食恶果哦？
Story/D_S0702_01_03_Break_01_081,也许是这样也说不定。
Story/D_S0702_01_03_Break_01_082,驱虎吞狼只是手段而已。
Story/O_S0702_01_03_Break_01_008,因为大宋皇帝是懦夫
Story/O_S0702_01_03_Break_01_009,解锁条件：［性情］为［勇敢］以上
Story/D_S0702_01_03_Break_01_083,我想想……哦，我知道了，因为大宋皇帝是懦夫？
Story/D_S0702_01_03_Break_01_084,……你胆子真够大的，竟敢编排官家。
Story/D_S0702_01_03_Break_01_085,我才没有编排他，我是在骂他。
Story/D_S0702_01_03_Break_01_086,单是你这句话，灭唐门就不需别的理由了。我什么都没听见，你也别再说了，不满也得烂肚里。
Story/D_S0702_01_03_Break_01_087,信仰对万民而言是心灵寄托，对掌权者而言却是用以支配的道具。贬斥泥教，是因为泥教的教义旨在启迪民智，不利于统治。
Story/D_S0702_01_03_Break_01_088,启迪民智不是好事吗？
Story/D_S0702_01_03_Break_01_089,你觉得秦始皇为何焚书坑儒？
Story/D_S0702_01_03_Break_01_090,那唐门呢？唐门又哪里招惹到朝廷了，非要赶尽杀绝。
Story/D_S0702_01_03_Break_01_091,你是真不知道，还是在装傻？
Story/D_S0702_01_03_Break_01_092,唐门是天下第一暗器大家，毒术精湛，而且行径乖戾，亦正亦邪。你们要是没有底线，不打算堂堂正正的与人对决，天下只怕没谁杀不了。唐门存在一天，江湖人全都提心吊胆。
Story/D_S0702_01_03_Break_01_093,……。
Story/D_S0702_01_03_Break_01_094,怕你们的还不止江湖中人。唐老掌门当年带领座下两名幼徒，公然劫法场，救下唐三侠，当着百姓的面批评官家昏庸，竟无一个官差、卫士敢置一言。
Story/D_S0702_01_03_Break_01_095,你若是官家，赫然发现底下千军万马都拦不住一个人，就问你怕不怕。万一哪天你们突然觉得当朝官家太可恶，必须死呢？
Story/D_S0702_01_03_Break_01_096,比起金朝威胁、比起泥教，大宋官家更忌惮你唐门。泥教威胁朝廷权威，而你们直接威胁官家性命。
Story/D_S0702_01_03_Break_01_097,原来因缘早已种下，还真不是无缘无故看我们不顺眼。
Story/D_S0702_01_03_Break_01_098,但我们可不会坐以待毙。
Story/D_S0702_01_03_Break_01_099,凭西武林盟吗？
Story/D_S0702_01_03_Break_01_100,对。
Story/D_S0702_01_03_Break_01_101,武林盟有朝廷作靠山，你们西武林盟名不正、言不顺，真能成事吗？
Story/D_S0702_01_03_Break_01_102,不知道，可是能不能成，都要抵抗一下。
Story/D_S0702_01_03_Break_01_103,还真顽固。看来想劝你说服唐三侠、解散唐门也是不可能了。
Story/D_S0702_01_03_Break_01_104,是啊，你可别说，否则我要翻脸的。
Story/D_S0702_01_03_Break_01_105,阿活，你有可能说服唐三侠，解散唐门吗？要是那样的话，我舍了盟主之位、舍了名声也一定为你们担保。只要有我在，绝不会再有一人向唐门高足寻仇滋扰。
Story/D_S0702_01_03_Break_01_106,其实我也挺怕死的。
Story/D_S0702_01_03_Break_01_107,但是不行，既然掌门已有成命，唐门弟子无不凛遵。
Story/D_S0702_01_03_Break_01_108,遗憾的很，不可能。掌门已有成命，我也不打算说服他改变主意。
Story/D_S0702_01_03_Break_01_109,果然是这样啊。
Story/D_S0702_01_03_Break_01_110,既然如此，我也无话可说了。
Story/D_S0702_01_03_Break_01_111,话说完了，盟主就请回吧。
Story/D_S0702_01_03_Break_01_112,别误会，我可没心软。要是打得过你，一定不会纵虎归山。
Story/D_S0702_01_03_Break_01_113,但是叫人围殴你又太没义气，反而变成我欠你，还未必拦得住。既然如此，还不如让你永远欠着我比较划算。
Story/D_S0702_01_03_Break_01_114,你如意算盘未免太响了，生怕我不知道似的。
Story/D_S0702_01_03_Break_01_115,我确实怕你不知道，想你到时心生愧疚，手下留情来着。
Story/D_S0702_01_03_Break_01_116,我力所能及的范围内，都不会伤人性命。与之相对的，我也有件事情想要厚着脸皮请你应允。
Story/D_S0702_01_03_Break_01_117,以你的能耐，还有什么事要指望我？
Story/D_S0702_01_03_Break_01_118,我送你一程吧，虽说你武功高强，没什么人拦得住你，但毕竟是在唐门地界，就怕有人刁难。
Story/D_S0702_01_03_Break_01_119,不了，不了。你太讲义气，决战之日我俩都会动弹不得。
Story/D_S0702_01_03_Break_01_120,阿活，我最后厚着脸皮拜托你一件事。
Story/D_S0702_01_03_Break_01_121,说啊，我办得到的，一定帮你办到。
Story/D_S0702_01_03_Break_01_122,我向你保证，即使唐门最终兵败不复存，天下也无人可以欺侮默铃。与之相对，万一我阵亡了，希望你念着我们的交情，多多照拂瑞某遗孀。
Story/D_S0702_01_03_Break_01_123,……不行，你还得保证要偏心她，多花一点时间陪她，对她最好。
Story/D_S0702_01_03_Break_01_124,这可真是强人所难，其他几位夫人会发火的。
Story/D_S0702_01_03_Break_01_125,我才不管她们呢，这是你欠我的！
Story/D_S0702_01_03_Break_01_126,好……我答应你。
Story/D_S0702_01_03_Break_01_127,那就一言为定。
Story/D_S0702_01_03_Break_01_128,我游戏人间，无意薄倖，一不小心招惹恁多桃花，以为光阴还长，天宽地广任我行，如今却不得不为她们后路着想。
Story/D_S0702_01_03_Break_01_129,阿活，万一我阵亡了，望你念着我们的交情，多多照拂瑞某遗孀，成吗？
Story/D_S0702_01_03_Break_01_130,……可以，那我的条件也是一样。
Story/D_S0702_01_03_Break_01_131,朋友妻，不可戏，你可不能趁我死了就乱来。
Story/D_S0702_01_03_Break_01_132,说啥呢你，我才不会！
Story/D_S0702_01_03_Break_01_133,小师妹……我小师妹外表温顺，其实性子也挺拗的。
Story/D_S0702_01_03_Break_01_134,我要是死了，她可能会跟你拚命也说不定。
Story/D_S0702_01_03_Break_01_135,这我要怎么照顾啊，你是希望我让她杀，还是不让她杀？
Story/D_S0702_01_03_Break_01_136,不让她杀，她杀了你之后多半就会自寻短见找我们团圆了。
Story/D_S0702_01_03_Break_01_137,云裳喜欢吃甜食，但别给她吃太多，爱搜集珠宝，但不必太惯着她。她如今顽疾已痊愈，但体质太虚，需要多加留意。还有她很爱捉弄人，有时很过份，你要耐住性子不能生气。
Story/D_S0702_01_03_Break_01_138,有种很难缠的预感。
Story/D_S0702_01_03_Break_01_139,萤姑娘很坚强，我估计她至多为我流两滴泪就没事了。阿笙，你得帮我拦住上官家主，别又把她随便嫁人。
Story/D_S0702_01_03_Break_01_140,好，这个我能办到。
Story/D_S0702_01_03_Break_01_141,我若死去，湘姊可能会大受打击，再也不能持剑也未可知。那时请盟主动用权力，送她回锦香宫，别再让她闯荡江湖了，会出事的。
Story/D_S0702_01_03_Break_01_142,我与锦香宫亦有渊源，连同龙姑娘，瑞某一定护她们周全。
Story/D_S0702_01_03_Break_01_143,你得防着小梅，她一定会去刺杀你，至死方休。
Story/D_S0702_01_03_Break_01_144,听着真骇人。
Story/D_S0702_01_03_Break_01_145,你得小心，她会易容术，发起狠来六亲不认。
Story/D_S0702_01_03_Break_01_146,我尽量不被杀死。
Story/D_S0702_01_03_Break_01_147,我若走了，小竹一定很孤独，但她是有才能的奇女子。可以的话，动用盟主的权力帮她完成梦想吧，看是要作铸剑师或者木匠。
Story/D_S0702_01_03_Break_01_148,好，交给我吧。
Story/D_S0702_01_03_Break_01_149,其实我不太知道师父怎么想，可能会去杀你报仇，也可能会亲自下黄泉追我，谁叫她是夺魄幽兰呢？
Story/D_S0702_01_03_Break_01_150,这我可照顾不到啊。
Story/D_S0702_01_03_Break_01_151,要是以上情况都没有发生，请你替她置办一间大宅子养老吧。
Story/D_S0702_01_03_Break_01_152,这倒不成问题。
Story/D_S0702_01_03_Break_01_153,小菊是我所高攀不起的才女，胸怀大器之人。我猜我若死去，她会回耕阳读书斋，晴耕雨读。那时就请你护送她回去吧。
Story/D_S0702_01_03_Break_01_154,我听族妹提过，魏才女确实是稀世之才，在朝堪为王佐之才。
Story/D_S0702_01_03_Break_01_155,别再为难她了，她应该已经很累了。
Story/D_S0702_01_03_Break_01_156,明白了，我一定办到。
Story/D_S0702_01_03_Break_01_157,你可有什么人、事，要交代我的吗？
Story/D_S0702_01_03_Break_01_158,没有了，我割舍不下的都在唐门，打输了就一起下去，热热闹闹的好作伴，不必你操心。
Story/D_S0702_01_03_Break_01_159,……好。
Story/D_S0702_01_03_Break_01_160,未来不知如何，总之我先说声谢了。
Story/D_S0702_01_03_Break_01_161,彼此彼此不客气。那我可就真不送你了啦。
Story/D_S0702_01_03_Break_01_162,吾友阿笙，你保重。
Story/D_S0702_01_03_Break_01_163,──且慢，阿活。
Story/D_S0702_01_03_Break_01_164,你还有事？
Story/D_S0702_01_03_Break_01_165,……不，没有。
Story/D_S0702_01_03_Break_01_166,没有你叫住我干嘛？婆婆妈妈的，有话就说啊。
Story/T_S0702_01_03_Break_01_002,……成大事者不拘小节，这本该是义无反顾的事，然而实际上要和朋友反目成仇，于我而言实非易事。阿活说的没错，我还真是婆婆妈妈、优柔寡断。
Story/D_S0702_01_03_Break_01_167,你是为什么想要闯荡江湖呢？初衷是什么？
Story/D_S0702_01_03_Break_01_168,现在问这个？重要吗？
Story/D_S0702_01_03_Break_01_169,说不定挺重要的。
Story/D_S0702_01_03_Break_01_170,……那当然是为了耍威风啊，江湖人那个不是爱面子。便是个好人也想走路有风，威风又不妨碍锄强扶弱，除暴安良。
Story/D_S0702_01_03_Break_01_171,说得真直白。
Story/D_S0702_01_03_Break_01_172,我和你一样，从小向往大侠故事，只道大侠就是武功高，就是比人强，威风八面，无往不利，刀光剑影，快意恩仇。经常跟村中孩童玩大侠过家家。
Story/D_S0702_01_03_Break_01_173,你的脸，扮坏人再适合不过了。
Story/D_S0702_01_03_Break_01_174,这你就错了，我担任树，负责被撞断。
Story/D_S0702_01_03_Break_01_175,树吗？哦……哇，还要被撞断，不管怎么说，这也太过份了。
Story/D_S0702_01_03_Break_01_176,真的跋涉江湖，发现和村子里一样，大家都争着要当大侠，其实武林正派比坏人还多得多，大家都想成名，坏人供不应求啊。
Story/D_S0702_01_03_Break_01_177,那么现在呢？你也是经历过大风大浪的人了，就没有一点感触吗？
Story/D_S0702_01_03_Break_01_178,感触自然是不少。
Story/D_S0702_01_03_Break_01_179,我向往成为我大师兄那样不羁而狂放的侠客，也向往成为你。要是生来衣食无忧、无往不利，谁不想活得心安理得？但是不行，你们的人生，我盼不来。
Story/D_S0702_01_03_Break_01_180,……。
Story/D_S0702_01_03_Break_01_181,我给这人间里的苦厄敲敲打打，变成了如今的模样。反正没干坏事也会被冤枉被打，不妨我就遂万众所愿，当好坏人角色。好歹被打的时候没那么委屈。
Story/D_S0702_01_03_Break_01_182,这可不只关乎唐门、不止关系武林，不止关乎天地正气。主要这事吧，它观乎我心情痛不痛快，运气好，这回它们利害一致。
Story/D_S0702_01_03_Break_01_183,现在嘛，要做的事情和从前差不多。锄强扶弱，除暴安良，为蒙冤难雪的人打抱不平。这是大侠的职责啊～
Story/D_S0702_01_03_Break_01_184,只是刚好，这回受委屈的是我自家人而已。难道不行吗？我们也是人啊。
Story/D_S0702_01_03_Break_01_185,没有不行。
Story/D_S0702_01_03_Break_01_186,但是朝廷要对付的人，谁还躲得了？既知打不过就该服软啊。你们大可不撄其锋的，何苦脾气这么硬，非要跟武林盟正面冲突。
Story/D_S0702_01_03_Break_01_187,武林群侠舍的不是小我，而是骨气和本怀。而我们此刻逃跑，活了自己，却灭了唐门。
Story/D_S0702_01_03_Break_01_188,有此前车之鉴，今后莽莽神州侠迹绝尘，再也无人敢据理执言。还充什么大侠呢？可别说你没想到喔。
Story/D_S0702_01_03_Break_01_189,……要是武林归武林，朝廷归朝廷，事情永远单纯就好了。
Story/D_S0702_01_03_Break_01_190,你去和官家抱怨吧，又不是我弄的。
Story/D_S0702_01_03_Break_01_191,说不定我们其实很像呢。
Story/D_S0702_01_03_Break_01_192,我们很像？这话要是由我嘴里说出来，一定会犯众怒，你信不信？
Story/D_S0702_01_03_Break_01_193,说的当然不是脸，是初衷。
Story/D_S0702_01_03_Break_01_194,可是到底走上了不同的路。
Story/D_S0702_01_03_Break_01_195,好歹同行了一阵，不也挺好。
Story/D_S0702_01_03_Break_01_196,说的很是。
Story/D_S0702_01_03_Break_01_197,阿活，在下虽不能与你同一阵线，但是这个可以给你，收下吧。
Story/D_S0702_01_03_Break_01_198,这是我孤云山派的镇派武功，只此一本。不单讲究天份，还讲缘分，你把握时间快学。
Story/D_S0702_01_03_Break_01_199,你要给我？你孤云山派的武功不是一脉单传吗？
Story/D_S0702_01_03_Break_01_200,对啊，我就破坏规矩了，那又怎么样呢？我还不是跟你学的，哈哈哈！
Story/D_S0702_01_03_Break_01_201,你……。
Story/D_S0702_01_03_Break_01_202,我是武林盟主，你也得代表西武林盟。到时我们生活双侠颠峰对决，眉山论剑。
Story/D_S0702_01_03_Break_01_203,到时我们生活双侠颠峰对决，眉山论剑。
Story/D_S0702_01_03_Break_01_204,你这也太瞧得起我了，你是盟主，我只是小卒啊。
Story/D_S0702_01_03_Break_01_205,将我们比作象棋，你也不是卒子。我若是执红棋的帅──
Story/D_S0702_01_03_Break_01_206,我就是执黑棋的丑……？
Story/D_S0702_01_03_Break_01_207,我可没有这么说！象棋哪有丑这个棋！
Story/D_S0702_01_03_Break_01_208,所以我乃局外之人，不按你规矩走，最是难防难闪。你可得小心了。
Story/D_S0702_01_03_Break_01_209,哈哈！对，唐门就该这样。
Story/D_S0702_01_03_Break_01_210,你当然是将，就算你说唐三侠才是将，你好歹也是士啊。
Story/D_S0702_01_03_Break_01_211,过奖了，我可不敢当。
Story/D_S0702_01_03_Break_01_212,说笑归说笑，论真本事，我如何能够与你并论。
Story/D_S0702_01_03_Break_01_213,那是你的事了，放水也有限度，我可不会原地等你。你得自己加把劲赶上来。
Story/D_S0702_01_03_Break_01_214,剑谱传你，万一我阵亡了，你就是孤云山派的唯一传人，帮我传下去。
Story/D_S0702_01_03_Break_01_215,多亏了你，我心中再无一点阴霾。阿活，我们决战之日再见。
Story/D_S0702_01_03_Break_01_216,好，阿笙，我们俩打归打……。
Story/D_S0702_01_03_Break_01_217,永远是朋友！
Story/D_S0702_01_03_Break_01_218,未来不知如何，总之我先说声谢了。
Story/D_S0702_01_03_Break_01_219,彼此彼此不客气。
Story/D_S0702_01_03_Break_01_220,吾友阿活，我们就此别过了。
Story/D_S0702_01_03_Break_01_221,吾友阿笙，你保重。
