Story/D_S0204_01_001,默铃，你在折纸呀？
Story/D_S0204_01_002,嗯。
Story/N_S0204_01_001,小师妹其实没在折纸，只是拿着色纸怔怔出神。
Story/D_S0204_01_003,你还好吗？
Story/D_S0204_01_004,还好。
Story/D_S0204_01_005,不能骗我喔，因为我们是朋友嘛。
Story/D_S0204_01_006,……胸口闷闷的。
Story/D_S0204_01_007,我可怜的小铃儿。
Story/D_S0204_01_008,我虽然帮不上你什么忙，但是可以听你诉苦。\n你心里有什么事，可以尽管跟我抱怨。
Story/D_S0204_01_009,可是我不会。
Story/D_S0204_01_010,不会什么？抱怨？
Story/D_S0204_01_011,嗯。
Story/D_S0204_01_012,这有什么难的，什么事惹你不快，就说出来。
Story/D_S0204_01_013,说出来，然后呢？
Story/D_S0204_01_014,没有然后，光是说出来就会舒坦一点点，你要相信我啊。\n不信你跟着我说。
Story/D_S0204_01_015,「这都什么事啊，欺人太甚。」
Story/D_S0204_01_016,……这、这都什么事啊，欺人太甚。
Story/D_S0204_01_017,「哪来的假唐门，冒充我家人，欠揍。」
Story/D_S0204_01_018,哪来的假唐门，冒充我家人，欠揍。
Story/D_S0204_01_019,「这当儿大师兄死哪去了，半点用处也没有的家伙！」
Story/D_S0204_01_020,这当儿大师兄死哪去了，半点用处也没有的家伙！
Story/D_S0204_01_021,「这一桩桩一件件的，还让不让人过日子，气死我也！」
Story/D_S0204_01_022,这一桩桩一件件的，还让不让人过日子，气死我也！
Story/D_S0204_01_023,「害我掌门爹爹要劳心劳力收拾他们，好在他老人家神功盖世，\n天不怕地不怕，只要好好睡上一觉就能康复过来。\n早点醒来固然好，睡饱一些神清气爽也不坏。」
Story/D_S0204_01_024,……。
Story/D_S0204_01_025,怎、怎么不说了呢？太长了一点？
Story/D_S0204_01_026,云裳。
Story/D_S0204_01_027,谢谢你，真的。
Story/D_S0204_01_028,不、不客气，我们是朋友嘛。
Story/D_S0204_01_029,师姊，请问我妹子云裳在女弟子房里边吗？
Story/D_S0204_01_030,是我哥哥在外边叫嚷。
Story/D_S0204_01_031,（沉声）咳嗯～舟舟，你妹子的性命如今落入我手头。\n如果想让她活命，就拿些红豆糕来，切记，要两份！
Story/D_S0204_01_032,云裳，你出来一会儿，哥哥有正事和你说。
Story/D_S0204_01_033,{size=24}怎办？他不上当。{/size}
Story/D_S0204_01_034,那是当然的吧……。
Story/D_S0204_01_035,{size=24}没办法，只好出杀手锏。{/size}\n{size=24}我说什么，你就跟我说什么。{/size}
Story/D_S0204_01_036,咦？咦？可是……
Story/D_S0204_01_037,{size=24}「你道我是跟你说笑吗？快把红豆糕拿来！{/size}\n{size=24}否则本女侠就把你妹子衣裳剥个精光，看看藏宝图什么模样，{/size}\n{size=24}再拿藏宝图的宝藏去买数之不尽的点心！」{/size}
Story/D_S0204_01_038,真的要说？
Story/D_S0204_01_039,当然啊，快点快点。
Story/D_S0204_01_040,……你、你道我是跟你说笑吗？快把红豆糕拿来……。\n否则本女侠就把你妹子衣裳……脱掉，看看藏宝……
Story/D_S0204_01_041,你敢！
Story/D_S0204_01_042,……。
Story/D_S0204_01_043,……。
Story/D_S0204_01_044,这、这下惨了，大事不妙。
Story/D_S0204_01_045,默铃，我们不是好朋友、好姊妹吗？\n不知你屁股结实不结实，替我挨一半可好？\n下回你犯了事，我也义不容辞还你半个屁股。
Story/D_S0204_01_046,不要。
Story/D_S0204_01_047,女侠三思啊！
Story/D_S0204_01_048,够了，你给我过来。
Story/D_S0204_01_049,咿，咿咿～吾命休矣！
Story/D_S0204_01_050,啊！啊呜！住手，你这个坏哥哥！啊！\n你趁赵哥哥不在乱打人，啊！等我跟他告状，啊！\n有你好菓子吃！呜啊！呜呜～～救命啊！
Story/D_S0204_01_051,……。
Story/D_S0204_01_052,所以呢？你不惜伤害手足之情，也要跟我说的事情是什么？\n最好很重要，不然我是不会让你好过的。
Story/D_S0204_01_053,那是你胡闹不分轻重，自讨苦吃。
Story/D_S0204_01_054,为什么是我必须挨打？为什么你不打赵哥哥？\n他一定乐意替我承受这些撕臀裂屁的痛苦。
Story/D_S0204_01_055,瞧你说的这是什么话，快别胡闹了，和你说正经事，也别哭了。
Story/D_S0204_01_056,别把鼻涕擤在我衣上！
Story/D_S0204_01_057,唉，算了……。
Story/D_S0204_01_058,什么事，你说吧。\n说完给我红豆糕当作补偿，记得要两份，我要分默铃吃。
Story/D_S0204_01_059,居然事到如今还在惦念吃的。
Story/D_S0204_01_060,妹子，你听我说。\n唐二侠尝言，你今年必有一次生死大关，但能医的人却已不在唐门。
Story/D_S0204_01_087,不是还有芳姐姐吗。
Story/D_S0204_01_088,她中了唐二侠的暗算，至今下不来床，只怕有心无力。
Story/D_S0204_01_061,你怎么还叫他唐二侠？
Story/D_S0204_01_062,他虽背叛唐门，毕竟对我们兄妹有恩，起码敬意不可失。
Story/D_S0204_01_063,那倒是。那剩下一次大关，该怎么办才好呢？\n总不能你下山去把他捉回来。
Story/D_S0204_01_064,我就算知道他行踪，也未必是唐二侠的对手。
Story/T_S0204_01_001,以我快剑，杀人姑且不说，要想生擒辣手相公可谓痴人说梦。
Story/D_S0204_01_067,……到头来是一场空吗？
Story/D_S0204_01_068,算、算啦，我本来也不抱期望。\n虽然扎针很疼、吃药很苦，但也跟默铃做了朋友。
Story/D_S0204_01_069,我很满足，当时没有去江南真是太好了。\n住唐门的日子，是我短短人生最惬意的岁月。
Story/D_S0204_01_070,……云裳，我前回去江陵，有缘邂逅一位神医。\n我带你去，请她诊治可好？
Story/D_S0204_01_071,女神医？可靠吗？先前怎么从未听说她的名声呢。
Story/D_S0204_01_072,因为……她是金国人。\n本领的话，我曾亲眼见她救死扶伤，医术精湛如神，可能不下于唐二侠。
Story/D_S0204_01_073,原来外国人，难怪。
Story/D_S0204_01_074,不过这样好吗？大宋和金国至今仍在交战。\n我们叶家人，跟金朝更有不共戴天之仇，你肯向金国人低头？
Story/D_S0204_01_075,肯。只要能救你，别说向金国人低头，\n便是求到六道峡去，身堕泥潭，永世不得超生，我也在所不惜。
Story/D_S0204_01_076,喔，好，那我不想去。
Story/D_S0204_01_077,云裳，别任性。
Story/D_S0204_01_078,那就不是我想要的人生，牺牲你才能活命什么的……。\n我才不要！
Story/D_S0204_01_079,我不会死，只要人能活，尊严算什么呢？\n够了，我不问你意见，你乖乖跟我走就是了。
Story/D_S0204_01_080,你……不可理喻！
Story/D_S0204_01_081,看我不打醒你！
Story/D_S0204_01_082,……。
Story/D_S0204_01_083,把话收回去！现在！立刻！\n不准你说什么尊严没用的蠢话！你可是侠名远扬的苍松剑客啊！
Story/D_S0204_01_084,爹娘把你托付给我照顾……。
Story/D_S0204_01_085,可是我也一样重视哥哥你啊！\n已经够多了……我不想再当你的累赘了。
Story/D_S0204_01_086,云裳……。
Story/O_S0204_01_001,离开唐门
Story/O_S0204_01_002,叶云裳的抵抗
Story/D_S0204_01_01_001,最后一次……拜托你了，听话吧。\n我答应你，要是见了小医仙梁姑娘，你不愿治的话，\n我们再回来，或者……或者径去江南。
Story/D_S0204_01_01_002,……小医仙梁姑娘，怎么，她是年轻的姑娘？
Story/D_S0204_01_01_003,是，她便是梁老神医的传人。
Story/D_S0204_01_01_004,叫什么名字？
Story/D_S0204_01_01_005,梁有诗。
Story/D_S0204_01_01_006,模样生得如何，好看吗？
Story/D_S0204_01_01_007,呃……好看，吧？
Story/D_S0204_01_01_008,有多好看？跟我比起来如何？跟默铃比起来如何？
Story/D_S0204_01_01_009,你问这个干嘛？这重要吗？
Story/D_S0204_01_01_010,拜托噢，这当然重要，那可是可以成为我大嫂的女人啊。\n要是好看，你妹子我不得使出浑身解数撒娇，替你争取机会吗？
Story/D_S0204_01_01_011,我对梁神医没那种非分之想！
Story/D_S0204_01_01_012,没有？半点没有？那我不去了。
Story/D_S0204_01_01_013,慢着，我、我方才撒谎的，你别不去。
Story/D_S0204_01_01_014,你承认你对人家有非分之想？
Story/D_S0204_01_01_015,唔……有。
Story/D_S0204_01_01_016,详细说说，你有多觊觎人家？别要到时说我逼你。
Story/D_S0204_01_01_017,呃，这、这怎么能说？
Story/D_S0204_01_01_018,有什么不能说，男子汉大丈夫的，跟我一起大声喊出来！
Story/D_S0204_01_01_019,「我叶云舟，觊觎梁有诗的美色，倾慕她的才能，想娶她为妻！」
Story/D_S0204_01_01_020,我才不说！
Story/D_S0204_01_01_021,不说我就不去！你说不说！\n我再给你最后一次机会，你可别不识好歹！
Story/D_S0204_01_01_022,……我倾慕她，倾慕她行了吧。
Story/D_S0204_01_01_023,少给我敷衍了事，大声一点，重新说！\n要带上「觊觎」、「想娶她为妻」这些字眼！
Story/D_S0204_01_01_024,我需要练习，一时之间，哪里说得出口！
Story/D_S0204_01_01_025,那好吧，特许你路上练习，一天要说三遍，不然我们就原路返回。
Story/D_S0204_01_01_026,好吧，去收拾你的东西，明日一早，就向唐掌门辞行了。
Story/T_S0204_01_01_001,对不住，梁姑娘，叶某受顽妹淫威胁迫，不可免要冒渎你名声。
Story/T_S0204_01_01_002,哥哥对梁姑娘无意，我还是看得出来的。\n但就算没有，每日挂在嘴边，念着念着迟早也能成真。\n我再拼命撒娇撮合他们，我就有大嫂了。
Story/T_S0204_01_01_003,上苍保佑，但愿那位梁姑娘是好人。\n待我离开人世以后，能够代替我，成为哥哥的心灵支柱，保护他的心。
Story/N_S0204_01_01_001,与此同时，金国开封府，梁家医馆中
Story/D_S0204_01_01_027,小医仙，你发什么呆呢？想男人？
Story/D_S0204_01_01_028,大娘，你为何醒着？我不是扎你睡穴了吗？
Story/D_S0204_01_01_029,嗨，我庄稼人家，最是精神，靠意志力坚持不睡的。\n反正艾炙时也没事干，你就陪大娘聊聊天，又不会少一块肉。
Story/D_S0204_01_01_030,反正你又想给你侄子说媒了吧。
Story/D_S0204_01_01_031,我那侄子有什么不好？务农的，人可踏实了。
Story/D_S0204_01_01_032,反正你也没伴，别以为你年轻还早，别人十六就嫁，你都十八了，\n算得上是大娘子了，要知光阴最不等人，等你后知后觉惊觉不妙的时候，\n就没人要了，到时哭都来不及，这可是过来人的经验。
Story/D_S0204_01_01_033,……真的吗？
Story/D_S0204_01_01_034,当然是真的。你医术那么高，当然是不愁生计。\n可是身边缺个知心的人嘘寒问暖，老了不知可有多寂寞啊。\n难道你不想有人疼吗？不想累了有人给你端碗茶、揉揉肩吗？我侄子行！
Story/D_S0204_01_01_035,那……那你下回带来医馆，我先看看人品吧。
Story/D_S0204_01_01_036,婚姻大事，向来是父母之命，媒妁之言，又不是江湖草莽，\n正经人家，哪有人婚前见面、挑挑捡捡的？太不像样了。
Story/D_S0204_01_01_037,那这事还是算了吧。
Story/D_S0204_01_01_038,哎，别，别。\n带来就带来，先别这么早下断论啊。
Story/D_S0204_01_01_039,我那侄儿又俊又壮，力气用不完似的，简直是超级庄稼人。\n包你见了一定喜欢，只要你屁股够大吃得消，三年生三胎都不在话下。\n事不宜迟，你等着，我这就去叫他！
Story/D_S0204_01_01_040,喂！你身上还插着我的针……！
Story/T_S0204_01_01_004,庄稼人真可怕，我得想办法推却这门亲事，或者出门避避风头。\n不然我会给他侄子弄死的。
Story/T_S0204_01_01_005,可是我该去哪里才安全？有了……不如去宋国吧！
Story/D_S0204_01_01_041,唐三爷、赵兄弟。\n我兄妹叨扰唐门多时，承蒙收容、庇护之大恩，永铭五内，没齿难忘。\n我深知唐门值此患难时分，请去实有负义之嫌。
Story/D_S0204_01_01_042,然而舍妹病沉难愈，性命交关，为患所迫，不得已辞行，\n另觅良方以活性命，万望海涵体谅。\n他日敝兄妹重访，再报唐门大侠再造之恩。
Story/D_S0204_01_01_043,叶少侠，不必客气。\n你年少有为，是江湖有名的剑侠，却来到唐门任劳任怨，\n洗刷了众师兄弟对点苍剑客的成见。
Story/D_S0204_01_01_044,如今大伙都将你当作好朋友。\n便是你不提，我也琢磨着话，怎样好言劝你离开。
Story/D_S0204_01_01_045,既然是朋友，便讲义气，没有谁欠着谁。
Story/D_S0204_01_01_046,再是也不过。
Story/D_S0204_01_01_047,毕竟……毕竟大家都盼着叶姑娘痊愈、平安长大。
Story/D_S0204_01_01_048,爷爷～
Story/D_S0204_01_01_049,裳儿，我不是你亲爷爷，但盼着你健健康康的心意，无比真切。\n你不知，我多怕你不舍得走啊。
Story/D_S0204_01_01_050,我知道，您待我，比亲爷爷都好。
Story/T_S0204_01_01_006,云裳要走了，往后没人吵吵闹闹，该有多冷清呢？\n可是没有办法啊，她不走的话，就没有活路可言。
Story/T_S0204_01_01_007,要是我强行将她留下的话……！
Story/T_S0204_01_01_008,……她就会凋零在我掌心里吧。
Story/T_S0204_01_01_009,与其如此，不如放她去吧，在我魔爪够不着的地方好好的活着。
Story/T_S0204_01_01_010,我是多想随你而去，但师门有难，却要我如何舍下师门？
Story/T_S0204_01_01_011,只得放她去吧，在我遥不可及的地方，好好的活着。
Story/D_S0204_01_01_051,哥哥，我可要走啦。
Story/D_S0204_01_01_052,好，我、我送你一程。
Story/D_S0204_01_01_053,……叶兄、云裳，我送你们一程下山吧。
Story/D_S0204_01_01_054,好，有劳赵兄弟。
Story/D_S0204_01_01_055,云裳，走了。
Story/D_S0204_01_01_056,乖乖去吧，去治好病，再回来看爷爷。
Story/D_S0204_01_01_057,是，裳儿一定回来看您。
Story/D_S0204_01_01_058,叶兄弟，保重，来日江湖再见！
Story/D_S0204_01_01_059,云裳妹子，要好起来啊！
Story/D_S0204_01_01_060,兄弟，送君千里，终须一别。
Story/D_S0204_01_01_061,这里还是唐门地界，我再送多几里，和你们说说话也是好的。
Story/D_S0204_01_01_062,……不了，既然今生无缘，就大发慈悲，特别放你一马好了。\n你别送我了，无论是人或心，都留在这里吧。
Story/D_S0204_01_01_098,……不了，我就大发慈悲，特别放你一马好了。\n你请留步，别送我啦。
Story/D_S0204_01_01_063,哥哥，谢谢你宠我，来世我作你亲妹报答。
Story/D_S0204_01_01_064,你这哪叫报答，这是报仇才对。
Story/D_S0204_01_01_065,你要这么想也不是不行。
Story/D_S0204_01_01_066,这个给你吧。
Story/D_S0204_01_01_067,你又自创武功了？我练了不会出事吧？
Story/D_S0204_01_01_068,这我可不敢保证，爱练不练随你。
Story/D_S0204_01_01_069,……默铃没有来送行。\n你们觉得她是不是生我的气了？
Story/D_S0204_01_01_070,才不是。
Story/D_S0204_01_01_071,默铃！
Story/D_S0204_01_01_072,你整天不见人影，怎么在山下？
Story/D_S0204_01_01_073,四师兄早上带我来的。
Story/D_S0204_01_01_074,我听说你要走了，整夜睡不着。\n我还有好多话想跟你说，可是我不会说话，所以写了信给你。
Story/D_S0204_01_01_075,你折这么多纸鹤，全是给我的信吗？
Story/D_S0204_01_01_076,嗯。
Story/D_S0204_01_01_077,叶兄，在大街上，不会出乱子的。\n我们去那边脚店，再浮一大白如何？
Story/D_S0204_01_01_078,好。
Story/D_S0204_01_01_079,赵兄，叶某想敬你一杯酒以作惜别，能赏脸吗？
Story/D_S0204_01_01_080,乐意之至。
Story/D_S0204_01_01_081,还有这个。
Story/D_S0204_01_01_082,是糖渍梅子！
Story/D_S0204_01_01_083,这个。
Story/D_S0204_01_01_084,蜜煎果子！
Story/D_S0204_01_01_085,这个也给你。
Story/D_S0204_01_01_086,等等，太多了吧。
Story/D_S0204_01_01_087,嗯。
Story/D_S0204_01_01_088,这么多，你想肥死我。
Story/D_S0204_01_01_089,这些都是我用自己的钱买的。\n药很苦的话，你就吃，吃了就不苦了。
Story/D_S0204_01_01_090,……好。
Story/D_S0204_01_01_091,安顿下来以后，可以偶尔写信给我吗？
Story/D_S0204_01_01_092,好。
Story/D_S0204_01_01_093,不要忘记我。
Story/D_S0204_01_01_094,……好。
Story/D_S0204_01_01_095,然后，然后迟早有一天……等我认得路，我去找你。
Story/T_S0204_01_01_012,我不一定等得到你来。
Story/D_S0204_01_01_096,那时候……我们再、再一起玩，好吗？
Story/D_S0204_01_01_097,好，我们打勾勾，约好了，总有一天再一起玩。\n永远是朋友。
Story/N_S0204_01_01_002,她到底是食言了，这一别，后会已然无期。\n花开花落，偶尔托人捎来的信，也从中断绝。
Story/N_S0204_01_01_003,人生在世，聚散如萍，总有求不得、舍不下的人，\n狠心留你在春光明媚的季节里，辞行远去，再也不复归来。
Story/N_S0200_01_001,这一日晨间刚下过雨，地板湿滑，晨操取消，\n只有小师妹风雨无阻，独自来到操场上打拳。
Story/D_S0200_01_001,唐小娘子～！
Story/D_S0200_01_002,叶姑娘。
Story/D_S0200_01_003,云裳就好，你不想和我作朋友吗？
Story/D_S0200_01_004,……想。可以吗？
Story/D_S0200_01_005,可以！那我宣布，我们从今就是朋友了！\n我们应该时常一起玩。
Story/D_S0200_01_006,嗯……嗯！
Story/D_S0200_01_007,你笑起来可真好看啊，怎么经常冷冰冰的，没啥表情？
Story/D_S0200_01_008,我练的武功，就是这样的。
Story/D_S0200_01_009,你武功很高吗？
Story/D_S0200_01_010,还好。
Story/D_S0200_01_011,那你打得赢我哥吗？
Story/D_S0200_01_012,……。
Story/N_S0200_01_002,小师妹认真想了一下。
Story/D_S0200_01_013,不知道。
Story/D_S0200_01_014,哦。那就是说，多少有胜算吗？\n可怕……我是不是不能得罪你？
Story/D_S0200_01_015,我不会伤你。
Story/D_S0200_01_016,你说的喔。我就算偶尔捉弄你，你也不能生气喔。
Story/D_S0200_01_017,嗯。
Story/D_S0200_01_018,食言的话，天打雷劈赵哥哥。
Story/D_S0200_01_019,哎？为什么是打他？
Story/D_S0200_01_020,那我们去玩吧，你平常在家都玩什么？
Story/D_S0200_01_021,折纸。
Story/D_S0200_01_022,好，那我们去后山探险吧！
Story/D_S0200_01_023,小师妹完全被牵着鼻子走……。
Story/N_Back_Work_501_001,和唐门食客．平阳之虎叶云舟一块挑了柴。
Story/D_Back_Work_501_001,快到家了，不妨把柴堆放着，歇一下。
Story/D_Back_Work_501_002,好。
Story/D_Back_Work_501_003,啊～
Story/D_Back_Work_501_004,嘶～呼～
Story/D_Back_Work_501_005,我还道叶兄武功高强，搬些柴火不在话下。
Story/D_Back_Work_501_006,我只是用剑有几分心得，体魄却不见得多好。
Story/D_Back_Work_501_007,臂力、体力不影响实力吗？
Story/D_Back_Work_501_008,影响，但我以为一对一决斗，还是看谁兵刃先一步递到人要害上去。\n手中有刃物，垂髫小儿也能抹开大人脖颈。\n发力之巧、招数之妙才是致胜关键，要有例外，唯有争快。
Story/D_Back_Work_501_009,原来如此。
Story/O_Back_Work_501_001,冲向叶云舟
Story/D_Back_Work_501_010,哥哥！
Story/D_Back_Work_501_011,别跑，栈道危险。
Story/D_Back_Work_501_012,赵哥哥也在。
Story/D_Back_Work_501_013,差别待遇！
Story/O_Back_Work_501_002,冲向你
Story/D_Back_Work_501_014,哥哥！
Story/D_Back_Work_501_015,哇啊啊啊啊──！
Story/D_Back_Work_501_016,我、我方才杀人了？
Story/N_Back_Work_501_002,虽然不是本意，但确实如此。\n难得想要投怀送抱，谁料你这么不耐撞，无福消受美人恩。
Story/D_Back_Work_501_017,哥哥！
Story/D_Back_Work_501_018,唉唷，别跑，栈道这么窄，多危险。
Story/D_Back_Work_501_019,你要是接不住我，看我哥怎么收拾你。
Story/D_Back_Work_501_020,我和默铃折了纸船，我们正要去后山小溪放流。\n这是我的船，『无敌号』。
Story/D_Back_Work_501_021,还有乌篷呢，怎么折的？
Story/D_Back_Work_501_022,你问这个干嘛？反正你这猪头又学不会。
Story/D_Back_Work_501_023,妹妹，你怎能这样说话。
Story/D_Back_Work_501_024,轮到默铃披露她的船。
Story/D_Back_Work_501_025,各位观众，『废纸一团号』。
Story/D_Back_Work_501_026,妹妹，你可别欺负人，给人家乱取这什么名字。
Story/D_Back_Work_501_027,我哪有～哥哥你尽知道冤枉人家。\n行了，你们别拦路，我们还要去放流呢。\n卑微的哥哥们就老实挑柴作工吧，这就是你们的宿命呀！
Story/D_Back_Work_501_028,赵兄，唐师妹，小妹刁蛮任性，若有失礼处，\n还请二位多担待，不要跟她一般见识。
Story/D_Back_Work_501_029,正是。赵哥哥见识浅薄，没资格跟聪明的我一般见识。
Story/D_Back_Work_501_030,但是默铃可以。
Story/D_Back_Work_501_031,这家伙在点苍就这样吗？
Story/D_Back_Work_501_032,在点苍时更过份，这会儿多半是人生地不熟，还在试探大家底线。
Story/D_Back_Work_501_033,还能比这更过份？
Story/D_Back_Work_501_034,……。
Story/N_Back_Work_501_003,叶云舟默不作声，想起昔日同门的悲鸣。
Story/D_Back_Work_501_035,你不要不说话啊，弄得我好害怕。
Story/N_Back_02_501_001,龙湘在后山练剑，可她迄今所信一切皆是谎言，\n充满了迷惘，质疑世理，难信人言，再也不似从前那般决绝。
Story/O_Back_02_501_001,让她静一静
Story/O_Back_02_501_002,我来告诉你，用剑
Story/N_Back_02_501_002,你一言不发，抽出谁都有的唐门小剑，轻敲那柄绝世无双的天觞剑，敲进她的心。
Story/N_Back_02_501_01_001,你败给龙湘，那也无妨。\n败是败了，想让她知晓的事，依然不打折扣。\n── 输再多次，你的勇气依然不灭。
Story/N_Back_02_501_01_002,你击败了龙湘，收起兵刃，扭头便走。\n她此际需要的不是冠冕堂皇的客套话，该说的，全在剑与剑交锋之际倾诉尽了。\n── 现在是你更强，该她学你鼓起勇气了。
Story/N_Door_02_504_001,传说中的姜记肉包来到蜀中，一日限卖。\n龙湘一大清早就在排队，好不容易排到她，才发现钱包被偷。\n没有钱，那就没有肉包，龙湘开始对人性存疑，失魂落魄的走了。
Story/O_Door_02_504_001,排队买
Story/O_Door_02_504_002,解锁条件：银两>=500
Story/N_Door_02_504_002,你从队尾开始排，排到黄昏，才终于买到传说中的姜记肉包。
Story/O_Door_02_504_003,不过是个肉包，浪费光阴真傻
Story/O_Door_02_504_004,砸店
Story/O_Door_02_504_005,解锁条件：［道德］为［坏人］以下且［性情］为［勇敢］以上
Story/D_Door_02_504_001,蠢材！眼红姜记肉包生意的人，多不胜数！\n你以为我们不会雇佣护卫吗！弟兄们，上！
Story/N_Door_02_504_01_001,你当街逞凶砸店，殴伤店员，抢钱又抢包。\n群众见状，纷纷效仿，趁乱上前把姜记肉包掠夺一空。
Story/N_Door_Free_503_001,不长眼的山贼看龙湘生得貌美，想掳回山上作压寨夫人，是日，山贼卒。
Story/N_Door_Free_503_002,龙湘请你帮忙把人扛到衙门换赏钱，拉你一块上馆子，六菜一汤，道道有鸡腿。
Story/N_Door_Free_503_003,龙湘请你帮忙把人扛到衙门换赏钱，不忘分你辛苦钱，这下几天之内不愁吃喝了。
Story/N_Door_Free_504_001,龙湘在川泉酒家端菜挣钱，男男女女为了争睹她的芳容，\n把客栈楼上楼下都挤得爆满，你也捧场去吃饭。\n然后今天龙湘端菜时打了吹毛求疵的客人。
Story/N_Door_Free_505_001,龙湘在川泉酒家端菜挣钱，男男女女为了争睹她的芳容，\n把客栈楼上楼下都挤得爆满，你也捧场去吃饭。\n然后今天龙湘算错了帐。
Story/N_Door_Free_506_001,龙湘在川泉酒家端菜挣钱，男男女女为了争睹她的芳容，\n把客栈楼上楼下都挤得爆满，你也捧场去吃饭。\n然后今天龙湘在后厨帮忙，后厨因此失火。
Story/N_Fortress_02_501_001,在外堡碰见了正襟危坐、听福韫阐述何谓好生之德的龙湘，\n一脸生无可恋的样子，向你投来求救的目光。
Story/O_Fortress_02_501_001,救不了，但愿意共苦
Story/N_Fortress_02_501_002,你自投罗网，跟龙湘一起听训。\n明明一点用处也没有，但龙湘产生了一种跟你共患难的革命情感。
Story/O_Fortress_02_501_002,救不了，逃
Story/N_Kitchen_Work_303_001,今日轮班要掌勺的师姊因为生理不适，请小师妹代班。\n她哪里会炒菜？倒是十分乖巧听话，听凭你差遣。\n你区区外姓弟子，竟敢使唤掌门千金做事，大家同心协力恨你。
Story/N_Kitchen_Work_501_001,龙湘为了吃到刚出炉的热菜，早早就上山来等饭吃。\n当你烧菜的时候，龙湘就在后面虎视眈眈，走来走去，\n以试菜的名义，掩藏她贪吃的本性。
Story/N_Spa_Free_501_001,龙湘占用了温泉，要求你隔着篱笆守护她。\n有一搭没一搭的聊着，浸沐在月光之下，就像回了家。
Story/N_Teashop_Work_501_001,龙湘在茶肆点茶，手法意外的娴熟。\n她解下护腕不提剑的时候，可谓端秀无方，客人都看得痴了，你也不例外。
Story/D_8_3_1_1_001,人来了吗？
Story/D_8_3_1_1_002,看来是。
Story/D_8_3_1_1_003,有。
Story/D_8_3_1_1_004,飞侠来也！
Story/D_8_3_1_1_005,来了！
Story/D_8_3_1_1_006,弟，我回来了。
Story/D_8_3_1_1_007,湘姊，你没事吧？
Story/D_8_3_1_1_008,锦香宫师姊妹们都来了，与我们同生共死！\n有她们列阵护着我，湘姊我毫发无伤哦！
Story/D_8_3_1_1_009,真的？那太好了！
Story/D_8_3_1_1_010,还好，裙子给人割破了一大块，头发也被削掉了一缕。\n混战中给人不轻不重的拍了几掌、踢了几下，没有大碍。
Story/D_8_3_1_1_011,……。
Story/D_8_3_1_1_012,哈哈～干嘛那张脸，又不是什么重伤。
Story/D_8_3_1_1_013,人没大碍就好。
Story/D_8_3_1_1_014,师父！你有受伤吗？
Story/D_8_3_1_1_015,别小看为师了，愚蠢的弟子。
Story/D_8_3_1_1_016,……反倒是你，怎么伤成这样？
Story/D_8_3_1_1_017,一言难尽。
Story/D_8_3_1_1_018,谁伤的你？说，为师替你报仇。
Story/D_8_3_1_1_019,是──
Story/D_8_3_1_1_020,不必说了，武林盟全都同罪！必须死！
Story/O_8_3_1_1_001,损伤轻微，狠狠蹂躏了西武林盟
Story/O_8_3_1_1_002,遭遇顽强抵抗，损伤惨重
Story/O_8_3_1_1_003,遭遇毁灭性打击
Story/D_8_3_1_1_1_001,就这样？就剩这几只猫？\n什么西武林盟，根本纸老虎，笑～死。
Story/D_8_3_1_1_1_002,邪不胜正，再黑的影子给光一照，也消失无踪。\n你要说他们强，说他们弱的话，咱们还凭啥吹嘘？
Story/D_8_3_1_1_1_003,那边的！你们的人马给打得屁滚尿流，龟缩在外堡不肯出来。\n给我们团团包围住，插翅也难飞！想期待救兵，怕是很难哦～
Story/D_8_3_1_1_1_004,南宫家主、上官大人。\n这群姓唐的卑鄙小人别的本事没有，今日终于恶贯满盈！
Story/D_8_3_1_1_1_005,各位朋友，唐门睡了也是狮子，殊不可侮。\n今日他们若不讲江湖规矩，化整为零摸到各位家中，或下毒或暗算，\n试问谁能高枕无忧？各位兄台慎言啊。
Story/D_8_3_1_1_1_006,这……。
Story/D_8_3_1_1_1_007,哼，他们没本事？\n你敢在唐门全盛之时、唐老掌门健在的日子里说这番话吗？
Story/D_8_3_1_1_1_008,这……。
Story/D_8_3_1_1_1_009,便是两大世家之主，本人上官隼，亦不敢正面抗衡唐门。\n花了多少时间心血，迂回辗转才将唐门削弱至今。\n到你嘴里，就像是随手可以拿捏的宵小似的。
Story/D_8_3_1_1_1_010,我、我失言了，大人莫怪。
Story/T_8_3_1_1_1_001,难道……难道我们揭竿抵抗，真的是痴人说梦，\n注定要毫无意义的死去吗？
Story/D_8_3_1_1_1_011,师弟，别慌。
Story/D_8_3_1_1_1_012,我们早料到了，不是吗？\n生死都无关，我们应尽的义务、要做的事情，开打之前就决定了。\n一直努力不懈，从来没妥协。
Story/D_8_3_1_1_1_013,是啊……虽然知道，身体还是不由自主发抖。\n话说回来，我可不是为了逃跑才忍耐到现在，扫兴的话就别说了。
Story/T_8_3_1_1_002,完、完蛋了？不，不能一味听信他的话。
Story/D_8_3_1_1_1_014,哈……我可不信你鬼话！
Story/N_8_3_1_1_1_001,说着不信，其实心下已自怯了。
Story/D_8_3_1_1_1_015,师弟，别慌。
Story/D_8_3_1_1_1_016,我们早料到了，不是吗？\n生死都无关，我们应尽的义务、要做的事情，开打之前就决定了。\n一直努力不懈，从来没妥协。
Story/D_8_3_1_1_1_017,是……三师兄说的对。
Story/D_8_3_1_1_1_018,……是吗。
Story/D_8_3_1_1_1_019,师弟，别慌。
Story/D_8_3_1_1_1_020,没慌，这不是早有觉悟了吗。
Story/D_8_3_1_1_1_021,生死都无关，该做的事情，开打之前就说好了。
Story/D_8_3_1_1_1_022,是啊。
Story/T_8_3_1_1_003,是了，这就是我所追求的。
Story/D_8_3_1_1_1_023,我相信你所相信的事情，弟。\n你来告诉我吧，剑要指向何方。
Story/D_8_3_1_1_1_024,斩哪里都不算错。
Story/D_8_3_1_1_1_025,那可太容易了，交给我吧。
Story/D_8_3_1_1_1_026,肉身可灭，大不了我们齐齐升天，再向老天抱怨，哈哈哈！
Story/D_8_3_1_1_1_027,就说：看祢干的好事，地上乌烟瘴气的，也不管管！\n枉受人间香火，妈的退钱！
Story/D_8_3_1_1_1_028,师弟，你这话又未免太大胆了。
Story/D_8_3_1_1_1_029,你住口啦！
Story/T_8_3_1_1_004,诸天神佛在上：这人无心冒犯，他是好人来着，平时很乖的。\n请千万不要责罚，便有不能原宥的事，也请大发慈悲，让信女与他同担。
Story/D_8_3_1_1_1_030,我就知道好心没好报，好险我不是好人。\n人间走一遭，该享受的通通享受过了。
Story/D_8_3_1_1_1_031,……。
Story/D_8_3_1_1_1_032,……？
Story/D_8_3_1_1_1_033,你……大逆不道的弟子，你那眼神是什么意思！
Story/D_8_3_1_1_1_034,当然就是字面上的意思。
Story/D_8_3_1_1_1_035,哇哈哈哈～此话甚合我心意。\n因果报应要是注定，那我们会变坏人，还不都是老天害的。
Story/D_8_3_1_1_1_036,大师兄，连你也这样。
Story/D_8_3_1_1_1_037,你不要这么坦然啊，还有我啊！我还没玩够啊！\n人家病了那么久，来来去去死了又活，都没放肆一下又要死了，你忍心吗！
Story/D_8_3_1_1_1_038,那不然你──
Story/D_8_3_1_1_1_055,不然我怎样？
Story/D_8_3_1_1_1_039,不管你想说什么，总之想都别想！我吃定你了！
Story/N_8_3_1_1_002,说着云裳又跑回正心堂去，抱着柱子作抵死不从的战备姿势。
Story/D_8_3_1_1_1_040,唉。
Story/D_8_3_1_1_1_041,众位师弟、徒儿，如你们所见，武林盟已聚于山脚之下，有数千之众。\n外堡被围，大院亦受侵攻。\n不消讳言，西武林盟至此已算输了九成，我等离死不远。
Story/D_8_3_1_1_1_042,纵然倚仗地利，亦难回天。\n今日便是我唐门覆灭之时。
Story/D_8_3_1_1_1_043,如今掌门卧病在床，归隐静养，\n我唐升忝为代理掌门，未能力挽狂澜，愧对列祖列宗。\n今日唐门亡于我手，我自将亲下九泉，负荆向祖宗请罪。
Story/D_8_3_1_1_1_044,各位师弟妹留到了今天，全是不肯认命的。\n便随我们死在今日，我们哪里也不去，因为我们是唐家人。
Story/D_8_3_1_1_1_045,眼前就是刀山、是火海，你们怕吗？
Story/D_8_3_1_1_1_046,{size=50}不怕！！{/size}
Story/D_8_3_1_1_1_047,好，我们上。
Story/D_8_3_1_1_1_048,战他娘亲！
Story/D_8_3_1_1_1_049,{size=50}战他娘亲！{/size}
Story/D_8_3_1_1_1_050,我来保护大家！
Story/D_8_3_1_1_1_051,{size=50}我们来保护你！{/size}
Story/D_8_3_1_1_1_052,好，一起。
Story/D_8_3_1_1_1_053,好！
Story/D_8_3_1_1_1_056,南女侠。
Story/D_8_3_1_1_1_057,因为很麻烦，所以不解释，上吧。
Story/D_8_3_1_1_1_058,……好。
Story/D_8_3_1_1_1_054,走吧──我们的最后一战。
Story/D_8_3_1_1_2_001,呼……呼……他奶奶的。\n外堡那些疯子不要命一样，已经有够难缠，我只道抢上山头就完事。\n哪知这唐家大院还有这么多人，搁这儿等我们送上门！
Story/D_8_3_1_1_2_002,他们养精蓄锐，我们就剩半条命，还打吗？
Story/D_8_3_1_1_2_003,你们两个没志气的家伙，打，当然打！你们先上。
Story/D_8_3_1_1_2_004,南宫家主、上官大人来了！这下好了！
Story/D_8_3_1_1_2_005,军师，怎办才好？\n我们潜行上山直取大院的，为免打草惊蛇，本就人在少数。\n多亏山道上那群金色秃驴，现在人更少了！
Story/D_8_3_1_1_2_006,军师，怎办才好？\n我们潜行上山直取大院的，为免打草惊蛇，来得太少。\n他们却还有这么多人埋伏着，难道要硬碰硬吗？
Story/T_8_3_1_1_2_001,好的很，如此一来，只要拖延到太阳下山──
Story/D_8_3_1_1_2_007,笑话，你们这群正派侠士，只打稳赢的仗吗？
Story/D_8_3_1_1_2_008,上官大人此言差矣，我等审度时事，当以大局为重。\n保存实力对抗魔教要紧，倘若在此虚耗──
Story/D_8_3_1_1_2_009,你搞错了，泥教远没有唐门危险。\n是他们对你太过友善，使你产生唐门易与的错觉？
Story/D_8_3_1_1_2_010,这……。
Story/D_8_3_1_1_2_011,你误解唐门了，他们武功不见得是天下第一，但杀人的手段多的是。\n动起真格的时候，想让谁死谁就死。\n今日我们若不赶尽杀绝，死的就是我们！
Story/D_8_3_1_1_2_012,今日踏上大院的，全都活不过今年！\n我们已乘一条船上，要就齐心协力挺过大风大浪，一战功成名就，\n要不就全都葬身江湖底！
Story/D_8_3_1_1_2_013,愿随上官大人拚死杀敌！
Story/D_8_3_1_1_2_014,很好！
Story/D_8_3_1_1_2_015,各位侠士，莫受假象所欺。\n唐门外强中干，早已不堪一击！
Story/D_8_3_1_1_2_016,山下弟兄正与强敌周旋，我等上山身负使命，焉有退却之理？\n战吧，既上山来就没退路，只有胜负。
Story/D_8_3_1_1_2_017,输的滋味可不敢恭维，我南宫深要的是赢！要的是功成名就！\n要抢就要抢头功，免得等会儿来人分去功劳，\n要的是下山去人人见了便翘大拇哥，赞一声好样的！各位说呢？
Story/D_8_3_1_1_2_018,{size=50}那当然是赢！{/size}
Story/T_8_3_1_1_2_002,小子还行。
Story/D_8_3_1_1_2_019,山下又喧闹起来，看来他们是兵分两路，意图直取大院。
Story/D_8_3_1_1_2_020,跟丹霞子道长所料分毫不差。
Story/D_8_3_1_1_2_021,要是那样的话……。
Story/D_8_3_1_1_2_022,我们就赢定了！
Story/D_8_3_1_1_2_023,我说什么来着？
Story/D_8_3_1_1_2_024,跟你所料分毫不差。
Story/D_8_3_1_1_2_025,要是那样的话……。
Story/D_8_3_1_1_2_026,我们就赢定了！
Story/D_8_3_1_1_2_027,料到他们有此意图，没料到会一次来这么多人。
Story/D_8_3_1_1_2_028,怕啥。
Story/D_8_3_1_1_2_029,走吧，各位师兄弟姊妹，我们去战、去赢！
Story/D_8_3_1_1_2_030,各位师兄弟姊妹，人家找上门，我们不得不战。\n缩脖子一刀，伸脖子也是一刀，那我们干嘛不夺兵刃反过来捅他们一刀？
Story/D_8_3_1_1_2_031,走吧，各位师兄弟姊妹， 我们自己开辟活路！
Story/D_8_3_1_1_2_032,把他们通通赶走！
Story/D_8_3_1_1_2_033,从哪儿来的，从哪儿回，推他们下楼梯去！
Story/D_8_3_1_1_2_034,我爹在对侧，赵活。
Story/D_8_3_1_1_2_035,别怕，你若不想面对他，可以进正心堂躲一躲。
Story/D_8_3_1_1_2_036,不，你别小看我，我和你一道。
Story/D_8_3_1_1_2_037,好，靠你了。
Story/D_8_3_1_1_2_038,弟，这就是最后一战了，对吗？
Story/D_8_3_1_1_2_039,才不是。
Story/D_8_3_1_1_2_040,你打完就退隐江湖了吗？还多的是高手等你挑战。\n这不过是你锦香宫杀人魔其传奇故事中的一个篇章罢了。
Story/D_8_3_1_1_2_041,我们侠侣足迹所至，定让邪恶无所遁形！
Story/D_8_3_1_1_2_042,侠侣……。
Story/D_8_3_1_1_2_043,不错，我很喜欢。
Story/D_8_3_1_1_2_044,说的也是！我还要行侠仗义，光耀我爹的名声。\n让大侠龙渊的传奇继续流传！
Story/D_8_3_1_1_2_045,嗯……快点收拾吧，我有点儿乏了。
Story/D_8_3_1_1_2_046,回头弟子给您揉肩。
Story/D_8_3_1_1_2_047,孝顺的弟子。那敢情好，肩得揉，腿也要。
Story/D_8_3_1_1_2_048,哎唷，我做了什么好事，你要这样奖励我。
Story/D_8_3_1_1_2_049,遵命！
Story/D_8_3_1_1_2_050,南女侠。
Story/D_8_3_1_1_2_051,一脸讶异做甚？
Story/D_8_3_1_1_2_052,看来这回热闹，总算是凑着了。
Story/D_8_3_1_1_3_001,怎么……大院还有这许多护山的人？军师可不是这样说的。\n不是说唐门是地头蛇，一定不肯落于人后，会倾巢而出吗？
Story/D_8_3_1_1_3_002,我听说的也是这样，还道山上最多两三只猫。\n拿下了儒侠唐三，勒令西武林盟罢斗，我们就赢了。\n要不是这样的话，谁还急急巴巴赶着上山送死啊！
Story/D_8_3_1_1_3_003,我不玩了，方才一头热去打外堡，差点就把小命送掉。\n我是要当大侠的料，不是要当尸体！
Story/D_8_3_1_1_3_004,各位别慌，有我南宫某人和上官大人在此──
Story/D_8_3_1_1_3_005,二位家学渊源，向与唐门齐名，三大世家更有擅场不分高下。\n艺高人胆大，自有底气，可这兵荒马乱的，难道还能分心护得住咱们？
Story/D_8_3_1_1_3_006,送死就别拉我了吧，我跑得快，打起架来至多二流。\n就图个热闹，混水摸鱼沾沾光，回家好跟婆娘吹嘘。\n我若死在这里，婆娘都要改嫁，还吹嘘个屁！
Story/D_8_3_1_1_3_007,我单打独斗有点自信，乱战起来还是两三刀就死。\n好不容易出师，只待扬名立万，这一身武功、性命决计不能枉送在此！\n二位家主，恕罪则个！在下少陪了！
Story/D_8_3_1_1_3_008,这……。
Story/D_8_3_1_1_3_009,南夫人，此处危险，万万不可。
Story/D_8_3_1_1_3_010,嗯？啊，是了，公子跑到山上来，所以不知情也不足为奇，让开。
Story/D_8_3_1_1_3_011,二位何以这副表情？
Story/D_8_3_1_1_3_012,岭南是西武林盟的盟友，站你们这边不是当然的吗。
Story/D_8_3_1_1_3_013,对！
Story/D_8_3_1_1_3_014,你……叛徒！岭南派的，果然没一个好东西！
Story/D_8_3_1_1_3_015,女人，果然没一个可信。
Story/D_8_3_1_2_001,二位家主好。
Story/D_8_3_1_2_002,梅夫人，你上山来，那么贵掌派人……？
Story/D_8_3_1_2_003,我们掌派人肥得像猪，爬山着实吃力，于是派我助阵。
Story/T_8_3_1_2_001,听说崆峒派将掌派人奉若神明，四姝争先恐后要作掌派夫人。\n怎么梅夫人言下竟然这般嫌弃。
Story/D_8_3_1_2_004,军师。
Story/D_8_3_1_2_005,向掌门！
Story/D_8_3_1_2_006,向某该拿下谁，方能止戈少造杀业？
Story/O_8_3_1_2_001,儒侠唐升
Story/D_8_3_1_2_007,自然是儒侠唐升！
Story/D_8_3_1_2_008,好！
Story/O_8_3_1_2_002,丑侠赵活
Story/D_8_3_1_2_009,唐门赵活！丑得鸡立鹤群那个就是了。
Story/D_8_3_1_2_010,好！
Story/T_8_3_1_2_002,向无忧武功奇高，若让他强攻正心堂拿下唐老魔，武林盟就算赢了。\n可惜他自命清高，定然不屑为之。
Story/D_8_3_1_2_011,小侄斗胆，请大人压阵，防止贼人逃窜下山。
Story/D_8_3_1_2_012,你小子倒乖觉，挺懂人情世故。\n可惜我没第二个女儿可以许配给你，不必枉费心机。
Story/D_8_3_1_2_013,你小子倒乖觉，挺懂人情世故。\n你就不怕与上官某人走得过近，有误南宫公正清名？
Story/D_8_3_1_2_014,世伯说笑了，您身份尊贵，又是武林前辈。\n于公于私都应自重身份，焉能降贵与宵小乱斗搏杀。\n稍后唐门高手出阵，才要倚重世伯宝刀。
Story/D_8_3_1_2_015,呵。贤侄美意，我心领了。
Story/D_8_3_1_2_016,我既重出江湖，总要尽兴而归。\n唐门飞侠至今不曾出手，怕不是有什么诡计阴谋。\n我便去会一会这杰出小辈。
Story/D_8_3_1_2_017,那就便依你之言吧。
Story/D_8_3_1_2_018,三师兄，我也上……哦！
Story/N_8_3_1_2_001,你正要入阵厮杀，却见向无忧信步如入无人之境，穿越刀光剑影而来，\n喧嚣与星火不能沾身，平淡却惊世骇俗。
Story/D_8_3_1_2_019,峨嵋向无忧，向唐掌门讨教武功，务请不吝赐教。
Story/D_8_3_1_2_020,向掌门……。
Story/D_8_3_1_2_021,三师兄，不能掉以轻心，此人的武功非同小可。\n交给我来应付。
Story/D_8_3_1_2_022,还有我。
Story/D_8_3_1_2_023,向掌门，您怎地如此是非不分！
Story/D_8_3_1_2_024,不得已而为之。
Story/D_8_3_1_2_121,向掌门，至今仍然使剑吗？
Story/D_8_3_1_2_122,南夫人，你拦向某去路，意欲为何？
Story/D_8_3_1_2_123,我先开口问的你。
Story/D_8_3_1_2_124,……使。
Story/D_8_3_1_2_125,当年峨嵋象池修士、点苍剑圣与我派宗师七星剑主乐山论剑，传为美谈。\n今日在下手持七星剑，代表岭南派，向掌门可否不吝赐教？
Story/D_8_3_1_2_126,你说，七星剑？
Story/D_8_3_1_2_127,……这也是一场难得的缘分，向某亦不可存私，不忍错过。\n这便请南夫人移驾吧。
Story/D_8_3_1_2_128,南女侠，向掌门武功盖世，你可千万留心。
Story/D_8_3_1_2_129,他不盖世，我还没闲情与他过招。
Story/D_8_3_1_2_025,雪山派掌门夏侯兰，也想问向掌门讨教几手功夫。
Story/D_8_3_1_2_026,雪山派？雪山派不是早就已经……。
Story/D_8_3_1_2_027,事实摆在眼前，向掌门敢接本座的招吗？
Story/D_8_3_1_2_028,弟子，你入阵去助你师弟妹们抗敌。
Story/D_8_3_1_2_029,是！
Story/D_8_3_1_2_030,唐门龙湘来领教向掌门的绝世武功。
Story/D_8_3_1_2_031,锦香宫龙湘来领教向掌门的绝世武功。
Story/D_8_3_1_2_032,你是龙盟主的女儿。
Story/D_8_3_1_2_033,正是，可够资格作向掌门的抗手？
Story/D_8_3_1_2_034,足矣。
Story/D_8_3_1_2_035,湘姊，你恐怕──
Story/D_8_3_1_2_036,弟，这里交给我吧。
Story/D_8_3_1_2_037,……好。
Story/D_8_3_1_2_038,不如师弟你们靠边站，我飞侠唐布衣，来接向掌门的招。
Story/D_8_3_1_2_039,你可别乱来。
Story/D_8_3_1_2_040,放心～山人自有妙计。
Story/T_8_3_1_2_003,君子可以欺之以方，向掌门这种好人，最好拿捏。\n看我一番信口雌黄，让他掉头去杀阿笙。
Story/D_8_3_1_2_041,那可不行。
Story/D_8_3_1_2_042,唐老掌门卧病在床，子弟不肖行差踏错，\n上官唐门同为三大世家，我这作长辈的，不得帮着管管？\n向掌门，飞侠交我上官某人罢。
Story/D_8_3_1_2_043,不、不可！我跟上官家主没啥好说的！你少来凑近乎！
Story/D_8_3_1_2_044,想动我大师兄，先过我这关！
Story/D_8_3_1_2_045,好啊，你不妨一起过来受死。
Story/T_8_3_1_2_004,我自不能弃小梅不管，但是向掌门高深莫测，\n我不和三师兄携手抗敌，他如何能够抵挡？
Story/D_8_3_1_2_046,……。
Story/D_8_3_1_2_047,算啦，师弟。上官家主既然找我叙旧，那我就去听他如何说法。
Story/D_8_3_1_2_048,你当真吗？
Story/D_8_3_1_2_049,放心～山人自有妙计，总有办法的。
Story/D_8_3_1_2_050,甚好，贤侄请。
Story/D_8_3_1_2_051,不，不行啊！
Story/D_8_3_1_2_052,师弟，你去助大师兄。
Story/D_8_3_1_2_053,但是……。
Story/D_8_3_1_2_054,去，这是掌门号令。
Story/D_8_3_1_2_055,……遵命。
Story/D_8_3_1_2_056,唐掌门江湖名声很好，都说你平易谦冲，与人为善，是一位仁人君子。\n你这样的人，如何却胡涂一时，举西武林盟，徒造杀业？\n向某实在好奇，请唐掌门不吝解惑。
Story/D_8_3_1_2_057,兴亡在此一役，匹夫有责，谁必须活，谁死不得？\n我忝为唐门代掌门，当为师弟妹表率，焉能独善其身。\n光明正大找上门的挑战，没有不接的道理！
Story/D_8_3_1_2_058,儒侠胸怀磊落，向某佩服。\n向某亦不趁人之危，你们多少人都无妨，向某便只一人，\n且尽绵力，胜不了你们，那便心悦诚服的认输。
Story/D_8_3_1_2_059,慢着慢着～你别欺负我爷！
Story/D_8_3_1_2_060,裳儿，快快回去躲好，爷爷没事。
Story/D_8_3_1_2_061,不！我受够了，有话要说，爷爷你别吵闹！
Story/D_8_3_1_2_062,胜不了我们，光是认输就没事了吗？\n败了就去死吧。
Story/D_8_3_1_2_063,那也公平的很。
Story/D_8_3_1_2_064,这是东西武林盟之争，不是个人比武过招。\n不免要得罪了！
Story/D_8_3_1_2_065,彼此彼此。
Story/D_8_3_1_2_066,慢着慢着～你别欺负我哥我爷我姊妹！
Story/D_8_3_1_2_067,慢着慢着～你别欺负我哥我爷我姊姊！
Story/D_8_3_1_2_068,慢着慢着～你别欺负我哥我爷！
Story/D_8_3_1_2_069,云裳，你怎么出来了？
Story/D_8_3_1_2_070,裳儿，快快回去躲好，爷爷没事。
Story/D_8_3_1_2_071,小师妹，你快带她进去。
Story/D_8_3_1_2_072,云裳妹子，别闹，来我这。
Story/D_8_3_1_2_073,不！我受够了，忍无可忍，有话要说，\n你们通通给我闭嘴的说！
Story/D_8_3_1_2_074,别人蛮不讲理的就算了，难道向掌门也不讲道理吗？
Story/D_8_3_1_2_075,叶小娘子有什么话说，向某稍后洗耳恭听。\n此际兵荒马乱，不是说话的良机，不若你还是……
Story/D_8_3_1_2_076,向掌门。小女子以为武林最清白无色的门派，莫属峨嵋派。
Story/D_8_3_1_2_077,过奖了，全真、嵩山也是清白不过的正派。
Story/D_8_3_1_2_078,全真、嵩山不是，他们无疑皆为善类，更以大宋良民自居，\n但是本山无奈位处大宋疆土之外，为免见疑于官家，不得不献力自清。
Story/D_8_3_1_2_079,……你且接着说。
Story/D_8_3_1_2_080,今日你灭了唐门，明天官家说丘真人谄媚金人，是卖国贼，\n你也要随武林盟上终南山，灭全真派吗？
Story/D_8_3_1_2_081,这……。
Story/D_8_3_1_2_082,灭了全真派，再来是嵩山派。\n灭了嵩山派，再来是点苍派，因为点苍山在大理，严格说来也不是宋人。\n再来还有叛国嫌疑的，就是地处三国之交的崆峒派。
Story/D_8_3_1_2_083,罪名莫须有，这些被灭的门派说他们是清白无辜的，不甘就戮。\n奋起抵抗，向掌门也觉得他们徒造杀业吗？
Story/D_8_3_1_2_084,不是只有刀剑相向一条路。
Story/D_8_3_1_2_085,不，就只有刀剑相向一条路哦。\n锦香宫主想要退隐江湖，甚至愿意投效朝廷，依然被武林群侠围剿。\n此事是否属实？
Story/D_8_3_1_2_086,这……属实。
Story/D_8_3_1_2_087,那么轮到峨嵋的时候，向掌门会为了天下苍生，率峨嵋高足伏首就戮吗？\n我建议不要比较好喔，死光了也没人会感谢你们的。
Story/D_8_3_1_2_088,还是说你认为那种将来不可能到来，委屈的是别人，所以峨嵋无关痛痒？
Story/D_8_3_1_2_089,不，不是……。
Story/D_8_3_1_2_090,唐门举义师所抗者，既非武林盟也不是朝廷，而是这种不幸的命运。\n你以为对付了我爷爷让东西停战，就算是功德？\n你只是快速掐灭了希望之火，有什么好得意的！
Story/D_8_3_1_2_091,剑乃君子之兵，两侧开锋，一侧迎敌，一侧就对着自己，方为中正不倚。\n峨嵋不是有心剑吗？向掌门心都不知偏到哪去了，还心剑呢！\n你干脆改叫心刀好了！不要又做坏事又想当好人！那不是伪君子是啥！
Story/D_8_3_1_2_092,……。
Story/D_8_3_1_2_093,……。
Story/D_8_3_1_2_094,……。
Story/D_8_3_1_2_095,……云裳好聪明。
Story/D_8_3_1_2_096,那当然，拜托噢。
Story/D_8_3_1_2_097,裳儿心思原来如此通透，倒是我小觑你了。
Story/D_8_3_1_2_098,没有，裳儿还小，什么都不懂，永远可爱的说。\n萤姊姊请勿中断疼爱与投喂，至于拍打的话，还是算了。
Story/D_8_3_1_2_099,你就算长大，萤姐姐一样疼你，安心长大吧！
Story/D_8_3_1_2_100,……叶小娘子所言颇在理，深入浅出，发人省思。\n向某需要想想，就此退下了。
Story/D_8_3_1_2_101,什么？
Story/D_8_3_1_2_102,还真就……还真就给你把人劝退了。
Story/D_8_3_1_2_103,可说是奇谭。
Story/D_8_3_1_2_104,小事儿～以后大家见着我记得尊敬一点。
Story/D_8_3_1_2_105,师弟，快去为师兄们助阵！
Story/D_8_3_1_2_106,是！
Story/D_8_3_1_2_107,三师兄，我也上……！
Story/D_8_3_1_2_108,唐家掌门卧病在床，子弟不肖行差踏错，\n上官唐门同为三大世家，我这同为长辈的，不得帮着管管？\n唐大，是你要来接我的招，还是唐三？
Story/D_8_3_1_2_109,对付你，哪用得着我大师兄、三师兄？\n让我唐三十六来对付你。
Story/T_8_3_1_2_005,怎见得你就是排行三十六？
Story/D_8_3_1_2_110,你不妨一起过来受死。
Story/D_8_3_1_2_111,大师兄、师弟，上官家主提的是江湖四大名刀之一，金背龙王刀。\n相传此刀出时宛如金背蛟龙戏于沧溟，卷行舟船舶吞于骇浪，\n最是凶险不过！
Story/D_8_3_1_2_112,承蒙你的讲解，说的很对。
Story/D_8_3_1_2_113,三师兄，你干嘛长他人志气。
Story/D_8_3_1_2_114,呃，我是想提醒你们留意。
Story/D_8_3_1_2_115,另外找个地方吧，你们也不想波及唐代掌门吧。
Story/D_8_3_1_2_116,……随我来！
Story/D_8_3_1_2_117,你先走。
Story/D_8_3_1_2_118,你是怕我支开你们，向唐代掌门施以奇袭吗？\n还不错，心思挺细的。
Story/D_8_3_1_2_119,师弟，务必小心。
Story/D_8_3_1_2_120,是，三师兄也多小心。
Story/D_8_3_1_2_2_001,你让我失望了，赵小子。
Story/D_8_3_1_2_2_002,这就不行了？唐门青黄不接，后继无人！
Story/D_8_3_1_2_2_003,掌门！您醒了，快来收拾这厮！
Story/D_8_3_1_2_2_004,咳哈！
Story/D_8_3_1_2_2_005,小梅！
Story/D_8_3_1_2_2_006,嘿，原来却是个妙龄女子。\n你这肤浅伎俩，只要是混过两天江湖的人都不会受骗。\n看来是无计可施了吧。
Story/D_8_3_1_2_2_007,既然如此，就干脆的受死吧。
Story/N_8_3_1_2_2_001,你败后，唐家大院惨遭祝融，三师兄力战而死。
Story/D_8_3_1_2_2_008,啊！
Story/T_8_3_1_2_2_001,──不妙，这刀全没卸劲硬接下来，两臂都麻了。
Story/D_8_3_1_2_2_009,阿活！
Story/D_8_3_1_2_2_010,唔哦哦哦哦──！
Story/D_8_3_1_2_2_011,拿下了！
Story/D_8_3_1_2_2_012,等等──
Story/D_8_3_1_2_2_013,啊！
Story/T_8_3_1_2_2_002,──不妙，这刀全没卸劲硬接下来，两臂都麻了。
Story/D_8_3_1_2_2_014,阿活！
Story/D_8_3_1_2_2_015,可恶，堂堂上官家主，也诈输佯败，不要脸面吗！
Story/D_8_3_1_2_2_016,我何曾佯败？这丑小子确实赢了我，可惜一样得死。
Story/D_8_3_1_2_2_017,何况说到虚伪不要脸面，你这冒牌货有何资格说我？
Story/D_8_3_1_2_2_018,你……你……。
Story/D_8_3_1_2_2_019,唐布衣那小子狡猾好斗，我几度卖招，你仍视若无睹。\n我便料定你必是冒牌。
Story/D_8_3_1_2_2_020,我讲武德，不与师弟连手斗你，你还道我怕了你吗？
Story/D_8_3_1_2_2_021,你是谁都无所谓，只要楼下的人亲眼见证唐门飞侠败于我手就够了。
Story/D_8_3_1_2_2_022,快走！
Story/D_8_3_1_2_2_023,你一走，我即刻杀了此人。
Story/D_8_3_1_2_2_024,你别欺人太甚！
Story/D_8_3_1_2_2_025,掌门！您醒了，快来收拾这厮！
Story/D_8_3_1_2_2_026,咳哈！
Story/D_8_3_1_2_2_027,小梅！
Story/D_8_3_1_2_2_028,嘿，原来却是个妙龄女子。\n你这肤浅伎俩，只要是混过两天江湖的人都不会受骗。\n看来是无计可施了吧。
Story/D_8_3_1_2_2_029,既然如此，就干脆的受死吧。
Story/D_8_3_1_2_2_030,咕啊！你……你怎么……！
Story/D_8_3_1_2_2_031,我只说我手麻，又没说脚麻。\n唐门中人，全身上下无一都是凶器。怎么，上官家主居然不知道吗？
Story/D_8_3_1_2_2_032,我只说我手麻，又没说脚麻。\n唐门中人，全身上下无一都是凶器。\n怎么，上官身为唐门世交，却忘记了吗？
Story/D_8_3_1_2_2_033,妈的……有你小子的。
Story/D_8_3_1_2_2_034,姑且留你一命，让武林盟混蛋们投鼠忌器！
Story/D_8_3_1_2_2_035,你是三大世家家主，生死该由我家掌门论断。
Story/D_8_3_1_2_2_036,{size=50}武林盟的全给我住手！{/size}
Story/D_8_3_1_2_2_037,{size=40}上官家主在我手上！{/size}\n{size=40}我要一～刀子捅死了御使大人，你们猜猜会怎样？{/size}
Story/D_8_3_1_2_2_038,那是你下的毒手，朝廷自会找你算账！
Story/D_8_3_1_2_2_039,真的假的？哈哈，师弟妹们，你听听这家伙在说啥？笑他啦！
Story/D_8_3_1_2_2_040,哈哈哈哈！这家伙真够天真可爱耶！\n我早知他脑子没发育，方才就不该打他的，倒像欺负小孩。
Story/D_8_3_1_2_2_041,我哪里说错，杀人者偿命，朝廷难道还能冤枉人？
Story/D_8_3_1_2_2_042,是是是，朝廷不会冤枉人，每个都清官。\n跟你们武林盟完全不一样，怀疑谁就命谁缴械束手就擒。
Story/D_8_3_1_2_2_043,朝廷来人叫你们放下兵刃配合调查的时候，各位请一定不要抵抗啊。
Story/D_8_3_1_2_2_044,清者自清，浊者自浊，我何必抵抗。
Story/D_8_3_1_2_2_045,话不能这么说……朝廷把武林人当作眼中钉，也不是一两天的事。\n只是为防民怨，师出无名不好打压罢了。\n钦差大人要是出事，朝廷才不会管你谁是谁，通通捉起来，有去无回。
Story/D_8_3_1_2_2_046,真的吗……？
Story/D_8_3_1_2_2_047,假的，你千万别信他的，要相信大宋法律啊！
Story/D_8_3_1_2_2_048,你自命为正派侠客，到底混江湖干嘛的？
Story/T_8_3_1_2_2_003,上官世伯竟然败了……超乎想象。
Story/D_8_3_1_2_3_001,咦？
Story/D_8_3_1_2_3_002,咦？我、我可是伤重眼花了吗？
Story/D_8_3_1_2_3_003,不，我也看见了。
Story/D_8_3_1_2_3_004,还想故计重施？哈！
Story/T_8_3_1_2_3_001,气海穴被打中了，糟糕！
Story/D_8_3_1_2_3_005,是何方宵小，胆敢偷袭本官！
Story/D_8_3_1_2_3_006,上官世伯～打小你就认识我，你应该知道唐某人的路子。\n没有必胜把握绝不出手，等到如今才现身，你猜我有几成胜算？
Story/D_8_3_1_2_3_007,你……你是！
Story/D_8_3_1_2_3_008,唐门首席大弟子，飞侠唐布衣来也！
Story/D_8_3_1_2_3_009,大师兄！
Story/D_8_3_1_2_3_010,师弟、师妹，你们先别高兴得太早。\n就算上官家主已是强弩之末，我也没把握赢他，\n你们速速下地去，免受池鱼之殃！
Story/D_8_3_1_2_3_011,怎会……。
Story/D_8_3_1_2_3_012,骗你的啦哈哈哈！飞燕流星翎！
Story/D_8_3_1_2_3_013,唔哦哦哦！飞燕流星翎……竟然是飞燕流星翎！
Story/D_8_3_1_2_3_014,这回……竟然是本尊！你当真没死？
Story/D_8_3_1_2_3_015,知道本尊的厉害了吧？
Story/D_8_3_1_2_3_016,知道我大师兄的厉害了吧！
Story/D_8_3_1_2_3_017,我知道你们满腹疑惑，待会就算你们不问，我也要讲。\n不过当务之急是啥，不用我说吧？
Story/D_8_3_1_2_3_018,捉住上官家主，勒令武林盟罢斗！
Story/D_8_3_1_2_3_019,那个也很重要，不过我要先说一句别的。
Story/D_8_3_1_2_3_020,小梅师妹，你这易容术可真玄乎，连我本人都当是照镜子。\n在下佩服得五体投地，能跟你学吗？拜托？
Story/D_8_3_1_2_3_021,那你要问我家阿活。
Story/D_8_3_1_2_3_022,先办正事要紧。
Story/D_8_3_1_2_3_023,大师兄？
Story/D_8_3_1_2_3_024,哦～小师妹，好久不见。
Story/D_8_3_1_2_3_025,乖，去旁边。
Story/D_8_3_1_2_3_026,这次是真的……！拍拍，欢迎回家。
Story/D_8_3_1_2_3_027,哎唷烦耶，不要弄啦，走开啦你。
Story/D_8_3_1_2_3_028,我方才远远看见有两个你，另一个去哪了？
Story/D_8_3_1_2_3_029,另一个！另一个是坏人假扮的！已经被我打跑了！
Story/D_8_3_1_2_3_030,原来如此。
Story/D_8_3_1_2_3_031,咳，嗯！
Story/D_8_3_1_2_3_032,{size=50}敬告各位武林盟的蠢蛋，在下唐布衣！{/size}
Story/D_8_3_1_2_3_033,{size=40}上官家主现在落在我师弟的手里，你们猜怎么着？{/size}\n{size=40}师弟，告诉他们。{/size}
Story/D_8_3_1_2_3_034,{size=40}我要一～刀子捅死了御使大人，如何？{/size}
Story/D_8_3_1_2_3_035,哎唷那可不得了，你谋杀朝廷命官！\n这可是要牵连不少人呀，不只唐门，今日山上谁也跑不掉！
Story/D_8_3_1_2_3_036,那不是正合我意吗？
Story/D_8_3_1_2_3_037,反正武林盟不让我们活，拖他们下水简直心安理得。\n武林盟这么听朝廷的话，到时看朝廷听不听你们辩解！
Story/D_8_3_1_2_3_038,要是朝廷听得进去，天下哪来那么多冤屈求告无门？\n官家只会觉得江湖人无法无天，连朝廷命官都敢杀！
Story/D_8_3_1_2_3_039,一个一个捉去问话，一个一个杀。
Story/D_8_3_1_2_3_040,那有多浪费？扔去抗金前线送死吧，死了还不用抚恤遗孤。\n反正是江湖草莽！
Story/D_8_3_1_2_3_041,锦香宫已经跟武林盟各位结仇，各位大侠倘若战死，\n妻子女儿无枝可依，不如直接收编变成女子军，一口气死个干净，\n还能替朝廷节省抚恤金。
Story/D_8_3_1_2_3_042,哦……这有点狠吧。
Story/D_8_3_1_2_3_043,是吗？可是他们不来找死，妻子女儿就不会无枝可依啊。\n这不是活该吗？又不是本梅害的。
Story/D_8_3_1_2_3_044,小梅说的倒也没错，女子凭什么不能打仗？\n为国争光，他们一定欢喜的很。
Story/D_8_3_1_2_3_045,就是说啊，求仁得仁，皆大欢喜。
Story/D_8_3_1_2_3_046,我呸！妖女！在那放什么狗屁！
Story/D_8_3_1_2_3_047,我为国为民，朝廷哪会如此是非不分？
Story/D_8_3_1_2_3_048,这话不好说，就算官家英明神武，底下也不见得人人是清官。\n不然哪来这么多狗屁倒灶的事，要侠士路见不平？
Story/D_8_3_1_2_3_049,你帮那边说话的？
Story/D_8_3_1_2_3_050,实话实说罢了，我家乡的官，就是个鱼肉乡里的狗官。
Story/D_8_3_1_2_3_051,何况你们想，朝廷把武林人当作眼中钉，又不是一两天的事。\n只是为防民怨，师出无名便不好打压罢了。\n钦差大人要是出事，朝廷才不会管你谁是谁，通通捉起来，有去无回。
Story/D_8_3_1_2_3_052,真的吗……？
Story/T_8_3_1_2_3_002,唐布衣竟然能够打败上官世伯。
Story/D_8_3_1_3_1_001,我还没认输呢！
Story/D_8_3_1_3_1_002,胜负已分，再来的事，就不归我管了。
Story/D_8_3_1_3_1_003,掌门……被打败了？赵师兄也输了。
Story/D_8_3_1_3_1_004,弟兄们！唐门魔头已经被向掌门收拾了！\n待我们收拾这些残党，登高呼啸，趋附唐门的其他门派就会作鸟兽散！
Story/D_8_3_1_3_1_005,──佩服。
Story/D_8_3_1_3_1_006,向某愿赌服输，峨嵋派就此罢手，不再掺和，只见证结末。
Story/D_8_3_1_3_1_007,赢了，但是……。
Story/D_8_3_1_3_1_008,弟兄们！大局已定，他们死的死，伤的伤，待宰羔羊罢了！\n待我们收拾这些残党，登高呼啸，趋附唐门的其他门派就会作鸟兽散！
Story/D_8_3_1_3_1_009,大势已去。
Story/D_8_3_1_3_1_010,三师兄，你上哪去？
Story/D_8_3_1_3_1_011,我能去哪儿？我哪儿也不去。
Story/D_8_3_1_3_1_012,师弟，三师兄我今生有幸与你们作同门师兄弟，既悲且喜。\n结局虽然不如人意，但我们全力反击过，宁为玉碎，不为瓦全。
Story/D_8_3_1_3_1_013,来生再见了。
Story/D_8_3_1_3_1_014,是……来生再见了，若是还能重入轮回，我也想姓唐。
Story/D_8_3_1_3_1_015,哈哈哈，何必拘泥姓啥名谁，我们早就是一家人。
Story/D_8_3_1_3_1_016,什么……我们掌门败了？这、这……。
Story/D_8_3_1_3_1_017,倚多胜少，不是什么光彩事！
Story/D_8_3_1_3_1_018,这么说来，武林盟来攻打唐门，一样的不光彩。\n你怎么就好意思到处嚷嚷？闭嘴吧你！
Story/D_8_3_1_3_1_019,师兄弟姊妹们！我们能赢，我们会赢！
Story/N_8_3_1_3_1_001,你们战胜绝顶高手，信心大振，全面压制侵攻大院的武林盟人马。
Story/D_8_3_1_3_2_001,话可别说的太早了，你这个路人侠！
Story/D_8_3_1_3_2_002,什么路人侠，老子有名有姓！\n你又是何方神圣，现出踪影来！
Story/D_8_3_1_3_2_003,没打中。
Story/D_8_3_1_3_2_004,哦？言之过早吧。你不知道飞石帮主的掷石功会转弯吗？
Story/D_8_3_1_3_2_005,啊！
Story/D_8_3_1_3_2_006,哈，还真有对阵时屁股对人的傻蛋啊。\n倒下的位置挺刚好，刚好脸埋你朋友屁沟里，吃屎去。
Story/D_8_3_1_3_2_007,{size=40}大师兄？！{/size}
Story/D_8_3_1_3_2_008,正是我。
Story/D_8_3_1_3_2_009,大师兄，你终于肯出手……了……？
Story/D_8_3_1_3_2_010,怎么那边还有一个？！
Story/D_8_3_1_3_2_011,有话等会再说，受伤的先闪边。
Story/D_8_3_1_3_2_012,我数到三，还不退下的，我就当全都可杀！
Story/D_8_3_1_3_2_013,大家一起上，看这家伙能够臭屁到几时！
Story/D_8_3_1_3_2_014,{size=50}三！{/size}
Story/D_8_3_1_3_2_015,你……你犯规……不是说数到三吗？
Story/D_8_3_1_3_2_016,大、大师兄？
Story/D_8_3_1_3_2_017,如假包换。
Story/D_8_3_1_3_2_018,那可是，那边的却是谁？
Story/D_8_3_1_3_2_019,你……。
Story/D_8_3_1_3_2_020,你真是大师兄吗？该不会是仙儿师姊易容的吧？
Story/D_8_3_1_3_2_021,本仙儿在这儿呢。
Story/D_8_3_1_3_2_022,那么说，你是真的？
Story/D_8_3_1_3_2_023,真假大师兄之谜，到底谁才是唐布衣呢？
Story/D_8_3_1_3_2_024,精彩精彩精彩，刺激刺激刺激！
Story/D_8_3_1_3_2_025,你们别转了，我都快晕了。
Story/D_8_3_1_3_2_026,来，师弟，猜猜，那个才是本尊？
Story/O_8_3_1_3_2_001,左边的（猜错了）
Story/D_8_3_1_3_2_027,左边的这位？
Story/D_8_3_1_3_2_028,猜错了，没良心的臭阿活。\n眼盲心瞎薄情郎，居然认不出我来！
Story/D_8_3_1_3_2_029,哎唷，猜错了，大事不妙。
Story/D_8_3_1_3_2_030,哈哈哈哈哈，笑死我啦！
Story/O_8_3_1_3_2_002,右边的（猜对了）
Story/D_8_3_1_3_2_031,右手边的是本尊。
Story/D_8_3_1_3_2_032,再给你一次机会重猜。
Story/D_8_3_1_3_2_033,不必了，本尊身上有酒臭味，冒牌货有梅花香。
Story/D_8_3_1_3_2_034,算你了得。
Story/D_8_3_1_3_2_035,真正的唐布衣，掌握了唐门不为人知的种种秘辛。\n比如赵活夜夜蹲守在小师妹窗──
Story/D_8_3_1_3_2_036,{size=24}这个不能说！这个千万不能说，我会被捅死！{/size}
Story/D_8_3_1_3_2_037,好啦好啦。\n如此一来，谁是本尊很明显了吧？尊驾还不打算以庐山真面目示人吗？
Story/D_8_3_1_3_2_038,哼哼……我的真实身份～
Story/D_8_3_1_3_2_039,是小梅喔！
Story/D_8_3_1_3_2_040,是、是小梅师妹？
Story/D_8_3_1_3_2_041,嘿咻。
Story/D_8_3_1_3_2_042,骗了大家，对不住。
Story/D_8_3_1_3_2_043,三师兄，小梅乔装大师兄是想激励士气，没有恶意。
Story/D_8_3_1_3_2_044,你这易容术太厉害了点，晚点也教教我成吗？
Story/D_8_3_1_3_2_045,现在不是说这个的时候，大师兄，这究竟怎么回事？
Story/D_8_3_1_3_2_046,嘿，故事长到可以出书，就算你们不想听我也要讲！\n你们谁也别想跑！
Story/T_8_3_1_3_2_001,这个臭屁怪，毫无疑问是本尊。
Story/D_8_3_1_3_2_047,大师兄！当真吗？可是，但是……
Story/D_8_3_1_3_2_048,真是太好啦！
Story/D_8_3_1_3_2_049,大师兄！是活的大师兄！
Story/D_8_3_1_3_2_050,我当然是活的，别拉我头发。
Story/D_8_3_1_3_2_051,就没人好奇我怎么死而复生吗？太让人失望了。\n关心一下我啊！
Story/D_8_3_1_3_2_052,那当然是要问的。
Story/D_8_3_1_3_2_053,大师兄，你……你。
Story/D_8_3_1_3_2_054,哦，师弟，好久不见了。
Story/D_8_3_1_3_2_055,真是太──
Story/D_8_3_1_3_2_056,冷静点，都先冷静点。\n现在可不是叙旧的时候，敌人都还没走呢。
Story/D_8_3_1_3_2_057,真的回来了啊。
Story/T_8_3_1_3_2_002,真会挑时机登场，现在就破例一回，暂时让你虚荣吧。
Story/T_8_3_1_3_2_003,真会挑时机登场。
Story/D_8_3_1_3_2_058,……大师兄回来了？
Story/D_8_3_1_3_2_059,是啊，你不去欢迎他？
Story/D_8_3_1_3_2_060,人很多，但我心里是欢喜的。
Story/D_8_3_1_3_2_061,哦～小师妹，你怎么吃胖了？\n小心点，否则四师弟就是你的榜样。
Story/D_8_3_1_3_2_062,现在没那么欢喜了。
Story/D_8_3_1_4_1_001,师兄弟姊妹们！我们能赢，我们会赢！
Story/N_8_3_1_4_1_001,你们视死如归，上下齐心作战，侵攻大院的武林盟人马气势已衰，节节败退。
Story/D_8_3_1_4_1_002,当心！
Story/D_8_3_1_4_1_003,闪开！
Story/D_8_3_1_4_1_004,师兄你干嘛推我──
Story/D_8_3_1_4_1_005,没事吧？站起来。
Story/D_8_3_1_4_1_006,是、是。那啥，我可不是不帮你，实在是插不上手。
Story/D_8_3_1_4_1_007,去，帮其他师兄弟。
Story/D_8_3_1_4_1_008,好。
Story/D_8_3_1_4_1_009,乱阵之中，向某几度施袭，竟不能将你拿下。\n原来唐门年轻一辈除了飞侠、辣手相公，还有你这样的高手，失敬了。
Story/D_8_3_1_4_1_010,向掌门才是深藏不露。
Story/D_8_3_1_4_1_011,哇──师父，救我啊！！！
Story/D_8_3_1_4_1_012,……向某纵能胜你，也在百招以后。\n这场胜负暂且按下。
Story/D_8_3_1_4_1_013,呼……。
Story/T_8_3_1_4_1_001,接了他几脚，两手全麻了。\n幸好他盯上了我，否则旁人未必招架得住！
Story/T_8_3_1_4_1_002,吓死我了！干嘛专找我麻烦！
Story/D_S0023_01_001,哦，那边二位白衣女子，其中一人好像是……？
Story/D_S0023_01_002,哦呵呵，你也真是的，就算是初出茅庐，做事也不能这么莽撞啊。\n宫主难道没有交代过你，凡事要多方查证吗？这下把人得罪惨了吧。
Story/D_S0023_01_003,唔……可是我有啊……我去问的那些人，都说唐布衣是淫贼。\n更何况那两个姑娘泣诉的时候，悲痛欲绝，其中一个身上还刺了他的名字。
Story/D_S0023_01_004,我想总不会有人情愿名节都不顾，也要诬告他、跟他同归于尽才对。
Story/D_S0023_01_005,哦～呵呵呵呵～傻妞儿，怎会没有？\n这世间什么样的怪胎都有，人很残忍，不是非得犯着你，才会心怀恶意。\n不信的话，师姊当街对路人行凶给你看。
Story/D_S0023_01_006,你别吓唬我，你才不会害人呢。
Story/D_S0023_01_007,我怎么不会害人？我可太会害人了。\n有道是红颜祸水，看看我这祸国殃民的倾世容颜，还不够害人吗？
Story/D_S0023_01_008,说得也是。
Story/D_S0023_01_009,师姊我本来不爱说教的，但你太让人不省心。\n说不得，只好代宫主说你几句，你要铭记在心。
Story/D_S0023_01_010,师姊请训，龙湘恭听。
Story/D_S0023_01_011,混武林的，只要不是像南宫世家那样的人精，一定有人欣赏、有人讨厌。\n尤其是唐门这样特立独行的，得罪的人一定不少。
Story/D_S0023_01_012,那唐门飞侠相貌还算过得去，倾慕他却爱而不得的女子是有那么几个。\n嫉妒他的男子，想来更多。当中保不准就有恨不得他去死的呢？\n说来都是容貌惹的祸呀。
Story/D_S0023_01_013,竟然有这种事……明明无冤无仇？\n世上真的有那种坏人，看脸就想致人于死地的吗？
Story/D_S0023_01_014,当然，就连奴家这样举世无双、花容月貌的女子，也不免为人诟病。\n说我自恋、花痴。
Story/D_S0023_01_015,谁敢这样说师姊！我去教训他们！
Story/D_S0023_01_016,哦呵呵，不必～大可不必。\n毕竟跟奴家倾城绝色相较，任谁都是丑八怪，差别只在多丑而已。\n说穿了，不过都是嫉妒罢了，是嫉妒使他们内在也变得丑陋了。
Story/D_S0023_01_017,原来如此……是心啊。
Story/D_S0023_01_018,想想不觉得都怪可怜的吗，幸亏你师姊我心胸宽大，才不与他们计较。
Story/D_S0023_01_019,不愧是师姊。
Story/D_S0023_01_020,那当然，人美又心善，说的便是奴家华仙儿。\n龙师妹，你虽不如我美，心地却是好的，只是善良也需要聪明。\n要习惯提防别人，不然就会像这次，想做好事却帮凶成了坏人。
Story/D_S0023_01_021,我错了……我会铭记在心的。
Story/D_S0023_01_022,刚巧师姊我人在蜀中，还能给你出出主意。\n你要去道歉，可千万别空手，赔罪的礼物我给你准备好了。
Story/D_S0023_01_023,多谢师姊！你真好。\n不过这盒子好轻，不知里面装的是什么？
Story/D_S0023_01_024,哦～呵呵呵呵～是好吃的喔～
Story/D_S0023_01_025,原来是吃的啊。
Story/D_S0023_01_026,可不能白给你，五两银子拿来。\n师姊我并非贪钱，而是为了你好，否则你不肉疼，难长记性。
Story/D_S0023_01_027,师姊，你这么细心，事事都替我想好了。
Story/T_S0023_01_001,哦呵呵，师妹，你真的是笨得可爱。
Story/D_S0023_01_028,还有，提醒你一句。\n你且带着礼物，先去求当事人原谅，能私了的话便私了，\n非到万不得已，不要惊动唐掌门。
Story/D_S0023_01_029,这种程度的事，我还是晓得的。\n我一人做事一人当，不会损及锦香宫威名。
Story/D_S0023_01_030,哦呵呵，那就好。\n师姊有自己的事，至多就给你出出主意，可不陪你了。
Story/D_S0023_01_031,啊，难得他乡遇同门，师姊这就要走了吗？
Story/D_S0023_01_032,还是说你能等等我，回头再叙旧呢？
Story/D_S0023_01_033,你游历完回宫，不就能碰见我了？\n别依赖心这么重，孩子似的。否则你光剑法高强，几时能够独当一面？
Story/D_S0023_01_034,师姊教训的是。
Story/D_S0023_01_035,那我们明年回宫再见。
Story/D_S0023_01_036,好。
Story/D_S0023_01_037,……好，我先理理，到时要怎么说。
Story/D_S0023_01_038,唐大侠，对不住。我听信片面之词，差点误伤了你。\n幸好你武功高强。这个礼物给你，可否原谅我的过失？
Story/D_S0023_01_039,这个礼物真好，好，我收下，就此两清了。\n我上次冒犯你，也并非有意，在这也向你赔礼道歉。
Story/D_S0023_01_040,太好啦！
Story/D_S0023_01_041,好极，快人快语，到时就这样说。
Story/D_S0023_01_042,没看路啊你，找死，滚！
Story/O_S0023_01_001,没察觉
Story/O_S0023_01_002,察觉
Story/D_S0023_01_01_001,妈的，乞丐还这么跩，凭啥啊。
Story/D_S0023_01_01_002,……算了，他忧心温饱，所以行色匆匆。\n我虽然在唐门低三下四，却没挨过饿，比吃不上饭的好过多了。\n不与他计较。
Story/D_S0023_01_01_003,啊，湘姊走掉了。
Story/D_S0023_01_01_004,啊，龙女侠走掉了。
Story/O_S0023_01_01_001,跟上
Story/O_S0023_01_01_002,不关我的事
Story/T_S0023_01_01_001,反正不是找我的，我才不管呢。
Story/D_S0023_01_02_001,方才那人……。
Story/D_S0023_01_02_002,班指里藏着小刀，割破了人家包袱。\n这是江湖鬼蜮录里写过的伎俩！
Story/D_S0023_01_02_003,是个小偷！
Story/D_S0023_01_02_004,湘姊──啊，走掉了。
Story/D_S0023_01_02_005,龙姑娘──啊，走掉了。
Story/O_S0023_01_02_001,追
Story/D_S0023_01_02_006,没办法，我先去追那小偷！
Story/D_S0023_01_02_007,到手没有？
Story/D_S0023_01_02_008,到手了。
Story/D_S0023_01_02_009,这么多碎银，不知有几两，够兄弟们吃喝好一阵子了。
Story/D_S0023_01_02_010,混账东西！这么蠢，事都办不好！
Story/D_S0023_01_02_011,长老你做甚？干嘛打我，我这不是偷到了银子吗？
Story/D_S0023_01_02_012,银子谁都有，你没看她服色？那是锦香宫的女弟子。\n要偷就别偷银子，偷她包里的秘籍呀！摸不到秘籍，偷她换洗的衣裳，\n也能卖个好价钱。
Story/D_S0023_01_02_013,都说钱财是身外之物，这一点点掉了还好说，偷秘籍就不好了吧。\n更别说偷人家衣裳去卖……这也未免太缺德了。
Story/D_S0023_01_02_014,搞清楚你自己身份，你是我丐帮老派的弟子，就得听曾老丐的。\n学新派讲什么仁义道德？我呸！
Story/D_S0023_01_02_015,当了乞丐还不能不择手段，当个屁乞丐？\n你干嘛不去做工讨生活？
Story/D_S0023_01_02_016,这……。
Story/D_S0023_01_02_017,把东西给我还来！
Story/D_S0023_01_02_018,我、我是说，可以还来吗？
Story/D_S0023_01_02_019,孬种，还学人家逞英雄。
Story/D_S0023_01_02_020,又不是割你布包，要你多管什么闲事？去，去，快滚。
Story/D_S0023_01_02_021,仔细看看，这家伙长得这么丑，就跟被毁容一样。\n把他捉起来打断手脚，带到别处去当人猿卖艺！
Story/O_S0023_01_02_002,算了不关我的事
Story/D_S0023_01_02_022,算了，追上了我也不一定打得过。\n反正掉的不是我的钱包。
Story/D_S0023_01_02_023,我便抢到手，别人也未必会感激我。\n若抢不回，拼了一身伤自己受着不说，保不准还会反被冤枉。\n我可没那么笨，这种亏已经吃腻了。
Story/T_S0023_01_02_001,何况还有上次那个意外，我怕不是一露脸就会被杀。\n还是先躲一阵子，等她自然忘记。
Story/D_S0023_01_02_01_001,吓～！
Story/D_S0023_01_02_01_002,住手，臭蛇，这是要卖的商品，别咬死了！
Story/D_S0023_01_02_01_003,啊……好像来不及了。
Story/D_S0023_01_02_01_004,汪汪！
Story/D_S0023_01_02_01_005,这下知道厉害了吧！
Story/D_S0023_01_02_01_006,够了，多亏你这没用的东西，\n老丐儿一把老骨头，还要亲自下场。
Story/D_S0023_01_02_01_007,让你见识见识丐帮绝招惊蛇杖法的厉……
Story/D_S0023_01_02_01_008,害？
Story/D_S0023_01_02_01_009,不妙，快跑！
Story/D_S0023_01_02_01_010,去死！去死！敢吃俺朋友！你去死！
Story/D_S0023_01_02_01_011,你……你真想把人打死？你这是叛帮……。
Story/D_S0023_01_02_01_012,肉，去追！
Story/D_S0023_01_02_01_013,去死！去死！敢吃俺朋友！你去死！
Story/D_S0023_01_02_01_014,你……你真想把人打死？你这是叛帮……。
Story/D_S0023_01_02_01_015,肉，去追！
Story/D_S0023_01_02_01_016,汪汪！
Story/D_S0023_01_02_01_017,大哥，俺现在要去追人！下回聊！
Story/D_S0023_01_02_01_018,……。
Story/D_S0023_01_02_01_019,我可没招惹你。
Story/D_S0023_01_02_01_020,我、我最爱猫猫狗狗了，他们竟然吃狗肉，太可恶了！\n你还不快去追他们！
Story/D_S0023_01_02_01_021,对！
Story/D_S0023_01_02_01_022,打架的时候，银子飞得到处都是。
Story/D_S0023_01_02_01_023,应该就这些了吧，嘿咻。
Story/D_S0023_01_02_01_024,救我……求你救我……。
Story/D_S0023_01_02_01_025,原来你还有气吗？
Story/D_S0023_01_02_01_026,可我又不懂医术，如何救你？
Story/D_S0023_01_02_01_027,我只会粗浅的急救法，可不是什么高明大夫。
Story/O_S0023_01_02_01_001,救
Story/D_S0023_01_02_01_028,你忍着点，我带你到医馆去看大夫。
Story/N_S0023_01_02_01_001,那人被打伤了内脏，你胡乱移动他，导致内出血，\n还没到医馆，人就咽气了。
Story/N_S0023_01_02_01_002,衙门派人来查，发现是通缉的惯窃，于是给你赏银，表彰一顿。
Story/D_S0023_01_02_01_029,你忍着点，我先给你应急处置，再替你找大夫。
Story/N_S0023_01_02_01_003,你唯恐他伤了内脏，不敢妄动，只作紧急处理。\n到街上热闹处托人去请大夫。
Story/N_S0023_01_02_01_004,那人最后得救了，却没钱交诊金，被坏脾气的李大夫强行收为学徒。\n以嗟来之食果腹的日子，就此到头了。
Story/D_S0023_01_02_01_030,好吧。
Story/N_S0023_01_02_01_005,你于医道颇有心得，观其表征，便知他脏腑受损，恐有出血之虞。\n当下取出针来，火炙消毒，刺穴截血，舒缓疼痛。\n待他缓过气来，才慢慢转移到静僻地方疗养。
Story/D_S0023_01_02_01_031,你就没有更好的地方能去？
Story/D_S0023_01_02_01_032,我是乞丐，能有什么地方好去呢。\n多谢大侠活命之恩，我这是内伤，不是病。地方脏乱一点想来也无妨。
Story/D_S0023_01_02_01_033,错了，你伤重体虚，风邪最易入体。\n倘若伤病交加，你就会死。
Story/D_S0023_01_02_01_034,那我也……也没办法啊。\n这里有我丐帮弟兄，总不至于活活看我饿死。
Story/O_S0023_01_02_01_002,拿你偷的银子，去住客栈
Story/D_S0023_01_02_01_035,没办法了。
Story/D_S0023_01_02_01_036,拿你偷来的银子，去住客栈吧。\n我再去给你抓些药来，你伤愈之前，别说动武，最好都别下床走动。
Story/T_S0023_01_02_01_001,这人好似也不算很坏，救人性命要紧。\n想来湘姊不会太介意。
Story/T_S0023_01_02_01_002,至于剩下的钱，我就当作诊金，心安理得收下了。
Story/N_S0023_01_02_01_006,那人记住了你的恩情，养好伤后，说了许多你的好话。\n从此江湖传闻，唐门不止辣手相公一位名医，还有一个辣眼郎中，\n仁心仁术，悬壶济世。
Story/O_S0023_01_02_01_003,我来打扫一下环境吧
Story/D_S0023_01_02_01_037,没办法。
Story/D_S0023_01_02_01_038,我来打扫一下环境吧。
Story/D_S0023_01_02_01_039,你要打扫这里？
Story/D_S0023_01_02_01_040,对，好歹不能这么多灰尘，要开窗子通风，才好养伤养病。\n我扶你先出去树下待着。
Story/N_S0023_01_02_01_007,你将地方打扫干净，开窗通风，修好了门。\n才去药店抓了一些药材回来教他熬煮。
Story/D_S0023_01_02_01_041,今日帮你，可不是好心，纯粹心血来潮。\n下回你就未必有这么好运了，便是偷鸡摸狗，也得招子放亮，别惹错人。
Story/D_S0023_01_02_01_042,我能做的都做了，能否好过来，就看你自己了。\n就此别过。
Story/D_S0023_01_02_01_043,这样就行了，不出什么乱子，将养十来日，你就能痊愈。
Story/D_S0023_01_02_01_044,老兄听我一句劝，五体俱全，就算不混江湖，做啥营生养不活自己？\n快别干这些缺德勾当才是正途。
Story/D_S0023_01_02_01_045,言尽于此，就此别过。
Story/T_S0023_01_02_01_003,这人容貌比我都像乞丐，不单会医术，心肠还恁好。\n我好手好脚，这些年来，都在做什么啊……真是惭愧。
Story/N_S0023_01_02_01_008,那人记住了你的恩情，退出丐帮以前，说了许多你的好话。\n从此江湖传闻，唐门不止辣手相公一位名医，还有一个辣眼郎中，\n仁心仁术，悬壶济世。
Story/O_S0023_01_02_01_004,去医馆吧
Story/D_S0023_01_02_01_046,没办法了，去医馆吧。
Story/D_S0023_01_02_01_047,我哪来的钱看大夫。
Story/D_S0023_01_02_01_048,没关系，你可以出卖肉体给李大夫还债。
Story/D_S0023_01_02_01_049,咦，等等，出卖肉体是怎么出卖法？
Story/D_S0023_01_02_01_050,再见，再见。
Story/D_S0023_01_02_01_051,你怎么能跑了？
Story/D_S0023_01_02_01_052,跑什么跑？只听说别人吃霸王餐，没听过别人求霸王医。
Story/D_S0023_01_02_01_053,没见那赵活，比你丑得多，人见人厌，当乞丐都能饿死。\n他却自励自强，至今活的好好的。\n你年纪轻轻好手好脚，不思学一门功夫餬口，只凭嗟来之食，没尊严吗？
Story/D_S0023_01_02_01_054,说的……也是，我无话可说。
Story/N_S0023_01_02_01_009,那人没钱交诊金，被坏脾气的李大夫强行收为学徒。\n以嗟来之食果腹的日子，就此到头了。
Story/D_S0023_01_02_01_055,送佛送到西，给你出了便是。
Story/D_S0023_01_02_01_056,兄弟，我们非亲非故，你救了我性命，我已经很感激。\n怎么，你还要帮我出诊金吗？我可还不起你。
Story/D_S0023_01_02_01_057,我又没说要你还？
Story/D_S0023_01_02_01_058,那你没事作好人，到底图什么？
Story/D_S0023_01_02_01_059,当个好人就是我的意图了。\n你看我这张脸，不知上辈子干了啥缺德事，生来就被老天厌弃。\n我就偏不自暴自弃，非要行善积德，让老天惭愧一下。
Story/D_S0023_01_02_01_060,行了，收了诊金，这病人我自会负责。
Story/D_S0023_01_02_01_061,小赵，你去忙你的吧。
Story/D_S0023_01_02_01_062,多谢李大夫。兄台，保重了。
Story/D_S0023_01_02_01_063,你可以滚了。
Story/D_S0023_01_02_01_064,知道了。
Story/D_S0023_01_02_01_065,兄台，保重了。
Story/T_S0023_01_02_01_004,这人容貌比我都像乞丐，不单会医术，心肠还恁好。\n我好手好脚，这些年来，都在做什么啊……真是惭愧。
Story/D_S0023_01_02_01_066,我也没有，不过医者仁心，再怎么说也不至于见死不救吧。\n最不济，咱们给李大夫打下手，做工抵债总行吧。
Story/D_S0023_01_02_01_067,行吧，反正你都医得差不多了，我来接手后面的调养也行。\n不过药费得让这小子将来做事相抵。
Story/D_S0023_01_02_01_068,没钱还想治病，去死！
Story/D_S0023_01_02_01_069,李大夫，医者仁心，别这样嘛。\n应急处置我已做过，点穴防止了内脏出血。\n您就帮帮忙，帮这位兄台调养调养，将来他大好了，再做工抵债也不迟。
Story/D_S0023_01_02_01_070,哼……那还说得过去。
Story/D_S0023_01_02_01_071,那我告辞了。\n兄台，多保重。
Story/D_S0023_01_02_01_072,臭乞丐，没见那赵活，比你丑得多，人见人厌，当乞丐都能饿死。\n他却自励自强，至今活的好好的。\n你年纪轻轻好手好脚，不思学一门功夫餬口，只凭嗟来之食，没尊严吗？
Story/D_S0023_01_02_01_073,说的……也是，我无话可说。
Story/N_S0023_01_02_01_010,那人没钱交诊金，被坏脾气的李大夫强行收为学徒。\n以嗟来之食果腹的日子，就此到头了。
Story/N_S0023_01_02_01_011,他记住了你的恩情，养好伤后，说了许多你的好话。\n从此江湖传闻，唐门不止辣手相公一位名医，还有一个辣眼郎中，\n仁心仁术，悬壶济世。
Story/O_S0023_01_02_01_005,不救
Story/T_S0023_01_02_01_005,我还是别多管闲事，免得救不活还赖上我。
Story/T_S0023_01_02_01_006,谁让你手脚不干净？你这是咎由自取，活该呀。\n下辈子再当乞丐，也别当小偷了。\n便是一定要重操旧业，也放眼招子，别惹到小爷。
Story/D_S0023_01_02_01_074,你若是好人的话，我当然不会见死不救。\n但你偷盗钱财也索罢了，还对我拳脚相向、纵蛇咬人，\n方才不是还当我的面，说要把我当人猴游街卖艺吗？
Story/D_S0023_01_02_01_075,我不杀你已算好心，还想让救你？\n能活你就活，死了也是你的命，不是我害的。
Story/D_S0023_01_02_01_076,你要是心中有怨气，觉得是我害的，不妨冲我来。\n不过你下回再来，我就打到你魂飞魄散。
Story/N_S0023_01_02_01_012,那人倒在路边不住呻吟，熬了几个时辰才绝了声息。
Story/T_S0023_01_03_001,好多人啊，太热闹了吧。
Story/T_S0023_01_03_002,上回过来没曾细想……这里不是唐门的外堡吗？\n师父说，这是为了战争准备的地方，为什么看起来跟菜市场一样。
Story/T_S0023_01_03_003,和尚和乞丐在分饼吃。
Story/T_S0023_01_03_004,那里有个绿衣的剑客，好像武功很高的样子。
Story/T_S0023_01_03_005,要是我去向他讨教武功的话，不知会不会答应呢。
Story/T_S0023_01_03_006,不，还是算了。他正和孩子们玩呢。
Story/T_S0023_01_03_007,为了生活，大家都很忙碌呢。
Story/D_S0023_01_03_001,湘姊，你走得真快，我在后边喊，你都没听见。
Story/D_S0023_01_03_002,弟，你在这儿呀。
Story/D_S0023_01_03_026,上次的事……。
Story/D_S0023_01_03_027,上次的事就算了，再也甭提！\n姊知道你不是故意的，没有那么是非不分，我们就当没发生过那些事！
Story/D_S0023_01_03_028,……可以吧？
Story/D_S0023_01_03_029,可以、可以！
Story/D_S0023_01_03_003,龙女侠，你步伐真快。
Story/D_S0023_01_03_030,上次的事……。
Story/D_S0023_01_03_031,上次的事就算了，再也甭提！\n我知道你不是故意的，没有那么是非不分，我们就当没发生过那些事！
Story/D_S0023_01_03_032,……可以吧？
Story/D_S0023_01_03_033,可以、可以！
Story/D_S0023_01_03_034,那么我俩打现在开始重新认识，我是龙湘的锦香宫。
Story/D_S0023_01_03_035,锦香宫的龙湘。
Story/D_S0023_01_03_004,你是……抱歉，我好像没请教你的名讳。
Story/D_S0023_01_03_005,在下唐门赵活，也不是什么人物。
Story/D_S0023_01_03_006,其实我也一样初出茅庐，共勉之。
Story/D_S0023_01_03_007,那你记好了，本人乃是唐门唯一外姓弟子赵活！
Story/D_S0023_01_03_008,好，我记住了。
Story/T_S0023_01_03_008,外姓弟子不是没正式入门的意思吗？为何他这么得意的样子。\n难道是我误会了，其实外姓弟子很了不起吗？
Story/D_S0023_01_03_009,上回我搜证不尽实，听信了片面之词，险些铸下大错。\n这次是专程来向贵门大师兄赔礼道歉的。
Story/D_S0023_01_03_010,原来是这样。
Story/D_S0023_01_03_011,不过我大师兄不住外堡喔，你在这儿等，只怕也是徒劳。
Story/D_S0023_01_03_012,是吗？
Story/D_S0023_01_03_013,是，如今唐门人少，入室弟子都住大院。\n外堡除了租给乡亲，就是招待外来的客人。
Story/D_S0023_01_03_014,不瞒你说，本门这些年财务有点周转不灵。\n这外堡，如今已经典让给眉山镇上的吕员外。\n主要都是租给乡亲，有些外来的客人，也住这里。
Story/D_S0023_01_03_015,原来是这样，那么要找到你大师兄，就得上山去了，是吗？
Story/D_S0023_01_03_016,那也不然，我大师兄无拘无束，行踪最是难捉摸。\n经常不打招呼就出门漂泊，十天半个月不回家亦非奇事。\n就连掌门，也经常找不到人大发脾气。
Story/D_S0023_01_03_017,那怎么办才好？我总不能不道歉。
Story/D_S0023_01_03_018,……。
Story/T_S0023_01_03_009,她这样看我，是期望我给她拿主意吗？
Story/T_S0023_01_03_010,其实要引出大师兄，最管用的莫过于女子的尖叫声了。\n那家伙总会在紧要关头出现，大出风头，奸诈得很。\n但这话我可不能跟湘姊说。
Story/D_S0023_01_03_019,湘姊，你身上有带好酒吗？
Story/T_S0023_01_03_011,其实要引出大师兄，最管用的莫过于女子的尖叫声了。\n那家伙总会在紧要关头出现，大出风头，奸诈得很。\n但这话我可不能跟龙姑娘说。
Story/D_S0023_01_03_020,龙女侠，你身上有带好酒吗？
Story/D_S0023_01_03_021,没有。
Story/D_S0023_01_03_022,可惜，用酒香吸引他，也许有奇效。
Story/D_S0023_01_03_023,他很爱喝酒吗？
Story/D_S0023_01_03_024,堪称酷爱，我怀疑他脉里流的都是酒。
Story/D_S0023_01_03_025,原来是这样。早知他爱酒，我就该拿好酒来赔礼道歉的。\n不然洞庭有名酒，名叫洞庭春色，最适合不过。
Story/D_S0023_01_03_01_001,用便宜的酒，想来也还凑合。
Story/D_S0023_01_03_01_002,你等着，我去提一坛过来。
Story/N_S0023_01_03_01_001,唐门外堡的酒可不讲啥正店脚店之分，全是私酿的。\n卖得也便宜，你在山上买之所以贵，那是四师兄的阴谋。
Story/N_S0023_01_03_01_002,你身上没钱，于是擅自把酒钱赊在大师兄帐上。
Story/D_S0023_01_03_01_003,酒来了。
Story/O_S0023_01_03_01_001,当然是失败了
Story/O_S0023_01_03_01_002,竟然成功了
Story/N_S0023_01_03_02_001,大半个时辰过去，你把一壶酒煮干了，大师兄依然不见人影。\n倒是旁边好酒的百姓，都馋得要命，暗骂你暴殄天物。
Story/D_S0023_01_03_02_001,看来是我异想天开，这招行不通的样子。\n可能诱饵太便宜了。
Story/D_S0023_01_03_02_002,可惜了，这招不管用。\n姊还是承你的情，你的酒多少钱？不若就当我跟你买下了吧。
Story/D_S0023_01_03_02_003,可惜了，这招不管用。\n但我还是很承赵少侠的情，你这酒多少钱？不若就当我跟你买下了吧。
Story/D_S0023_01_03_02_004,……嗯？
Story/D_S0023_01_03_02_005,咦？不会吧……！
Story/D_S0023_01_03_02_006,我的钱包破了个洞，我的盘缠全没了！
Story/T_S0023_01_03_02_001,哦，差点忘了，她的钱在我手上。
Story/O_S0023_01_03_02_001,还她钱
Story/D_S0023_01_03_02_007,湘姊，你武功那么高，碰上了扒手却没察觉吗？
Story/D_S0023_01_03_02_008,我有什么办法嘛，那些人都这么狡猾！
Story/D_S0023_01_03_02_009,好了，好了，别生气，拿着。
Story/D_S0023_01_03_02_010,龙女侠，你猜怎么着？
Story/D_S0023_01_03_02_011,给我钱做甚？
Story/D_S0023_01_03_02_012,不是「给」你钱，这本来就是你的钱。
Story/N_S0023_01_03_02_002,于是你将事情经过说明清楚。
Story/D_S0023_01_03_02_013,竟然还有这种事。
Story/D_S0023_01_03_02_014,多亏了你，要不然我今晚住哪儿都没着落！\n待会儿上街，我请你喝酒、吃肉，当作酬谢，不知你意下如何？
Story/D_S0023_01_03_02_015,有这么好的事？荣幸之至！多谢湘姊。
Story/D_S0023_01_03_02_016,凭我们交情，还用得着那么客气吗？\n去你们唐门地界最好的饭店！我要见识蜀中风味的鸡腿！
Story/D_S0023_01_03_02_017,有这么好的事？荣幸之至！多谢女侠。
Story/D_S0023_01_03_02_018,是我应该谢你才对。
Story/D_S0023_01_03_02_019,你的好意，在下心领了。
Story/D_S0023_01_03_02_020,不许客气，否则就是没把我当朋友。
Story/D_S0023_01_03_02_021,既然湘姊执意要作东，那我就不客气了。\n下回再换我请回你。
Story/D_S0023_01_03_02_022,下回的事下回再说，也不能老是单方面承受你的恩惠啊。
Story/D_S0023_01_03_02_023,既然女侠一定要做东，那我却之不恭，只好心怀感激的领受。
Story/D_S0023_01_03_02_024,是我应该谢你才对。
Story/D_S0023_01_03_02_025,你没见着我大师兄，接下来打算怎办才好呢？
Story/D_S0023_01_03_02_026,一时半会儿见不到人，那也无法可想。\n我打算暂时住下来，这就叫守株待兔。
Story/O_S0023_01_03_02_002,私吞
Story/T_S0023_01_03_02_002,这么多银子，舍不得还啊。谁让你自己粗心呢？\n我昧了这钱可得不动声色，不然她一剑下来，我就没命了。
Story/D_S0023_01_03_02_027,哎唷不得了。
Story/D_S0023_01_03_02_028,是碰到小偷了吗？
Story/D_S0023_01_03_02_029,对，那个可恶的家伙，已经偷我好几次了！\n我还把钱分开装，结果三个钱包全都被割！哪有人这样的！欺人太甚！
Story/D_S0023_01_03_02_030,要是被我抓到，我一定要把那个坏人碎尸万段！
Story/D_S0023_01_03_02_031,湘姊，冷静点，别在这里亮剑啊！
Story/D_S0023_01_03_02_032,女侠！快冷静点，别在这里亮剑啊！
Story/N_S0023_01_03_02_003,好一番安抚，她情绪才稍微和缓。
Story/D_S0023_01_03_02_033,那你接下来打算怎办才好呢？
Story/D_S0023_01_03_02_041,一时半会儿见不到人，那也无法可想。\n我打算暂时住下来，这就叫守株待兔。
Story/D_S0023_01_03_02_034,是碰到小偷了吗？
Story/D_S0023_01_03_02_035,对，那个可恶的家伙，已经偷我好几次了！\n我还把钱分开装，结果三个钱包全都被割！哪有人这样的！欺人太甚！
Story/D_S0023_01_03_02_036,要是被我抓到，我一定要把那个坏人碎尸万段！
Story/D_S0023_01_03_02_037,湘姊，冷静点，别在这里亮剑啊！
Story/D_S0023_01_03_02_038,女侠！快冷静点，别在这里亮剑啊！
Story/N_S0023_01_03_02_005,好一番安抚，她情绪才稍微和缓。
Story/D_S0023_01_03_02_039,那你接下来打算怎办才好呢？
Story/D_S0023_01_03_02_040,一时半会儿见不到人，那也无法可想。\n我打算暂时住下来，这就叫守株待兔。
Story/D_S0023_01_03_03_001,好香，好香！哪位大爷光天化日煮酒，分我一口……。
Story/D_S0023_01_03_03_002,出现了！
Story/D_S0023_01_03_03_003,喂！你见了我话都没说就跑，是什么意思啊！
Story/D_S0023_01_03_03_004,还真的来了。
Story/D_S0023_01_03_03_005,对了，说来忘记把抢回的碎银还她。
Story/O_S0023_01_03_03_001,私吞
Story/D_S0023_01_03_03_006,那就算了，不还了。
Story/O_S0023_01_03_03_002,先收着
Story/D_S0023_01_03_03_007,只好先收着，下回见面再还。
Story/D_S0023_01_03_03_008,在这里也没事了，我就回去吧。
Story/D_S0023_01_03_03_009,赵兄弟，快、快来评评理！
Story/D_S0023_01_03_03_010,赵施主，别听他的。
Story/D_S0023_01_03_03_011,我还什什什么都还没说呢。
Story/D_S0023_01_03_03_012,福韫法师、李兄弟，你们好。
Story/D_S0023_01_03_03_013,和尚，你太会诡辩，和你讲理，那是是讲不通了。\n要从别处分胜负。
Story/D_S0023_01_03_03_014,可以，琴棋书画，李施主都可以任选。
Story/D_S0023_01_03_03_015,赵兄弟，你会会会下棋吗？棋力高吗？会弹弹弹琴吗？懂书画吗？
Story/D_S0023_01_03_03_016,饶了我吧，我哪会那些风雅玩意。\n丢石弹子倒是有点心得。
Story/D_S0023_01_03_03_017,你会丢石弹子？好好好怀念啊。
Story/D_S0023_01_03_03_018,确实，小时候常玩。
Story/D_S0023_01_03_03_019,不如我们改用石弹子决决决胜负，如何？
Story/D_S0023_01_03_03_020,也不是不行，那我们各自去找石子。
Story/T_S0023_01_03_03_001,哼哼，我再怎么不济，也是唐门弟子。\n暗器功夫比不上同门，还能输外人吗？\n笑话，你们俩这是挑错对手了！
Story/T_S0023_01_03_03_002,哼哼，被骗了吧，你们俩。\n我说是好怀念，其实我一直在玩这个！你们怎能比得过我？
Story/T_S0023_01_03_03_003,哼哼，待我施展嵩山金刚指力，把你们滚进坑里的石弹子打碎，\n你们就该知道石弹子全新玩法了。
Story/N_S0023_01_03_03_001,你们三个武林中人斗志高昂，旁人不知还以为你们要打架。\n怎料发一声喊，你们就纷纷扑在地上玩石弹子。
Story/N_S0023_01_03_03_002,石弹子决斗，有胜有负，你们都玩得不亦乐乎。
Story/T_S0023_01_03_03_004,他轻功好高，我已经鼓足真气了，距离还是越拉越远。
Story/D_S0023_01_03_03_021,唐布衣！你给我站住！再跑我就……我就……！
Story/N_S0023_01_03_03_003,大师兄听了，足下发力，有如离弦之箭射出，转瞬消失不见。
Story/D_S0023_01_03_03_022,你这个……臭家伙！你给我记住！
Story/D_S0023_01_03_03_023,时候不早了，我们三人都都都有赢有输，下回再，再～决胜负。
Story/D_S0023_01_03_03_024,甚好，出家人无斗争心，但是贫僧乐于欣赏你们灰头土脸。
Story/D_S0023_01_03_03_025,走着瞧。
Story/D_S0023_01_03_03_026,哈啊……我也该回家了。
Story/D_S0023_01_03_03_027,咦？湘姊，你不是去追我大师兄了？
Story/D_S0023_01_03_03_028,龙女侠，你怎么回来了？
Story/D_S0023_01_03_03_029,你那个大师兄好不可恶！跑得跟飞得一样快，喊也喊不停。\n我跟不上他，只好回来。
Story/D_S0023_01_03_03_030,这就对了，是我大师兄没错。\n他卯起劲来跑，连掌门也追不上，就算派出小师妹追击，\n也会被他玩弄于鼓掌之间，迷路放生在山林里。
Story/D_S0023_01_03_03_031,什么人啊，真气死我了！
Story/D_S0023_01_03_03_032,那你接下来打算怎办才好呢？
Story/D_S0023_01_03_03_033,我打算暂时住下来，就不信他能躲我到几时。
Story/D_S0023_01_03_04_001,这件礼物是我师姊给我准备的，说是好吃的。\n也不知会不会放坏，不如我们在这吃掉吧，之后我再买新的。
Story/D_S0023_01_03_04_002,这什么？这看着不像吃的啊。
Story/D_S0023_01_03_04_003,……。
Story/D_S0023_01_03_04_004,是我的生辰八字！！
Story/D_S0023_01_03_04_005,师姊怎么能骗我！还说是好吃的！我能吃吗！\n好险没送出去，不然丢脸丢死了！\n这、这怎么处理才好啊？可以烧掉吗？不管了，烧掉！
Story/D_S0023_01_03_04_006,抱歉，说好要请你吃饭的，只好得到下次了！\n我要赶忙处理这东西，改天再见。
Story/D_S0023_01_03_04_007,好，改天见。
Story/O_S0023_01_03_04_001,我觉得好像挺好吃的啊
Story/T_S0023_01_03_04_001,这人还真可爱。
Story/O_S0023_01_03_04_002,这人也太容易上当了
Story/T_S0023_01_03_04_002,这人也太容易上人当了。
Story/N_S0023_01_03_04_001,龙湘将红纸拿到庙里烧掉，之后为了拦截大师兄，在外堡租了房子。\n要付定金时才发现钱包破了一个大洞，悲伤得无以复加。
Story/N_S0023_01_03_04_002,而你又忘了还她钱，依然沉浸在石弹子决斗的欢乐余韵之中。
Story/D_S0023_01_04_001,……。
Story/D_S0023_01_04_002,湘姊！
Story/D_S0023_01_04_003,弟，你在这儿呀。
Story/D_S0023_01_04_004,龙女侠！
Story/D_S0023_01_04_005,你是……抱歉，我好像没请教你的名讳。
Story/D_S0023_01_04_006,在下唐门赵活，也不是什么人物。
Story/D_S0023_01_04_007,其实我也一样初出茅庐，共勉之。
Story/D_S0023_01_04_008,那你记好了，本人乃是唐门唯一外姓弟子赵活！
Story/D_S0023_01_04_009,好，我记住了。
Story/T_S0023_01_04_001,外姓弟子不是没正式入门的意思吗？为何他这么得意的样子。\n难道是我误会了，其实外姓弟子很了不起吗？
Story/D_S0023_01_04_010,上回我搜证不尽实，听信了片面之词，险些铸下大错。\n这次是专程来向贵门大师兄赔礼道歉的。
Story/D_S0023_01_04_011,原来是这样。
Story/D_S0023_01_04_012,不过我大师兄不住外堡喔，你在这儿等，只怕也是徒劳。
Story/D_S0023_01_04_013,我知道，有人和我说了。\n还说他行踪飘忽，就连你们唐门师弟妹也经常见不到他人影，是真的吗？
Story/D_S0023_01_04_014,是真的。
Story/D_S0023_01_04_015,那我便是上山去，也见不到人。\n打算暂时租房住下，守株待兔。
Story/D_S0023_01_04_016,这么较真吗？这要等到猴年马月啊。
Story/D_S0023_01_04_017,没法子，谁让我迷迷糊糊，冒犯了好人呢？\n等就等吧，也显得我有诚意。
Story/T_S0023_01_04_002,不只等他，其实我盘缠掉了，也在找事做。\n否则挨饿不说，更是寸步难行，哪里也去不了啊。
Story/T_S0023_01_04_003,师姊给我陪罪的礼物，也不是吃的。\n还跟我拿了五两银子，太坏了。
Story/T_S0023_01_04_004,可是师姊怎会贪图我的钱呢？\n是了，她定是想以此教导我，再亲的人也可能会骗人，\n要我吃一次教训，才能长记性。
Story/T_S0023_01_04_005,师姊真是用心良苦，对我真好。
Story/O_S0023_01_04_001,还她钱
Story/D_S0023_01_04_018,湘姊，你有没有察觉身上少了些什么？
Story/D_S0023_01_04_019,龙女侠，你有没有察觉身上少了些什么事物？
Story/D_S0023_01_04_020,你怎么知道？
Story/D_S0023_01_04_021,我包袱被割破，盘缠都不见了。\n气也撒过了，只能接受事实。
Story/D_S0023_01_04_022,你武功那么高，碰上了扒手却没察觉吗？
Story/D_S0023_01_04_023,你不知道，那些人都是行窃的高手，防不胜防。
Story/D_S0023_01_04_024,拿着。
Story/D_S0023_01_04_025,给我钱做甚？
Story/D_S0023_01_04_026,不是「给」你钱，这本来就是你的钱。
Story/N_S0023_01_04_001,于是你将事情经过说明清楚。
Story/D_S0023_01_04_027,竟然还有这种事。
Story/D_S0023_01_04_028,那贼盗窃，不押送官府，便按江湖规矩处置，本来生死无尤。\n至于你救他性命，却是另外一回事。
Story/D_S0023_01_04_029,姊误信坏人，却没看错你。\n说明我看人的眼光，也不算差劲透顶。
Story/D_S0023_01_04_030,知人知面不知心，反过来说也是对的。\n赵少侠，你真是一个大好人。
Story/D_S0023_01_04_031,多亏了你，要不然我晚饭都没着落！\n待会儿上街，我请你喝酒、吃肉，当作酬谢，不知你意下如何？
Story/D_S0023_01_04_032,有这么好的事？荣幸之至！多谢湘姊。
Story/D_S0023_01_04_033,凭我们交情，还用得着那么客气吗？\n去你们唐门地界最好的饭店！我要见识蜀中风味的鸡腿！
Story/D_S0023_01_04_034,有这么好的事？荣幸之至！多谢女侠。
Story/D_S0023_01_04_035,是我应该谢你才对。
Story/D_S0023_01_04_036,你的好意，在下心领了。
Story/D_S0023_01_04_037,不许客气，否则就是没把我当朋友。
Story/D_S0023_01_04_038,既然湘姊执意要作东，那我就不客气了。\n下回再换我请回你。
Story/D_S0023_01_04_039,下回的事下回再说，也不能老是单方面承受你的恩惠啊。
Story/D_S0023_01_04_040,既然女侠一定要做东，那我却之不恭，只好心怀感激的领受。
Story/D_S0023_01_04_041,是我应该谢你才对。
Story/N_S0023_01_04_002,比起饭馆，龙湘更好奇街边的摊贩小吃，与你边逛边吃。\n吃了烤肉，又吃包子，喝了饮子，还有点心，直到你们都撑得动弹不得。
Story/O_S0023_01_04_002,私吞
Story/T_S0023_01_04_006,这么多银子，舍不得还啊。谁让你自己粗心呢？\n我昧了这钱可得不动声色，不然她一剑下来，我就没命了。
Story/D_S0023_01_04_042,哎唷不得了。
Story/D_S0023_01_04_043,是碰到小偷了吗？
Story/D_S0023_01_04_044,对，那个可恶的家伙三番两次找我麻烦，气煞我也。\n要是让我逮到，一定不能善罢干休。
Story/D_S0023_01_04_045,夕阳西下，我先不和你说了。\n得到处问问，这盒子有没有人愿收，否则我连今天晚餐都没有着落。\n告辞了。
Story/D_S0023_01_04_046,是碰到小偷了吗？
Story/D_S0023_01_04_047,对，那个可恶的家伙三番两次找我麻烦，气煞我也。\n要是让我逮到，一定不能善罢干休。
Story/D_S0023_01_04_048,夕阳西下，我先不和你说了。\n得到处问问，这盒子有没有人愿收，否则我连今天晚餐都没有着落。\n告辞了。
Story/D_S0023_01_04_049,湘姊，你要是手头有困难，不如……。
Story/D_S0023_01_04_050,你的心意，姊十分感激。但我也不好意思老是麻烦你。\n我先把这盒子卖了，在设法自己挣钱，改天换我请你吃饭。
Story/D_S0024_01_001,稍微……有点累了。\n我的生活根本没有好事会发生，每天都担惊受怕。\n盼头是有，只是从来没给我够着过。
Story/D_S0024_01_002,活着真的好累啊。
Story/D_S0024_01_003,风和日丽好天气，我来睡个午觉好了。
Story/D_S0024_01_004,还有没有闲着没事干的人啊！都来大院集合！
Story/D_S0024_01_005,不会吧……我才刚躺下啊，又有啥事要抓公差？
Story/O_S0024_01_001,没办法，起床做事
Story/D_S0024_01_006,唉，好吧，这就是命啊。\n下手吧，累死我吧。
Story/D_S0024_01_007,算了，反正我原本也不算困。
Story/O_S0024_01_002,我不管，我要接着睡
Story/D_S0024_01_008,我睡着了……谁也找不到我。
Story/D_S0024_01_009,弟子房还有一个漏网之鱼。
Story/O_S0024_01_003,你给我起来贱人
Story/D_S0024_01_010,还装睡！起来！起不起！
Story/D_S0024_01_011,啊！有话好说！我起了！我起了！
Story/D_S0024_01_012,没听到外边有人叫公差吗？\n就你这懒骨头，一逮到机会便偷奸耍滑，还想改宗入室，想得美哩。\n给我出来！让太阳照亮你那阴暗的内心！
Story/O_S0024_01_004,算了，让这家伙睡吧
Story/D_S0024_01_013,……。
Story/T_S0024_01_001,别人也就算了，这家伙的话，还是让他睡吧。\n我可不想看到熟人活活累死。
Story/N_S0024_01_001,那师兄见你累得狠了，就不来吵你。\n你这一觉从中午睡到傍晚，竟没人骚扰，睡得不能再饱。
Story/D_S0024_01_014,睡得真饱……这也太奢侈了吧，哈哈。
Story/D_S0024_01_015,三师兄，这么多人从山下回来，你们都去做甚了？
Story/D_S0024_01_016,……师弟，我姑且问你一句，你近日没见着丐帮、嵩山弟子吧？
Story/D_S0024_01_017,没呀，这问题可真古怪。
Story/D_S0024_01_018,今日嵩山、丐帮在唐门外堡大打出手，劝是劝住了，损毁的器物却也不少。
Story/D_S0024_01_019,啊哟，这是怎么回事？除了器物损坏，可有人伤亡？
Story/D_S0024_01_020,轻重伤难免，伤亡倒是没有。
Story/D_S0024_01_021,那还好一点。
Story/D_S0024_01_022,两边人马都说，是本门弟子一个叫赵活的人恶意造谣挑唆的他们。
Story/D_S0024_01_023,啊哟，这是怎么回事？和尚和乞丐打架，简直闻所未闻。\n可惜我没在现场看，一定有趣得紧。
Story/D_S0024_01_024,……。
Story/D_S0024_01_025,两边人马都说，是本门弟子一个叫赵活的人恶意造谣挑唆的他们。
Story/D_S0024_01_026,我还道他们没事怎会打起来，原来是我挑唆……。
Story/D_S0024_01_027,什么？我？
Story/D_S0024_01_028,我才没有！我好端端的干嘛挑唆他们？
Story/D_S0024_01_029,对了，定是那个冒充我的家伙又故技重施！
Story/D_S0024_01_030,这次我一定要杀了他！妈的！
Story/D_S0024_01_031,无论如何，先随我去见二师兄吧。\n待将另一个嫌疑人传唤到场，再辨明是非。
Story/D_S0024_01_032,三师兄，你竟然不信我。
Story/D_S0024_01_033,并非不信，但到时少不了要令你二人公平对质。\n你若无辜，二师兄定能还你清白。
Story/D_S0024_01_034,事情的前因后果，我听明白了。
Story/D_S0024_01_035,那现在……？
Story/D_S0024_01_036,让这家伙滚。
Story/D_S0024_01_037,要论是非，也非现在。
Story/D_S0024_01_038,那晁和品行低劣，色厉内荏，平素嚣张跋扈，犯了事便一味缩头逃避。\n你今日传唤，他必推三阻四，拖延几日满以为事过境迁才来。\n难道你要将这碍眼的家伙放炼丹房里，乱我心神？
Story/T_S0024_01_002,虽说这话似是偏向我的，但怎么听着好伤人。
Story/D_S0024_01_039,二师兄，你这是认准了晁师弟才是犯人？
Story/D_S0024_01_040,我的推测无关紧要，等到人来了，我自有方法问个水落石出。
Story/D_S0024_01_041,好罢！既是如此，就有劳二师兄了。
Story/D_S0024_01_042,多谢二师兄。
Story/O_S0024_01_005,你可以滚了
Story/D_S0024_01_043,你要是懂得感恩，就滚远一点。\n光是你在面前游晃，我就天人交战，想将你杀之而后快。
Story/D_S0024_01_044,我马上走！
Story/D_S0024_01_045,……师娘为何嘱托这家伙照顾小师妹？实在令人百思不得其解。
Story/D_S0024_01_046,罢了，先不管他。现在该死的是另一个杂种。\n坏我唐门名声、嫁祸同门，晁和，你好的很啊。\n且由你逍遥几日，到时便知厉害。
Story/O_S0024_01_006,既然你送上门来了，就使唤使唤你
Story/D_S0024_01_047,赵活。
Story/D_S0024_01_048,是，二师兄有何吩咐？
Story/D_S0024_01_049,你去抱被褥来，这三日宿在炼丹房，替我看着炉火。
Story/D_S0024_01_050,哦……二师兄，你要出门？
Story/D_S0024_01_051,对。
Story/D_S0024_01_052,除了看着火，别的东西不要乱碰。\n别做多余的事，实在太闲，就读此书消磨时间。
Story/D_S0024_01_053,这是秘籍吗？
Story/D_S0024_01_054,蠢材，这是医书。
Story/D_S0024_01_055,不要踢屁股！
Story/D_S0024_01_056,啊！就说了不要踢屁股！
Story/D_S0024_01_057,……坏我唐门名声、嫁祸同门，晁和，你好的很啊。
Story/T_S0024_01_01_001,什么公差，要找这么多人？
Story/D_S0024_01_01_001,唐三爷，那就万事拜托了。
Story/D_S0024_01_01_002,吕翁放心，请先行一步下山。
Story/D_S0024_01_01_003,好。
Story/D_S0024_01_01_004,我看有这些人应该差不多了。
Story/D_S0024_01_01_005,好。
Story/D_S0024_01_01_006,唐门弟子通通有，听三师兄训话。
Story/D_S0024_01_01_007,我可不是要训话……算了。
Story/D_S0024_01_01_008,诚如各位师弟所知悉，吕翁仗义疏财，几次动用家产解我唐门燃眉之急，\n向来是唐门的好邻居，既然是好邻居，守望相助也是份所应当。
Story/D_S0024_01_01_009,如今吕翁有事相托，求于本门，又非犯纪违法之情事，\n那咱们能帮就尽量帮，大家说是也不是？
Story/D_S0024_01_01_010,这吕翁上回来还凶巴巴的，这次有求于我们，就客气来了。
Story/D_S0024_01_01_011,这不是人之常情吗？难道我有求于你，还要骂骂咧咧？
Story/T_S0024_01_01_002,说得好听，实则我们欠着钱，人家就算让我们违法犯纪，\n我们也推辞不了啊。
Story/T_S0024_01_01_003,毕竟我们还欠着吕翁一屁股债呢。
Story/D_S0024_01_01_012,本门外堡抵押给吕翁之后，他起先想开客栈，但生意惨淡，\n后来想养马，同样失败收场，后来索性就招租了放任不管。\n如今外堡还如从前一样，只是住着寻常人家，还摆市集。
Story/D_S0024_01_01_013,三师兄，我看这事儿应该不用说了。\n外堡在唐门上下山必经之路，大家每进去买点啥吃喝的，总要路过。\n吕翁应该要急死了，我们还是长话短说，快切入重点吧。
Story/D_S0024_01_01_014,这话说的也是，我就爱唠叨，老毛病了，原宥则个。
Story/D_S0024_01_01_015,前些日子来了一群丐帮朋友，到外堡附近扎帐棚住下。\n本来丐帮以仁义为怀，按说不会扰民，但这回事出有因，\n乃是冲着嵩山弟子来的。
Story/D_S0024_01_01_016,嵩山高僧云游天下，旅居蜀中，有些挂单在庙中，有些住进本门修练塔，\n外堡亦常有僧人走动，一边化缘筹措善款，一边诵经弘扬佛法。
Story/D_S0024_01_01_017,你们八成丈二金刚摸不着头脑，想不到和尚乞丐是怎么凑一块儿去的。\n乱子就出在某日，丐帮好不容易向人乞得一碗残羹，僧人行至也想化缘，\n那户人家想结善缘，于是转而就把吃食转送给和尚。
Story/D_S0024_01_01_018,于是就打起来了。
Story/D_S0024_01_01_019,这也太小家子气了……不过是一碗残羹，至于吗？
Story/D_S0024_01_01_020,我有点明白。\n只怕他们争的不是那一口吃食，而是一口气。
Story/D_S0024_01_01_021,你就说你吧，饿得要死，好不容易要开饭了，\n旁边突然来个秃驴，一声阿弥陀佛就把你碗中美馔吃个干净，你气不气？
Story/O_S0024_01_01_001,气
Story/D_S0024_01_01_022,那确实挺气人的。\n和尚不是慈悲为怀吗？怎和人家抢饭吃。
Story/O_S0024_01_01_002,一餐不吃不会死，礼敬僧人比较要紧
Story/D_S0024_01_01_023,你又怎知那乞丐只有一餐没吃？去你妈的一点同情心都没有。\n你从今天开始不许吃饭，等你饿得快死，我再找和尚抢你饭吃。
Story/D_S0024_01_01_024,不要啊！
Story/D_S0024_01_01_025,江湖中人血气旺盛，一根羽毛掉在湖心都能卷起涛天杀意。\n现在两边人马各自呼朋引伴，打算在外堡决一死战。\n吕翁请我们下去劝架来着。
Story/D_S0024_01_01_026,因此上，本门不得不学南宫世家，要充一回和事佬。\n各位师弟，这就随我下山去吧。
Story/T_S0024_01_01_004,找唐门劝架？吕翁是不是搞错了什么？
Story/D_S0024_01_01_027,好啊，敢到唐门地盘撒野？当我们唐门吃素吗！
Story/D_S0024_01_01_028,快！女人小孩通通进屋去！
Story/D_S0024_01_01_029,老丈，不就是和尚跟乞丐要打架吗？\n他们都是江湖正派吧，在外面打他们的，又与我们何干？
Story/D_S0024_01_01_030,傻妞！丐帮、嵩山有什么好怕的？\n吕员外那个缺脑筋的找了唐门下山来啊！
Story/D_S0024_01_01_031,救命啊！
Story/D_S0024_01_01_032,你们不要打架嘛～
Story/D_S0024_01_01_033,人是无法互相理解的，只有面对天灾的时候会团结！
Story/D_S0024_01_01_034,我唐门就是你们的天灾！
Story/D_S0024_01_01_035,君子动口不动手，我是君子，吃我核枣钉！
Story/D_S0024_01_01_036,哇！这是我们丐帮的招数啊！这丑男是玩真的！
Story/D_S0024_01_01_037,就让唐门来当你们对手！
Story/D_S0024_01_01_038,不要啊！住手啊！
Story/D_S0024_01_01_039,我就知道会变成这样啦！
Story/D_S0024_01_01_040,师弟，我们快去劝架，\n必要的时候，帮丐帮和嵩山派拦住我们自己人！
Story/D_S0024_01_01_041,咦？你当真？
Story/O_S0024_01_01_003,当然是帮自己人
Story/O_S0024_01_01_004,照三师兄说的办
Story/D_S0024_01_02_001,别别别别打了！误会！
Story/D_S0024_01_02_002,师兄，快住手呀！
Story/D_S0024_01_02_003,哇！
Story/D_S0024_01_02_004,完、完了，那个王八羔子放的火？
Story/D_S0024_01_02_005,先别说了，快救火要紧！
Story/D_S0024_01_02_006,秃驴，还打不打？
Story/D_S0024_01_02_007,一招决胜负，再去救火。
Story/D_S0024_01_02_008,成！
Story/O_S0024_01_02_001,嵩山弟子技高一筹
Story/D_S0024_01_02_009,……佩服。
Story/D_S0024_01_02_010,好说，施主也不差，丐帮竟有你这等好手。
Story/D_S0024_01_02_011,不打不相识，咱们携手救火去。
Story/D_S0024_01_02_012,好！
Story/D_S0024_01_02_013,等等……先救我……。
Story/O_S0024_01_02_002,你的败北
Story/D_S0024_01_02_014,和尚杀人了！
Story/D_S0024_01_02_015,胡、胡说！你也有份的！
Story/O_S0024_01_02_003,丐帮弟子的胜利
Story/D_S0024_01_02_016,是贫僧技不如人。
Story/D_S0024_01_02_017,和尚还挺诚实，其实我若不泼沙使诈，很难赢你。
Story/D_S0024_01_02_018,这些江湖伎俩，不就是丐帮的拿手绝活？\n贫僧便是防着，还是着了道，本来颇为忿忿。\n但有施主这句话，心意就平了。
Story/D_S0024_01_02_019,不打不相识，咱们携手救火去。
Story/D_S0024_01_02_020,好！
Story/D_S0024_01_02_021,等等……先救我……。
Story/D_S0024_01_02_022,幸亏火势及时扑灭……所以这究竟是怎么一回事？
Story/D_S0024_01_02_023,福韫法师、李少侠，你二位是嵩山、丐帮年轻一辈杰出之辈，\n怎会为了这点小事闹出恁大动静，未免荒唐！
Story/D_S0024_01_02_024,这、这……事情不是这样的。
Story/D_S0024_01_02_025,否则事情是怎样？
Story/D_S0024_01_02_026,还有什么不是的？我分明就看到你们在吵架。
Story/D_S0024_01_02_027,……我来说吧。
Story/D_S0024_01_02_028,别探头探脑的，里边饭菜闻着香，那是我自家人要吃的，可不会施舍你。\n喏，这饼干拿去，再多可就没有啦。
Story/D_S0024_01_02_029,多多多多谢大娘赏饭。
Story/D_S0024_01_02_030,是饼不是饭，讲话也讲不清，真是的。\n瞧你年纪轻轻，跟我儿也差不多，好手好脚怎么就作了乞丐，真没志气。
Story/D_S0024_01_02_031,{size=24}娘，你别惹他，丐帮可不是真的乞丐，是打扮成乞丐的流氓啊。{/size}\n{size=24}什么侠义云云，都是幌子，你忘了从前乞丐坑蒙拐骗什么都做吗？{/size}\n{size=24}若非天生就坏，哪个正经人会去当乞丐。{/size}
Story/D_S0024_01_02_032,呃……。
Story/T_S0024_01_02_001,我都听见了……该怎么为丐帮辩白名声才好？\n可恨我这结巴，拙于言表，就怕越描越黑。
Story/D_S0024_01_02_033,阿弥陀佛！小僧行经此处，饥肠辘辘，还请不吝布施！
Story/T_S0024_01_02_002,这声音是！
Story/D_S0024_01_02_034,福──
Story/D_S0024_01_02_035,施主手里的饼看着挺美味，不如就归和尚我了吧。
Story/D_S0024_01_02_036,呃。
Story/D_S0024_01_02_037,小师父，我家里还有些好的菜饭，您不必和他争。
Story/T_S0024_01_02_003,布施和尚能结善缘，同样是讨要吃食，当和尚可比乞丐吃香多了。
Story/D_S0024_01_02_038,女施主慷慨慈悲，将来必有善报。\n但小僧挑食，偏就看上了乞丐施主手中这块饼，要向他化缘。
Story/D_S0024_01_02_039,为、为啥？
Story/D_S0024_01_02_040,好了，闲话休说，拿来吧你！
Story/D_S0024_01_02_041,那、那我岂不是要挨挨挨挨饿了。
Story/D_S0024_01_02_042,你眼下有三个选择。
Story/D_S0024_01_02_043,第一，从小僧手里抢回饼，这可不是容易事，因为和尚懂武功、会反抗。\n第二，向大娘一家不会武功的人强抢。
Story/D_S0024_01_02_044,第三，你挨饿，去外边拔些野草吃。
Story/D_S0024_01_02_045,不、不如那饼咱俩一人一半？
Story/D_S0024_01_02_046,不行，小僧非要独吞，你选不选一？不选小僧可要吃了。
Story/D_S0024_01_02_047,啊……你……！
Story/N_S0024_01_02_001,说着那年轻和尚当着众人的面，将一张饼吃得干干净净。\n李富贵只看得直吞唾沫，又气又急，总不好伸手去夺。
Story/D_S0024_01_02_048,好香，硬是要得，现在你只有二和三能选了。
Story/D_S0024_01_02_049,……行吧，拔，拔拔拔～拔草就拔草。
Story/D_S0024_01_02_050,小师父，您和那人有仇？
Story/D_S0024_01_02_051,有旧，没仇。
Story/D_S0024_01_02_052,有旧，那你还抢他的？
Story/D_S0024_01_02_053,二位施主家有余粮，那位朋友则无。没这饼，今宵就得挨饿。\n是以小僧勉为其难抢他的。以此向二位昭示丐帮风骨。
Story/D_S0024_01_02_054,诚如二位所见，如今的丐帮已经改头换面，和从前不同了。\n即便一无所有，也不偷不抢，饿死了依然坚守侠义。
Story/D_S0024_01_02_055,善哉，小僧告辞。
Story/T_S0024_01_02_004,这样一想，那小子还挺有骨气，倒是我小看了他。
Story/T_S0024_01_02_005,我要是懂武功，不一定这么和气，至少饿肚子时不能。
Story/T_S0024_01_02_006,坏和尚抢乞丐东西吃，乞丐发脾气大打出手。\n我去告诉挂单的嵩山僧人，再去告诉丐帮弟子！
Story/D_S0024_01_02_056,李施主。
Story/D_S0024_01_02_057,我我我不要跟你说话啦！\n半点不念从前旧旧旧情，那么久不见，见面就抢我吃的。
Story/D_S0024_01_02_058,饼嘛，小僧囊里还多的是，你确定不和我说话？
Story/D_S0024_01_02_059,福韫法师，我就就就知道您一定不会那么无情！
Story/D_S0024_01_02_060,我赵活亲眼看到那和尚抢你们丐帮兄弟好不容易乞来的饭菜，\n抢来也不吃，故意扔地下践踏，再叫丐帮兄弟趴着吃！
Story/D_S0024_01_02_061,岂有此理！这什么恶僧！
Story/D_S0024_01_02_062,我赵活亲眼看到那乞丐抢嵩山小师父化来的吃食，\n还说你们和尚就是秃的乞丐，跟他们没啥区别，还、还说佛祖坏话！
Story/D_S0024_01_02_063,罪过！傍佛者不可赦！
Story/T_S0024_01_02_007,反正他们两边打起来出人命，我也没半点损伤。\n就算追究，也会追到赵活头上。
Story/D_S0024_01_02_064,……。
Story/D_S0024_01_02_065,……。
Story/D_S0024_01_02_066,……。
Story/D_S0024_01_02_067,什么？
Story/D_S0024_01_02_068,不是我！才不是我咧！
Story/D_S0024_01_02_069,无利可图，我没事挑拨他们干嘛？\n而且犯案还留姓名，我哪有这么笨？这分明是想嫁祸我啊！
Story/T_S0024_01_02_008,这么说有利可图就会陷害我们了？
Story/D_S0024_01_02_070,我哪有闲工夫干这种损人不利己的事，我是无辜的啊！
Story/D_S0024_01_02_071,说的也是……还刻意留名，用心也未免太肤浅。\n此事我会详查，还你一个清白。
Story/D_S0024_01_02_072,唐三爷，这事说说说到底，与我们也脱不了干系。\n李某愿意赔偿，便是没钱，也会出出，出～力帮忙修复外堡。\n还望您大大大人不计小人过，别恼恨丐帮。
Story/D_S0024_01_02_073,是呀，唐施主，他也不是有心的，您大人有大量，宽恕他吧。
Story/D_S0024_01_02_074,不是，福韫法师，他好像是彻头彻尾的受害者啊。\n硬要说的话，你抢人饼的还比较有责任……。
Story/D_S0024_01_02_075,小僧处事不周，自也难辞其咎。\n就和这位李师兄一起暂居在此，日日诵经讲法，直到外堡修缮完成。
Story/N_S0024_01_02_002,嵩山福韫和丐帮李富贵成为了外堡租客。
Story/D_S0024_01_03_001,两位姑娘，能跟我大侠赵活一夜风流，是你们的荣幸，过来让我抱一抱！
Story/D_S0024_01_03_002,{size=50}啊啊啊啊啊啊～～！我的耳朵烂掉了！{/size}
Story/D_S0024_01_03_003,师门传唤不来，当作耳旁风了是不？\n毒聋了你一边耳朵，算是小惩大诫。
Story/D_S0024_01_03_004,别躺地上装死，爬也爬着随我来领罚。\n你若来不了，我便斩去你双手双脚，用你躯干种毒花，拿你血肉供养。
Story/D_S0024_01_03_005,呜呜呜呜呜～～我马上来！马上来！
Story/D_S0024_01_03_006,那位好像是唐门的唐二公子吧？
Story/D_S0024_01_03_007,他竟救了我们……还道他冷若冰霜，足不出户，原来这样热心肠，真好。
Story/D_S0024_01_03_008,呜呜呜呜呜～～我的手、我的脚、我的耳朵～～！
Story/D_S0024_01_03_009,我的儿呀！
Story/D_S0024_01_03_010,唐铮，你反了天是吧！\n对你客气一点，还骑到我这个师姑头上了？谁准你这样对待我干儿子！
Story/D_S0024_01_03_011,呜呜呜呜呜～～干娘救我～
Story/D_S0024_01_03_012,乖儿子，可怜吶，干娘一定帮你讨回公道。
Story/D_S0024_01_03_013,这不是还没对质吗，你竟将他手脚骨都打断了！\n快拿断续胶出来替他医治，否则我跟你没完！
Story/D_S0024_01_03_014,师姑，便是事情还未水落石出，我才没取此人性命。\n打断他手脚，仅是因为他无故数度无视掌门传唤，故按门规处置。
Story/D_S0024_01_03_015,这、谁知道你们想干嘛？这么狠霸霸的，谁不会怕？\n而且我干儿子很乖，便有什么不对，一定也是别人带坏的他！\n没准就是那个赵活！看我不和掌门告状，将他逐出唐门！
Story/D_S0024_01_03_016,想去就去，不必和我说那么多。
Story/D_S0024_01_03_017,来人！快来人，拿药来救人！
Story/N_S0024_01_03_001,唐小楼闯进正心堂求见掌门时，又换上可怜兮兮的面孔，\n哭哭啼啼向掌门控诉你和二师兄如何凶残霸道，污蔑她的干儿子。\n求掌门作主，将你和二师兄废去武功，逐出师门。
Story/N_S0024_01_03_002,如是诳言，掌门又不昏聩，如何能信？\n破格将晁和收入门墙，已是顾念同门之情，断不能容她放肆颠倒是非。
Story/N_S0024_01_03_003,只是他太重情义，想起旧年种种，终究狠不下心肠。\n唯有自身代犯人晁和受过，以掌门之尊向掌刑使请罚。
Story/D_S0024_01_03_018,你走着瞧吧，赵活，我干娘一定劝掌门将你逐出师门！
Story/D_S0024_01_03_019,干娘，掌门发话了？可以赶走赵活、唐铮了？
Story/D_S0024_01_03_020,闭嘴！看你惹的祸，竟害我掌门师弟一把年纪了，还要受这种折腾！\n你怎就不能正常一点，别做这些一眼就被看穿手脚的蠢事！
Story/D_S0024_01_03_021,呜呜呜呜～～干娘你打我～你不要我了～～
Story/D_S0024_01_03_022,唉，别哭了，干娘怎会不要你？\n你便是再不成器，再不受人待见，也有干娘心疼。\n你的罪已由你掌门师叔替你受过了，别哭了。
Story/D_S0024_01_03_023,滚开，狗杂种。你怎么不去死一死？
Story/D_S0024_01_03_024,岂有此理……岂有此理！
Story/D_S0024_01_03_025,{size=50}啊啊啊──！！{/size}
Story/N_S0024_01_03_004,你气愤难平，跑到栈道去，冲着空谷大吼大叫，\n直待到太阳将要下山了才回大院。
Story/D_S0024_01_03_026,拍拍，不气。
Story/D_S0024_01_03_027,小师妹……。
Story/D_S0024_01_03_028,不气喔。
Story/D_S0024_01_03_029,好吧，你说了算。
Story/D_S0024_01_03_030,那就好了。
Story/D_S0024_01_03_031,这种事，哪能说不气就不气呢。\n那人害我不是头一回了，到底何时是个头？
Story/D_S0024_01_03_032,下次没有了。
Story/D_S0024_01_03_033,唉，但愿如此。
Story/D_S0024_01_03_034,岂有此理……。
Story/D_S0024_01_03_035,唉，算了，反正我早习惯了。\n受什么委屈，最后都是不了了之，何况这回我运气好，还没挨到揍。
Story/D_S0024_01_03_036,拍拍，不气。
Story/D_S0024_01_03_037,小师妹……。
Story/D_S0024_01_03_038,不气喔。
Story/D_S0024_01_03_039,好吧，你说了算。
Story/D_S0024_01_03_040,那就好了。
Story/D_S0024_01_03_041,我便气，也没办法啊。
Story/D_S0024_01_03_042,下次没有了。
Story/D_S0024_01_03_043,唉，但愿如此吧。
Story/N_S0024_01_03_005,大家知道你受了委屈，当天看你都带着几分同情，\n盛饭的师姊给你碗里添的满满，饭上淋了猪油，饭底还藏了一块肥肉。
Story/D_S0025_01_001,嘿咻，好了，方方方才那就是最后一袋。
Story/D_S0025_01_002,李兄弟，多亏你了，这是今日工钱。\n樊小弟的也一并给你。
Story/D_S0025_01_003,多谢，下回还有活干，找找找我。
Story/D_S0025_01_004,当然找你，你壮得像牛似的，一人能顶三个，太划算了。
Story/D_S0025_01_005,你是……上回那位被被，被冤枉的，赵赵赵活。
Story/D_S0025_01_006,是啊，李英雄，你好。
Story/D_S0025_01_007,别这么叫我，我姓李，叫富贵。\n赵兄弟要不嫌弃，叫我富富贵，还是一句兄弟都都好。
Story/T_S0025_01_001,明明是乞丐，却取名叫富贵。
Story/D_S0025_01_008,好，李兄弟。
Story/D_S0025_01_009,……赵兄弟，你莫莫莫非认得我们帮主吗？
Story/D_S0025_01_010,我？我这样的无名小卒，哪里认得你们帮主。
Story/D_S0025_01_011,是、是吗，那倒也是。
Story/T_S0025_01_002,干爹说他多年以前，曾经送一个孤儿上唐门。\n想收他作义子却被拒绝，那小孩面目古怪，形容的好像就是赵兄这样。\n总不能他便是那差点当了我义兄长的人吧。
Story/T_S0025_01_003,我且留心一下，找机会画他，拿去跟义父印证一下便知。
Story/D_S0025_01_012,李大哥，俺弄好了。
Story/D_S0025_01_013,好，辛苦了，你的酬酬酬酬金，在这儿。
Story/D_S0025_01_014,俺口袋破洞，你替俺收着就好。
Story/D_S0025_01_015,阿狗，这是唐门的赵少侠，你们认识认识。
Story/D_S0025_01_016,哦。
Story/D_S0025_01_017,俺是丐帮樊啸天，幸会。
Story/D_S0025_01_018,唐门赵活，幸会樊兄弟。
Story/D_S0025_01_019,俺认识这人，可没啥好印象。
Story/D_S0025_01_020,你是和人家有啥过节？
Story/D_S0025_01_021,没啥特别的，纯粹就是看到就忍不住想打他。\n俺也不知道怎么回事。
Story/D_S0025_01_022,不如你还是先回丐丐丐窝去吧。\n我等会儿买了肉包子，再去找你。
Story/D_S0025_01_023,好哎！
Story/D_S0025_01_024,抱、抱抱歉，我这兄弟，口没遮拦。\n他这人坏处就这样，好处也是一般，没一一一一点心机。
Story/D_S0025_01_025,无妨，我早习惯了，不要打我就好。
Story/D_S0025_01_026,我回头一定好生劝诫。
Story/D_S0025_01_027,李大哥，俺认识赵老兄还在你之前。
Story/D_S0025_01_028,是吗！那应该你来，来帮我们介绍。
Story/D_S0025_01_029,成。
Story/D_S0025_01_030,这是唐门的大哥，赵活，是个好人。
Story/D_S0025_01_031,这是丐帮的大哥，李富贵，是个好人。
Story/D_S0025_01_032,然后俺是丐帮的樊啸天！
Story/T_S0025_01_004,你这有介绍和没介绍不是一样吗？
Story/D_S0025_01_033,我最近经常在附近找体力活干，想早日将外堡打打打打砸的事物赔上。\n种田、搬货、护卫行商，要是你你你有什么来钱快的好头路，\n拜托帮我介绍一下。
Story/D_S0025_01_034,有那种头路，我也想干。
Story/D_S0025_01_035,那叫上我，人多力量大，给给给你打下手。
Story/D_S0025_01_036,俺也去，俺打上手。
Story/D_S0025_01_037,没有打上手的说法啦。
Story/D_S0025_01_038,是吗？
Story/D_S0025_01_039,那俺打下脚。
Story/D_S0025_01_040,行了你还是别别别说话吧。
Story/D_S0025_01_041,成，一言为定。
Story/D_S0025_01_042,俺也要喔！不然狗子都没饭吃。
Story/D_S0025_01_043,你狗子越养越多，吃的还还，还比你都好。\n你挣再多钱，也填不满这坑。
Story/D_S0025_01_044,那怎么办？
Story/D_S0025_01_045,不要养。
Story/D_S0025_01_046,狗没有狗娘养，你却有！
Story/D_S0025_01_047,谁、谁教你这话的，怎么能这样骂人？
Story/D_S0025_01_048,阿叔教的。
Story/T_S0025_01_005,这句挺绝，我得记下来。
Story/D_S0026_01_001,这是怎么了？都围在酒家门口。
Story/D_S0026_01_002,是福韫法师，那和尚化缘来着。
Story/D_S0026_01_003,化缘有什么好希罕的？
Story/D_S0026_01_004,嗨呀，这你就不晓得了。他化缘的对象可不一般，是个恶霸。\n小师父化缘是假，教训恶人是真。那是专程寻他晦气的。
Story/D_S0026_01_005,镇上有恶霸？
Story/D_S0026_01_006,一直都有啊，不就你唐门吗？
Story/D_S0026_01_007,呃。
Story/D_S0026_01_008,说笑的，你们要真是恶霸，我也不敢冲你这样说话。\n你们至多只能算癫子。
Story/D_S0026_01_009,那恶霸什么来头？
Story/D_S0026_01_010,前阵子跟同伙乘船来我们镇上收了些山产，不知怎地就他留下。\n每日在街头高价强卖一些鱼虾，没人敢去招惹。
Story/D_S0026_01_011,你们受了欺负，为何不报官？不告诉唐门？
Story/D_S0026_01_012,那人有来头啊，说是打狗也看主人，连衙门也不能动他。\n真告上衙门，他也没事，反是我们得罪了他的，以后别想安生。
Story/D_S0026_01_013,又说他背后有上官世家，跟唐门是世交，同气连枝啥的。\n乡亲都还有日子要过，总不能搬家，都想着多一事不如少一事吧。
Story/T_S0026_01_001,唐门和上官世家是世交不假，可是一个在东一个在西，\n近年鲜少来往，怎么上官世家的人会到蜀中来撒野？
Story/T_S0026_01_002,唐门和上官世家是世交不假，可是一个在东一个在西，\n河水不犯井水，近年鲜少来往，怎么上官世家的人会到我的地盘来撒野？\n还有没有把我在地流氓赵活放在眼里了？
Story/D_S0026_01_014,{size=50}我受够了！烦死人啦！{/size}
Story/D_S0026_01_015,你闪一边去，别妨碍老子做买卖！\n这些活鱼活虾，我愿意卖，酒家老板愿意买，你来插什么嘴？
Story/D_S0026_01_016,{size=24}我才没有愿意买……你卖的恁贵。{/size}\n{size=24}要不是你拳头大，我哪里会就范。{/size}
Story/D_S0026_01_017,{size=24}掌柜老爷，别说了，别说了，他会打人的。{/size}\n{size=24}那碗大的拳头，我们不懂武功，挨受不住啊！{/size}
Story/D_S0026_01_018,施主，你问过鱼和虾的意愿吗？我猜没有，你只想到你自己。
Story/D_S0026_01_019,蛤？
Story/D_S0026_01_020,蛤也一样。
Story/D_S0026_01_021,鱼和虾和蛤，一出门就被你绑架了，难道没有亲人等你回家吗？\n你擅自捉了野生鱼虾鸡鸭，不问牠们意愿，就自居为主人，\n将牠们发卖，为人实在太坏。
Story/D_S0026_01_022,啥玩意？我钓鱼还要征询鱼虾的意见？\n这么多钓鱼人、钓虾客，你怎么不挑他们毛病，专门找我麻烦！
Story/D_S0026_01_023,你问的好，众生云云，怎就偏偏施主撞我手里？这就是缘分啊。
Story/D_S0026_01_024,你这疯僧尽胡扯！\n还不滚开，信不信老子打你！
Story/D_S0026_01_025,施主，君子动口不动手，你确定要打人？
Story/D_S0026_01_026,啰唆啦！
Story/D_S0026_01_027,不好，那恶霸要对和尚不利。
Story/O_S0026_01_001,竟敢得罪我唐门的好朋友，和尚看拳！（欺善怕恶）
Story/D_S0026_01_028,兀那恶僧，休得逞凶！\n我赵活来接你的招！
Story/D_S0026_01_029,干嘛？干嘛？都走开，别看热闹！\n拳脚无眼，等下伤了可别怪我！
Story/D_S0026_01_030,阿弥陀佛，唐门也有是非不分的人。\n既然如此，施主不妨赐教，倘若败了，免不了要听我唠叨。
Story/O_S0026_01_002,我还是先不插手
Story/D_S0026_01_031,啊！施主！住手！有话好说，付诸武力是不好的！
Story/D_S0026_01_032,快别这样了，疼……！实在太疼了！
Story/D_S0026_01_033,你再继续挨打，小僧的拳头就要肿了起来了。\n打在你身，痛在我心啊！
Story/D_S0026_01_034,我、我不打了。
Story/D_S0026_01_035,你不打了？那就好。\n现在起，小僧就似你绑架了鱼虾那般，也绑架了施主你。\n请施主随我来，小僧要发卖了你。
Story/D_S0026_01_036,啥？你、你别乱来！没看我衣色吗？\n我可是沧帮的人，沧帮就是上官世家的人！上官就是朝廷的人！\n你要敢把我怎样，朝廷不会放过你的！
Story/O_S0026_01_003,恶霸，我来接你的招！
Story/D_S0026_01_037,兀那恶霸，休得逞凶！法师，我来帮忙！大家快让让！
Story/D_S0026_01_038,又关你啥屁事？好啊，我先揍你！
Story/D_S0026_01_039,施主，请小心！
Story/D_S0026_01_01_001,──事情经过便是如此，贵门弟子，请唐老施主发落。\n小僧得罪了贵门高弟，实属情非得已，老前辈若要见责，晚辈甘愿受着。
Story/D_S0026_01_01_002,没事，小法师为民除害，做得很好。
Story/D_S0026_01_01_003,来人，备斋菜，酬谢福韫法师。
Story/D_S0026_01_01_004,是！法师这边请。
Story/D_S0026_01_01_005,阿弥陀佛，多谢唐老施主布施。
Story/D_S0026_01_01_006,铮儿。
Story/D_S0026_01_01_007,是，唐门掌刑使，恭聆掌门旨谕。
Story/D_S0026_01_01_008,将赵活领下去，按门规责罚。
Story/D_S0026_01_01_009,是。
Story/D_S0026_01_01_010,你自去炼丹房候着，等我发落。\n最好别畏罪而逃，否则罪加一等。
Story/D_S0026_01_01_011,是……。
Story/D_S0026_01_01_012,那另外这人该如何处置？
Story/D_S0026_01_01_013,我来盘问，你且去修理我们自家人，按门规，该怎么罚就怎么罚。
Story/D_S0026_01_01_014,是。
Story/D_S0026_01_01_015,知道我们厉害了吧？
Story/D_S0026_01_01_016,叫你多管闲事，不赏你几下狠的，你怕是以为自己如来佛祖！
Story/D_S0026_01_01_017,你别……别想再耍狠！我们已经去报官了！
Story/D_S0026_01_01_018,你这八婆，竟敢报官？我不是说了报官也没用吗？
Story/D_S0026_01_01_019,没用也要报官，我就不信没有王法了！
Story/D_S0026_01_01_020,就是说啊，我忍你忍的够够了！
Story/D_S0026_01_01_021,老兄，我们怎办？
Story/D_S0026_01_01_022,冲出去！
Story/D_S0026_01_01_023,没再追来了吧？
Story/D_S0026_01_01_024,没追来。
Story/D_S0026_01_01_025,虽说我自己也对付得了那和尚，不过还是多谢你。\n我沧帮许大鲸，你叫啥名？
Story/D_S0026_01_01_026,唐门赵活。
Story/D_S0026_01_01_027,好，我许大鲸今后就认你作小弟。
Story/D_S0026_01_01_028,我怎么就变你小弟了？
Story/D_S0026_01_01_029,肚虫叫了，你身上有没有钱？\n既然当了你老大，我也不能白要你的，\n这两本秘籍两千文……不，一千文就卖你。你好歹买一本。
Story/O_S0026_01_01_001,逐浪诀（五百文）
Story/O_S0026_01_01_002,解锁条件：银两>=500
Story/D_S0026_01_01_030,算你捡到了便宜，下回见，老子要买肉吃去。
Story/D_S0026_01_01_031,这人说是恶霸，又好像不够恶。\n虽然是强买强卖，好歹有拿货出来，没有直接明抢。
Story/O_S0026_01_01_003,翻浪刀法（五百文）
Story/D_S0026_01_01_032,算你捡到了便宜，下回见，老子要买肉吃去。
Story/D_S0026_01_01_033,这人说是恶霸，又好像不够恶。\n虽然是强买强卖，好歹有拿货出来，没有直接明抢。
Story/O_S0026_01_01_004,我全都要（一千文）
Story/O_S0026_01_01_005,解锁条件：银两>=1000
Story/D_S0026_01_01_034,算你捡到了便宜，下回见，老子要买肉吃去。
Story/D_S0026_01_01_035,这人说是恶霸，又好像不够恶。\n虽然是强买强卖，好歹有拿货出来，没有直接明抢。
Story/O_S0026_01_01_006,我买不起
Story/D_S0026_01_01_036,可我没钱。
Story/D_S0026_01_01_037,什么呀，是个穷光蛋。
Story/O_S0026_01_01_007,我要是有钱，哪会混那么凄惨
Story/D_S0026_01_01_038,说的也是。没法子，虽然吃腻了，还得吃鱼。\n我就怕痛风而已。
Story/N_S0026_01_01_001,你和许大鲸在岸边生火烤了鱼虾吃掉，拱手作别。
Story/O_S0026_01_01_008,我虽然没钱，但还是想要秘籍
Story/D_S0026_01_01_039,怎么，你还想抢我不成？
Story/D_S0026_01_01_040,你这不是很清楚吗？拿来吧你！
Story/N_S0026_01_02_001,你把许大鲸捅死了，推进河里让他当大鲸回归海洋。\n搜刮了秘籍，连鱼也不放过，事后带回山上烤了，大家都赞你大方。
Story/D_S0026_01_03_001,看拳！
Story/D_S0026_01_03_002,法师，你怎么方才都尽看我挨揍不出手，决出胜负来才偷袭？
Story/D_S0026_01_03_003,阿弥陀佛，入境随俗，今日的小僧，乃是致敬唐门作风的小僧。
Story/T_S0026_01_03_001,这和尚有病，可我偏又挑不出毛病。
Story/D_S0026_01_03_004,哇，你们……卑鄙，竟然二打一。
Story/D_S0026_01_03_005,二打一也是打，好比我和这位唐门施主连手钓鱼。\n从现在起，小僧就似你绑架了鱼虾那般，也绑架了施主你。\n请施主随我来，小僧要发卖了你。
Story/D_S0026_01_03_006,啥？你、你别乱来！没看我衣色吗？\n我可是沧帮的人，沧帮就是上官世家的人！上官就是朝廷的人！\n你要敢把我怎样，朝廷不会放过你的！
Story/D_S0026_01_04_001,阿弥陀佛，这位唐门施主，小僧嵩山福韫，敢问阁下如何称呼？
Story/D_S0026_01_04_002,唐门赵活。
Story/D_S0026_01_04_003,甚好，小僧想大院拜会贵掌门唐前辈，能否为小僧引路上山？
Story/D_S0026_01_04_004,我姑且问一下，如果我拒绝，你会打我吗？
Story/D_S0026_01_04_005,视乎情况，可能会。
Story/D_S0026_01_04_006,带路就交给我吧！
Story/D_S0026_01_04_007,可以是可以……你要带这人上山？\n算我拜托你了，别给人家添麻烦啊。
Story/D_S0026_01_04_008,此子性情暴戾，鱼肉乡里，若纵他归去，连官府也治不了他。\n唯有唐门不怕麻烦，说不得，只好麻烦贵门一回。
Story/D_S0026_01_04_009,那就没办法了。
Story/D_S0026_01_04_010,要是真的卖掉了，要分我一点钱喔。\n我看他身上肉不少，明后两天不用愁吃的。
Story/D_S0026_01_04_011,嗯？嗯。
Story/T_S0026_01_04_001,这是在说笑吧，唐门总不成真是吃人的地方。
Story/D_S0026_01_04_012,──事情经过就是如此，请掌门定夺。
Story/D_S0026_01_04_013,此人说官府衙门也会护着他，小僧将信将疑；\n但说唐门也会念着上官世交之情，徇私偏袒，小僧就不怎么信了。
Story/D_S0026_01_04_014,好，赵活，你和小法师为民除害，做得很好。
Story/D_S0026_01_04_015,多谢掌门夸奖。
Story/D_S0026_01_04_016,你去吩咐伙房备斋菜，替我好生酬谢福韫法师。
Story/D_S0026_01_04_017,是，法师这边请。
Story/D_S0026_01_04_018,阿弥陀佛，多谢唐掌门布施。
Story/D_S0026_01_05_001,你是沧帮的人？叫什么名字。
Story/D_S0026_01_05_002,晚辈……晚辈是沧帮许大鲸。
Story/D_S0026_01_05_003,嗯，沧帮是上官老弟的手脚，这事江湖中人谁都心照不宣。\n你却如何来到蜀中作威作福？
Story/D_S0026_01_05_004,我……这……。
Story/D_S0026_01_05_005,枉你一身横练武功，恐怕没少恃强凌弱。而今色厉内荏，太不像样。\n男子汉大丈夫，敢作敢当，别支支吾吾，瞧得人不耐烦。\n本座再给你一次机会好好说话。
Story/D_S0026_01_05_006,是、是！
Story/D_S0026_01_05_007,回唐前辈的话，我其实……已经不是沧帮的人了。\n我随乘船从岷江来到蜀中，和同伴起争执，负气就跳下了船。\n身上也没盘缠，只好钓鱼捉虾，拿到市集去卖。
Story/D_S0026_01_05_008,讲清楚点，为何起争执？
Story/D_S0026_01_05_009,也不是什么大事……就……我们载来卖的米吧，\n不知为何变红了，我怀疑是偷油婆下蛋，劝老大把整袋子扔了，\n不然卖出去人家吃了，肚里长偷油婆怎办？
Story/D_S0026_01_05_010,……。
Story/D_S0026_01_05_011,老大说我没见识，还叫我把变红的米一粒一粒挑掉。\n这么大袋，要挑到猴年马月？我又晕船，火起来整袋子踢进江里喂鱼，\n于是我就被赶下船了。
Story/D_S0026_01_05_012,那不是偷油婆下的蛋，是大米受潮，为邪气所侵，所以变红，有剧毒。\n本门诸般毒药炼法之中，便有此毒。\n你销毁红米，非但无过，反是一件功德。
Story/D_S0026_01_05_013,当真？这真是误打误撞。
Story/D_S0026_01_05_014,但那和你后来勒索乡人，却是两回事。\n你且接着说。
Story/D_S0026_01_05_015,唐前辈一定觉得我狡辩，可我觉得吧，\n我好像也没卖特别贵，一条草鱼就卖二百文，从没喊价。\n怎么家家户户都嫌贵、说我坑钱。
Story/D_S0026_01_05_016,我也不能由着人家说啥便是啥，就据理力争，气不过和人打了几次架。\n不知怎的，街坊邻居都说我勒索。怎的，就欺负我一个外乡人得了呗。
Story/D_S0026_01_05_017,……许多年前，我去福建拜访上官老弟，也吃过新鲜鱼虾。\n那里临海，海产丰富，按说鱼虾最是便宜，实则不然，你可知为何？
Story/D_S0026_01_05_018,不知，因为海里的鱼虾比溪里的高级？
Story/D_S0026_01_05_019,因为沧帮霸占沿海地带，垄断渔业，令散户不能以此维生。\n所以福建地区，鱼虾价格反而比内地昂贵，\n所以一条草鱼才能卖到二百文、三百文。
Story/D_S0026_01_05_020,有这种事？玄了。不过什么叫垄断？
Story/D_S0026_01_05_021,垄断就是……罢了。
Story/D_S0026_01_05_022,我清楚了事情经过。\n你纵然并非一味恶意，但骚扰乡邻同样属实，不可不罚。\n我且来问你，你是要自己上衙门自首，还是回上官世家领罚？
Story/D_S0026_01_05_023,这两种都不选……行不行？
Story/T_S0026_01_05_001,两种我都没活路啊……我跟人说衙门管不了我，只是虚张声势而已。
Story/D_S0026_01_05_024,可以。\n第三条路，就是你拜入唐门，从此受我唐门规范，按唐门门规处罚。
Story/D_S0026_01_05_025,真、真的？前辈，这哪里是罚我了？您真要收容我？
Story/D_S0026_01_05_026,先别高兴得太早，唐门戒律，严于江湖任何门派。\n你受不受得住，还得另说。
Story/D_S0026_01_05_027,掌门在上，弟子许……弟子唐大鲸，叩见掌门！
Story/N_S0026_01_05_001,许大鲸更不打话，生怕掌门反悔，当下就跪地咚咚咚磕了三个响头。\n还擅自把改姓为唐，掌门见他直率，暗暗莞尔，也不纠正。
Story/D_S0026_01_05_028,出正心堂去右转，进炼丹房找你二师兄领罚。\n你若受得住没死，再到对面那栋阁楼，找你三师兄支领制服。\n至于让你拜入谁的膝下学艺，此后另说。
Story/D_S0026_01_05_029,多谢掌门！多谢掌门！多谢掌门！
Story/N_S0026_01_05_002,许大鲸成为了唐门弟子。
Story/D_S0026_01_05_030,呜呀啊啊啊啊──！
Story/D_S0026_01_05_031,啊啊啊啊痛死我啦──！
Story/D_S0026_01_05_032,呵呃啊啊啊啊──！
Story/D_S0026_01_05_033,啊啊啊救命啊老子不玩了──！
Story/N_S0026_01_05_003,你俩凄厉的惨叫，回响在唐家大院，起到了以儆效尤的作用。\n本来松散的人心，都暗自紧绷起来。
Story/N_Back_Work_502_001,在后山碰到上山打猎的李富贵，借用了你唐门的陷阱，收获颇丰。\n之后分了两条大猪脚给你，师门大家有口福了。
Story/N_Back_Work_503_001,在后山碰到上山打猎的李富贵，踏中了叶云裳的陷阱，被从天而降的活鹿撞晕过去。
Story/O_Back_Work_503_001,包庇叶云裳
Story/N_Back_Work_503_002,你徇私包庇了犯人，李富贵好生失望。
Story/O_Back_Work_503_002,跟叶云舟告状，替李富贵讨回公道
Story/N_Back_Work_503_003,你治不了叶云裳，但你可以跟叶云舟告状。\n云裳的屁股险些没被抽烂，连受害者李富贵都于心不忍。
Story/N_Back_Work_504_001,在后山碰到跟队上山挖矿的李富贵，他也不知哪些矿好，总之就跟着大队人马干，\n带队的工头挺会来事，知道这是唐门地界，给你孝敬了一些银两，请你通融。
Story/N_Door_02_505_001,你在街上碰到替人跑腿的李富贵。\n手里拿着购物清单，但却不知东西该上哪儿去买，茫然无措站在街头。
Story/O_Door_02_505_001,替他指路
Story/N_Door_02_505_002,你替他指了路，他千恩万谢而去，但还是迷了路。
Story/O_Door_02_505_002,没办法，我带你去吧
Story/N_Door_02_505_003,你把自己的事放到一边，陪他完成了任务。\n事后他分你一半工钱当作回报。
Story/O_Door_02_505_003,介绍黑店收回扣
Story/O_Door_02_505_004,解锁条件：四师兄在唐门
Story/N_Door_02_505_004,你把李富贵引到奸商手里，诈了他一笔，收取回扣。\n他事后被委托人骂得狗血淋头。
Story/N_Door_02_506_001,你在街上碰到刚下工的李富贵，汗流浃背、口干舌燥的样子，\n在饮子摊前天人交战，想喝碗香甜渴水，又不敢奢侈。
Story/N_Door_02_506_002,你自己也一贫如洗，只得装作没看见。
Story/O_Door_02_506_001,无视
Story/N_Door_02_506_003,毫无同理心的你，对此视若无睹。
Story/O_Door_02_506_002,买来喝给他看
Story/N_Door_02_506_004,你买了饮子，在李富贵艳羡的目光下咕噜咕噜的痛快饮尽，\n尽情享受高人一等的低俗优越感。
Story/O_Door_02_506_003,请客
Story/O_Door_02_506_004,解锁条件：银两>=200
Story/N_Door_02_506_005,你大方掏钱，买了饮子请客，李富贵连忙摇手不敢受之。\n自嘲道：「乞丐学人家喝什么饮子？」沮丧而去。\n你只得一人喝两碗，加倍奢侈，加倍愉悦。
Story/N_Door_02_506_006,你大方掏钱，买了饮子请客，李富贵连忙摇手不敢受之。\n可你盛意拳拳，他只得饱含感激之情接受你的馈赠。
Story/D_Door_02_506_001,赵兄弟，我承蒙你这这这这么多好处，无以为报。\n今将这部秘籍，赠赠赠，赠赠给你。\n虽然不是厉害武功，但但但挺管用的。
Story/D_Door_02_506_002,谢了，李兄弟。
Story/N_Door_Free_507_001,你在街上碰到了街头卖艺的李富贵。\n今天表演的是胸口碎大石，李富贵内伤吐血了！
Story/N_Door_Free_507_002,你给他开了活血化瘀的方子，还替他抓了药。\n李富贵简直感激涕零。
Story/N_Door_Free_507_003,你看了就觉得触目惊心，深深感悟到挣钱不容易。\n若你没有唐门庇荫，难保今日躺这儿吐血的不是你。
Story/N_Door_Free_508_001,你在街上碰到了街头卖艺的李富贵。\n丐帮老派牧蛇颇有门道，李富贵亦深得其中三味。\n说话结巴，歌却唱得好，与群蛇共舞，看客全都啧啧称奇。
Story/N_Door_Free_508_002,他听说你外姓弟子处境为难，也为了感谢你常来捧场，\n特意送了你一本丐帮秘籍，虽没明说，却有招揽意图。
Story/N_Door_Free_509_001,你在街上碰到了街头卖艺的李富贵。\n丐帮老派牧蛇颇有门道，李富贵亦深得其中三味。\n本来一切顺利，直到蛇看见你，给你吓了一跳，失控伤人！
Story/D_Door_Free_509_001,啊！我的蛇！赵兄弟，帮忙捉蛇！
Story/N_Door_Free_509_01_001,总算在灾难扩大前，顺利收拾了毒蛇。
Story/N_Door_Free_510_001,你在街上碰到了街头卖艺的李富贵。\n丐帮老派牧蛇颇有门道，李富贵亦深得其中三味。\n说话结巴，歌却唱得好，与群蛇共舞，看客全都啧啧称奇。
Story/N_Door_Free_510_002,你心绪正好，忍不住和着拍子，也手舞足蹈。\n舞毕李富贵与你相视一笑，送了他丐帮的莲花落给你。
Story/N_Door_Free_511_001,碰到了拎着钓竿的李富贵和樊啸天，一起去钓鱼了。\n三人一起度过了悠闲的时光。
Story/D_Door_02_507_001,啊。
Story/D_Door_02_507_002,施主，又见面了。\n上回匆匆一别，还未来得及以无边佛法熏陶于你。\n这回不妨坐下来，我们和和气气品茗说话如何？
Story/D_Door_02_507_003,我和你没啥好说的。
Story/D_Door_02_507_004,你没有，但小僧却有。
Story/D_Door_02_507_005,别、别跟过来！
Story/D_Door_02_507_006,偏要。
Story/D_Door_02_507_007,滚开，别逼我打你！
Story/D_Door_02_507_008,小僧若胜了你，你可得听我一句劝。
Story/N_Door_02_507_001,事后你被福韫逮到，被迫听了两个时辰的佛法教育，强制净化心灵。
Story/N_Door_Free_512_001,你在街上碰到了福韫，和尚如是说道：
Story/N_Door_Free_512_002,阿弥陀佛，和尚研修佛法，也懂拳法。擅长吵架，更会打架。\n施主最好招子放亮点，布施一些好吃的，否则休怪和尚还俗打完你再出家。
Story/O_Door_Free_512_001,偏不给
Story/O_Door_Free_512_002,给你给你
Story/O_Door_Free_512_003,解锁条件：银两>=10
Story/N_Door_Free_512_003,你布施福韫一些铜钱、饼干。\n福韫好生欢喜，觉得你心底潜藏善念，孺子可教。\n于是还敬你两个时辰的佛法特训，直到你善念萌芽，或者不省人事。
Story/N_Door_Free_512_004,你在街上碰到了福韫，和尚敬你为善士，合十行礼。\n与你相偕到茶肆，坐论佛法、亦谈江湖事，宾主尽欢。
Story/N_Door_Free_512_005,他唯恐赠经书你回头就拿去垫桌脚，于是赠了你一部嵩山《罗汉拳》秘籍。\n此书虽是嵩山武功，却以佛学为根，期能感化于你。
Story/N_Door_Free_512_006,他听你这回谈吐颇有禅机，想是佛法感化所故。\n大为感动，于是赠了你一部《金刚腿》秘籍。
Story/N_Door_Free_512_007,福韫与你相处日深，越发感叹。\n人向善不易，而你命运坎坷，所见所受遍地荆棘，依然心怀慈悲，\n实可为难能可贵，愿以嵩山绝学《金钟罩》相赠，护你平安。
Story/N_Door_Free_512_01_001,你被和尚给打劫了。
Story/N_Door_Free_512_01_002,你打了和尚，把人赶跑。\n他临走前放下狠话，下回碰面一定超渡你。
Story/N_Door_Free_901_001,今天轮到你负责带小师妹下山认路，拿什么给她都吃得津津有味，但就是依旧认不得路。
Story/N_Door_Free_902_001,小师妹主动要求你教她认路，但心机深沉如她，根本醉翁之意不在酒。\n一路默默挨着你，享受别人投来的目光，得意洋洋。
Story/N_Door_Free_903_001,逛街时遭遇了混世魔王叶云裳，你要不留下钱财，要不留下命来！
Story/N_Door_Free_904_001,叶云裳主动请缨，带小师妹下山认路。\n你被指派为监护人，没事负责出钱出力，有事负责赔钱赔命。
Story/N_Fortress_Work_501_001,福韫在外堡树下讲佛经寓言故事，孩童都席地静听。\n你偶然经过，也听得入迷，颇有感悟。
Story/N_Fortress_Work_502_001,福韫在外堡树下讲佛经寓言故事，孩童都席地静听。\n你偶然经过，瞥眼发现叶云舟也蹲在地上，他挪了一点位子给你。
Story/N_Fortress_Work_503_001,福韫在外堡树下讲佛经寓言故事，孩童都席地静听。\n叶云裳用涂了墨水的草帮他做了一顶假发，毁掉了当天演讲。\n明知道不礼貌，大家还是笑得前合后仰。
Story/N_Mall_Work_501_001,福韫拜访唐门，与掌门谈论佛法。\n你今日刚巧焚香点灯，从旁听掌门见解，并非佛法，却处处印证佛法。
Story/N_Room_Work_501_001,不知为何，福韫出现在唐门弟子房。\n众师兄弟都不堪其扰，想请走他又不知如何开口，\n你见势不妙想逃，却给师兄弟们关上房门堵住，不是说好同甘共苦吗？
Story/N_Room_Work_502_001,不知为何，福韫出现在唐门弟子房，正在向四师兄说教。\n四师兄贪财之心遭到强制净化，痛改前非，向师兄弟们发了零用钱。\n福韫一走，他又故态复萌，反怪大家拿了他的钱。
Story/D_8_3_2_1_001,情况如何了？
Story/O_8_3_2_1_001,唐门大势已去
Story/D_8_3_2_1_002,滚啊！你们滚！
Story/D_8_3_2_1_003,省点力气，别哭别叫。\n他们是听不懂人话的。
Story/D_8_3_2_1_018,南、南女侠。
Story/D_8_3_2_1_019,跑。
Story/D_8_3_2_1_004,各位！咱们把唐门老巢给抄了，\n看山下那群自称西武林盟的猴子还能翻出什么花样来！
Story/D_8_3_2_1_005,冲进他们正心堂，把唐老魔拖出来乱刀砍死！
Story/D_8_3_2_1_006,把那唐门小娘子也拎出来，别说我们乱来。\n她不是招亲吗？大伙一字排开，给她选婿，今日完婚进洞房！
Story/D_8_3_2_1_007,放屁！
Story/D_8_3_2_1_008,别动我爹！
Story/O_8_3_2_1_002,战况激烈
Story/D_8_3_2_1_009,哦呵呵，想要偷鸡摸狗，门都没有。
Story/D_8_3_2_1_010,还来得及……！留守在大院的师弟妹们正在全力抗敌！
Story/O_8_3_2_1_003,来得及时
Story/D_8_3_2_1_011,空无一人……。
Story/D_8_3_2_1_012,莫非已经来不及了吗？
Story/D_8_3_2_1_020,怎么，你也不清楚吗？我来时就这样。
Story/D_8_3_2_1_021,我去你们后山那边看看。
Story/D_8_3_2_1_013,咦？师弟，你怎么回来了？
Story/D_8_3_2_1_014,好疼，你干嘛掐我脸！
Story/D_8_3_2_1_015,哦，没事儿，就是你回的蹊跷，我还以为你是假冒的。
Story/T_8_3_2_1_001,你才是假冒的吧。
Story/D_8_3_2_1_016,师弟！
Story/D_8_3_2_1_017,三师兄！
Story/D_8_3_2_1_1_001,并不是空无一人喔，师弟。\n就算外堡没破，急功近利抢上山来送死的却不少。
Story/D_8_3_2_1_1_002,哦呵呵呵，其实就在方才，妾身刚收拾了一个面目英俊的江湖少侠。\n看他挺英俊的，不忍就杀，点了穴打算回头调教一番，收作面首。
Story/D_8_3_2_1_1_003,哦……。
Story/D_8_3_2_1_1_004,师姊！你轻功真高，我们已经全力追赶了，还是赶不上你。
Story/D_8_3_2_1_1_005,我自兽径穿行，自然比你们走山路的快的多。
Story/D_8_3_2_1_1_006,姑姑，你也来了！
Story/D_8_3_2_1_1_007,大师兄？
Story/D_8_3_2_1_1_008,是我啦～是你的小梅！
Story/D_8_3_2_1_1_009,哦呵呵，连我都一时没认出来。
Story/D_8_3_2_1_1_010,你这身行头，用上了缩骨功和机关术？
Story/D_8_3_2_1_1_011,是，是我朋友造的，她可厉害了。
Story/D_8_3_2_1_1_012,胸腔起伏是怎么办到的？
Story/D_8_3_2_1_1_013,掌心有鼓风囊。
Story/D_8_3_2_1_1_014,你那朋友到底何方神圣。
Story/D_8_3_2_1_1_015,天下第一巧匠，崆峒裂骨魔郁竹是也。
Story/D_8_3_2_1_1_016,只怕不好活动吧？更别说跟人过招了。
Story/D_8_3_2_1_1_017,那倒是，不过士气比较重要。
Story/D_8_3_2_1_1_018,唉，可惜，可惜。
Story/D_8_3_2_1_1_019,哪处有破绽吗？
Story/D_8_3_2_1_1_020,没有破绽，不是可惜这个。\n你要早点跟姑姑我串通好，筹备一番，你扮大师兄，我扮二师兄，\n唐门两大高手突然现身，武林盟侠客这回要吓得管不住屁眼！
Story/D_8_3_2_1_1_021,哇哈哈哈～妙妙妙！\n他们这群正义凛然的大侠拉裤子里的丑态，一定美观得紧！
Story/T_8_3_2_1_1_001,这两位心思真够肮脏的。
Story/D_8_3_2_1_1_022,到时看他们这些失禁的家伙，还有什么脸面再混江湖，哈哈哈哈！
Story/D_8_3_2_1_1_023,哇～哈哈哈！
Story/D_8_3_2_1_1_024,先不和你说了，姑姑换身衣服先。
Story/D_8_3_2_1_1_025,是，否则姑姑太貌美惹眼，很难暗算的到人。
Story/D_8_3_2_1_1_026,哦呵呵呵，爱拍马屁的小妖精，以后不妨多说，姑姑爱听。
Story/D_8_3_2_1_1_027,阿活，你有受伤吗？
Story/D_8_3_2_1_1_028,没有大碍，你呢？
Story/D_8_3_2_1_1_029,我也没有。
Story/D_8_3_2_1_1_030,先不和你说了，妾身换身衣服先。\n否则本仙儿美貌太显眼了，谁都防着我，很难暗算的到人。
Story/D_8_3_2_1_1_031,师弟！
Story/D_8_3_2_1_1_032,三师兄！
Story/D_8_3_2_1_2_001,在我回来之前，都没人上山来吗？
Story/D_8_3_2_1_2_002,有是有。
Story/D_8_3_2_1_2_003,不过上到山来，都破破烂烂了。\n他们八成以为大院不会设防，给我们围殴一顿推下楼梯去了。
Story/D_8_3_2_1_2_004,有，还不少。你们怎么设的防啊。\n给这么多人流窜上山，要不是本梅机灵，早就出大事了。
Story/D_8_3_2_1_2_005,一言难尽。
Story/D_8_3_2_1_2_006,师兄。
Story/D_8_3_2_1_2_007,让你盯哨，你下来干嘛？回去回去！
Story/D_8_3_2_1_2_008,我讨厌你，大师兄。
Story/T_8_3_2_1_2_001,反正小师妹讨厌的是大师兄，不是本梅。
Story/D_8_3_2_1_2_009,大师兄真厉害。
Story/D_8_3_2_1_2_010,你拍我马屁干嘛？你这个小不点马屁精。
Story/D_8_3_2_1_2_011,我哪有……。
Story/D_8_3_2_1_2_012,做人要务实，不要整天信口雌黄拍人马屁。\n你尽知动嘴皮子怎么行？
Story/D_8_3_2_1_2_013,我讨厌你，大师兄。
Story/T_8_3_2_1_2_002,反正小师妹讨厌的是大师兄，不是本梅。
Story/D_8_3_2_1_2_014,师弟！
Story/D_8_3_2_1_2_015,三师兄！
Story/D_8_3_2_1_3_001,哥哥，你没事真是太好了。
Story/D_8_3_2_1_3_002,哥哥～
Story/D_8_3_2_1_3_003,云裳，你没事吗？
Story/D_8_3_2_1_3_004,有事，你在山下拚命搏杀，我在山上担惊受怕。\n爷爷拿糕点哄我，吃着都不香了，都是你害的。
Story/D_8_3_2_1_3_005,这也怪我。
Story/D_8_3_2_1_3_006,话说我哥哥呢？他没有和你一起上山？
Story/D_8_3_2_1_3_007,叶兄请缨守护外堡，将大院和你托付给我。
Story/D_8_3_2_1_3_008,是吗……。
Story/D_8_3_2_1_3_009,放心，叶兄武艺高强，人又谨慎，不会有事的。
Story/D_8_3_2_1_3_010,嗯，一定是这样。
Story/D_8_3_2_1_3_011,山上怎么静悄悄的，都没刺客上山吗？
Story/D_8_3_2_1_3_012,怎么没有？我躲在正心堂中，听见吆喝声。\n推窗看的时候，只看到坏人被师兄、师姊们收拾了。\n那些臭家伙好像带伤上山，没料到我们有埋伏，一下就倒了。
Story/D_8_3_2_1_3_013,幸好，有惊无险。
Story/D_8_3_2_1_3_014,有，来了好几个，他们还吹嘘说外堡的防线像破洞的网，\n拦不住他们这种轻功高手。\n师姊、师兄们费了九牛二虎之力才赶走了，爷爷也受了轻伤。
Story/D_8_3_2_1_3_015,不幸中的大幸，赶跑了就好。
Story/D_8_3_2_1_3_016,师兄。
Story/D_8_3_2_1_3_017,默铃大显神威，一个人可以打三个，你说对吗？
Story/D_8_3_2_1_3_018,还好。是他们太弱了。
Story/D_8_3_2_1_3_019,小师妹，这种说法会得罪人的。
Story/D_8_3_2_1_3_020,他们先得罪我的。
Story/D_8_3_2_1_3_021,也对。
Story/D_8_3_2_1_3_022,……。
Story/D_8_3_2_1_3_023,默铃，干嘛躲后面不说话。
Story/D_8_3_2_1_3_024,你们在说话。
Story/D_8_3_2_1_3_025,我跟这种朝秦暮楚的花心大萝卜没什么好说的，跟你就有。\n你没受伤吗？听话让我看看！
Story/D_8_3_2_1_3_026,默铃，你有受伤吗？让我检查一下！
Story/D_8_3_2_1_3_027,没有，好痒，不要弄我～
Story/T_8_3_2_1_3_001,两个小姑娘，感情还是一样好。
Story/T_8_3_2_1_3_002,要是我可以一口气把两人弄到手，坐享齐人之福就好了。\n有那么快活，大侠我也不希罕当了。
Story/D_8_3_2_1_3_028,我实在担心你，食不下咽，糕点揣在怀里，给你吃吧。
Story/N_8_3_2_1_3_001,说着叶云裳就把糕点塞你嘴里，是豆沙馅的。
Story/D_8_3_2_1_3_029,好吃吗？甜吗？
Story/D_8_3_2_1_3_030,好吃。
Story/D_8_3_2_1_3_031,慢着，你有这么好心？这当儿正在打仗，你可别再胡闹。
Story/D_8_3_2_1_3_032,来不及了，你已经中计了。
Story/D_8_3_2_1_3_033,你……对这糕点做了什么手脚？
Story/D_8_3_2_1_3_034,我把芳姐姐给的飞毛腿丹也揉进去了。
Story/D_8_3_2_1_3_035,飞毛腿丹？不曾听过，这恐怕不是唐门的丹方。\n不过师姐给你丹药，那是让你保命用的，你怎么给了我。
Story/D_8_3_2_1_3_036,很合适呀？我拿来保你命，你再保护我，还不是一样？
Story/D_8_3_2_1_3_037,真是胡闹。
Story/D_8_3_2_1_3_038,裳儿我就是这样的，爱要不要！
Story/N_8_3_2_1_3_002,那馅里的丹药磨碎了极易消化，刚入腹就被你体内胡椒粉毒吸纳殆尽。\n源源不绝生出力气来，疲倦一扫而空。
Story/N_8_3_2_1_3_003,豆沙甜甜的，你心一暖，源源不绝生出力气来，疲倦一扫而空。
Story/D_8_3_2_1_3_039,师弟！
Story/D_8_3_2_1_3_040,三师兄！
Story/D_8_3_2_1_4_001,师兄。
Story/D_8_3_2_1_4_002,拍拍，辛苦了。
Story/D_8_3_2_1_4_003,这么强硬的拍拍还是头一回。
Story/D_8_3_2_1_4_004,山上没来敌人吗？
Story/D_8_3_2_1_4_005,来了。
Story/D_8_3_2_1_4_006,然后呢？
Story/D_8_3_2_1_4_007,打跑了。
Story/D_8_3_2_1_4_008,那就好，多亏了小师妹。
Story/D_8_3_2_1_4_009,嗯。
Story/D_8_3_2_1_4_010,……那个，师兄。
Story/D_8_3_2_1_4_011,师弟！
Story/D_8_3_2_1_4_012,三师兄！
Story/D_8_3_2_1_4_013,小师妹，你方才要说什么？
Story/D_8_3_2_1_4_014,没事，你们聊。
Story/D_8_3_2_1_4_015,有受伤吗？
Story/D_8_3_2_1_4_016,还好。
Story/D_8_3_2_1_4_017,……。
Story/D_8_3_2_1_4_018,……其实有，我跌倒了，膝盖疼。\n师兄，可以帮我擦药吗……？
Story/D_8_3_2_1_4_019,好，去那边，裤管捋起来，我替你看看。
Story/D_8_3_2_1_4_020,嗯。
Story/D_8_3_2_1_4_021,不许！不许！男女授受不亲，未出阁的娘子，怎能把腿脚肌肤给男子看？\n小师妹你受了伤，怎不去找师姊们帮忙上药？
Story/D_8_3_2_1_4_022,呃……。
Story/D_8_3_2_1_4_023,岂有此理，三师兄，你别来坏我好事！\n我为唐门拚死拚活，还不能看一下小师妹的腿吗！这是我应得的报酬呀！
Story/D_8_3_2_1_4_024,你、你这恶徒，口吐何等不逊之言！
Story/D_8_3_2_1_4_025,……。
Story/D_8_3_2_1_4_026,我一时情急，没意会到这层。\n并非有意冒犯小师妹。
Story/D_8_3_2_1_4_027,真是的，事情涉及小师妹，你就方寸大乱。
Story/D_8_3_2_1_4_028,……。
Story/T_8_3_2_1_4_001,师兄也太着紧我了，说不定，比我喜欢他还多。\n上天待我真是很好很好。
Story/D_8_3_2_1_4_029,好了，现在不是闲话家常的时候。
Story/D_8_3_2_1_4_030,说得也是。
Story/D_8_3_2_1_4_031,……。
Story/D_8_3_2_1_4_032,还、还在生气啊。
Story/D_8_3_2_1_4_033,还好。\n:show|三师兄|平常|sl|r|0|0
Story/D_8_3_2_1_4_034,师弟！
Story/D_8_3_2_1_4_035,三师兄！
Story/D_8_3_2_1_4_036,你们聊。
Story/D_8_3_2_1_4_037,啊……。
Story/D_8_3_2_1_4_038,师弟！
Story/D_8_3_2_1_4_039,三师兄！
Story/D_8_3_2_1_5_001,山上情况如何？
Story/D_8_3_2_1_5_002,没啥要紧的，不出意料，来了一些亟欲借我人头扬名的不速之客。\n哈，不巧的很，这头我还有用处，不能外借。
Story/D_8_3_2_1_5_003,你还有闲心说笑话，看来我是白担心你了。
Story/D_8_3_2_1_5_004,你还有闲心说笑话哦。
Story/D_8_3_2_1_5_005,邹掌门在此，谁动得了我？
Story/D_8_3_2_1_5_006,这倒是。
Story/D_8_3_2_1_5_007,山下情况如何？
Story/D_8_3_2_1_5_008,第一阵大获全胜！
Story/D_8_3_2_1_5_009,可惜你没能亲眼看到那群家伙屁滚尿流哭爹喊娘的样子，太痛快了！
Story/D_8_3_2_1_5_010,这下该把武林盟的气焰打灭了，但愿他们都能清醒一点。
Story/D_8_3_2_1_5_011,是吗！
Story/D_8_3_2_1_5_027,不愧是我哥哥！
Story/D_8_3_2_1_5_012,总算挺住了！没让武林盟为所欲为，反而赔了夫人又折兵。
Story/D_8_3_2_1_5_013,他们轻启战端，就要自食恶果！
Story/D_8_3_2_1_5_014,他们以为自己是谁？想来打人，我们反手就一巴掌搧回去。
Story/D_8_3_2_1_5_015,是吗！
Story/D_8_3_2_1_5_026,太好了，这才象话呢。
Story/D_8_3_2_1_5_016,……说不上乐观，但是一时半会儿还能支撑。
Story/D_8_3_2_1_5_017,那你如何脱离前线，回返大院？
Story/D_8_3_2_1_5_028,爷爷，您怎么能怪哥哥？\n他当然是关心您的安危呀。
Story/D_8_3_2_1_5_029,……说的也是。\n如今我可不仅是唐升。
Story/D_8_3_2_1_5_018,武林盟强袭攻不下外堡，再来就会想要取巧，直取大院。\n上山来的必是精锐，西武林盟的决胜之地，就是唐门大院。
Story/D_8_3_2_1_5_019,既是如此，我们可得摆开阵仗，热烈迎接。
Story/D_8_3_2_1_5_020,唐门弟子皆有！不必再潜藏，全都站到练武场中央来。
Story/D_8_3_2_1_5_021,是！谨奉掌门号令！
Story/D_8_3_2_1_5_022,各位师弟、弟子，决战近在眼前，你们怕不怕？
Story/D_8_3_2_1_5_023,{size=50}不怕！不怕！{/size}
Story/D_8_3_2_1_5_024,好，唐家子弟，个个有骨气。
Story/D_8_3_2_1_5_025,他们还在吶喊助威来着。
Story/D_8_3_2_2_001,西武林盟大势已去，莫再挣扎。\n现在投降的话，南宫某人愿意担保，从中调解。\n虽不能不追究，但能尽量减轻你们的罪衍，请盟主从宽发落。
Story/D_8_3_2_2_002,我怎么不知道自己有什么错，需要被你们原谅？
Story/D_8_3_2_2_003,唐门举事，致令武林正派阋墙，伤亡惨重，这还不算罪过吗？
Story/D_8_3_2_2_004,武林盟不分青红皂白欺上门来喊打喊杀，我们还手就叫罪过？
Story/D_8_3_2_2_005,贤侄，你与这浑人说恁多废话。\n拿下唐老三，喝令西武林盟弃下兵刃投降方为真正慈悲。
Story/D_8_3_2_2_006,赵活，你唐门不自量力，邯郸学步，号召什么西武林盟。\n声势倒有几分，可惜全是莽夫，不懂战术。
Story/D_8_3_2_2_007,如今你大院护山弟子死的死、伤的伤，全歼只是时间问题。\n大势已去，你还不认命弃下兵器，俯首称臣？
Story/D_8_3_2_2_008,如今你大院伏兵已经全数现形，而我武林盟侠士陆续有来，\n全歼只是时间问题，趁早认命弃下兵器，俯首称臣如何？
Story/D_8_3_2_2_009,南宫大侠有你这样卑劣的子孙，实在家门不幸！
Story/D_8_3_2_2_010,贤侄，夜长梦多，废话少说。\n轻慢之心不可有，既然出手就要狠，摘下人头再笑不迟。\n当务之急，必须拿下唐老三，喝令西武林盟弃下兵刃投降。
Story/D_8_3_2_2_011,是。
Story/D_8_3_2_2_012,呼……呼……要死，你都……不等我一下……。\n一点……一点良心都没有……！
Story/D_8_3_2_2_013,萤儿，你上来作甚？
Story/D_8_3_2_2_014,南宫家主自重，本娘子的闺名，岂是你轻易能叫的。
Story/D_8_3_2_2_015,萤儿，你过来。\n从前的事，爹既往不咎。
Story/D_8_3_2_2_016,承蒙上官大人好意，民女敬谢不敏。
Story/D_8_3_2_2_017,好话不说第二遍，你不想远嫁东瀛，依你便是。\n我不管你嫁谁，即便招婿入赘，只消延我上官宗嗣就行。\n这已经是为父最大的让步了，别敬酒不吃吃罚酒！
Story/D_8_3_2_2_018,我不用您让步，上官家主。\n您忘了吗？您早已没有女儿了，我如今是赵家的人、唐门的人！
Story/D_8_3_2_2_019,好，好，好。那你就给他们陪葬！
Story/D_8_3_2_2_020,废话说够了没有？
Story/D_8_3_2_2_021,夏侯贤侄女，念在我上官世家与你雪山派的旧交──
Story/D_8_3_2_2_022,原来你上官老贼还记得自己欠着雪山派。\n择日不如撞日，这就纳命来吧。
Story/D_8_3_2_2_023,……也好，把你也送下去，雪山派就没人向我讨债了！
Story/D_8_3_2_2_024,上官大人。\n当日风雨山，我锦香宫已经明言退隐不问江湖事，\n你却咄咄逼人，欺我宫人，这算不算官逼民反？
Story/D_8_3_2_2_025,退隐江湖又不是免死金牌。\n犯了事的，谁都一句退隐江湖拍拍屁股走人，还需要捕快吗？
Story/D_8_3_2_2_026,听说上官大人向朝廷告假，限期重出江湖，是否属实？
Story/D_8_3_2_2_027,属实。龙女侠想杀我报仇，不必恁多废话。\n你手里的天觞剑曾经斩断鬼莲王，且看今日能否与金背龙王刀争锋！
Story/D_8_3_2_2_028,那便请前辈赐教。
Story/D_8_3_2_2_029,赵少侠，你先挑。
Story/D_8_3_2_2_030,挑剩的另一个，我来替你打发。
Story/D_8_3_2_2_031,南夫人，你是当真要与武林盟为敌？
Story/D_8_3_2_2_032,自然当真，我不已经与武林盟为敌了？
Story/D_8_3_2_2_033,夫为妻纲，尊夫贵为盟主之尊，你不寻思帮衬，\n如何愚昧至此，竟与敌人为伍。
Story/T_8_3_2_2_001,恐怕大公子便是因此，才与上官娘子离心。
Story/D_8_3_2_2_034,你就是老这样想事，老婆才会跑掉啦！
Story/D_8_3_2_2_035,你……。
Story/D_8_3_2_2_036,……。
Story/D_8_3_2_2_037,我这不是……。
Story/N_8_3_2_2_001,南宫深给你这么一说，几度欲言又止，竟然不能反驳。
Story/D_8_3_2_2_038,不管怎么说，你以妇人之见，闯出的祸已经够大了。\n再不悬崖勒马，便是南宫世家、武林盟主也保不住你！
Story/D_8_3_2_2_039,你这人怎地那么婆妈，麻烦死了。\n难道是我杀的人太少，还是被杀的人不够重要，\n让你以为事情仍有转寰余地吗。
Story/D_8_3_2_2_040,我改变主意了，赵少侠。\n我得杀一个重要的人，才够说服世人的样子。
Story/D_8_3_2_2_041,南宫家主交给我对付吧。
Story/O_8_3_2_2_001,南宫深（凤凰肩甲）
Story/O_8_3_2_2_002,上官隼（金背龙王刀）
Story/D_8_3_2_2_1_001,贤侄，这厮就给你应付了。
Story/D_8_3_2_2_1_002,贤侄，这厮就给你应付了，我去会一会那唐门飞侠。
Story/D_8_3_2_2_1_003,别想！
Story/D_8_3_2_2_1_004,你的对手是我。
Story/D_8_3_2_2_1_005,小师妹，你快去帮大师兄。
Story/D_8_3_2_2_1_006,那你呢？
Story/D_8_3_2_2_1_007,甭管我，你快去！
Story/D_8_3_2_2_1_008,唐世妹！
Story/D_8_3_2_2_1_009,你的对手是我。
Story/D_8_3_2_2_1_010,大公子，你也是在耕阳读书斋读过圣贤书的。\n你扪心自问，你们所作所为当真合乎道理吗？
Story/D_8_3_2_2_1_011,……。
Story/D_8_3_2_2_1_012,怎么了，看着我，说话啊！
Story/D_8_3_2_2_1_013,我对你没什么好说的。
Story/D_8_3_2_2_1_014,你……！
Story/D_8_3_2_2_1_015,萤姑娘，我来和他说。
Story/D_8_3_2_2_1_016,萤儿，你定是受妖人以邪术所迷，才丧了心智！\n否则焉能看得上这种丑怪的玩意，糟蹋了自己！\n快快清醒过来，你想作南宫世家的主母，我允了便是！
Story/D_8_3_2_2_1_017,赵活是真正的大侠，比你这金玉其外败絮其中的纨绔好上千百万倍！\n别用你那张臭嘴辱他！然后我最后警告你一次，别再把萤儿二字挂嘴边，\n平辈之中，只有赵活可以这样叫我！
Story/D_8_3_2_2_1_018,哼！我看你已经神智不清！
Story/D_8_3_2_2_1_019,赵兄弟，你就算是对的、就算站得住脚，也不能一意孤行。\n恩怨纠葛没那么容易说得清，世理不是这样运作的。
Story/D_8_3_2_2_1_020,那就应该让它变成这样才对，而非屈服。
Story/D_8_3_2_2_1_021,看来言语无法使我们心意相通。\n我要用我的方法保卫武林和平，你也无须手下留情。
Story/D_8_3_2_2_1_022,姓赵的小子，当时你没死在江陵战场，就是败笔。\n这个江湖故事不需要有你，现在我来添笔，把你这污点抹掉吧。
Story/D_8_3_2_2_1_034,姓赵的小子，你苟活到今日没死，就是败笔。\n这个江湖故事不需要有你，现在我来添笔，把你这污点抹掉吧。
Story/D_8_3_2_2_1_023,凤凰战衣，来！
Story/D_8_3_2_2_1_024,这什么鬼玩意儿！
Story/D_8_3_2_2_1_025,这是我南宫世家传家之宝，高祖爷爷南宫智命当代匠人打造的无敌战甲。\n其名为──凤凰宝衣！
Story/D_8_3_2_2_1_026,居然是凤凰战衣……你……你连这种宝物都祭出来了，\n真就这么恨唐门吗？
Story/D_8_3_2_2_1_027,不是恨，全力以赴是敬意。
Story/D_8_3_2_2_1_028,夺妻之恨，不共戴天。
Story/T_8_3_2_2_1_001,太……太威风了……太霸气了！\n我感觉自己一点胜算也没有！
Story/N_8_3_2_2_1_001,你昔日支持肩甲，今日就被肩甲所害。\n没打气势就先输人。
Story/D_8_3_2_2_1_029,这……。
Story/D_8_3_2_2_1_030,真他妈的离谱……我早就觉得你们南宫世家不大对劲。\n原来你们的脑子有问题，是家族血脉的传承。
Story/D_8_3_2_2_1_031,哼，等你知道这件战衣的厉害，看你还说不说得出这种话来。
Story/D_8_3_2_2_1_032,你真要穿这个跟我动手？
Story/D_8_3_2_2_1_033,正是。
Story/N_8_3_2_2_2_001,你败后，唐家大院惨遭祝融，三师兄力战而死。
Story/D_8_3_2_2_2_001,你……这是做甚？
Story/D_8_3_2_2_2_002,赵兄弟，我信你，可是唐门必须要亡。\n这不单是为了武林和平，也是朝廷的旨意。
Story/D_8_3_2_2_2_003,前人流了很多血、花了不知多少努力才让朝野和解，\n就算是引鸩止渴，也不能前功尽弃。\n否则大宋之危，谁来力挽狂澜？
Story/D_8_3_2_2_2_004,放开他！
Story/D_8_3_2_2_2_005,上官娘子，他一时半会儿动弹不了。\n趁这机会把他带下山去吧，西武林盟是没有胜算的，\n唯有如此，才是你们唯一活路。
Story/D_8_3_2_2_2_006,你在打什么主意？
Story/D_8_3_2_2_2_007,我的阴谋就是让你们活下去。
Story/D_8_3_2_2_2_008,……你的红颜知己，我会设法护她平安，再送回你身边。
Story/D_8_3_2_2_2_009,你看不惯，我也没办法，我也是江湖中浮沉不由自己的人。\n能为你做到的，真就这么多了。
Story/D_8_3_2_2_2_010,你恨我怨我也好，活着吧，退隐江湖吧。
Story/D_8_3_2_2_2_011,慢着……大公子……。
Story/D_8_3_2_2_2_012,赵活！
Story/D_8_3_2_2_2_013,唔哦哦……还没完，只要还有这凤凰战衣……！
Story/D_8_3_2_2_2_014,现在没有凤凰战衣了。
Story/D_8_3_2_2_2_015,你这混蛋……那可是我传家宝……！
Story/T_8_3_2_2_2_001,大不了回头帮你修好，抱歉了。
Story/D_8_3_2_2_2_016,南宫家主，不得不借你声名一用，得罪了。
Story/D_8_3_2_2_2_017,我、我的凤凰战衣……！
Story/D_8_3_2_2_2_018,已经没了。
Story/D_8_3_2_2_2_019,姑且留你一命，让武林盟混蛋们投鼠忌器！
Story/D_8_3_2_2_2_020,你是三大世家家主，生死该由我家掌门论断。
Story/D_8_3_2_2_2_021,干嘛？
Story/D_8_3_2_2_2_022,没事。
Story/D_8_3_2_2_2_023,你怀疑我还念旧情？
Story/D_8_3_2_2_2_024,哎唷，萤儿饶我。
Story/D_8_3_2_2_2_025,饶不饶以后再说，你快拿这家伙性命要挟武林盟罢斗。
Story/T_8_3_2_2_2_002,看来是真的一点也不放心上了。
Story/D_8_3_2_2_2_026,{size=50}武林盟的全给我住手！{/size}
Story/D_8_3_2_2_2_027,{size=40}你们武林盟军师南宫家主落在我手上！{/size}\n{size=40}你们还不住手罢斗？{/size}
Story/D_8_3_2_2_2_028,南宫家主败了？这……终究是太年轻了啊。
Story/D_8_3_2_2_2_029,怎么办？真要停手吗？
Story/D_8_3_2_2_2_030,当然要停手！快停手！通通停手！家主是南宫嫡系最后血脉啊！\n你们武林中人，哪个没受过老家主、太上家主的照拂？\n唐门忘恩负义，难道你们也忘恩负义吗？
Story/D_8_3_2_2_2_031,你这话可就奇了，唐门南宫向来互敬互信，\n先打上门来割袍断义的难道不是你们吗？
Story/D_8_3_2_2_2_032,这……这……。
Story/T_8_3_2_2_3_001,他这身战衣攻防一体，实在太厉害了。\n可恶……要是我也能有一件这样的战衣就好了！
Story/T_8_3_2_2_3_002,他这身战衣，看着愚蠢，实则确实愚蠢。\n只是攻防一体，碍事的要命，处处牵制我，极不好斗。
Story/D_8_3_2_2_3_001,师弟，我跟你讲啊。\n像这种肩甲，最大强项就是碍事，最大弱点也是碍事。\n最适合对付他的暗器是啥你知道吗？答案是人。
Story/D_8_3_2_2_3_002,啊！
Story/D_8_3_2_2_3_003,阿丙，你在我后边做甚？
Story/D_8_3_2_2_3_004,谁扔我过来的？家主不要！
Story/D_8_3_2_2_3_005,阿丁！
Story/D_8_3_2_2_3_006,呃……我就是让你别转这么急，肩甲不长眼……你还硬要……。
Story/D_8_3_2_2_3_007,是何方高人，这般戏耍南宫某人，还请出来一见！
Story/D_8_3_2_2_3_008,大公子～我们打小就认识，你应该知道唐某人的路子。\n没有必胜把握绝不出手，等到如今才现身，你猜我有几成胜算？
Story/D_8_3_2_2_3_009,这、这、这……！
Story/D_8_3_2_2_3_010,你是……！
Story/D_8_3_2_2_3_011,唐门飞侠唐布衣。
Story/D_8_3_2_2_3_012,这、这次是本尊？
Story/D_8_3_2_2_3_013,如假包换。
Story/D_8_3_2_2_3_014,大师兄！你怎么……！
Story/D_8_3_2_2_3_015,好久不见啦，师弟。
Story/D_8_3_2_2_3_016,好久不见！
Story/D_8_3_2_2_3_017,大师兄……？
Story/D_8_3_2_2_3_018,小师妹，你是不是长胖了？
Story/D_8_3_2_2_3_019,这次是真的，拍拍，欢迎回家。
Story/D_8_3_2_2_3_020,哎唷不要弄啦，走开啦你。
Story/D_8_3_2_2_3_021,大师兄！
Story/D_8_3_2_2_3_022,拍拍，欢迎回家。
Story/D_8_3_2_2_3_023,别拍了，乖，去旁边吃草。
Story/D_8_3_2_2_3_024,咦？那边……怎么又有一个大师兄？
Story/D_8_3_2_2_3_025,大师兄，你不是在这边吗？怎么又在那边？
Story/D_8_3_2_2_3_026,咦，本人？他……他居然没死？
Story/D_8_3_2_2_3_027,大师兄，你这话是什么意思？
Story/D_8_3_2_2_3_028,说来很复杂，用看的一下你就明白了。
Story/D_8_3_2_2_3_029,事情就是这样。
Story/D_8_3_2_2_3_030,{size=50}什么鬼！！{/size}
Story/D_8_3_2_2_3_031,不会吧……是我眼花了吗？
Story/D_8_3_2_2_3_032,我也看到了。
Story/D_8_3_2_2_3_033,什么？
Story/D_8_3_2_2_3_034,是大师兄！大师兄回来了！
Story/D_8_3_2_2_3_035,什么！当真吗？可是，但是……
Story/D_8_3_2_2_3_036,真是太好啦！
Story/D_8_3_2_2_3_037,大公子，我们打个商量如何？
Story/D_8_3_2_2_3_038,什、什么商量？
Story/D_8_3_2_2_3_039,你这身凤凰宝衣看着真不错，你脱下来给我。
Story/D_8_3_2_2_3_040,放屁，这可是南宫世家传家宝，你张口就要，是土匪吗？
Story/D_8_3_2_2_3_041,我脱你宝衣是为你好。\n你那宝衣看着异常坚硬，寻常暗器八成难以伤你。
Story/D_8_3_2_2_3_042,哼……你也识货，知道就好。\n有这身宝衣，看你能耐我何。
Story/D_8_3_2_2_3_043,我若要败你，唯有使出绝招。
Story/D_8_3_2_2_3_044,绝招……难不成你说的是飞燕流星翎？
Story/D_8_3_2_2_3_045,正是飞燕流星翎。
Story/D_8_3_2_2_3_046,你是知道我的，唯独这招，我总是拿捏不好。\n轻易不对人使，因为很难手下留情。
Story/D_8_3_2_2_3_047,……。
Story/D_8_3_2_2_3_048,虽说我看不惯你平时跋扈作派，见一次总要打一次。\n但对老太爷、南宫世伯却有几分敬意，不忍让南宫世家绝后。\n你是立刻投降，还是冒着分尸的风险，赌一赌钢铁和羽毛那边比较硬？
Story/O_8_3_2_2_3_001,南宫深：「我南宫深就是不信邪。」
Story/D_8_3_2_2_3_049,我南宫深就是不信邪！羽毛怎能斩得断钢铁！
Story/D_8_3_2_2_3_050,哦，其实我也只是说说，我也不知会怎么样。
Story/D_8_3_2_2_3_051,我就知道──
Story/D_8_3_2_2_3_052,试试就知道了！
Story/D_8_3_2_2_3_053,呃啊！
Story/D_8_3_2_2_3_054,你……你这家伙……。
Story/D_8_3_2_2_3_055,不愧是凤凰宝衣，你竟没缺胳膊少腿，佩服佩服。
Story/D_8_3_2_2_3_056,各位武林同道，都看到了南宫大公子的下场了。\n我数到三，你们再敢对我门人举刀子，我就放暗器杀人。\n同样丑话说在前头，我这招没练到家，可没办法留手，你们自己思量。
Story/D_8_3_2_2_3_057,怕、怕你不成？你难道还能杀光在场所有武林人？\n我就看你先内力耗竭，还是我们正派侠士先死光。
Story/D_8_3_2_2_3_058,大师兄！杀他！这个人我认得，等下优先杀他！
Story/D_8_3_2_2_3_059,喂！你！你别害我！你干嘛害我！
Story/D_8_3_2_2_3_060,后面那个谁？别躲，我看到你的脸了！\n大师兄，第二个杀他！
Story/D_8_3_2_2_3_061,没！你没看到我！我今天压根就没来过唐门！
Story/D_8_3_2_2_3_062,我……我……我已经死了～
Story/O_8_3_2_2_3_002,南宫深：「住手！」
Story/D_8_3_2_2_3_063,……住手！这可是我南宫家的传家宝！
Story/D_8_3_2_2_3_064,你要是不赶紧投降，我就弄烂你传家宝。\n就像小时候我弄烂你心爱的玩具一样，让它变得四分五裂！
Story/D_8_3_2_2_3_065,你……你从小就是个恶霸！
Story/D_8_3_2_2_3_066,那又怎样，降不降！
Story/D_8_3_2_2_3_067,我降了便是。
Story/D_8_3_2_2_3_068,大师兄……你人品真有问题。
Story/D_8_3_2_2_3_069,谁叫这家伙一直炫耀，把玩具戳我脸上？他活该。
Story/D_8_3_2_2_3_070,什么？花言巧语把我们哄骗上山，\n把人往死里得罪，南宫家主反而先投降？
Story/D_8_3_2_2_3_071,罢了，功亏一篑可不是我的责任，后果让南宫家主自负！
Story/N_8_3_2_2_3_001,就像上官隼忌惮唐中翎，南宫深同样深深忌惮唐布衣，\n众人眼看功亏一篑，都面面相觑，却又不敢不从。
Story/D_8_3_2_2_3_072,不愧是大师兄，行径就跟山贼一样。
Story/D_8_3_2_3_1_001,你去指挥作战，这小子由我上官隼来打发。
Story/D_8_3_2_3_1_002,你去指挥作战，这杂种由我上官隼来亲手送下黄泉。
Story/D_8_3_2_3_1_003,世伯，手下留情。
Story/D_8_3_2_3_1_004,我们后边正在与唐门厮杀的人、山下正与西武林盟交战的人，\n难道就没有你的朋友？因小失大，心胸狭窄之辈，不够资格肩担大任。
Story/D_8_3_2_3_1_005,世伯教训的是。
Story/D_8_3_2_3_1_006,好。
Story/D_8_3_2_3_1_007,不过萤儿……。
Story/D_8_3_2_3_1_008,不需要你来多嘴。
Story/D_8_3_2_3_1_009,是。
Story/D_8_3_2_3_1_010,我封刀退隐多年不曾动武，因此生疏。\n上回才在风雨山给你占了便宜，这回我取回金背龙王刀，全力应战，\n也算对你的敬意。心怀骄傲的死去吧。
Story/D_8_3_2_3_1_011,上回风雨山借来的刀子太钝，没能将你一刀两断，实属遗憾。\n这回我取回金背龙王刀，就看你还挨上几刀？
Story/D_8_3_2_3_1_012,我封刀退隐多年不曾动武，上回风雨山亦不过敷衍了事。\n今日我金背龙王刀重出江湖，头一个血祭的人就是你。
Story/D_8_3_2_3_1_013,爹……上官大人。\n那宝刀不是退隐之日，就上祷祖宗，埋于上官大院镇邪？\n您怎能又将它取出。
Story/D_8_3_2_3_1_014,我为民除害，祖宗会谅解我。
Story/D_8_3_2_3_1_015,是与破山斩、割梦刀、鬼莲王并称江湖四把刀的金背龙王刀？
Story/D_8_3_2_3_1_016,正是，你这小子就算孤陋寡闻，到底也是江湖人。\n既然是江湖人，就无一人不晓金背龙王刀。
Story/D_8_3_2_3_1_017,哼，我就不信有多锋利！
Story/D_8_3_2_3_1_018,头伸过来，马上让你见识！
Story/D_8_3_2_3_1_019,知道归知道，可不见得要怕你。
Story/D_8_3_2_3_1_020,且看你的脖子，有没有嘴硬！
Story/D_8_3_2_3_1_021,好刀配坏人，糟蹋糟蹋。
Story/D_8_3_2_3_1_022,活着的才是好人。
Story/D_8_3_2_3_1_023,什么金背龙王刀？不知道。
Story/D_8_3_2_3_1_024,无知也是福气。
Story/D_8_3_2_3_1_025,上官世伯，你和我爹不是朋友吗？
Story/D_8_3_2_3_1_026,……要是的话，何至于此。
Story/D_8_3_2_3_1_027,有交情的是唐门与上官两家祖先。
Story/D_8_3_2_3_1_028,喔。
Story/D_8_3_2_3_1_029,那我就放心了。
Story/D_8_3_2_3_1_030,打死你，爹也不会生气。
Story/D_8_3_2_3_1_031,小小女娃，毛不知有没长齐，口气这么狂。\n你自幼没娘亲教养，就让世伯来教你，女人该有的谦卑。
Story/D_8_3_2_3_1_032,看刀！
Story/D_8_3_2_3_2_061,没用没用！受死吧！
Story/T_8_3_2_3_2_003,不妙……没有能扔的东西了吗──
Story/N_8_3_2_3_2_003,你情急之下，随手往怀里一摸，不假思索便作铁胆投出。
Story/D_8_3_2_3_2_062,吾命休矣！
Story/D_8_3_2_3_2_063,……。
Story/D_8_3_2_3_2_064,你做甚？
Story/D_8_3_2_3_2_065,……。
Story/D_8_3_2_3_2_066,……？
Story/D_8_3_2_3_2_067,我听说，你是唐门千金的奶娘，没有错吧？
Story/D_8_3_2_3_2_068,放屁，我是男的！哪来的奶！
Story/D_8_3_2_3_2_069,你已经尝试过了，结果证明你什么也办不到，该知足了。\n滚吧你，别淌这滩浑水，再若纠缠不清，我必不会留情。
Story/D_8_3_2_3_2_070,什么意思，上官家主这是要放我生路？\n那你行行好，也放过唐门呀！
Story/D_8_3_2_3_2_071,办不到。
Story/D_8_3_2_3_2_072,你欺我力竭，又仗兵器之利，赢了又待如何？\n有胆量等我喘口气，再来斗过。
Story/D_8_3_2_3_2_073,来人，揍他。
Story/D_8_3_2_3_2_074,上官家主不为难你，咱们却也不能让你纠缠搅局！
Story/D_8_3_2_3_2_075,他手上没暗器，而且连番苦战，已经力竭。\n大家一起上，揍他！
Story/D_8_3_2_3_2_076,慢着！
Story/D_8_3_2_3_2_077,有本事就来！
Story/D_8_3_2_3_2_001,先杀了我！
Story/D_8_3_2_3_2_002,我给你安排的婚事，便非南宫世家大公子，也是日本幕府权重之人。\n品德家世财富相貌，无一不是万里挑一，你却宁可要这丑陋之人？
Story/D_8_3_2_3_2_003,对。
Story/D_8_3_2_3_2_004,他不负我，我不负他。
Story/D_8_3_2_3_2_005,你若只是感念他的恩惠，大可不必。\n待我杀了他，你想报恩也无从报起。
Story/D_8_3_2_3_2_006,您若杀了他，女儿只能拿命赔偿，也不活了。
Story/D_8_3_2_3_2_007,你说这番话，道我还能受你威胁？\n你倘若生作男儿身，上官家业后继有人，我尚且有些忌惮，\n可惜你只是个女流！
Story/D_8_3_2_3_2_008,我便是女流，那又如何？\n我比你都要能干，短短不到十年，把你挥霍的家业都救了回来。\n若没有我，上官世家早就破产了，你哪有钱财捐官作威作福！
Story/D_8_3_2_3_2_009,放肆！你敢对我这样说话？
Story/D_8_3_2_3_2_010,我便不对你这样说话，你还不是对我半分不怜惜！\n你嫌弃我，我也不想投胎作你女儿！
Story/D_8_3_2_3_2_011,你说什么？
Story/D_8_3_2_3_2_012,我在唐门有人关怀、有人信赖，不会动辄乱打乱骂，\n没了利用价值就一脚踢开，你养我的花销，我早已成千上百倍还你。\n我再也不欠你的，至多你一刀把我命也收回去！
Story/D_8_3_2_3_2_013,……。
Story/D_8_3_2_3_2_014,萤姑娘……。
Story/D_8_3_2_3_2_015,放心，赵活……赵郎。\n我上官萤贪生怕死，但是最重然诺，许了你的，绝不食言。\n我们携手长眠，也不寂寞。
Story/D_8_3_2_3_2_016,{size=40}来人！{/size}
Story/D_8_3_2_3_2_017,是！
Story/D_8_3_2_3_2_018,……送娘子和阿郎下山治伤。\n他们若想远离武林纷争，就给他们钱。
Story/D_8_3_2_3_2_019,请问大人，这个……要给多少合适？
Story/D_8_3_2_3_2_020,蠢材！有多少给多少！我上官世家缺钱吗！
Story/D_8_3_2_3_2_021,……爹。
Story/D_8_3_2_3_2_022,萤儿，珍重。去你想去的地方，做你想做的事。
Story/D_8_3_2_3_2_023,大……呃，这个……怎么称呼才好？
Story/D_8_3_2_3_2_024,照旧吧。
Story/D_8_3_2_3_2_025,大小姐，我们护送你和阿郎下山。
Story/D_8_3_2_3_2_026,我可不走……别碰我。
Story/D_8_3_2_3_2_027,……。
Story/D_8_3_2_3_2_028,搬吧，小心别弄疼他，他伤得很重。
Story/T_8_3_2_3_2_001,您方才那拳完全不像心疼他啊。
Story/D_8_3_2_3_2_029,他不负我，我不负……。
Story/N_8_3_2_3_2_001,上官萤想到你说一套做一套，把她哄骗到唐门，却背地里还有红颜知己，\n不由得心头一痛，话哽在喉头，再也说不出来。
Story/D_8_3_2_3_2_030,嘿，看你那表情，想是吃了苦头吧？\n好教你知晓，天下男子都一个样，好看不好看同样贪得无厌。
Story/D_8_3_2_3_2_031,爹，不要！
Story/D_8_3_2_3_2_032,不行，谁欺负我上官家的人，就必须付出代价。
Story/N_8_3_2_3_2_002,你败后，唐家大院惨遭祝融，三师兄力战而死。
Story/D_8_3_2_3_2_033,唔哦哦哦哦──！
Story/D_8_3_2_3_2_034,决胜负了！看镖！
Story/D_8_3_2_3_2_035,不要！
Story/D_8_3_2_3_2_036,啊！
Story/D_8_3_2_3_2_037,……好险，没射中要害。
Story/D_8_3_2_3_2_038,萤姑娘你干什么？万一我打偏射中要害，你就没爹了呀！
Story/D_8_3_2_3_2_039,你没有要取他性命吗？
Story/D_8_3_2_3_2_040,当然没有，他是你爹啊。\n我这镖是要射他肩头，让他暂时不能再使刀。
Story/D_8_3_2_3_2_041,原来是这样……倒让我白白操心了。
Story/D_8_3_2_3_2_042,重点是他家财万贯，死了我还怎么勒索。
Story/D_8_3_2_3_2_043,把上官家主衣服脱光拿条绳子绑起来，勒索钱财然后撕票！
Story/D_8_3_2_3_2_044,喂！不行！你这个疯子！你敢做我就跟你翻脸！
Story/D_8_3_2_3_2_045,啊！
Story/D_8_3_2_3_2_046,姑且留你一命，让武林盟混蛋们投鼠忌器！
Story/D_8_3_2_3_2_047,你是三大世家家主，生死该由我家掌门论断。
Story/D_8_3_2_3_2_048,{size=50}武林盟的全给我住手！{/size}
Story/D_8_3_2_3_2_049,{size=40}上官家主在我手上！{/size}\n{size=40}我要一～刀子捅死了御使大人，你们猜猜会怎样？{/size}
Story/D_8_3_2_3_2_050,那是你下的毒手，朝廷自会找你算账！
Story/D_8_3_2_3_2_051,真的假的？哈哈，师弟妹们，你听听这家伙在说啥？笑他啦！
Story/D_8_3_2_3_2_052,哈哈哈哈！这家伙真够天真可爱耶！\n我早知他脑子没发育，方才就不该打他的，倒像欺负小孩。
Story/D_8_3_2_3_2_053,我哪里说错，杀人者偿命，朝廷难道还能冤枉人？
Story/D_8_3_2_3_2_054,是是是，朝廷不会冤枉人，每个都清官，乡亲从没求告无门的时候。\n跟你们武林盟完全不一样，怀疑谁就命谁缴械束手就擒。
Story/D_8_3_2_3_2_055,朝廷来人叫你们放下兵刃配合调查的时候，各位请一定不要抵抗啊。
Story/D_8_3_2_3_2_056,清者自清，浊者自浊，我何必抵抗。
Story/D_8_3_2_3_2_057,话不能这么说……朝廷把武林人当作眼中钉，也不是一两天的事。\n只是为防民怨，师出无名不好打压罢了。\n钦差大人要是出事，朝廷才不会管你谁是谁，通通捉起来，有去无回。
Story/D_8_3_2_3_2_058,真的吗……？
Story/D_8_3_2_3_2_059,假的，你千万别信他的，要相信大宋法律啊！
Story/D_8_3_2_3_2_060,你自命为正派侠客，到底混江湖干嘛的？
Story/T_8_3_2_3_2_002,上官世伯竟然败了……超乎想象。
Story/D_8_3_2_3_3_001,可恶……！
Story/D_8_3_2_3_3_002,我可是忙人，没有多余光阴浪费在你这江湖小鱼虾身上。\n既然没招就别喘了，认命去死吧。
Story/T_8_3_2_3_3_001,气海穴被打中了，糟糕！
Story/D_8_3_2_3_3_003,是何方宵小，胆敢偷袭本官！
Story/D_8_3_2_3_3_004,上官世伯～打小你就认识我，你应该知道唐某人的路子。\n没有必胜把握绝不出手，等到如今才现身，你猜我有几成胜算？
Story/D_8_3_2_3_3_005,你……你是！
Story/D_8_3_2_3_3_006,唐门首席大弟子，飞侠唐布衣来也！
Story/D_8_3_2_3_3_007,大师兄！
Story/D_8_3_2_3_3_008,咦？那边……怎么又有一个大师兄？
Story/D_8_3_2_3_3_009,大师兄，你不是在这边吗？怎么又在那边？
Story/D_8_3_2_3_3_010,咦，本人？他……他居然没死？
Story/D_8_3_2_3_3_011,大师兄，你这话是什么意思？
Story/D_8_3_2_3_3_012,说来很复杂，用看的一下你就明白了。
Story/D_8_3_2_3_3_013,事情就是这样。
Story/D_8_3_2_3_3_014,{size=50}什么鬼！！{/size}
Story/D_8_3_2_3_3_015,不会吧……是我眼花了吗？
Story/D_8_3_2_3_3_016,我也看到了。
Story/D_8_3_2_3_3_017,什么？
Story/D_8_3_2_3_3_018,是大师兄！大师兄回来了！
Story/D_8_3_2_3_3_019,什么！当真吗？可是，但是……
Story/D_8_3_2_3_3_020,真是太好啦！
Story/D_8_3_2_3_3_021,师弟、师妹，你们先别高兴得太早。\n就算上官家主已是强弩之末，我也没十足把握赢他，\n你们速速离远一点，免受池鱼之殃！
Story/D_8_3_2_3_3_022,怎会……。
Story/D_8_3_2_3_3_023,骗你的啦哈哈哈！飞燕流星翎！
Story/D_8_3_2_3_3_024,唔哦哦哦！你……你这小贼……！
Story/D_8_3_2_3_3_025,知道我大师兄的厉害了吧！
Story/D_8_3_2_3_3_026,大师兄……？
Story/D_8_3_2_3_3_027,小师妹，你是不是长胖了？
Story/D_8_3_2_3_3_028,这次是真的。
Story/D_8_3_2_3_3_029,哎唷走开啦你。
Story/D_8_3_2_3_3_030,大师兄！
Story/D_8_3_2_3_3_031,拍拍，欢迎回家。
Story/D_8_3_2_3_3_032,别拍了，乖，去旁边吃草。
Story/D_8_3_2_3_3_033,我知道你们满腹疑惑，稍后就算你们不问，我也要讲。\n当务之急是啥，不用我说吧？
Story/D_8_3_2_3_3_034,把上官家主衣服脱光绑起来，勒索钱财然后撕票！
Story/D_8_3_2_3_3_035,喂！不行！你这个疯子！你敢做我就跟你翻脸！
Story/D_8_3_2_3_3_036,喇逼雕啦，你这人怎么这样啊。\n不是，你这已经不是好人坏人的问题了，你根本不是人。
Story/D_8_3_2_3_3_037,你这人怎么这样啊。\n不是，你这已经不是好人坏人的问题了，你根本不是人。
Story/D_8_3_2_3_3_038,哈哈哈哈哈！
Story/D_8_3_2_3_3_039,哈哈哈哈哈！别闹了贱人，现在不是笑的时候，打住，打住。
Story/D_8_3_2_3_3_040,好！
Story/D_8_3_2_3_3_041,知道！
Story/D_8_3_2_3_3_042,咳，嗯！
Story/D_8_3_2_3_3_043,{size=50}敬告各位武林盟的蠢蛋，在下唐布衣！{/size}
Story/D_8_3_2_3_3_044,{size=40}我没别的好说，就说一件事。{/size}\n{size=40}各位不妨睁眼看看地下倒着谁？登愣！是上官家主！{/size}
Story/D_8_3_2_3_3_045,大哥，别这样！
Story/D_8_3_2_3_3_046,大师兄，脚下留情，上官家主姑且算是我岳父。
Story/D_8_3_2_3_3_047,真的假的……就算我们两家反目，从前好歹是世交，\n至多偿命就揭过的事，你还想污染人家血脉、祸害人家子孙……。\n这也未免太阴损了，不会稍嫌过火吗？
Story/D_8_3_2_3_3_048,阴损的是你吧，被污染的是你的脑子！
Story/D_8_3_2_3_3_049,好吧，不踢就不踢。
Story/D_8_3_2_3_3_050,小师妹，一起踢他！
Story/D_8_3_2_3_3_051,哎？不要……。
Story/D_8_3_2_3_3_052,不要就算了。
Story/D_8_3_2_3_3_053,别、别踢了二位！这……这位可是上官家主，\n就算反目了，他还是五品大员，是官啊！
Story/D_8_3_2_3_3_054,官又怎样，苟害于民，人人得而诛之。\n你冲进我家喊打喊杀，我想杀人的念头都有，\n几欲忍耐不住，踢他几脚消气还不行吗？
Story/D_8_3_2_3_3_055,一边凉快去，不然我踢死他。
Story/D_8_3_2_3_3_056,还请务必脚下留情。
Story/D_8_3_2_3_3_057,你各位不想成为下一个唐某脚底挨踢的，最好别再轻举妄动。
Story/D_8_3_2_3_3_058,我和上官家主可没啥交情。\n你唐布衣敢害朝廷命官，朝廷自会找你算账！
Story/D_8_3_2_3_3_059,真的假的？哈哈，师弟妹们，你听听这家伙在说啥？笑他啦！
Story/D_8_3_2_3_3_060,哈哈哈哈！这家伙真够天真可爱耶！\n我早知他脑子没发育，方才就不该打他的，倒像欺负小孩。
Story/D_8_3_2_3_3_061,我哪里说错，杀人者偿命，朝廷难道还能冤枉人？
Story/D_8_3_2_3_3_062,是是是，朝廷不会冤枉人，每个都清官。\n跟你们武林盟完全不一样，怀疑谁就命谁缴械束手就擒。
Story/D_8_3_2_3_3_063,朝廷来人叫你们放下兵刃配合调查的时候，各位请一定不要抵抗啊。
Story/D_8_3_2_3_3_064,清者自清，浊者自浊，我何必抵抗。
Story/D_8_3_2_3_3_065,话不能这么说……朝廷把武林人当作眼中钉，也不是一两天的事。\n只是为防民怨，师出无名不好打压罢了。\n钦差大人要是出事，朝廷才不会管你谁是谁，通通捉起来，有去无回。
Story/D_8_3_2_3_3_066,真的吗……？
Story/D_8_3_2_3_3_067,假的，你千万别信他的，要相信大宋法律啊！
Story/D_8_3_2_3_3_068,你自命为正派侠客，到底混江湖干嘛的？
Story/T_8_3_2_3_3_002,唐布衣竟然能够打败上官世伯。
Story/D_8_4_1_1_033,好烫！
Story/D_8_4_1_1_034,好卑鄙，尽靠这些古怪的花招！
Story/D_8_4_1_1_035,南夫人如何不是仗着奇妙的七重子母剑，施展武功？\n南夫人可还训不了我。
Story/T_8_4_1_1_003,大公子武功虽不如我，但那件喷火的肩甲特别麻烦，\n我竟然应付不了他。
Story/D_8_4_1_1_036,弃剑投降吧，南宫世家长于内功，气息绵长。\n僵持越久，南夫人气势越颓，注定胜不了我。
Story/D_8_4_1_1_037,若不呢？
Story/D_8_4_1_1_038,你还可以舍下唐门，下山求存，本公子保证不去追赶。\n事后尊夫问责，却又另当别论。
Story/D_8_4_1_1_039,烦死了你，老是高高在上要罚别人，你到底算哪根葱？\n废话少说，看剑！
Story/D_8_4_1_1_040,冥顽不灵，罪加一等！\n如此我便不再留情，先将你拿下了再说！
Story/D_8_4_1_1_041,南宫风流扇？是谁？
Story/D_8_4_1_1_042,公子深，咱们花城四少很久不见了，你怎么今日为难一名女子？
Story/D_8_4_1_1_043,公子秀！此乃事出有因，容后解释。\n当前要务，必须拿下这名女子，重回大院，制服唐门。
Story/D_8_4_1_1_044,原来又是同党。
Story/D_8_4_1_1_045,是不是同党还不一定。\n公子深，本公子有一事借机向你问个明白，\n不问个清楚，实在心中有刺，不便尽心。
Story/D_8_4_1_1_046,公子秀既然一定要问，还请长话短说。
Story/D_8_4_1_1_047,「花城四少」除了你本人之外，究竟有谁？\n陈序、余自咏、成溪、本公子，相加起来足有五人，\n四少之名，未免不尽不实了吧。
Story/D_8_4_1_1_048,段公子一定要现在追究这些芝麻小事？
Story/D_8_4_1_1_049,呵，于你而言是小事，于我而言是侮辱。
Story/O_8_4_1_1_003,不包含陈序
Story/D_8_4_1_1_050,……不包含陈序。
Story/D_8_4_1_1_051,为什么？他可是取名的人，花城四少头一把交椅。
Story/D_8_4_1_1_052,他身败名裂而亡，本公子焉能与他齐名。
Story/D_8_4_1_1_053,原来如此，也就是说他没身败名裂之前，本公子是多余的，是吧？
Story/O_8_4_1_1_004,不包含你这大理猪啦！
Story/D_8_4_1_1_054,公子秀身怀段氏宗亲血统，出身高贵，我们中原草民不敢高攀，\n不若你还是回大理去，吩咐下人为你种花养蚕吧。
Story/D_8_4_1_1_055,可以啊，本公子对付了你再去不迟。
Story/O_8_4_1_1_005,花城四少有五人不是常识吗？
Story/D_8_4_1_1_056,花城四少有五人不是常识吗？
Story/D_8_4_1_1_057,在宋国是常识吗？
Story/D_8_4_1_1_058,你问我？
Story/D_8_4_1_1_059,怎么想都不可能是常识吧，不会算数，总有指头能数数。
Story/D_8_4_1_1_060,好哇，公子深，你一介白身，竟敢戏弄本公子。
Story/D_8_4_1_1_061,且看是你南宫家学厉害，还是我大理段式家学了得。
Story/D_8_4_1_1_062,你疯了？我们是同盟！
Story/D_8_4_1_1_063,不巧，本公子现在是青城弟子！
Story/D_8_4_1_1_064,我旁边这女人，还是盟主夫人呢！
Story/T_8_4_1_1_004,大理段氏公子秀，这人便是岭南掌门擅自帮我招的夫婿吗？
Story/T_8_4_1_1_005,不行，太油腻了。\n我得趁他跟南宫家主缠斗，一人一剑把他们俩公子哥一锅端了送走！
Story/D_8_4_1_1_001,龙家家学，果然非同凡响，攻守兼备，堪称天下第一流武功。
Story/D_8_4_1_1_002,向掌门过奖，晚辈所使的不只家学，还有锦香宫武功。
Story/D_8_4_1_1_003,无怪如此厉害，与你年纪相仿早早成名的武林侠客不少，\n他们往往都有偏长，似你这般浑成无懈的却是凤毛麟角。\n再多几年，名列绝顶高手也未可知。
Story/D_8_4_1_1_004,向掌门觉得我能吗？
Story/D_8_4_1_1_005,想达到那境界，光有天赋不够，还要千锤百炼，明心见性。\n身在江湖心离尘，俗世烟火不沾身，方能登临绝巅。\n依我之见，于你而言重要的是时间。
Story/O_8_4_1_1_001,示弱
Story/O_8_4_1_1_002,觉醒
Story/D_8_4_1_1_006,……师父也说我将来大有可为，但我等不到以后了。\n这一次，我需要的人需要我，晚辈心中再无半点杂绪。\n凭着我赵弟分与我的勇气──
Story/D_8_4_1_1_007,此时此地，我就要超越极限，战胜你。
Story/T_8_4_1_1_001,哦……周身真气与微小兆机全数消敛了，再也不可预测。\n她竟在激战之中顿悟升华，踏入绝世领域。
Story/D_8_4_1_1_008,向掌门，请赐教。
Story/D_8_4_1_1_009,龙女侠请。
Story/D_8_4_1_1_010,夺魄幽兰，名不虚传。\n我解师弟说你武功不如他，实是不自量力。
Story/D_8_4_1_1_011,从前一块旅行的时候，我确实不如他，这也不算说错。\n向掌门倒是老奸巨猾，武功高到这种地步，却藏得偌深。
Story/D_8_4_1_1_012,夏侯掌门说笑了。
Story/D_8_4_1_1_013,不过适才夏侯掌门使的武功，却不像是雪山派的路子。
Story/D_8_4_1_1_014,……。
Story/D_8_4_1_1_015,可是向某说的不对？
Story/D_8_4_1_1_016,不，没有不对。是向掌门称我为夏侯掌门，我高兴来着。
Story/T_8_4_1_1_002,不是你自称为掌门的吗？
Story/D_8_4_1_1_017,我这是揉合雪山派和崆峒夺魄门两家所长，自创的武功。
Story/D_8_4_1_1_018,夏侯掌门有这样的天赋，能够自创武功，向某佩服。\n雪山派中兴有望，可喜可贺。
Story/D_8_4_1_1_019,向掌门此话甚合我心意。\n你莫非与我雪山派有旧？不知与何人相熟？
Story/D_8_4_1_1_020,是贵派高手第三香……。
Story/D_8_4_1_1_021,受死吧，向无忧。
Story/D_8_4_1_1_022,这、这是为何？
Story/N_8_4_1_1_001,向无忧遭到你师父锲而不舍的追杀，无暇再管武林盟，就此脱离前线。
Story/D_8_4_1_1_065,七星剑主的传人，果然不俗，七剑七用，变换无方，\n堪称天下第一流武功。
Story/D_8_4_1_1_066,……我可是输了啊。
Story/D_8_4_1_1_067,你年纪轻，阅历浅，输给向某寻常不过。\n但这不是说岭南派武功便一定逊于峨嵋，你还有未来可期。
Story/D_8_4_1_1_068,多谢前辈勉励，但我个人输你，照样不甘心。\n还想再讨教几招。
Story/D_8_4_1_1_069,太急躁了。这种急躁会妨碍你的进境。\n你当静心沉淀，精益求精，再多几年，名列绝顶高手也未可知。
Story/D_8_4_1_1_070,向掌门觉得我能吗？
Story/D_8_4_1_1_071,想达到那境界，光有觉悟还不够，还要千锤百炼，明心见性。\n依我之见，于你而言重要的是机缘。
Story/D_8_4_1_1_072,机缘……哈，不巧，在下倒霉的很，最欠的就是机缘。
Story/D_8_4_1_1_073,女侠可愿来我峨嵋留学深造？\n论剑，向某小有心得，可以传授于你。
Story/D_8_4_1_1_074,你……你要教我武功？\n是在小看我吗？我可是你的敌人。
Story/D_8_4_1_1_075,当年南宫老太爷提倡留学，峨嵋惭愧不能尽心，\n何况当年乐山逸闻，向某亦不禁神往。
Story/D_8_4_1_1_076,你为助西武林盟，不惜与尊夫反目，向某如何不能随心所欲呢？
Story/D_8_4_1_1_077,……向掌门在上，末学南溪，给您磕头。
Story/N_8_4_1_1_002,南溪这一磕头，当即晕了过去。
Story/D_8_4_1_1_023,到此为止了。\n唐掌门，你并非向某敌手，无论再来几次都一样。
Story/D_8_4_1_1_024,无论几次，我都会站起来。
Story/D_8_4_1_1_025,您这是何苦？胜负已分，唐掌门难道不认吗？
Story/D_8_4_1_1_026,呼……呼……。\n向掌门手下留情，我自然知晓。
Story/D_8_4_1_1_027,但掌门将印信交我代掌……。
Story/D_8_4_1_1_028,只要唐门还有一个人在奋战，我就绝不能倒下！\n莫小觑我文人风骨！我是宁死不屈，要杀要剐，悉听尊便！
Story/D_8_4_1_1_029,……好个文人风骨。
Story/D_8_4_1_1_030,哇──师父，救我啊！！！
Story/D_8_4_1_1_031,……唉，受欺的宁死不屈，讨伐人的哭爹喊娘。
Story/D_8_4_1_1_032,唐掌门，向某收回前言。\n论武向某略胜一筹，论心你非我能及，向某甘愿认输。\n峨嵋不再插手东西武林盟之争，请了。
Story/D_8_4_1_2_001,向掌门要是惜才，还请高抬贵手。
Story/D_8_4_1_2_002,啊，我不是怕死喔。
Story/D_8_4_1_2_003,不对……说不怕死也是假的，对不住，我撒谎了。\n其实我贪生怕死，不是真英雄。
Story/D_8_4_1_2_004,那为何而战？
Story/D_8_4_1_2_005,……因为不论如何，唐门不能亡于今天。\n向掌门倘若一定要与唐门为难，晚辈就硬着头皮，再讨教一番便是。
Story/D_8_4_1_2_006,……知道了，向某就退下吧。
Story/D_8_4_1_2_007,咦？呃，真的可以吗？
Story/D_8_4_1_2_008,可以，毕竟你爹是龙渊，而你行走江湖，也侠名远播。\n虽说手段稍嫌无情，但向某听闻百姓谈论龙女侠，都说你是拿剑的菩萨。
Story/D_8_4_1_2_009,什么菩萨！太不敬了，我怎敢？
Story/D_8_4_1_2_010,走了。
Story/D_8_4_1_2_011,居然说我是菩萨，我哪有～。
Story/D_8_4_1_2_012,唔、唔……。
Story/D_8_4_1_2_013,还、还不坏吧～会不会流传出去呢～
Story/D_8_4_2_1_001,哈哈哈哈！痛快！痛快！\n非生即死，如此痛快淋漓的正面对决，暌违了二十年之久！
Story/D_8_4_2_1_002,龙渊的女儿，你超乎我的期待。
Story/D_8_4_2_1_003,我们要接着打，还是要说话？
Story/D_8_4_2_1_004,知己难逢，现在就决生死，龙娘子不觉得可惜吗？
Story/D_8_4_2_1_005,……这才是上官大人的本性吗？
Story/D_8_4_2_1_006,你这小辈，也想评价我上官某人。
Story/D_8_4_2_1_007,便是我本性又如何？我便是乖戾、残忍、凶暴、嗜杀。\n财富、权力都是其次，比起那些更热衷于斗殴搏杀。\n若非为了上官香火，何必隐忍至今。
Story/D_8_4_2_1_008,别说你不是如此，你的剑可不会撒谎。\n这是何等凄厉的杀意，何等清澈的杀气！\n所以江湖人才说你是锦香宫杀人魔。
Story/O_8_4_2_1_001,笨的龙湘
Story/O_8_4_2_1_002,正气凛然的龙湘
Story/D_8_4_2_1_009,你为何收剑？
Story/D_8_4_2_1_010,上官大人，你所说的事，我稍微有点理解也说不定。\n我也同样好斗，虽然不想死，但会因为遭遇强敌而雀跃不已。
Story/D_8_4_2_1_011,你爹是武林盟主，表面光鲜，实则手底不知沾染多少鲜血。\n他装作道貌岸然，其实也乐在其中，你有他的血统，还能是什么好人？
Story/D_8_4_2_1_012,你生为女儿身，却有杀人的天赋，是天生的屠夫。\n骨子里和我、和你爹都是同一种人。
Story/D_8_4_2_1_013,也许正如你所说，我有成为恶人的天赋也说不定。
Story/D_8_4_2_1_014,──倘若不是憧憬侠义，倘若没有恩师谆谆教诲，我就会成为无法恶徒。\n但是现在我明白了玄烛经的深意，为何学剑要修心，是为了以正气御剑。
Story/D_8_4_2_1_015,重来吧，上官家主。\n这一次不是为私仇，我要斩了你。
Story/T_8_4_2_1_001,气势陡然变了。
Story/D_8_4_2_1_016,邪魔歪道，接我龙家奥义，天罡伏魔剑！
Story/D_8_4_2_1_017,{size=50}武林盟的全给我住手！{/size}
Story/D_8_4_2_1_018,{size=40}你们武林盟军师南宫家主落在我手上！{/size}\n{size=40}你们还不住手罢斗？{/size}
Story/T_8_4_2_1_002,南宫深这小子，自视甚高，可只有嘴皮子了得。\n成事不足败事有余，他那庶弟都还比较受教。
Story/T_8_4_2_1_003,好弟子，没让为师失望。
Story/T_8_4_2_1_004,早就听闻夺魄幽兰凶名远扬，却想不到她如此难斗。\n武功远胜当年的夏侯大哥。
Story/D_8_4_2_1_019,虎父无犬女。
Story/D_8_4_2_1_020,住口吧，你可没资格谈论我爹。
Story/D_8_4_2_1_021,你若不想给我挠一爪掏出心脏来，最好别分心。
Story/T_8_4_2_1_005,站不稳。
Story/D_8_4_2_1_022,不巧得很，贤侄女。\n我上官翻浪刀，专克天下轻功，于你而言可谓天敌。
Story/D_8_4_2_1_023,过来吧，世伯出刀很快，不痛的。
Story/D_8_4_2_1_024,大师兄！
Story/T_8_4_2_1_006,手感不对，我方才砍的不是真人，却是什么？
Story/D_8_4_2_1_025,啊！
Story/D_8_4_2_1_026,啊哈哈……果然没那么容易……咳。
Story/D_8_4_2_1_027,咦？咦？
Story/D_8_4_2_1_028,小师妹，别咦了，打起精神来。\n大师兄没死……不是，大师兄确实死了，但方才被砍死的不是大师兄，\n只是大师兄皮而已。
Story/D_8_4_2_1_029,什么……我不明白，但是好可怕！
Story/T_8_4_2_1_007,啊……弄巧成拙，小师妹吓坏了。
Story/D_8_4_2_1_030,{size=50}武林盟的全给我住手！{/size}
Story/D_8_4_2_1_031,{size=40}你们武林盟军师南宫家主落在我手上！{/size}\n{size=40}你们还不住手罢斗？{/size}
Story/T_8_4_2_1_008,南宫深这小子，自视甚高，可只有嘴皮子了得。\n成事不足败事有余，他那庶弟都还比较受教。
Story/D_8_4_2_1_032,受死！
Story/D_8_4_2_1_033,好险！
Story/D_8_4_2_1_034,谢、谢谢师姊……。
Story/T_8_4_2_1_009,这两个小娘子太难缠，一时杀不死。\n罢了，一刻也不能再拖延下去，否则就怕走不了。
Story/D_8_4_2_1_035,咦？他怎么走了？不打算对掌门出手吗？
Story/D_8_4_2_1_036,不知道。
Story/D_8_4_2_1_037,唔！
Story/D_8_4_2_1_038,唐家现任掌门，未免太过脓包。
Story/D_8_4_2_1_039,咳，我不过是代掌俗务，上官家主胜我，有什么好得意。
Story/D_8_4_2_1_040,我要斗的可不是你，谁让你唐门大弟子要当缩头乌龟？
Story/D_8_4_2_1_041,大师兄！
Story/T_8_4_2_1_010,手感不对，我方才砍的不是真人，却是什么？
Story/D_8_4_2_1_042,啊！
Story/D_8_4_2_1_043,啊哈哈……果然没那么容易……咳。
Story/D_8_4_2_1_044,小梅师妹！你怎会……？
Story/N_8_4_2_1_001,三师兄看清地上皮囊，终于会意过来。\n霎时不知应该庆幸还是悲哀，早已死去的人，终究不会回来。
Story/D_8_4_2_1_045,三师兄，对不住。之后我再解释。
Story/D_8_4_2_1_046,没事，没事，我已经明白过来了。\n难怪你一直不肯出手，原来如此。
Story/D_8_4_2_1_047,{size=50}武林盟的全给我住手！{/size}
Story/D_8_4_2_1_048,{size=40}你们武林盟军师南宫家主落在我手上！{/size}\n{size=40}你们还不住手罢斗？{/size}
Story/T_8_4_2_1_011,南宫深这小子，自视甚高，可只有嘴皮子了得。\n成事不足败事有余，他那庶弟都还比较受教。
Story/D_8_4_2_1_049,师弟！
Story/D_8_4_2_1_050,碍事的垃圾，死开！
Story/D_8_4_2_1_051,狗官！休得害我师兄！
Story/D_8_4_2_1_052,师兄弟姊妹们，都来护卫掌门！
Story/D_8_4_2_1_053,但教我们还有一口气在，就别想在唐门肆意妄为！
Story/T_8_4_2_1_012,没法子杀掉唐升，可惜。\n但情况陡变，不能再有片刻耽搁。
Story/D_8_4_2_2_001,我、我不是，我没有，不是你说的那样！
Story/D_8_4_2_2_002,何必自欺欺人？直到方才，你脸上都挂着森然的笑，想必乐在其中。
Story/D_8_4_2_2_003,你爹是武林盟主，表面光鲜，实则手底不知沾染多少鲜血。\n他装作道貌岸然，其实也乐在其中，你有他的血统，还能是什么好人？
Story/D_8_4_2_2_004,你生为女儿身，却有杀人的天赋，是天生的屠夫。\n骨子里和我、和你爹都是同一种人。
Story/D_8_4_2_2_005,也许真是这样也说不定……我和上官家主是同一种人。
Story/D_8_4_2_2_006,没错，承认吧。
Story/D_8_4_2_2_007,欺善怕恶、脑袋空空，欺负弱小的时候特别狠，\n碰到强者就立刻变得老实安分，而且骨子里还很胆小怕死，\n整天装作危险的狠角色，其实是个色厉内荏的窝囊废……。
Story/D_8_4_2_2_008,{size=50}放屁！！谁跟你一样！{/size}
Story/D_8_4_2_2_009,呃，明明是你说我们很像的。
Story/D_8_4_2_2_010,我上官隼怕过谁来！
Story/D_8_4_2_2_011,比如～比如～唐中翎掌门？
Story/D_8_4_2_2_012,……。
Story/D_8_4_2_2_013,一次就说中了？
Story/D_8_4_2_2_014,闲话说的够多了，去死吧。
Story/D_8_4_2_2_015,明明就是你先开头的！你才去死！
Story/D_8_4_3_1_001,老爷，接下来怎么办才好？
Story/D_8_4_3_1_002,这……。
Story/N_8_4_3_1_001,大院狼籍，遍地死伤，身陷重围，四面楚歌。\n作茧自缚，败局已定，更无翻盘良策，\n南宫深不由得万念俱灰，杂绪纷纷涌上心头。
Story/T_8_4_3_1_001,只要制服了儒侠唐升，就能瓦解西武林盟。\n歼灭唐门，杀鸡儆猴，可期武林统一之效。\n怎料得到竟反而自投罗网。
Story/T_8_4_3_1_002,……是我贪功冒进，才会赔了夫人又折兵吗？
Story/T_8_4_3_1_003,不，是因为唐门确实很强大的缘故啊。
Story/T_8_4_3_1_004,世人目送唐门的旧日辉煌远去，却低估了后来的人。\n此战以后，他们便是新的武林传奇……唐门主张的正义……好像也还不坏。
Story/D_8_4_3_1_003,南宫军师都倒下了，怎办才好？
Story/D_8_4_3_1_004,不止南宫家主，连上官大人也败在唐门手下。
Story/D_8_4_3_1_005,那上官大人该不会是自己溜了吧？
Story/D_8_4_3_1_006,我们难道真要投降吗？
Story/T_8_4_3_2_001,我选了这一侧，已经不能后悔，既然错了，就要错到底。\n反正南宫世家除去了我，还有旁系。
Story/D_8_4_3_2_001,……武林盟各位且听我一言。
Story/D_8_4_3_2_002,老爷，您想出办法了？
Story/D_8_4_3_2_003,不，败局已定，将军了。
Story/D_8_4_3_2_004,不得不承认，上山奇袭是我南宫某人失策。\n其实挑衅唐门、攻打西武林盟，都是不智之举。
Story/D_8_4_3_2_005,南宫深！你在瞎说什么狗屁话！\n大伙可都是信了你的邪，才上山送死的！
Story/D_8_4_3_2_006,我知各位心存疑虑，生死之间有大恐怖，花花世界多美好，谁不留恋？\n但我们降不得。
Story/D_8_4_3_2_007,由武林盟挑起的战火，若因我等投降，迫使盟主必须和谈，\n必将颜面扫地，武林盟离心离德，虽不散，亦难同心协力。
Story/D_8_4_3_2_008,颜面扫地怎么了，我不投降，可是要没命！\n啊啊……早知道就不该来的，我甚至不该加入武林盟、不该跟你作朋友！
Story/D_8_4_3_2_009,是谁瞎说唐门跟魔教勾结？打到这种地步都没见魔教的现身出来！\n那我们究竟为何要千里迢迢来找西武林盟的晦气，弄得自己一身腥！
Story/N_8_4_3_2_001,各人或多或少均有同感，却怕说出口惹了众怒，\n就算不被追究，今后江湖也混不下去。\n只好心照不宣，将错就错，否则捐躯的侠士岂非含羞于九泉，不得瞑目。
Story/D_8_4_3_2_010,……无论是我南宫某人，或是诸位武林盟同道，攻打唐门都是情非得已，\n乃是为了武林大局、为我大宋江山社稷。
Story/D_8_4_3_2_011,魔教蛰伏多年，畜生道、人间道相继浮出水面，有吞并中原的狼子野心。\n正是武林应该齐心协力的重要时刻，分则必亡。
Story/D_8_4_3_2_012,西武林盟的主张无可厚非，但恐人心思异，终成隐患。\n为大局故，不得不实时扼于草创之初！
Story/D_8_4_3_2_013,真的必须如此吗？
Story/D_8_4_3_2_014,对，武林必须统一，不能放任唐门专断独行。\n若各派都学唐门榜样，自行其是，正道形同一盘散沙，如何抗衡泥教？\n外有金贼压境，内有魔教包藏祸心，我大宋江山危矣！
Story/D_8_4_3_2_015,西武林盟若声势大于武林盟，愿意守护武林和平，我亦同样心悦诚服。\n既事实不然，为大局故，无论唐门清不清白，都必须伏低！
Story/D_8_4_3_2_016,唐门无辜，我武林盟也非不义！\n他们着眼于目所能及的公平，而我们要开拓未来！\n这是一场信念之争，没有对错！
Story/D_8_4_3_2_017,……南宫家主如是说，恰好扫除了我心中的疑虑。
Story/D_8_4_3_2_018,董老哥，你能信这鬼话？
Story/D_8_4_3_2_019,我也信，我们是为了黎民百姓而战！\n要是降了，如何对得起战死的同道弟兄！
Story/D_8_4_3_2_020,说得好，这才象话呢！管他们清不清白，\n反正武林决计不能分裂，否则难抗外侮！以私害公算什么侠义？\n我等来作榜样，势为大义捐躯，死而后已！
Story/D_8_4_3_2_021,算了算了，打完这一架，我要退隐江湖！
Story/D_8_4_3_2_022,各位大侠，我们拚！让西武林盟的人见识中原侠客的骨气！
Story/D_8_4_3_2_023,{size=50}我们拚！{/size}
Story/D_8_4_3_3_001,降吧……说到底，东西武林真有必要开战吗？\n最初是怎么打起来的？
Story/D_8_4_3_3_002,释明大师说唐门是泥教党羽。\n但是我们都打到人家老巢了，硬是不见泥教的人影……。
Story/D_8_4_3_3_003,……要降你们降。
Story/D_8_4_3_3_004,真相早已不重要了。\n我的兄长、父亲、母亲，全都被西武林盟的人给杀了。
Story/D_8_4_3_3_005,明明说好要一起扬名武林的……现在却都变作了冰冷的尸体。\n何某家里，如今就剩我一个，报名上山来的时候就没打算活着回去。
Story/D_8_4_3_3_006,何兄，节哀啊。
Story/D_8_4_3_3_007,江湖不就是你杀我、我杀你，不成功便成仁的吗？\n没什么好说的，毕竟我也杀了不少西武林盟的人。
Story/D_8_4_3_3_008,就算活着下山，以唐门睚眦必报的小心眼，余生也不能安宁。\n还不如把命拚掉，博个满门忠烈的美名，将来盟主扫荡群邪，\n还天下太平，也有我何家一份功劳。
Story/D_8_4_3_3_009,……说的对，我怎么忘了呢？
Story/D_8_4_3_3_010,本来就没有必赢的仗，我们是为了黎民百姓而战！\n我们要是降了，如何对得起战死的同道弟兄！
Story/D_8_4_3_3_011,说得好，这才象话呢！管他们清不清白，\n反正武林决计不能分裂，否则难抗外侮！以私害公算什么侠义？\n我等来作榜样，势为大义捐躯，死而后已！
Story/D_8_4_3_3_012,各位兄弟，我们拼！让西武林盟的蠢蛋清醒清醒！
Story/D_8_4_3_3_013,{size=50}我们拼！{/size}
Story/D_8_4_3_4_001,这些家伙，竟然还想打！
Story/D_8_4_3_4_002,……。
Story/D_8_4_3_4_003,愚不可及！
Story/D_8_4_3_4_004,不会吧……明知道会死？
Story/D_8_4_3_4_005,不会吧……明知道会死？
Story/D_8_4_3_4_006,太愚蠢了，这样做除了平白送命，究竟有什么好处？
Story/D_8_4_3_4_007,没什么，不过是说明……他们的信念也是货真价实的。
Story/D_8_4_3_4_008,没什么，不过是说明，武林盟的信念也是货真价实的。
Story/D_8_4_3_4_009,是对于自身主张深信不疑，所以义无反顾吧。\n世上最恐怖的暴力，莫过于正义。
Story/D_8_4_3_4_010,赵郎所言甚是。
Story/D_8_4_3_4_011,赵大侠所言甚是。
Story/D_8_4_3_4_012,历朝君王征伐侵略，那个师出无名呢？同理。
Story/D_8_4_3_4_013,招弟……。
Story/D_8_4_3_4_014,难道真要至死方休吗？
Story/D_8_4_3_4_015,我自是十分乐意把他们杀个精光，但那样就没有人质了。
Story/D_8_4_3_4_016,便是为这意气之争，武林才会纷争不绝！
Story/D_8_4_3_4_017,他们不甘就缚，非要战到一方死绝的话，那么我来奉陪！
Story/N_8_4_3_4_005,祖孙二人心有灵犀，如法炮制，收拾了不少人。\n叶云裳只当自己杀敌无数，有万夫不当之勇。\n实则她手劲太弱，刺倒的人没一个丧命。
Story/D_8_4_3_4_018,榻上的就是唐老魔！杀了他！
Story/D_8_4_3_4_019,武林盟连手无寸铁的病人也下手，何等堕落！
Story/D_8_4_3_4_020,尽是一群酒囊饭袋，还以为有点出息了，\n竟让敌人闯到掌门跟前，逼我暴露行踪。
Story/D_8_4_3_4_021,这些人杀红了眼，打得好激烈啊。\n血流成了小湖泊，地上七横八竖全是尸体，真是惨烈。
Story/D_8_4_3_4_022,是啊……小小大院，死伤直追外堡。\n加上此战，东西两盟伤亡不知有没有上千人。
Story/D_8_4_3_4_023,一时之间还以为他们会握手言和呢，害我心惊胆跳的。\n就是这样才好，打吧，打吧，永远别再和好，尽情互相残杀。
Story/N_8_4_3_4_001,武林盟群侠心存死志，越战越勇，唐门亦不可能心慈手软。\n唐家大院没一吋净土，遍地狼籍，横尸无数。
Story/N_8_4_3_4_002,总是不由己，委身世上潮，意气轻呼尽，烽烟斜晚照。\n江湖儿女，几人有幸，华发笑说年少。
Story/N_8_4_3_4_003,山上的死战，终于趋近尾声。
Story/D_8_4_3_4_024,盟主！
Story/D_8_4_3_4_025,阿笙！
Story/D_8_4_3_4_026,终于舍得现身了，武林盟主！
Story/D_8_4_3_4_027,武林盟主！
Story/D_8_4_3_4_028,你就是元凶！纳命来！
Story/D_8_4_3_4_029,盟主来了！大家跟着盟主拚！
Story/D_8_4_3_4_030,不，全部听令撤退！我来断后！
Story/D_8_4_3_4_031,……得令！退！
Story/D_8_4_3_4_032,……是！
Story/D_8_4_3_4_033,唐门岂容你们说来就来，说走就走！
Story/D_8_4_3_4_034,把命留下！
Story/D_8_4_3_4_035,越雷池者，恕在下不能容情！\n千军万马，有我一剑挡尽。
Story/D_8_4_3_4_036,好大的口气，你当自己是谁！\n不听你的说打就打，打输了还想拍拍屁股全身而退！
Story/D_8_4_3_4_037,武林盟主算哪根葱？谁怕你！师兄我们上！
Story/D_8_4_3_4_038,等等──
Story/D_8_4_3_4_039,你……你……。
Story/N_8_4_3_4_004,那人的背影你再熟悉不过，恍如隔世，阔别好似一甲子之久。
Story/D_8_4_3_4_040,大、大、大师兄！
Story/T_8_4_3_4_001,啊……不，是小梅啊……我真是胡涂了。
Story/D_8_4_3_4_041,唐大侠？在下听闻，你已经驾鹤西去才对。
Story/D_8_4_3_4_042,失礼了，这话不该我问。
Story/D_8_4_3_4_043,即便尔等群起而攻，瑞某命丧黄泉以前，使出浑身解数，\n也有信心能拉上十几二十人陪葬。不如在此各退一步，如何？
Story/D_8_4_3_4_044,哦，盟主说的各退一步是怎么退法？\n可别说什么你打我一拳、我也还了一拳，所以两不相欠的傻话。
Story/D_8_4_3_4_045,到了这步田地，不打不相识的说法已说不通了。\n凡事都有代价。
Story/D_8_4_3_4_046,……是啊，两盟各执己见，鏖战至今，死伤俱重。\n已经有太多人死去，早就没有回头的余地。\n不是搬出漂亮说法，就能敷衍过去，必须有人负起责任……。
Story/D_8_4_3_4_047,你们连战到此刻，已经气衰力竭，在下胜之不武。\n我以盟主号令，命武林盟群侠避让三舍之遥，十日之内，与贵盟秋毫无犯。\n今日未完的胜负，留待十日以后再决如何？
Story/D_8_4_3_4_048,可以，你定了时间，那么地点由我来选，可以吧？
Story/D_8_4_3_4_049,可以。
Story/D_8_4_3_4_050,那么十日以后，东西武林盟，决战眉山之颠。
Story/D_8_4_3_4_051,一言为定。
Story/D_8_4_3_4_052,……地点呢？
Story/D_8_4_3_4_053,我擅自决定了时间，地点该由你定。
Story/D_8_4_3_4_054,那就挑在眉山最高的山峰上，盟主以为如何？
Story/D_8_4_3_4_055,三师兄，你确定？
Story/D_8_4_3_4_056,我确定。
Story/D_8_4_3_4_057,一言为定。
Story/D_8_4_3_4_161,告退之前，请将在下夫人交还。
Story/D_8_4_3_4_162,瑞郎。
Story/D_8_4_3_4_163,溪儿，你伤得好沉！
Story/D_8_4_3_4_164,盟主留步。
Story/N_8_4_3_4_006,南溪抹去血迹，拍拍衣襬，整肃衣衫。
Story/D_8_4_3_4_165,好了。
Story/D_8_4_3_4_166,瑞郎……。
Story/D_8_4_3_4_167,……。
Story/D_8_4_3_4_168,……跟我回去吧？
Story/D_8_4_3_4_169,你还让我回去？我可是叛徒啊。
Story/D_8_4_3_4_170,没事的，有我在呢。
Story/D_8_4_3_4_171,武林盟主打算徇私，包庇叛徒吗？
Story/D_8_4_3_4_172,我不是那个意思……。
Story/D_8_4_3_4_173,抱歉，我收回。我就是那个意思。
Story/D_8_4_3_4_174,但我不想回去了。
Story/D_8_4_3_4_175,为何？
Story/D_8_4_3_4_176,在那群女人中间，常令我感到自卑。\n我不够美貌、不够温柔体贴，争不过她们，那我索性便不争了吧。
Story/D_8_4_3_4_177,你在说什么啊，你们各有各的好，在我心里，全都同等重要。
Story/D_8_4_3_4_178,所以才不公平啊。\n我的心只有一颗，却不能独占全部的你，这到底算什么狗屁了？
Story/D_8_4_3_4_179,这……我……。
Story/D_8_4_3_4_180,……还有就是，我认识一个可怜人。\n他想站西武林盟、却因诸多顾虑身不由己。\n背地里做了很多努力，可惜没人看见，到头来，落得个两边不讨好。
Story/D_8_4_3_4_181,似在下这般无亲无故，孓然一身的人，就没这么多顾虑。\n我要替那个人实现心愿，为此与你为敌亦在所不惜。
Story/D_8_4_3_4_182,你说的人是──
Story/D_8_4_3_4_183,……南女侠是我西武林盟的战友。\n她既不愿同你一道，盟主总不能强求，请回吧。
Story/D_8_4_3_4_184,……好吧。
Story/D_8_4_3_4_058,告辞了。
Story/D_8_4_3_4_059,阿活，两盟各执己见，鏖战至今，死伤俱重。\n事已至此，我们背负着大家的期许，不能逃开。
Story/D_8_4_3_4_060,……。
Story/D_8_4_3_4_061,但我当时说的话，没有半分虚伪。
Story/D_8_4_3_4_062,阿活，我们决战之日再见。
Story/D_8_4_3_4_063,好，阿笙，我们俩打归打……。
Story/D_8_4_3_4_064,永远是朋友！
Story/D_8_4_3_4_065,……好，我记得。
Story/O_8_4_3_4_001,我没有怀疑过
Story/D_8_4_3_4_066,纵使应尽的义务不变，但我信你。
Story/D_8_4_3_4_067,于愿足矣。
Story/O_8_4_3_4_002,事到如今还说这些干嘛
Story/D_8_4_3_4_068,你在遍地尸骸的唐门大院，说的这些话，不觉得讽刺吗？
Story/D_8_4_3_4_069,是啊……虚伪又矫情，令人作呕的假惺惺，我有自知之明。
Story/D_8_4_3_4_070,呼……好险走了。
Story/D_8_4_3_4_071,快看看几位师弟的伤势要紧。
Story/D_8_4_3_4_072,哦。
Story/D_8_4_3_4_073,万幸，都还有气。\n一个中镖伤在手臂，被毒药给麻倒了，另一个纯粹是被吓晕过去的。
Story/D_8_4_3_4_074,那就好。
Story/D_8_4_3_4_075,看看方才受伤的两位师弟有没有大碍。
Story/D_8_4_3_4_076,哦。
Story/D_8_4_3_4_077,万幸，都还有气。\n一个中镖伤在手臂，被毒药给麻倒了，另一个纯粹是被吓晕过去的。
Story/D_8_4_3_4_078,哈──
Story/D_8_4_3_4_079,哦，现在不是笑的时候。
Story/T_8_4_3_4_002,小梅……不，感觉好像哪里不太一样，说不上来。
Story/D_8_4_3_4_080,啊！这么久没见，干嘛一上来就打人！
Story/D_8_4_3_4_081,有实体，不是鬼魂。
Story/D_8_4_3_4_082,你真是大师兄吗？该不会是仙儿师姊易容的吧？
Story/D_8_4_3_4_083,本仙儿在这儿呢。
Story/D_8_4_3_4_084,哦！师妹，好久不见！
Story/D_8_4_3_4_085,是有一阵子没见了，大师兄，你跑哪儿浪了？
Story/D_8_4_3_4_086,说来话长，我同你讲啊～
Story/D_8_4_3_4_087,打住，本仙儿独爱二师兄，对你的遭遇没啥兴趣。\n问你不过是客套话而已，你还当真了？滚吧你～
Story/D_8_4_3_4_088,哦……好。
Story/D_8_4_3_4_089,啊，你不是已经验证过我是活人了吗？怎么还不信。
Story/D_8_4_3_4_090,我信啊，踢你这脚纯粹是因为我想踢。
Story/D_8_4_3_4_091,哈哈哈哈哈！
Story/D_8_4_3_4_092,停，先别笑了。
Story/D_8_4_3_4_093,看看方才受伤的两位师弟有没有大碍。
Story/D_8_4_3_4_094,哦。
Story/D_8_4_3_4_095,万幸，都还有气。\n一个中镖伤在手臂，被毒药给麻倒了，另一个纯粹是被吓晕过去的。
Story/D_8_4_3_4_096,师兄，你有受伤吗？
Story/D_8_4_3_4_097,我没事。
Story/D_8_4_3_4_098,这不是小师妹吗，你是不是长胖了？
Story/D_8_4_3_4_099,才没有！
Story/D_8_4_3_4_100,哎唷，这小家伙有脾气了。
Story/D_8_4_3_4_101,大、大师兄……？大师兄！
Story/D_8_4_3_4_102,拍拍，欢迎回家。
Story/D_8_4_3_4_103,别拍了，乖，去旁边吃草。
Story/D_8_4_3_4_104,师弟，方才那是盟主吗？
Story/D_8_4_3_4_105,咦？大师兄，你轻功又长进了，方才不还在后边……。
Story/D_8_4_3_4_106,呃……。
Story/D_8_4_3_4_107,啥！？
Story/D_8_4_3_4_108,呃。
Story/D_8_4_3_4_109,真假大师兄之谜，到底谁才是唐布衣呢？
Story/D_8_4_3_4_110,精彩精彩精彩，刺激刺激刺激！
Story/D_8_4_3_4_111,你们别转了，我都快晕了。
Story/D_8_4_3_4_112,来，师弟，猜猜，那个才是本尊？
Story/O_8_4_3_4_003,左边的（猜错了）
Story/D_8_4_3_4_113,左边的这位？
Story/D_8_4_3_4_114,猜错了，没良心的臭阿活。\n眼盲心瞎薄情郎，居然认不出我来！
Story/D_8_4_3_4_115,哎唷，猜错了，大事不妙。
Story/D_8_4_3_4_116,哈哈哈哈哈，笑死我啦！
Story/O_8_4_3_4_004,右边的（猜对了）
Story/D_8_4_3_4_117,右手边的是本尊。
Story/D_8_4_3_4_118,再给你一次机会重猜。
Story/D_8_4_3_4_119,不必了，本尊身上有酒臭味，冒牌货有梅花香。
Story/D_8_4_3_4_120,算你了得。
Story/D_8_4_3_4_121,真正的唐布衣，掌握了唐门不为人知的种种秘辛。\n比如赵活夜夜蹲守在小师妹窗──
Story/D_8_4_3_4_122,{size=24}这个不能说！这个千万不能说，我会被捅死！{/size}
Story/D_8_4_3_4_123,？
Story/D_8_4_3_4_124,好啦好啦。\n如此一来，谁是本尊很明显了吧？尊驾还不打算以庐山真面目示人吗？
Story/D_8_4_3_4_125,哼哼……我的真实身份～
Story/D_8_4_3_4_126,是小梅喔！
Story/D_8_4_3_4_127,咿！
Story/D_8_4_3_4_128,是、是小梅师妹？
Story/D_8_4_3_4_129,嘿咻。
Story/D_8_4_3_4_130,骗了大家，对不住。
Story/D_8_4_3_4_131,三师兄，小梅乔装大师兄是想激励士气，没有恶意。
Story/D_8_4_3_4_132,你这易容术太厉害了点，晚点也教教我成吗？
Story/D_8_4_3_4_133,这是很讲资质的。
Story/D_8_4_3_4_134,我会刻苦努力学习！
Story/D_8_4_3_4_135,大、大师兄……？大师兄！
Story/D_8_4_3_4_136,拍拍，欢迎回家。
Story/D_8_4_3_4_137,别拍了，乖，去旁边吃草。
Story/D_8_4_3_4_138,大师兄！你怎么能对小师妹那么粗鲁，把人丢来丢去的！\n要温柔一点啊，她已经是待嫁的姑娘了！
Story/D_8_4_3_4_139,哦……说的有道理。
Story/T_8_4_3_4_003,大师兄，本梅的幸福就靠你了啊。\n可不能辜负我的期待，赶紧把小师妹娶了，别让她在阿活前面晃悠。
Story/D_8_4_3_4_140,三师弟也好久不见啦！
Story/D_8_4_3_4_141,大大、大师兄！当真吗？可是，但是……
Story/D_8_4_3_4_142,真是太好啦！
Story/D_8_4_3_4_143,大师兄！是活的大师兄！
Story/D_8_4_3_4_144,我当然是活的，别拉我头发。
Story/D_8_4_3_4_145,冷静点，都先冷静点！不要趁机乱摸！
Story/D_8_4_3_4_146,真的回来了啊。
Story/D_8_4_3_4_147,你、你、你……！
Story/D_8_4_3_4_148,哦，龙姑娘，你也在啊。
Story/D_8_4_3_4_149,干嘛，你想干嘛要先讲，不要乱来喔！
Story/D_8_4_3_4_150,没、没有，我什么也不做，你别跑了……拜托。
Story/D_8_4_3_4_151,……行了，别哭啦，怎么了啊你，真是的。
Story/D_8_4_3_4_152,呜……呜哇啊啊～～
Story/D_8_4_3_4_153,报官！快帮我报官！
Story/D_8_4_3_4_155,唐布衣？你没死！
Story/D_8_4_3_4_156,真是太好了！
Story/D_8_4_3_4_157,干嘛，你想──
Story/D_8_4_3_4_158,弟，有受伤吗？
Story/D_8_4_3_4_159,没有。
Story/D_8_4_3_4_160,……。
Story/T_8_4_3_4_004,什么情况，哈哈哈哈哈，笑死我了！\n不行，我得忍住，不能笑出声来。
Story/T_8_4_3_4_005,虽然诡异了点，不过这样也好，挺让人欣慰的。
Story/O_8_4_4_Break_01_001,寻找龙湘
Story/O_8_4_4_Break_01_002,寻找夏侯兰
Story/O_8_4_4_Break_01_003,关心小师妹
Story/O_8_4_4_Break_01_004,大师兄你是怎么回事
Story/O_8_4_4_Break_01_005,现况
Story/O_8_4_4_Break_01_006,停战烟火
Story/O_8_4_4_Break_01_007,云裳找你
Story/D_8_4_5_1_001,怎么到处都不见我湘姊？
Story/D_8_4_5_1_002,怎么到处都不见龙女侠？
Story/D_8_4_5_1_003,不行，我得去找她。
Story/D_8_4_5_1_004,师兄找谁？我们也来帮忙找。
Story/D_8_4_5_1_005,我也帮忙。
Story/D_8_4_5_1_006,是我们认识的人吗？
Story/D_8_4_5_1_007,那人有啥特征？
Story/D_8_4_5_1_008,多谢你们。
Story/D_8_4_5_1_009,锦香宫的龙湘女侠，大家都应该知道吧？
Story/D_8_4_5_1_010,就是穿着白衣裳、憨憨笨笨好像少一根筋的那个。
Story/D_8_4_5_1_011,哦，她还有什么特征？你再给说说。
Story/D_8_4_5_1_012,英姿飒爽、武功高强，冰魂雪魄、心地善良。\n是我赵活未过门的妻子。
Story/D_8_4_5_1_013,师兄你疯了，这样玷污人家女侠的清白名声，还要命不要？
Story/D_8_4_5_1_014,别以为你如今功不可没，大家就会护短，容你大放厥词。
Story/D_8_4_5_1_015,抓他见官啦！打他板子，看他老不老实！
Story/D_8_4_5_1_016,我、我说真的啊！你们如何不信？
Story/D_8_4_5_1_017,你回房照照镜子再来告诉我，你自己信吗？
Story/D_8_4_5_1_018,我……。
Story/D_8_4_5_1_019,我也不信。
Story/D_8_4_5_1_020,咳咳，我信。
Story/D_8_4_5_1_021,湘姊！你没事！
Story/D_8_4_5_1_022,嗯，嗯，我还好。
Story/D_8_4_5_1_023,你闭着眼干嘛？
Story/D_8_4_5_1_024,没、没事，有沙子进眼睛里了。
Story/T_8_4_5_1_001,真是个木头，我都这么努力了，险死还生，你怎不牵我的手、抱我一下？
Story/D_8_4_5_1_025,我疯了？
Story/D_8_4_5_1_026,你疯了？我没疯了，只是瞎了。
Story/D_8_4_5_1_027,有病就得看大夫。
Story/D_8_4_5_1_028,大夫～！快救救我们啊！
Story/O_8_4_5_1_001,打起架来杀气腾腾
Story/D_8_4_5_1_029,打起架来杀气腾腾，嘴上说着要手下留情，实则狠得像有不共戴天之仇。
Story/D_8_4_5_1_030,有时打着打着，还会露出令人毛骨耸然的笑容，嘶～想到就不寒而栗。\n彷佛她就在我背后似的。
Story/D_8_4_5_1_031,师兄，我们要去帮忙治疗受伤的师兄弟，先走了。
Story/D_8_4_5_1_032,咦？你们不是要帮我找人吗？
Story/D_8_4_5_1_033,啊～好忙好忙～走走走～
Story/D_8_4_5_1_034,还有我，我来帮你找。
Story/D_8_4_5_1_035,那敢情好……。
Story/D_8_4_5_1_036,女侠饶命！快把剑收起来！
Story/D_8_4_5_1_037,真是的，这次就特别放你一马。
Story/D_8_4_5_1_038,多谢女侠不杀之恩。
Story/D_8_4_5_1_039,别要我没死在武林盟手头，却命丧你剑下。
Story/O_8_4_5_1_002,喜欢吃鸡腿
Story/D_8_4_5_1_040,酷爱鸡腿，无论是何种烹饪手法，只要有鸡腿就行。\n对鸡腿的偏执异乎常人，无腿不欢。\n肚里有点墨水，只是不多，多的是鸡腿的蘸酱。
Story/D_8_4_5_1_041,谁说我肚里墨水不多，我还会自己写词，你不信？
Story/D_8_4_5_1_042,湘姊！你没事！
Story/D_8_4_5_1_043,龙女侠！你没事！
Story/D_8_4_5_1_044,都听好了，我这阙词，叫做《长相思令・咏鸡腿》！
Story/D_8_4_5_1_045,你还真的要作词啊。
Story/D_8_4_5_1_046,腌鸡腿。烤鸡腿，烤到微焦色最美。
Story/D_8_4_5_1_047,腹鸣如打雷。
Story/D_8_4_5_1_048,你是谁。他是谁。闻香下马皆忘归。
Story/D_8_4_5_1_049,好吃到流泪。
Story/D_8_4_5_1_050,如何？旷世巨作吧。
Story/D_8_4_5_1_051,……咦？人呢？
Story/D_8_4_5_1_052,你觉得有人听得下去吗？
Story/D_8_4_5_1_053,这不是有吗？魏掌门在听。
Story/D_8_4_5_1_054,龙娘子，你是在嘲笑读书人吗？
Story/D_8_4_5_1_055,咦？我没有啊。
Story/D_8_4_5_1_056,呼……。
Story/D_8_4_5_1_057,我要告诉温夫人。
Story/D_8_4_5_1_058,可我师父已经……。
Story/D_8_4_5_1_059,我不予置评，却要烧香祷祝，告诉温夫人。\n请她老人家来点评龙娘子的杰作。
Story/D_8_4_5_1_060,不必了吧～
Story/D_8_4_5_1_061,你作得出这种词，为何却怕尊师点评？\n你内心深处也觉得有辱斯文，不是吗？
Story/D_8_4_5_1_062,……对不住，我错了。
Story/D_8_4_5_1_063,错在哪？
Story/D_8_4_5_1_064,我、我乱作词，有辱斯文。
Story/D_8_4_5_1_065,不对，你错的是轻率的心态。
Story/D_8_4_5_1_066,是。
Story/D_8_4_5_1_067,下次还会不会犯？
Story/D_8_4_5_1_068,不会了。
Story/D_8_4_5_1_069,……下回我们再一起讨论诗文吧。
Story/D_8_4_5_1_070,你没事吧？
Story/D_8_4_5_1_071,没事。
Story/D_8_4_5_1_072,说笑而已，魏才女也太严肃了。
Story/D_8_4_5_1_073,我哪有在说笑？我作那词可是绞尽脑汁的。
Story/D_8_4_5_1_074,喔。
Story/D_8_4_5_1_075,还有你也别说魏才女的坏话，是我请她教我读书的。\n请她务必严厉一点，也是我的请求。
Story/D_8_4_5_1_076,你不是不爱读书吗？
Story/D_8_4_5_1_077,是不喜欢，但是魏才女凶人的时候，有点像我师父。\n我很想念她。
Story/D_8_4_5_1_078,原来如此……。
Story/D_8_4_5_1_079,过份！
Story/O_8_4_5_1_003,龙湘的优点
Story/D_8_4_5_1_080,英姿飒爽、武功高强，冰魂雪魄、心地善良。\n是名符其实的侠女。
Story/D_8_4_5_1_081,你后面似乎有个符合条件的女子，师兄，你说的是这人吗？
Story/D_8_4_5_1_082,湘姊！你没事！
Story/D_8_4_5_1_083,龙女侠，你没事就好。
Story/D_8_4_5_1_084,既然人找到了，我们就去别处帮忙吧。
Story/D_8_4_5_1_085,我刚回来，就被华师姊捉到，催我去换身干净衣裳出来，\n这才没有实时跟大家打招呼。
Story/D_8_4_5_1_086,我刚回来，见你们正在说话，又看自己一身破破烂烂，实在没脸见人。\n所以就去换了一身干净衣裳才出来。
Story/D_8_4_5_1_087,原来如此，那方才你和那人相斗，胜负如何？
Story/D_8_4_5_1_088,向掌门其实是好人，与其说是决出胜负，更像是我说服了他。
Story/D_8_4_5_1_089,上官大人和我刀剑对斫上百回，难分高下。\n他可能是不耐烦，于是虚晃几招就跑了。\n我本来想追，又担心是调虎离山之计，于是就回来了。
Story/D_8_4_5_1_090,多亏了向掌门，我终于推开了紧闭的门扉，豁然开朗。\n已经没事了，世间再也没有什么值得畏惧，万事有我呢。
Story/D_8_4_5_1_091,多亏了上官大人牺牲自己性命，我才得以看清自己。\n推开了紧闭的门扉，豁然开朗。\n已经没事了，世间再也没有什么值得畏惧，万事有我呢。
Story/T_8_4_5_1_002,……湘姊好像有哪里不太一样了，不安定的感觉消失了。\n彷佛脱胎换骨一般，忽然变得很遥远。
Story/D_8_4_5_1_092,趁现在先吃点东西，补充体力。
Story/T_8_4_5_1_003,啊，不安定的感觉又出现了。
Story/T_8_4_5_1_004,这人的背影，怎么那么熟悉？简直就像是──
Story/D_8_4_5_1_093,哦，对不住，大师兄，我在拖地。
Story/D_8_4_5_1_094,没事，辛苦了，你忙吧。
Story/D_8_4_5_1_095,唐、唐布衣？你没死！
Story/D_8_4_5_1_096,这不是龙姑娘吗？好久不见。
Story/D_8_4_5_1_097,弟，你大师兄活了，真是太好了！
Story/D_8_4_5_1_098,别、别这样摇，脖子快甩断了！
Story/D_8_4_5_1_099,唐布衣，我还以为你已经……到底怎么回事？
Story/D_8_4_5_1_100,啊，我、我好像不能这样叫你。
Story/D_8_4_5_1_101,大哥……不对，会误会的，大……大伯子？怪怪的。
Story/D_8_4_5_1_102,太难了，还是叫唐布衣吧。
Story/D_8_4_5_1_103,……大伯子是什么意思？
Story/D_8_4_5_1_104,这个嘛……说来话长。
Story/D_8_4_5_1_105,有吗？不就是我和你成了一对，一句话就能说明白的事吗？
Story/T_8_4_5_1_005,我还怕湘姊见了大师兄，会有什么想法呢。
Story/D_8_4_5_1_106,什么情况，哈哈哈哈哈，笑死我了！\n不行，我得忍住，不能笑出声来。
Story/D_8_4_5_1_107,你已经笑出声来了。
Story/D_8_4_5_1_108,哈哈……想想有点难为情呢。
Story/T_8_4_5_1_006,虽然诡异了点，不过这样也好，挺让人欣慰的。
Story/T_8_4_5_1_007,龙姑娘呆呆的，眼光却还不赖，没选错人。
Story/D_8_4_5_1_109,你、你、你……！
Story/D_8_4_5_1_110,哦，龙姑娘，你也在啊。
Story/D_8_4_5_1_111,干嘛，你想干嘛要先讲，不要乱来喔！
Story/D_8_4_5_1_112,没、没有，我什么也不做，你别跑了……拜托。
Story/D_8_4_5_1_113,……行了，别哭啦，怎么了啊你，真是的。
Story/D_8_4_5_1_114,呜……呜哇啊啊～～
Story/D_8_4_5_1_115,报官！快帮我报官！
Story/D_8_4_5_1_117,唐布衣！等……等等，我有话同你说。
Story/D_8_4_5_1_118,……。
Story/D_8_4_5_1_119,你干嘛见我就跑！过份！
Story/D_8_4_5_1_120,你大师兄也回来了，真好。
Story/D_8_4_5_1_121,湘姊，你有话要对他说吗？
Story/D_8_4_5_1_122,我想想，嗯～
Story/D_8_4_5_1_123,已经没有了。
Story/T_8_4_6_1_001,怎么到处都不见我师父？
Story/D_8_4_6_1_001,不行，我得去找她。
Story/D_8_4_6_1_002,不必了，为师回来了。
Story/D_8_4_6_1_003,师父！你没事真是太好了！
Story/D_8_4_6_1_004,那上官狗贼的宝刀极是厉害，便是我这柄铁骨伞，也不能硬接。\n使上了我们雪山派的「梅颤枝头」，还抖不开黏劲。
Story/D_8_4_6_1_005,上官翻浪刀就是这个麻烦，一波接着一波，劲道不只雄浑。\n就像人在海里，挺住了浪，水还是无所不在。
Story/D_8_4_6_1_006,我家弟子还懂剖析人家武功，不错不错。
Story/D_8_4_6_1_007,先不说这个，你有受伤吗？
Story/D_8_4_6_1_008,你有受伤吗？
Story/D_8_4_6_1_009,没有大碍，倒是我这柄伞……唉。\n里面还有住客呢，给削成这样，收都收不起来，忒也可怜。
Story/D_8_4_6_1_010,我说不定能修得好，师父，能借我看看吗？
Story/D_8_4_6_1_011,真的？那你可要慎重对待它。
Story/D_8_4_6_1_012,应该不成问题，交给我吧。\n我去锻冶场拿工具，一会儿就好，师父先喝晚茶歇歇。
Story/D_8_4_6_1_013,……我的弟子真的什么都会呢。
Story/D_8_4_6_1_014,那你岂不是失了称手的兵器吗？这可怎么办。
Story/D_8_4_6_1_015,你问我，我问谁？还不都是你不争气害的。\n为师心烦的很，你别再问东问西了。
Story/D_8_4_6_1_016,又不是我弄坏的……怎能迁怒我。
Story/D_8_4_6_1_017,峨嵋派的好本事，就是腿长特别会跑，那很好啊。
Story/D_8_4_6_1_018,师父打跑了向掌门？
Story/D_8_4_6_1_019,他武功比我高，却结交匪人，问心有愧，不敢与我放对。\n自今日起，但凡峨嵋弟子撞在我雪山派手里，一律打折腿骨，听到没？
Story/O_8_4_6_1_001,不要啦，这样不好啦
Story/D_8_4_6_1_020,师父，这样不分青红皂白不太好吧。
Story/D_8_4_6_1_021,你敢不听我的话？
Story/D_8_4_6_1_022,我雪山派会变得恶名昭彰的，师父三思啊。
Story/D_8_4_6_1_023,区区的弟子，居然敢比为师还冷静，真够不肖。
Story/D_8_4_6_1_024,我同时还是你丈夫呢。
Story/D_8_4_6_1_025,……。
Story/D_8_4_6_1_026,……。
Story/D_8_4_6_1_027,既然是丈夫说的话，我就听从吧。
Story/T_8_4_6_1_002,好险！真怕她怒上心头连我都杀。
Story/D_8_4_6_1_028,我这还不是为了咱们雪山派好吗。
Story/D_8_4_6_1_029,真是婆妈！
Story/D_8_4_6_1_030,被骂了……。
Story/O_8_4_6_1_002,遵命
Story/D_8_4_6_1_031,那些不知死活的鼠辈，竟敢得罪我伟哉恩师夏侯仙女！
Story/D_8_4_6_1_032,我雪山派大弟子赵活，势与峨嵋派不两立！
Story/D_8_4_6_1_033,……慢着，为师只是气话，我收回成命。\n你顶着这张脸孔去和峨嵋派为难，雪山派的名声就算是毁了。
Story/D_8_4_6_1_034,过份！我可是为你出气啊。
Story/D_8_4_6_1_035,知道你为我好，行了行了，别闹别扭。
Story/D_8_4_6_1_036,好了，你把握时间歇会儿，谁能保证武林盟一定会投鼠忌器呢？\n他们不像你我，会无条件偏袒彼此。\n为了他们的大义，谁也牺牲得了。
Story/D_8_4_6_1_037,是。
Story/T_8_4_7_1_001,这里也没见着小师妹。
Story/T_8_4_7_1_002,师兄东张西望，在找谁呢？
Story/T_8_4_7_1_003,……师兄的手好多茧子啊。
Story/D_8_4_7_1_001,啊。
Story/D_8_4_7_1_002,你们有看见……算了想来也不会在这。
Story/D_8_4_7_1_003,他们在找谁？
Story/D_8_4_7_1_004,不知道。
Story/D_8_4_7_1_005,一会儿功夫没看到，究竟到哪里去了？
Story/T_8_4_7_1_004,师兄是在找他心仪的姑娘吗？会是我吗？
Story/T_8_4_7_1_005,……不，应该不是我吧。\n怪我太慢长大了，明明是我先来的，唉……。\n我还是走吧。
Story/D_8_4_7_1_006,小师妹……？
Story/N_8_4_7_1_001,错过的人，任你兜来转去，也见不到面。\n近若咫尺，可是心已越走越远。
Story/D_8_4_7_1_007,可千万别出事啊……！
Story/D_8_4_7_1_008,否则我……我努力至今还有什么意义呢？
Story/T_8_4_7_1_006,师兄好像很伤心的样子……好可怜。
Story/D_8_4_7_1_009,师兄不哭，拍拍。
Story/D_8_4_7_1_010,小师妹！你上哪儿去了，我一直在找你！
Story/D_8_4_7_1_011,你找我？
Story/D_8_4_7_1_012,是啊，我要看看你有没有哪处磕着絆着。
Story/D_8_4_7_1_013,……没有，我很好。\n但是，我可以牵你的手吗？
Story/D_8_4_7_1_014,那不是我的荣幸吗？
Story/D_8_4_7_1_015,一两条手，随时拿去。
Story/T_8_4_7_1_007,啊啊……好安心，好喜欢。\n我一定是世上最幸运的人了。
Story/D_8_4_7_1_016,唉，找不到也没办法，小师妹长大了，总会照顾自己。\n事情还没算完，我还是把握时间调息吧。
Story/D_8_4_7_1_017,师兄是在找我？
Story/D_8_4_7_1_018,我没有长大啊，你再找我一下嘛……。
Story/D_8_4_7_1_019,我每次迷路，你都会来找我的啊……。
Story/D_8_4_8_1_001,所以你到底是怎么一回事？
Story/D_8_4_8_1_002,我才想问你怎么回事，你喂小师妹吃了什么？\n她怎会这么黏你？给我也来点儿，拿去喂猪，不怕牠们看不对眼。
Story/D_8_4_8_1_003,鱼、螃蟹、点心、米饭、肉、青菜、鱼。
Story/D_8_4_8_1_004,你快吐出来还他，不能为了这些吃的出卖自己啊！\n还有鱼说了两次！
Story/D_8_4_8_1_005,别说那些无关紧要的事，大师兄，你还是快说正经的。
Story/D_8_4_8_1_006,我觉得很重要啊……。
Story/D_8_4_8_1_007,我才想问你怎么回事，你喂龙姑娘吃了什么？\n她怎会跟你成一对？给我也来点儿，拿去喂猪，不怕牠们看不对眼都不生小孩。
Story/D_8_4_8_1_008,那还用说？当然是鸡腿。
Story/D_8_4_8_1_009,哦……是喔，居然是鸡腿，啊不，果然是鸡腿。
Story/D_8_4_8_1_010,湘姊，你要一起听大师兄说他经历吗？
Story/D_8_4_8_1_011,嗯，我想听。但是正心堂不能饮食。\n不然我去外面吃，你们接着说，我听得见。
Story/D_8_4_8_1_012,我才想问你怎么回事，你猜我方才碰见了谁？
Story/D_8_4_8_1_013,谁？
Story/D_8_4_8_1_014,夺魄幽兰，夏侯兰！
Story/D_8_4_8_1_015,哦，你说我师父啊，你们已经碰到面了吗？
Story/D_8_4_8_1_016,何止！你对人家做了什么？她怎么可能会跟你成一对？
Story/D_8_4_8_1_017,这不对劲啊，太离奇了。\n虽说天下事无奇不有，唯独这事没得商量！\n虽然我没兴趣，但她可是江湖第一美人啊！
Story/D_8_4_8_1_018,唐公子，念在我们从前的交情，\n我特意在你说出什么不好听的话语之前提醒你一句：我很护短。
Story/D_8_4_8_1_019,我说我弟子的坏话可以，听别人说那就另当别论了。
Story/D_8_4_8_1_020,这人竟然是玩真的！
Story/D_8_4_8_1_021,我先出去了，闻不惯你们正心堂的香气。
Story/D_8_4_8_1_022,啊，那是因为有毒的缘故。
Story/D_8_4_8_1_023,稍晚你再跟我说说，唐公子究竟如何死而复生吧，其实我也好奇的很。
Story/D_8_4_8_1_024,好。
Story/D_8_4_8_1_025,我才想问你怎么回事，我都听说了哦，崆峒掌派人是怎么回事？\n你、你把崆峒四姝给怎么了？
Story/D_8_4_8_1_026,也没啥，就是把人家给娶了。
Story/D_8_4_8_1_027,呵～呃，咕。
Story/D_8_4_8_1_028,至于倒抽一口凉气吗。
Story/D_8_4_8_1_029,别说那些无关紧要的事，大师兄，你还是快说正经的。
Story/D_8_4_8_1_030,我觉得很重要啊……。
Story/D_8_4_8_1_031,我才想问你怎么回事，你是怎么拐到人家姑娘的？快教教我！
Story/D_8_4_8_1_032,你桃花不断，还用得着我教吗？
Story/D_8_4_8_1_033,当然，我从来没学过妖术，好奇的很。
Story/D_8_4_8_1_034,什么妖术！我是凭真心赢得人家青睐的。
Story/D_8_4_8_1_035,喂，你那什么表情！没礼貌！
Story/D_8_4_8_1_036,别说那些无关紧要的事，大师兄，你还是快说正经的。
Story/D_8_4_8_1_037,我觉得很重要啊……。
Story/D_8_4_8_1_038,你就别卖关子了，快点说啊，急死人！
Story/D_8_4_8_1_039,好吧，我这就开始说了。
Story/N_8_4_8_1_001,大师兄这般好事的人，怎能不好奇杏花仙何许人也？\n曾到杏花林中问过命，早知命中有此一劫。
Story/N_8_4_8_1_002,所以死而复生，是重重缘法交错，引导出的奇迹。
Story/N_8_4_8_1_003,他有感于功力停滞不前，迟迟不能掌握飞燕流星翎，\n长此以往，难负师门厚望。
Story/N_8_4_8_1_004,遂甘冒天下之大不韪，铤而走险，\n修练当年从极乐左使手中夺来的极乐魔功《九转轮回大法》。
Story/N_8_4_8_1_005,但他唐门内功根基已深，不能与极乐教内功兼容，\n强行修练，几乎走火入魔，内功不进反退，就此陷入瓶颈。
Story/N_8_4_8_1_006,千灯楼杀手处心积虑要除掉飞侠，为保万无一失，\n在茶水中掺入可解百毒的五色泥，化去大师兄唐门内功。
Story/N_8_4_8_1_007,是你舍命运功护他心脉，可惜到底未能挨到五色泥药效消失、\n唐门内功再生。
Story/N_8_4_8_1_008,但是取而代之唤醒的，是一直和唐门内功相冲突的九转轮回大法。\n使它得以掌控主权，结于丹田。
Story/N_8_4_8_1_009,申屠龙吸去大师兄所有唐门内功，更拍了一掌，渡气入体。
Story/N_8_4_8_1_010,他所习练的正是九转轮回大法，更臻大成圆满境界。\n这掌唤醒了一直和唐门内功相冲突的九转轮回大法，\n使它得以掌控主权，结于丹田。
Story/N_8_4_8_1_011,九转轮回大法行于气脉之下，无声无息，直到周天圆满，\n以真气自行按摩心脏，解除假死状态，轮回苏生。
Story/D_8_4_8_1_040,事情就是这样。
Story/D_8_4_8_1_041,这、这也太离奇了。
Story/D_8_4_8_1_055,慢着，你也会九转轮回，难道说我练的寂灭三摩地，跟你有关系？
Story/D_8_4_8_1_056,哦？原来那书到你手里了。
Story/D_8_4_8_1_057,那当然是我带回来的，之后给二师弟缴了。\n想来他又传给唐芳师妹，然后辗转沦落到你手里吧。
Story/D_8_4_8_1_042,这是何等造化？
Story/D_8_4_8_1_043,吉人自有天相，换做是赵师弟，\n早在一开始走火入魔岔气那边就死了，这就是命啊～
Story/T_8_4_8_1_001,我还真的是死了活转来的。\n云裳体内潜藏的五道真气，把我唐门内功冲得烟消云散。\n若非老天保佑，我八成现在已经投胎了。
Story/T_8_4_8_1_002,只是运气吗？我看未必吧。
Story/D_8_4_8_1_044,那你既然没死，至今为止你都在哪？
Story/D_8_4_8_1_045,自然是顺势诈死躲起来了。\n眼看你们努力至今，将要功亏一篑，实在按捺不住，这才出手。
Story/D_8_4_8_1_046,若非如此，我非要躲到剧终，等幕后黑手得意洋洋的现身出来的时候，\n再突然冲出来给他一记以牙还牙，让他含恨而终～这才叫痛快！
Story/D_8_4_8_1_047,哈哈哈哈哈！
Story/D_8_4_8_1_048,原来是这样……你真的没死啊。
Story/D_8_4_8_1_049,这笔帐先记着，等到武林盟撤退，我非要毒打你一顿。
Story/D_8_4_8_1_050,好啊，随时奉陪。
Story/D_8_4_8_1_051,我也是。
Story/D_8_4_8_1_052,蛤？这样我有点吃不消啊。
Story/D_8_4_8_1_053,还有我！
Story/D_8_4_8_1_054,这就不必了吧！一不小心我就会被送回土里啊！
Story/N_8_4_9_2_001,战事歇停，镇守外堡的弟子回山禀报，武林盟如约退避九十里。
Story/N_8_4_9_2_002,可是两盟相争，战火波及处一片荒芜。\n说是不犯民生，其实兵荒马乱，哪能顾及旁人？\n多少农地被践踏损毁，多少房屋败破倾塌，遍地狼籍。
Story/D_8_4_9_2_001,──现况便是如此。\n现下受伤的人，都在外堡医治，李大夫骂归骂，可是把身家都搭上了。\n武林盟的伤亡者，都由他们带回，至于我们这边的，也等着入殓。
Story/D_8_4_9_2_002,唉……知道了，务必慎重的对待阵亡同道。\n无帮无派的也要记下姓名，设法通知家属。
Story/D_8_4_9_2_003,是。
Story/D_8_4_9_2_004,大家都累了，下去休息吧。
Story/D_8_4_9_2_005,我还是先帮忙大家，清理一下练武场吧，不然没人睡得安稳。
Story/D_8_4_9_2_006,说的也是，那有劳师弟妹们了。
Story/O_8_4_9_2_001,我也去帮忙
Story/D_8_4_9_2_007,三师兄，我去帮忙。
Story/D_8_4_9_2_008,不，师兄。\n你们就好好休息吧，就算是大家都有功劳，\n但你们几位师兄顶着的压力，也非我们能及。
Story/D_8_4_9_2_009,这……好吧。
Story/D_8_4_9_2_010,多谢了。
Story/O_8_4_9_2_002,正事要紧
Story/T_8_4_9_2_001,成大事者不拘小节，我和三师兄商议大事要紧。
Story/D_8_4_9_2_011,累死我啦！
Story/D_8_4_9_2_012,四师弟回来了。
Story/D_8_4_9_2_013,四师兄！
Story/D_8_4_9_2_014,来来来，请上座，喝茶。
Story/D_8_4_9_2_015,谢了，还是师弟你上道。
Story/D_8_4_9_2_016,山上是个什么情况？比外堡还惨烈，七横八竖都是那啥。\n走路都快没地方落脚，吓死人了。
Story/D_8_4_9_2_017,……。
Story/D_8_4_9_2_018,……。
Story/D_8_4_9_2_019,算了，你们还是别说了，想也知道。
Story/D_8_4_9_2_020,对了，四师弟，大师兄回来了！
Story/D_8_4_9_2_021,我知道，方才碰到面了。\n我还以为白天见鬼，差点一个没忍住，尿在裤子上。
Story/D_8_4_9_2_022,哈哈哈！
Story/D_8_4_9_2_023,话说小师妹呢？哪儿去了？
Story/D_8_4_9_2_024,去沐浴更衣了，她穿红的所以看不太出来，\n其实浑身上下都是敌人洒出来的血。
Story/D_8_4_9_2_025,这么凶残？她终于开杀戒了，这个狂暴小绵羊。
Story/D_8_4_9_2_026,小师妹也是为了保护家人，想必心里也很煎熬。
Story/D_8_4_9_2_027,山下的情况，我已经听其他师弟说了。
Story/D_8_4_9_2_028,是吗？那我就省下口舌了。
Story/D_8_4_9_2_029,幸好你们没有冒进，只与武林盟相互牵制，才没有更多杀伤。
Story/D_8_4_9_2_030,你太大看我了，我能知道个啥？\n都是仰仗道法将军的指挥。
Story/D_8_4_9_2_031,你太大看我了，我能知道个啥？能缩我当然就缩。\n我烧香拜佛都来不及，哪可能主动出击？\n武林盟不打过来，我就谢天谢地了。
Story/D_8_4_9_2_032,不过那盟主真有传说那么厉害吗？\n一人一剑就足以遮断你们的追击，替武林群侠断后？
Story/D_8_4_9_2_033,还说师弟你一招就败了。
Story/D_8_4_9_2_034,屁，我那是已经精疲力尽，而且还要救鲁莽的师弟，\n才会让他得手好吗？
Story/D_8_4_9_2_035,所以传言还真不是假的。
Story/D_8_4_9_2_036,是真的。虽说我当时精疲力竭，还要保护师弟，\n但我就算状态万全，也未必能接他那一剑。
Story/D_8_4_9_2_037,实力如此悬殊吗？那我们是不是应该快点跑。
Story/D_8_4_9_2_038,西武林盟又不只我，总有武功比我高的能手。
Story/D_8_4_9_2_039,所以呢，十日以后，该派谁去跟武林盟主厮杀才合适？\n我们西武林盟到现在还没有盟主。
Story/D_8_4_9_2_040,万幸，山下除了开始那阵厮杀，后来再无大的冲突。
Story/D_8_4_9_2_041,若我方没有道法将军坐阵，情况恐怕就不那么乐观了。
Story/D_8_4_9_2_042,南宫家主说是熟读兵法，也不过纸上谈兵。\n丹霞子道长在沙场历练多年，说到行军打仗，武林人哪有比得过他的。
Story/D_8_4_9_2_043,反是大院这边，情况更为惨烈，唉。
Story/D_8_4_9_2_044,……不说这个，十日之约，你有何看法？
Story/D_8_4_9_2_045,那当然非大师兄莫属──
Story/D_8_4_9_2_046,我可不行喔。
Story/D_8_4_9_2_047,这是为何？本门之中，要数大师兄你武功最高。\n你不上阵，还能指望谁呢？
Story/D_8_4_9_2_048,有两个原因。
Story/D_8_4_9_2_049,第一，拜某个蠢材所赐，接那盟主一剑时，我腕骨给他用剑身拍裂了。\n方才去炼丹房上了夹板。
Story/D_8_4_9_2_050,离谱吧？用剑使出浸透劲，我戴着护腕竟都防不住。\n他要是有那个意思，不用剑身而用剑刃，我整个人都会变成两半。\n正面拆招的话，我说我有两成胜算都算给自己脸上添金。
Story/D_8_4_9_2_051,原来盟主武功高到这种地步。
Story/D_8_4_9_2_052,这也没什么好奇怪的，本门武功都讲究奇袭制敌，\n能够一击致胜，何必跟人拆招打来打去？\n只有我们师弟是个例外。
Story/D_8_4_9_2_053,我有啥办法，你们又不教我。
Story/D_8_4_9_2_054,你还用得着人教吗？你武功够高了。
Story/D_8_4_9_2_055,说的是，不是仰仗别人，而是凭你自己的努力。
Story/D_8_4_9_2_056,这家伙功夫会变这么高，连我也始料未及。
Story/D_8_4_9_2_057,大师兄，你若不与他近战拆招，那便如何？
Story/D_8_4_9_2_058,……我若使出飞燕流星翎，确有胜算。\n师父这手绝招是真的凶残，我使出来，从没人接得住。
Story/D_8_4_9_2_059,那稳了，你就用这招对付他。
Story/D_8_4_9_2_060,你早说啊，我还当你真的打不过他。
Story/D_8_4_9_2_061,……实不相瞒，由于我心性浮躁、内功修为有限，\n至今都不算真正练成，无法收放自如，往往一出手就会取人性命。\n是以非到迫不得已，对手又非大奸大恶之人，轻易不敢动用。
Story/D_8_4_9_2_062,那有什么问题？快用你绝招把他杀了啊。
Story/D_8_4_9_2_063,干嘛，武林盟把我们害成这样，我还不能杀他吗？
Story/D_8_4_9_2_064,倒也不是不能……。
Story/T_8_4_9_2_002,那即是说，就算大师兄能胜，阿笙也必死无疑。
Story/T_8_4_9_2_003,武林盟主该算是大奸大恶之徒吗？
Story/T_8_4_9_2_004,他若死了，小师妹的后半生怎么办？
Story/T_8_4_9_2_005,她还愿意回家来吗？要是那样的话就好了。
Story/T_8_4_9_2_006,我不奢求她下嫁给我，只要她不嫌弃我，我日日陪着她、守着她，\n好似从前一样，那我这一生吃的苦都可以一笔勾消，往后再也不求什么了。
Story/T_8_4_9_2_007,从前我高攀不上，如今她已经嫁过了人，我也今非昔比。\n只要大师兄不同我抢，说不定我也能吃上天鹅肉。
Story/D_8_4_9_2_065,三师弟，我断了的腕骨，说不定是一种信息。
Story/D_8_4_9_2_066,……你是说，武林盟主可以取你性命而不杀，是别有深意？
Story/D_8_4_9_2_067,不好说，我和他不熟。\n到底是沽名钓誉呢，还是和我想到一块儿去。
Story/D_8_4_9_2_068,不论如何，我这一招使出，和平的希望必将断绝。\n最适合的人选不是我。
Story/D_8_4_9_2_069,说得也是呢……西武林盟之中，谁的武功最高？
Story/D_8_4_9_2_070,向掌门吧，我们请他出手，打赢了就推举他作西武林盟主。
Story/D_8_4_9_2_071,向掌门吧，我们哄骗他出手，跟他说打赢了就推举他作西武林盟主。\n然后我再趁他身负重伤凯旋而归时给他致命一击，自己当盟主。
Story/D_8_4_9_2_072,你这已经不是坏，而是疯了！
Story/D_8_4_9_2_073,怎么会有这种人啊。
Story/D_8_4_9_2_074,……。
Story/D_8_4_9_2_075,……。
Story/D_8_4_9_2_076,……。
Story/D_8_4_9_2_077,干嘛都盯着我看？
Story/D_8_4_9_2_078,师弟，你想你和盟主过招，能有几分胜算？
Story/D_8_4_9_2_079,问我干嘛！西武林盟武功比我高的比比皆是，干嘛推我出去送死！
Story/D_8_4_9_2_080,……我怎知道，要推派人选，应该轮不到我吧。
Story/D_8_4_9_2_081,西武林盟不比武林盟势众，却也人才济济。\n哪里轮得到我这江湖杂鱼去丢人现眼。
Story/D_8_4_9_2_082,方今唐门，除我，就你还能一战，可不能落于人后，丢了面子。
Story/D_8_4_9_2_083,但你却是唐门第一高手。
Story/D_8_4_9_2_084,西武林盟是唐门带的头，唐门不派个人出去牺牲可不行啊。
Story/D_8_4_9_2_085,别说什么牺牲好吗？
Story/D_8_4_9_2_086,……。
Story/D_8_4_9_2_087,罢了，千头万绪，一时之间难有定论，只得暂且按下。\n尚有十日，慢慢考虑不迟。
Story/D_8_4_9_2_169,话说回来，咱们这仗以少胜多、以弱胜强，打得如此精彩，\n晚些我不少不得要下山去和各帮各派的领袖说说话，慰劳一下大家。
Story/D_8_4_9_2_170,沙场交锋，不杀人，便是死路一条，死伤在所难免。\n而今有了十日缓冲之期，要是接下来两方都能冷静，\n坐下来和谈，商议共存之道，那便是上上大吉。
Story/D_8_4_9_2_171,能不打的话就好了，说实在话，实在累了、怕了。
Story/D_8_4_9_2_172,假若武林盟不愿和谈，甚至于十日后决出了胜负还不认账，\n非要一战的话，我们也无惧于他。
Story/D_8_4_9_2_173,你那什么屁话，你不怕，我怕啊。
Story/D_8_4_9_2_174,真亏你们能打到这种地步，不简单啊。
Story/D_8_4_9_2_175,光凭我们自己是决计不行的。\n能够开创如今的局面，是西武林盟各派的功劳。
Story/D_8_4_9_2_176,话说我也算劳苦功高，能挑几个被俘虏的漂亮女侠当作战利品吗？
Story/D_8_4_9_2_177,当然不行！你在想啥啊！
Story/D_8_4_9_2_178,我就知道这家伙迟早会有一天堕入邪道的。
Story/D_8_4_9_2_179,……。
Story/D_8_4_9_2_180,一得势就毫不掩饰真面目呢，男猪。
Story/T_8_4_9_2_013,……我是不是跟错人了？
Story/T_8_4_9_2_014,……等唐门危机解除，就把阿活阉掉吧。\n没事，就算当了赵公公，本梅一样不离不弃，负责养你到老。
Story/D_8_4_9_2_181,我人还在这，你找死是吧！
Story/D_8_4_9_2_182,我、我说笑呢，我要真有那种坏心思，怎会当你面说。
Story/D_8_4_9_2_183,那倒是……下回别开这种玩笑，我听了很不愉快。
Story/D_8_4_9_2_184,知道了。
Story/T_8_4_9_2_015,一时得意忘形，忘了她在旁边，险些挨杀。
Story/D_8_4_9_2_185,我有一个隐忧，想想还是说来与大家参详。
Story/D_8_4_9_2_186,眼下虽然是我们凭着地利和种种因素大占上风没错。\n但论两盟实力，始终相去甚远吧。
Story/D_8_4_9_2_187,接下来的事，真的还能继续顺利吗？\n也许是我小人之心也说不定，凡事越顺利，越须提高警觉才对。
Story/D_8_4_9_2_188,虽说师弟老谋深算，至今局势演变与你当时推演大差不差。
Story/D_8_4_9_2_189,虽说弟妹老谋深算，至今局势演变与她推演大差不差。
Story/D_8_4_9_2_190,别把别人的妻子说得好像城府很深好不好。
Story/T_8_4_9_2_016,对不住，赵郎。妾身没你想的单纯，是真的心机深沉。
Story/D_8_4_9_2_191,虽说已故丐帮帮主老谋深算，至今局势演变与他推演大差不差。\n但他都死了那么久，还能算多远？
Story/D_8_4_9_2_192,武林盟铩羽而归，按理说，凡是有长脑子的便该消停冷静了吧？
Story/D_8_4_9_2_193,但是真有脑子的人，会这样不经求证，听风便是雨，\n都没杀他娘亲就觉得咱们对不住他，凭着义愤杀将过来吗？
Story/D_8_4_9_2_194,说穿了，他们就只是凭一头热血决事。\n你怎么保证给他们十日修整，武林盟不会背信，卷土重来？
Story/D_8_4_9_2_195,倘若武林盟不管泥教，不惜鱼死网破，跟我们耗将下去的话，\n外堡、大院被攻破只是迟早的事，不是吗？
Story/D_8_4_9_2_196,这……确实不能以己度人，我们觉得不会发生的事，往往就会。\n师弟所言，不得不愁。
Story/D_8_4_9_2_197,我们已经做到眼下力所能及的一切事情了。
Story/D_8_4_9_2_198,我知道，我知道啊！除了不打架，没法子更好了。\n但就是忍不住担心嘛，总不能期待所有人都有下限。
Story/D_8_4_9_2_199,不如我们抢先毁约，趁胜追击，杀进武林盟阵营，灭他九族？
Story/D_8_4_9_2_200,已知武林盟扎营地点，及水源流域，求问该投几斤毒药，\n可保武林盟鸡犬不留？
Story/D_8_4_9_2_201,师弟！住口！
Story/D_8_4_9_2_202,确实不能。
Story/D_8_4_9_2_203,行有不得，反求诸己，我们只能管得了自己。\n万物皆有灵，连他们爹娘都没法教他们像人，咱们凭何苛求于他们呢。
Story/D_8_4_9_2_204,前段我还想夸你说得有理，\n怎么后段听着就有点儿阴阳怪气。
Story/D_8_4_9_2_205,仁者见仁，智者见智，贱者见贱，阴阳人见阴阳。
Story/D_8_4_9_2_206,好家伙，连我也听出来了。\n师弟你连三师兄都敢损，嘴是真够毒的。
Story/D_8_4_9_2_207,这些人硬要当个人渣，那是他们的自由，你管不着。
Story/D_8_4_9_2_208,放心吧，他们不会。
Story/D_8_4_9_2_209,何以见得？
Story/D_8_4_9_2_210,我去过临安，那里的人天天都在高喊要收复大宋国土，要杀光金狗；\n我也去过中都，那里的人天天都在高喊要开疆拓土，要杀光宋狗、蒙古狗。\n明明都没见过彼此，却都恨得咬牙切齿。
Story/D_8_4_9_2_211,那你知道住在宋金国界之交的那些人，在想什么吗？
Story/D_8_4_9_2_212,「老天保佑，今天也活下来了」、「明天也能平安度过就好了」、\n「真希望不要再打仗了」、「别欺负我」、「怎么样都好，我想活着」。
Story/D_8_4_9_2_213,……。
Story/D_8_4_9_2_214,……。
Story/D_8_4_9_2_215,事不关己的时候，人通常是不带脑子的。\n反正死的不是自己亲人，所以会轻易暴露丑陋的嘴脸。
Story/D_8_4_9_2_216,说到底蒙蔽人心的，不过是这种盲目的狂热而已。
Story/D_8_4_9_2_217,这种人呢，杀他几个亲人朋友，拿刀架他脖子上，马上就清醒了。
Story/D_8_4_9_2_218,要是他们楞是不肯清醒，非要欺负人呢？
Story/D_8_4_9_2_219,上官世家会成为逞凶的那一方；南宫世家希望能说服所有人以和为贵。\n唐门的作风是啥，不用我多说了吧？
Story/D_8_4_9_2_220,哈，我明白了。
Story/D_8_4_9_2_221,四师弟所虑，我已知悉。\n自当再与西武林诸掌门共商参详。
Story/D_8_4_9_2_222,那可千万拜托你了，三师兄。\n别因打了胜仗就过度松弛，屁股该夹紧还是得夹紧来。
Story/D_8_4_9_2_223,好了，一时激昂，多说了这许多话。\n今日大家都辛苦了，没什么事情，就早点歇息吧。
Story/D_8_4_9_2_224,那我也要去吃点东西、洗个澡睡了。
Story/D_8_4_9_2_225,我去看看师父好了。
Story/D_8_4_9_2_088,我要下山去和各帮各派的领袖说话，今日大家都辛苦了，\n没什么事情，就早点歇息吧。
Story/D_8_4_9_2_089,我也要去吃点东西、洗个澡睡了。
Story/D_8_4_9_2_090,我去看看师父好了。
Story/D_8_4_9_2_091,因为我们的缘故，死了很多人啊……。\n这样的斗争，真的有意义吗？
Story/D_8_4_9_2_092,虽然我们这一侧伤亡不少，但也拖了许多正派侠士陪葬。\n一想到那群道貌岸然的伪君子再也回不了家，就觉得心里很舒服。\n活该，自己来找死的，那便去死最好。
Story/T_8_4_9_2_008,话说我的兵器挡了那一剑，断成两截。\n就算我有心要上阵，也无能为力啊。
Story/T_8_4_9_2_009,以防万一，去锻冶场重铸吧。
Story/D_8_4_9_2_093,师弟！师弟！你快出来！
Story/D_8_4_9_2_094,又怎么了？
Story/D_8_4_9_2_095,丹霞子道长？你这是……。
Story/D_8_4_9_2_096,将军！将军快快请起，您是护国干城之将，如何能跪江湖草莽！\n使不得，使不得呀！
Story/D_8_4_9_2_097,大人记错了，草民一无军籍，二无官身，不过庶人而已。\n从来未领国家粮饷，更非将军。
Story/D_8_4_9_2_098,草民只奉掌派人号令，却专断独行，弃我主于不顾。\n险些累我崆峒山主遭难，罪该万死，特来负荆请罪，虽死无尤！
Story/D_8_4_9_2_099,我崆峒与唐门结盟，却专断独行，背信弃义。\n险些累我盟友全军遭难，罪该万死，特来负荆请罪，虽死无尤！
Story/D_8_4_9_2_100,将军捍卫襄阳多年，骁勇善战，屡次击退金兵。\n虽无军籍，却有赫赫军功，大宋无论朝野，谁不佩服？\n官家早已下旨，授你军衔，是你不惜抗旨弗受而已。
Story/O_8_4_9_2_003,先请丹霞子起来
Story/D_8_4_9_2_101,道长，先起来说话吧。
Story/D_8_4_9_2_102,属下不敢！
Story/D_8_4_9_2_103,恕某问心有愧，侠客面前，站不直腰！
Story/O_8_4_9_2_004,让他跪着解释为何没来
Story/D_8_4_9_2_104,丹霞子道长，为何崆峒音讯全无，现在才姗姗来迟？
Story/D_8_4_9_2_105,属下无能，办事不力，请掌派人降罪赐死！\n以此告慰东西武林盟之争丧生殒命的盟友、弟兄！
Story/D_8_4_9_2_106,唐门大侠高义，然我丹霞子问心有愧，不敢苟活。\n请死于今日，告慰东西武林盟之争丧生殒命的盟友、弟兄！
Story/D_8_4_9_2_107,万万不可！万万不可！算、算本官求你了！
Story/D_8_4_9_2_108,咦？这位大人，如此面生，不是本地的官员吧。
Story/D_8_4_9_2_109,宋大人，这位是……？
Story/D_8_4_9_2_110,唐家代掌门，儒侠唐升。
Story/D_8_4_9_2_111,唐掌门开恩，帮本官求求情，开导一下道法将军。\n他要是死了，我也得玩完啊！
Story/D_8_4_9_2_112,此话何意？要我求情，也得说出个前因后果。
Story/D_8_4_9_2_113,掌派人、唐掌门明鉴！
Story/D_8_4_9_2_114,我派将欲南下之时，忽然撞破西夏阴谋：原来夏贼向金借道！\n欲和极乐教里应外合谋夺蜀地，瓜分宋土。魏掌门与贫道见势危急，\n不及请示掌派人法谕，于是率崆峒弟子与当地厢军会合抗击夏兵。
Story/D_8_4_9_2_115,唐掌门、赵大侠明鉴！
Story/D_8_4_9_2_116,我派将欲南下之时，忽然撞破西夏阴谋。\n原来夏贼向金借道，欲和极乐教里应外合谋夺蜀地，瓜分宋土。\n魏掌门与贫道见势危急，于是率崆峒弟子与当地厢军会合抗击夏兵。
Story/D_8_4_9_2_117,{size=50}什么？！{/size}
Story/D_8_4_9_2_118,是真的，本官就是岷州知县，亲临现场。\n一切仰仗道法将军、魏才女调度，才未沦陷。
Story/D_8_4_9_2_119,我军多次经官驿、飞雁传书求援，然而战报十有八九石沉大海。
Story/D_8_4_9_2_120,想是那极乐教死灰复燃，在宋潜伏策应多年，为侵略做足了准备。\n恐怕官家得到音讯，已是数月以后，蜀地早已陷落。
Story/D_8_4_9_2_121,我们亦非不曾犯险，为了避开极乐教掌控，以轻功行于宋金交界，\n绕道而行，费尽千辛万苦才把消息传到中原。\n但是武林盟嗤之以鼻，以为不过是缓兵之计。
Story/D_8_4_9_2_122,愚不可及！武林盟口口声声为了天下百姓，\n要灭泥教、灭唐门，定乱扶衰。\n可是我大宋江山危殆，却又充耳不闻，实教人心寒不已！
Story/D_8_4_9_2_123,原来还有这种事，难怪。
Story/D_8_4_9_2_124,如今西夏军队退兵，将军呼闻武林盟攻打眉山唐门，\n离了前线，日月兼程来此负荆请罪，有求死之志。\n惹得民怨沸腾，骂本官无能……本官也确是无能，愧对百姓。
Story/D_8_4_9_2_125,只求将军收回成命，或请唐掌门美言几句，小惩足矣。\n道法将军功在边境，国家不能没有他！
Story/D_8_4_9_2_126,知县大人，您能追到这里来、说出这样的话，就证明绝非无能。\n您放心，草民自不能因江湖私怨，置万民于水火。\n一定好生相劝。
Story/D_8_4_9_2_127,师弟。
Story/O_8_4_9_2_005,飞天弟子丹霞子听令：起来
Story/D_8_4_9_2_128,飞天弟子丹霞子听令：起来。
Story/D_8_4_9_2_129,属下有罪，不敢起。
Story/D_8_4_9_2_130,摘去背上的荆棘，你要背的是刀剑、是万民的期望，那能英雄气短！
Story/D_8_4_9_2_131,别让我……别让本座再说第二遍！
Story/D_8_4_9_2_132,是！是！
Story/D_8_4_9_2_133,既然有愧，留取有用之身，不用于国家也当用于亲人。
Story/D_8_4_9_2_134,……是！
Story/T_8_4_9_2_010,这位就是传说中的崆峒掌派人。\n怎么生得……生得这般……。
Story/T_8_4_9_2_011,我想啥呢，真是。相貌要是能保家卫国那还好说。\n啊就不能，管他好不好看？是英雄就是英雄。
Story/O_8_4_9_2_006,飞天弟子丹霞子听令：去死
Story/O_8_4_9_2_007,解锁条件：［道德］为［坏人］以下
Story/D_8_4_9_2_135,飞天弟子丹霞子听令：即刻投崖谢罪。\n你只要跳了，什么过错都能一笔勾消！
Story/D_8_4_9_2_136,属下领命！
Story/N_8_4_9_2_003,说时迟，那时快，宋悲扯住了丹霞子背上的荆棘，却拉不住他人。\n丹霞子毫不犹豫纵身投谷，山有千仞，绝对尸骨无存。
Story/D_8_4_9_2_137,完了……都完了……呜呜，呜哇啊啊啊！
Story/D_8_4_9_2_138,师弟，你这……这是干什么！
Story/D_8_4_9_2_139,赵活，你最好给我一个解释！
Story/D_8_4_9_2_140,不是这样的，各位大人，你们听我解释。
Story/D_8_4_9_2_141,好，你说，我们听你解释！
Story/D_8_4_9_2_142,我们西武林盟需要崆峒派，崆峒派却为了保家卫国迟到不来，\n因此导致我们被武林盟杀得尸横遍野。而武林盟又是间接受命于官家。\n换言之，是官家害我们死一堆人的，是也不是？
Story/D_8_4_9_2_143,这……。
Story/D_8_4_9_2_144,道法将军有天大能耐，在襄阳可以抗金，在西蜀可以抗夏。\n道法将军一死，西夏、金国铁骑破关侵攻大宋，那就容易得多。
Story/D_8_4_9_2_145,他们侵略大宋可不是为了杀人，杀人只是手段，目的是统治。\n就算沿途杀一些百姓，也不会无故屠城。\n但是官兵、衙门、朝廷、官家却一定要死。
Story/D_8_4_9_2_146,到时靖康之耻重来，把大宋官家以牵羊礼拎回燕京。\n想到我就觉得舒服，没有什么报复比这个更痛快的了。\n朝廷、武林盟不让我们活，那就全都去死！
Story/D_8_4_9_2_147,你……为了私怨，竟然把整个国家都卷进去！
Story/D_8_4_9_2_148,那又如何！大宋官家又不是头一天自己吃屎！\n别忘了岳王爷是怎么死的！大宋朝廷，不配有爱国忠臣！
Story/D_8_4_9_2_149,你这无法无天的恶徒！
Story/D_8_4_9_2_150,宋大人、知县大仁，请吧！\n你们要再不走，赵某连你俩也杀！\n反正你们处心积虑就想灭唐门，我死前再除两个好官，看大宋几时灭亡！
Story/D_8_4_9_2_151,你……哼。知县大人，我护送你下山。
Story/D_8_4_9_2_152,师弟……你这又是……唉。\n道法将军是侠之大者，你就算是对朝廷有怨怼，又怎能害他性命。
Story/D_8_4_9_2_153,……飞天弟子丹霞子听令，回来。
Story/D_8_4_9_2_154,谨奉掌派人谕令。
Story/D_8_4_9_2_155,咦！怎么……。
Story/D_8_4_9_2_156,我只叫他跳崖谢罪，没叫他去死。\n跳崖谢罪是飞天弟子的一种惩罚，跳归跳，活得下来就既往不咎。
Story/D_8_4_9_2_157,哈哈哈！我师父动不动就叫我跳崖，我现在随身都带着钩索，如何死得了？\n多谢掌派人宽恕！
Story/D_8_4_9_2_158,崆峒派好恐怖！
Story/D_8_4_9_2_159,你们唐门的毒砂缸之刑，也让我们听了毛骨耸然啊。
Story/D_8_4_9_2_160,丹霞子道长，从今以后，是否仍要投身军旅，取决于你。\n但你已经不必再把将军这个头衔当成自己的责任。
Story/D_8_4_9_2_161,……多谢掌派人，恩同再造。请受我一拜！
Story/N_8_4_9_2_004,道法将军已死的消息传开，人人都骂你这掌派人丧心病狂。\n西武林盟被骂，武林盟亦受牵连，别说什么大义了，\n根本走到哪烂菜叶子丢到哪，都怪他们没事找事攻打唐门，间接误国。
Story/N_8_4_9_2_005,而丹霞子则隐居深山老林，不问江湖事，一心只修仙。\n余生乐得自在，虽然没登仙界，也逍遥得像是神仙。
Story/D_8_4_9_2_162,道长请起，你为国为民，侠者莫大于你。\n既然是为了捍卫大宋河山，我们又岂能怪罪于你？\n这些荆棘，不该你戴！
Story/D_8_4_9_2_163,多谢唐掌门海量。
Story/D_8_4_9_2_164,……枉我自称公正，两不相帮。嘿，真是公正得紧。\n袖手旁观，原来是偏心透顶，我这顶乌纱帽，戴着实在汗颜，愧对我父兄！
Story/D_8_4_9_2_165,宋大人，你是个好官，别不做。\n贫道若有一点功劳，愿悉数归于西武林。\n恳请宋大人莫惧强权，彻查到底！究竟是谁处心积虑，撩拨武林风雨！
Story/D_8_4_9_2_166,好，虽不能作弥补，但道长所托，本官无不应允！几位请！
Story/D_8_4_9_2_167,宋大人请，知县大人请。
Story/T_8_4_9_2_012,原来江湖人也有这样文质彬彬的，与文人无异。\n没受朝廷俸禄，却比吟诗自称忧国、始终无所作为的临安显贵更忧民。
Story/D_8_4_9_2_168,三位大侠，请受我长揖。
Story/N_8_4_9_2_006,言罢，这位因为骨头太硬，不肯向权贵低头，而被贬谪的知县，\n头一次向人低下了头，你等三人也连忙还礼。
Story/N_8_4_9_2_007,崆峒派没有参与东西武林之战，而是力抗夏军。\n消息传开，中原震荡，人人都夸崆峒派、都夸西武林。
Story/N_8_4_9_2_008,武林盟反受万民唾骂，口口声声大仁大义，却以江湖私怨，险些误国。\n消息传到哪，他们就被骂到哪，有良知的无不惭愧，仇也不敢再寻。\n私下拜别盟主，就此归隐山林。
Story/N_8_7_2_1_001,那一晚你做了个梦，梦到孩提时，所以很早就醒了。
Story/D_8_7_2_1_001,──就这样～大侠龙渊剑气纵横，杀得魔教妖人四散逃窜，\n便是那孩子听了都要哭的极乐教老魔头，也不能是例外！\n天觞剑划破长空，驱散云霾，还我等世人一个朗朗乾坤！
Story/D_8_7_2_1_002,实在是太威风啦！我长大以后也想当大侠！
Story/D_8_7_2_1_003,我也要去武林门派拜师学武功！惩奸除恶！
Story/D_8_7_2_1_004,我也是！我也是！
Story/D_8_7_2_1_005,你是女孩子，不能当大侠。
Story/D_8_7_2_1_006,女孩子怎么了？女孩子一点也不比人差，可以当女侠啊。
Story/D_8_7_2_1_007,对！我要像说书先生说的那样当女侠！
Story/D_8_7_2_1_008,那我们去玩吧～
Story/D_8_7_2_1_009,你们还没给听说书的钱呢。
Story/D_8_7_2_1_010,算了，就这样吧。
Story/D_8_7_2_1_011,好，我昨天捡到那根树枝简直完美，它可能就是天觞剑！\n应该让我来当龙渊！
Story/D_8_7_2_1_012,吼唷不行，你昨天当过了！要换人！
Story/D_8_7_2_1_013,那好吧……我今天演坏人，极乐右使！
Story/D_8_7_2_1_014,那我演女侠苏迎香。
Story/D_8_7_2_1_015,不行，你要跟我一国，所以你今天是魔教妖女。
Story/D_8_7_2_1_016,魔教妖女有谁？
Story/D_8_7_2_1_017,说书先生呢？
Story/D_8_7_2_1_018,走掉了。
Story/D_8_7_2_1_019,啊……可恶，全怪我哥，把农活都丢给我做，害我没听到大结局。
Story/D_8_7_2_1_020,所以魔教妖女有谁？
Story/D_8_7_2_1_021,你们要玩吗？我也要一起。
Story/D_8_7_2_1_022,可以啊，你演树。
Story/D_8_7_2_1_023,不是应该轮到我当大侠了吗？
Story/D_8_7_2_1_024,你看看你，长那么恶心，鱼一样，都能把人丑到吐。\n有你这种大侠吗？
Story/D_8_7_2_1_025,重点还不是丑而已，你还长得不男不女。\n你怎么能当大侠，万一当了，世上丑人都学你当大侠怎办？你负责吗？
Story/D_8_7_2_1_026,我娘说了，你这种脏兮兮的丑八怪，人见人厌。\n不踏实攒钱，都不知娶不娶得到老婆，不配作梦，醒醒吧你～
Story/D_8_7_2_1_027,你们怎么能这样……这样不公平。
Story/D_8_7_2_1_028,我们怎么不能了？不然你要回去告诉你爹娘？\n哦，我忘了，你爹娘都不管你。
Story/D_8_7_2_1_029,我们有三个人，少数服从多数。\n你要听我们的，不演树就没资格跟我们玩。
Story/D_8_7_2_1_030,对啊，识相点好吗？难道你要因为你一个人，害大家都扫兴？
Story/D_8_7_2_1_031,为了大家，你就牺牲一下嘛。
Story/D_8_7_2_1_032,好……我、我演树，你们别不跟我玩……拜托。
Story/N_8_7_2_1_002,所以很早就清醒了，明白自己生来就该认份。
Story/D_8_7_2_1_033,放屁，没有那种事。
Story/D_8_7_2_1_034,掌门！
Story/D_8_7_2_1_035,……。
Story/D_8_7_2_1_036,大师兄。
Story/D_8_7_2_1_037,果然来了啊。
Story/D_8_7_2_1_038,最终都没讨论出推派出谁。
Story/D_8_7_2_1_039,哪有？大家心照不宣，就派你啊。
Story/D_8_7_2_1_040,到底为啥是我……。
Story/D_8_7_2_1_041,你不想去也行，我上。
Story/D_8_7_2_1_042,……不，还是我去吧，我想去。
Story/D_8_7_2_1_043,很好。
Story/D_8_7_2_1_044,你有话要对师父说吧，我先出去。
Story/D_8_7_2_1_045,师弟，你刚来唐门那几年，我跟其他师兄弟打过一个赌。\n赌你什么时候受不了，离开唐门。
Story/D_8_7_2_1_046,岂有此理耶。
Story/D_8_7_2_1_047,谁也不信你撑得过一年。\n我赌你永远不会走，总有一天，武功甚至会比我更强。\n我猜我赌赢了。
Story/D_8_7_2_1_048,……掌门，弟子赵活僭越。\n我这外姓弟子，也许不配代表唐门。
Story/D_8_7_2_1_049,但就算怕得要命，我也想去。
Story/D_8_7_2_1_050,但请念我多年勤恳，许我任性一次。
Story/D_8_7_2_1_051,和旁人一样，我从小就想当大侠，威风凛凛，行侠仗义。\n难得登台，我再也不想演树了。
Story/D_8_7_2_1_052,掌门，您请听。\n也许武林盟言之有理，也许此战没有正邪之别。\n但有这么多人认我们同一阵线，听凭自己心意，要为弱者鸣声。
Story/D_8_7_2_1_182,这便是唐门的侠义了，对否？
Story/D_8_7_2_1_053,谁也不能欺我唐门，否则就得付出惨痛代价。\n为此就算把全武林都卷进来，也在所不惜。
Story/D_8_7_2_1_054,我会赢，且看弟子如何战他娘亲。
Story/D_8_7_2_1_055,我这样的江湖杂鱼，八成不是武林盟主的敌手。\n但师门宗旨不敢或忘，不得活，也要心怀骄傲的死去。\n死前趁乱战他娘亲。
Story/D_8_7_2_1_056,……掌门，多谢您当年收留的恩情。\n请受弟子响头，愿您多福多寿。
Story/D_8_7_2_1_057,您所珍视的一切，弟子代为守护。\n赵活要出发了。
Story/D_8_7_2_1_058,……。
Story/D_8_7_2_1_059,掌门……师父……您听见了吗？您眼光总是好的，从没看错过人。
Story/D_8_7_2_1_060,……。
Story/D_8_7_2_1_061,三师兄，我能去吗？
Story/D_8_7_2_1_062,师弟，你这是什么话？方今唐门，舍你其谁！\n你下定决心就好。
Story/D_8_7_2_1_063,多谢三师兄成全。
Story/D_8_7_2_1_064,去去去，煮酒等你。
Story/D_8_7_2_1_065,那得是最好的酒。
Story/D_8_7_2_1_066,那当然，比你干走的猴儿酒还要好的酒。
Story/D_8_7_2_1_067,被发现了。
Story/D_8_7_2_1_068,哈哈哈哈哈！
Story/D_8_7_2_1_069,师弟，你打赢了这场架，我店里所有商品，任选九折！
Story/D_8_7_2_1_070,才九折？太小气了吧？
Story/D_8_7_2_1_071,不小气了，反正你一定会赢。
Story/D_8_7_2_1_072,承你吉言。
Story/D_8_7_2_1_073,师兄，你会赢。
Story/D_8_7_2_1_074,我会。
Story/D_8_7_2_1_075,现在是你武功高，迟早我会追上你。
Story/D_8_7_2_1_076,师兄，我们昨天还在商量，你若不肯去的话怎办呢。
Story/D_8_7_2_1_077,我若不去，你们派谁？
Story/D_8_7_2_1_078,蠢材，我们商量的不是该派谁去，而是讨论怎么逼你。
Story/D_8_7_2_1_079,哈哈哈！
Story/D_8_7_2_1_080,你要是输了，床位归我。
Story/D_8_7_2_1_081,你就不能讲点好话。
Story/D_8_7_2_1_082,要赢。
Story/D_8_7_2_1_083,可以。
Story/D_8_7_2_1_084,太奇怪了，唐门第一高手，居然是你。\n到底是谁做了什么，才会变成这样的？
Story/D_8_7_2_1_085,我也想知道。
Story/D_8_7_2_1_086,去吧，别让我的小梅守寡了。
Story/D_8_7_2_1_087,去吧，别让我龙师妹守寡了。
Story/D_8_7_2_1_088,去吧，别丢唐门的脸。
Story/D_8_7_2_1_089,是。
Story/D_8_7_2_1_090,师兄，我、我……。
Story/D_8_7_2_1_091,怎么样？
Story/D_8_7_2_1_092,从前……很瞧不起你，经常说不中听的话，还打过你。\n我错了，对不住。我们都希望你能赢……一直以来多谢你……。
Story/D_8_7_2_1_093,……行了，自家人，没多大事。\n等我回来再修理你。
Story/D_8_7_2_1_094,……行了，自家人，没多大事。我原谅你。
Story/D_8_7_2_1_095,{size=50}师兄！战他娘亲！{/size}
Story/D_8_7_2_1_096,怎么了，一早就哭成泪人儿。\n还想你怎么不见人影，是不是跑出来就迷路了？
Story/D_8_7_2_1_097,……师兄，师兄，师兄。
Story/D_8_7_2_1_098,小师妹，我们一起散步过去吧。
Story/D_8_7_2_1_099,好……。
Story/D_8_7_2_1_100,牵好手，别走丢了。
Story/D_8_7_2_1_101,好。
Story/D_8_7_2_1_102,明天想做什么？
Story/D_8_7_2_1_103,不知道……没想过。
Story/D_8_7_2_1_104,那你趁早想想吧，无论是什么事，我都陪着你。
Story/D_8_7_2_1_105,真的……？
Story/D_8_7_2_1_106,真的。
Story/D_8_7_2_1_107,一整天？
Story/D_8_7_2_1_108,一辈子。
Story/D_8_7_2_1_109,师父起得那么早。
Story/D_8_7_2_1_110,猜猜是谁的错？
Story/D_8_7_2_1_111,时间不是我定的啊……。
Story/D_8_7_2_1_112,走吧，我们师徒难得晨间散步。
Story/D_8_7_2_1_113,为师有件事，挺要紧的，得同你说。\n为免乱你心神，等你回来才告诉你吧。
Story/D_8_7_2_1_114,好事还坏事？
Story/D_8_7_2_1_115,……应该算是好事，你会喜得窜上天际那种。
Story/D_8_7_2_1_116,那我可不能输了。
Story/D_8_7_2_1_117,你本来就不能输，没志气的弟子。
Story/D_8_7_2_1_118,弟，早上好。
Story/D_8_7_2_1_119,……为什么有人一大清早就在吃鸡腿？
Story/D_8_7_2_1_120,天还没亮，我就去早市买了，也给你带了。\n吃饱才有力气，走。
Story/D_8_7_2_1_121,有把握赢吗？不然的话，交给我也行喔。
Story/D_8_7_2_1_122,虽然不一定会赢，但你别想抢我风头。
Story/D_8_7_2_1_123,呵呵，好，就该有这样的志气。\n我的郎君，当是天底下第一等的盖世英雄。
Story/D_8_7_2_1_183,哥哥，睡得好吗？
Story/D_8_7_2_1_184,睡得很好。
Story/D_8_7_2_1_185,懒骨头，就知道睡！
Story/D_8_7_2_1_186,你睡得好，却不知我这十天怎么熬过来的。\n只能眼睁睁看着你奔赴死地，个中滋味，当真百感交集。
Story/D_8_7_2_1_187,能不能……能不能不去呀？\n我好不容易才活的，你不想看我平安长大、出落成倾国美女吗？
Story/D_8_7_2_1_224,比你有钱、比你俊的男儿大有人在。\n难道你就不怕我转头改嫁旁人？\n你几番死去活来，甘心让别人捡便宜吗。
Story/D_8_7_2_1_225,……。
Story/D_8_7_2_1_226,笑什么啊你，倒是说话啊……。\n你别不信，我、我是真的会……。
Story/D_8_7_2_1_188,……。
Story/D_8_7_2_1_189,来。就剩下一小段路，我们牵着手走吧。
Story/D_8_7_2_1_190,……是，地狱尽头，裳儿也想与你同行。
Story/D_8_7_2_1_191,我还是希望你能长寿，不必和我绑在一起。
Story/D_8_7_2_1_192,你、你敢用我的招数对付我～坏！
Story/D_8_7_2_1_193,哥哥，其实呢，我有一百种手段可以让你去不成眉山之巅。\n你信不信？
Story/D_8_7_2_1_194,我信，可是你仍然选择等在这里。
Story/D_8_7_2_1_195,因为我明白你为什么视死如归，理解你的骄傲与尊严。\n你不仅是裳儿一个人独有的哥哥而已。
Story/D_8_7_2_1_196,一如我哥哥背负着叶家的宿愿……你亦同是唐家的传人。
Story/D_8_7_2_1_124,来了啊。
Story/D_8_7_2_1_125,我已听人说了，西武林盟看来是没人了，来的是这样的货色。
Story/D_8_7_2_1_126,……我不这样认为，县主大人，恐怕小看了那人喔。
Story/D_8_7_2_1_197,这一回，我同意你的说法。夏灵犀。
Story/D_8_7_2_1_198,你……你还敢回来，好厚脸皮！
Story/D_8_7_2_1_199,是为了我吗？
Story/D_8_7_2_1_200,……对。我虽然帮西武林盟，却不想你因我心乱，命丧于人手。
Story/D_8_7_2_1_201,你还说你不温柔？
Story/D_8_7_2_1_202,我不了解赵活，武林大会之前，甚至不曾听闻他的名声。\n他像是被人凭空捏造出来的，突然就出现了。
Story/D_8_7_2_1_203,但我可以跟你保证一件事──
Story/D_8_7_2_1_204,那厮丑陋不假，但是毫无疑问，那人很强，非常的强。\n若说世上有人杀得了你，也许就是他。
Story/D_8_7_2_1_205,是吗。
Story/D_8_7_2_1_127,那厮丑陋不假，但是遥遥望去，步态显出的气势，货真价实。\n──毫无疑问，那人很强，非常的强。
Story/D_8_7_2_1_128,真的……？
Story/D_8_7_2_1_129,你、你笑什么，别再装模作样了，你说不定会死啊。
Story/D_8_7_2_1_130,他好像跟其他唐门弟子不太一样。
Story/D_8_7_2_1_131,师兄……。
Story/D_8_7_2_1_132,几位夫人，人既然来齐了，还请一旁观战，\n勿扰盟主专心，沉淀思绪。
Story/D_8_7_2_1_133,小师妹，我们回头见。
Story/D_8_7_2_1_134,……。
Story/D_8_7_2_1_135,别怕，我从来没死过，不是吗？\n只要你还需要我，我就是不死之身。
Story/D_8_7_2_1_136,我相信。\n只要是师兄你说的话，就算是谎言，我也会当成真的。
Story/D_8_7_2_1_137,我就在这里等，哪儿也不去。\n你若不回转来，我去来生等你。
Story/D_8_7_2_1_138,师父，弟子去了。
Story/D_8_7_2_1_139,不要说「去了」，听着怪不吉利的。
Story/D_8_7_2_1_140,那不然怎么说？
Story/D_8_7_2_1_141,真拿你没办法，为师说一句，你跟着说一句。
Story/D_8_7_2_1_142,好。
Story/D_8_7_2_1_143,「我赵活对天发誓，」
Story/D_8_7_2_1_144,我赵活对天发誓，
Story/D_8_7_2_1_145,「绝不会死于今天。」
Story/D_8_7_2_1_146,绝不会死于今天。
Story/D_8_7_2_1_147,……「为了娇妻夏侯兰。」
Story/D_8_7_2_1_148,为了娇妻夏侯兰。
Story/D_8_7_2_1_149,好、好了，去，可别大意了。\n要是能接的招接不下、能躲的招躲不了，丢了雪山派的脸面，\n我可是要大发雷霆的。
Story/D_8_7_2_1_150,湘姊，我上阵了。
Story/D_8_7_2_1_151,嗯。这是你梦想实现的地方，我会从旁见证。
Story/D_8_7_2_1_152,要赢喔，然后我要到处跟人炫耀你。
Story/D_8_7_2_1_153,包在我身上。
Story/D_8_7_2_1_206,妹妹，我去了。
Story/D_8_7_2_1_207,嗯……裳儿会见证一切，目不转睛注视着你。
Story/D_8_7_2_1_208,我的、我的哥哥就得是这样，我才喜欢你。\n人家喜欢闪闪发光的东西，你最清楚不过了。
Story/D_8_7_2_1_209,我知道。
Story/D_8_7_2_1_210,看着我吧，我来作你的星星。
Story/D_8_7_2_1_162,久等了。
Story/D_8_7_2_1_163,也不久。
Story/D_8_7_2_1_154,小师妹。
Story/D_8_7_2_1_155,……。
Story/D_8_7_2_1_161,你够了你！每天都在大吵大闹，绝食以死相逼！\n你到底是哪边的人？瑞郎不肯答应，你现在还想干嘛？\n上官大人早就说过，唐门不灭不行，你来这边。
Story/D_8_7_2_1_211,夏灵犀，给我松手，放开她。
Story/D_8_7_2_1_212,你是想害死她吗。
Story/D_8_7_2_1_213,{size=24}唐默铃，她说错了一件事。{/size}
Story/D_8_7_2_1_214,{size=24}瑞郎不是不肯答应，他努力过了，只是没有结果而已。{/size}\n{size=24}妳应该心知肚明才对……妳不也在不为人知的地方拚死挣扎过吗？{/size}\n{size=24}全力以赴，到头什么也办不到。{/size}
Story/D_8_7_2_1_227,我……。
Story/D_8_7_2_1_215,{size=24}……努力过没有结果，跟没有努力是一样的，没有人会在意区别。{/size}
Story/D_8_7_2_1_216,{size=24}江湖为什么叫江湖呢？因为人人都被巨大的潮流推着走，身不由己。{/size}\n{size=24}和平的路已经断绝了，我们既然来到了今天，都得做好觉悟。{/size}
Story/T_8_7_2_1_001,你看吧，你还说你不温柔。
Story/D_8_7_2_1_217,……我知道了。
Story/D_8_7_2_1_218,瑞笙，你还是认输吧。\n你死掉的话，朝廷一定派别人替你当盟主，又来攻打唐门。\n你可以认输就好。
Story/T_8_7_2_1_003,原来还是从前那个小师妹。
Story/D_8_7_2_1_228,知道妳始终心向唐门。\n不过妳如意算盘能不能别敲这么响。
Story/D_8_7_2_1_229,有什么关系呢？你谁都想护着，那就太傲慢了。
Story/D_8_7_2_1_221,我背叛武林盟，早已做好了觉悟，西武林不胜，事后我亦不过死路一条。\n无论是她，还是我，都是大活人，做出事来自己担着，不必劳你盟主大人费心。
Story/D_8_7_2_1_220,……是吗。
Story/D_8_7_2_1_222,久等了。
Story/D_8_7_2_1_223,也不久。
Story/D_8_7_2_1_166,我不够资格入盟主法眼吗？
Story/D_8_7_2_1_167,区区在下，够资格入盟主法眼吗？但愿你不会失望才好。
Story/D_8_7_2_1_168,西武林盟高手如云，却推派出阁下来，瑞某岂敢存分毫轻视之心？\n那日侥幸得手，不过趁人之危，今日才论真英雄。
Story/D_8_7_2_1_169,盟主这么说，足见磊落，不愧为侠。
Story/D_8_7_2_1_170,我不敢妄自称侠，但侠是瑞某平生所愿。
Story/D_8_7_2_1_171,……那我们一样呢。
Story/D_8_7_2_1_172,岂有此理，你说话这么磊落干嘛？简直像个大侠。
Story/D_8_7_2_1_173,我不敢妄自称侠，但侠是瑞某平生所愿。
Story/D_8_7_2_1_174,……我以前也做过一样的梦。
Story/D_8_7_2_1_175,我要向此时此刻来到此地的你，致以崇高敬意。
Story/D_8_7_2_1_176,天底多的是比眉山更高耸的山，\n但是山不在高，你我际会于此，这里便是武林最高峰。
Story/D_8_7_2_1_177,啊，这里一定就是我生涯至高的战场。
Story/D_8_7_2_1_178,来吧──你我的心声，不以剑鸣，撼不动人心。
Story/D_8_7_2_1_179,男子汉大丈夫，就该用拳头说话，以剑交心！
Story/D_8_7_2_1_180,──孤云山单传，武林盟主瑞笙，请赐教！
Story/D_8_7_2_1_181,──唐门外姓弟子赵活，请赐教！
Story/D_8_7_2_2_001,……你是可敬的对手。
Story/D_8_7_2_2_145,……你是可敬的对手。
Story/D_8_7_2_2_002,是吗？那还真是……挺好的。
Story/D_8_7_2_2_003,师兄！
Story/D_8_7_2_2_004,对不住，小师妹……我想赢的，结果要食言了……。
Story/D_8_7_2_2_005,……拍拍，师兄……师兄已经很努力了，铃儿不怪你。\n谢谢你……一直……一直陪着我……其实，其实我好喜欢你……。
Story/D_8_7_2_2_006,是吗……我就说嘛……老天爷一定是公平的。\n我吃这么多苦，换得你的心……太值得了。
Story/D_8_7_2_2_007,啊啊……啊啊啊啊！
Story/D_8_7_2_2_008,师兄，我想好了。\n明天我想逃课，去溪里玩水捉鱼。
Story/D_8_7_2_2_009,后天，我想要有一条很长的绳子，可以垂降到谷底。\n我想去拜祭娘亲，陪陪她，不然她不知有多孤寂。
Story/D_8_7_2_2_010,我想一生与你相依，白了头仍在一起。
Story/D_8_7_2_2_011,笨、笨蛋弟子！
Story/D_8_7_2_2_012,对不住……师父……我还是赢不了他，让你失望了，\n丢了雪山派的脸……请你责罚。
Story/D_8_7_2_2_013,啊，啊啊……笨蛋弟子，事到如今还说这些。\n师父没有觉得你丢脸，你是我的骄傲啊……。
Story/D_8_7_2_2_014,嘿嘿……谢谢师父……你比我娘待我更亲……。
Story/D_8_7_2_2_015,为什么要来招惹我呢……填满我的心，又狠狠刨去。\n你真是个忘恩负义的坏东西。
Story/D_8_7_2_2_016,本来想当作你凯旋而归的奖励，现在只能把话赠别你。
Story/D_8_7_2_2_017,我是不会为你报仇的，因为我不一定能赢。\n我得把命留着，照顾腹里的孩儿。
Story/D_8_7_2_2_018,待他长大以后，告诉他：你爹在世的时候，顶天立地。
Story/D_8_7_2_2_019,弟！
Story/D_8_7_2_2_020,对不住……湘姊……我到底不是那块料……只是凡人而已。
Story/D_8_7_2_2_021,说什么傻话呢，你是我的英雄啊。
Story/D_8_7_2_2_022,嘿嘿……那就好，我不在了……你凡事都要多上点心，\n别再……再被人骗了……。
Story/D_8_7_2_2_023,我知道了……我会小心的，我不会再盲目轻信别人，\n会看好自己钱包，出门也会小心火烛……你别担心我。
Story/D_8_7_2_2_024,弟，你别灰心，你表现得很好了，\n人间那么不公平，你还是没有低头放弃，姊以你为豪喔。
Story/D_8_7_2_2_025,我要到处和人说，唐门赵活是我夫婿。\n他在眉山之巅，一鸣惊人。连武林盟主都夸你厉害。
Story/D_8_7_2_2_026,……我把我爹的剑赠你，这是英雄的宝剑，你配得起。
Story/D_8_7_2_2_148,哥哥！
Story/D_8_7_2_2_149,对不住，云裳……不能陪你去江南了……。
Story/D_8_7_2_2_150,你干嘛……站起来啊……我力气小，撑不住你的说。
Story/D_8_7_2_2_151,你这个骗人精，你对我都不好！\n不是……不是说不会死的吗？不是要作我的星星吗……？
Story/D_8_7_2_2_152,不，不要，我还有话没跟你说，再、再给我一次机会，\n我再也不使坏、再也不撒谎，好不好？
Story/D_8_7_2_2_153,亲爱的赵哥哥，原谅裳儿狠心，让你等我。
Story/D_8_7_2_2_154,有你分给我的命，裳儿绝对不会轻易死去。\n承受得了一切事情，你不必为我操心。
Story/D_8_7_2_2_155,我跟你打勾勾，一言为定。
Story/D_8_7_2_2_027,就此别过了，阿活。
Story/D_8_7_2_2_146,就此别过了，阿活。
Story/D_8_7_2_2_028,就此别过了，赵大侠。
Story/D_8_7_2_2_147,就此别过了，赵大侠。
Story/N_8_7_2_2_001,你战败身亡以后，西武林盟心气散尽，为武林盟所吞并，\n动乱弭平，武林阵线终于统一，唯独唐门例外。
Story/N_8_7_2_2_002,你的英姿令天下侠士动容，千言万语也说服不得的人，纷纷向你致敬。\n无人记得你相貌丑恶，出身粗鄙，只记得当年眉山之巅，\n以手中小剑与盟主争鸣的少年英雄。
Story/D_8_7_2_2_029,好样的。
Story/D_8_7_2_2_030,你也不差。
Story/D_8_7_2_2_031,我还有绝招没出，你有没有？
Story/D_8_7_2_2_032,哈！随时奉陪！
Story/N_8_7_2_2_003,那一年的外堡
Story/D_8_7_2_2_033,三、三师兄。
Story/D_8_7_2_2_034,嗯？你是……新来的外姓弟子吧。
Story/D_8_7_2_2_035,抱歉，师兄我一时忘了你叫什么姓名，有什么事吗？\n可是生活有什么难处，或者有字不识？
Story/D_8_7_2_2_036,不，不是……那个，方才，你说故事的时候，我被叫去挑水了，所以没听到。
Story/D_8_7_2_2_037,那可真不凑巧，今日是大结局。
Story/T_8_7_2_2_001,……我每次都会错过结局，好像老天不想让我听。
Story/N_8_7_2_2_004,你局促不安的捏着衣角，想知道故事的结尾，可是又不敢耽误三师兄宝贵光阴，\n深怕他一个不快，把你赶出唐门，从此你便没有容身之处了。
Story/D_8_7_2_2_038,……我口渴了，你冲一壶茶来，我重新说一遍，龙大侠是怎么打败极乐教主的。
Story/N_8_7_2_2_005,那一年的孤云山
Story/D_8_7_2_2_039,老衲得高人指点，今日起还俗，这便告辞了。
Story/D_8_7_2_2_040,大师，别走，你今日起就不来找我师父了吗？
Story/D_8_7_2_2_041,瑞小友，天下无不散的宴席，老衲在江湖还有心愿未了。
Story/D_8_7_2_2_042,不不，我没想留你，但你故事总得说完啊。
Story/D_8_7_2_2_043,老衲又不是说书人……罢了，善始善终。
Story/D_8_7_2_2_044,上回说到哪里了？\n有了，上回说到龙大侠、唐大侠、赵道长三人力拚极乐教三个大魔头，今回便是完结篇了。
Story/D_8_7_2_2_045,那极乐老魔好不厉害，九转轮回，吞天宝鉴。几十年的魔功，冠绝古今。
Story/D_8_7_2_2_046,提一柄鬼莲王刀，挥舞起来，鬼哭神号。老衲几十年佛法修为，见了都不免恶寒。
Story/D_8_7_2_2_047,比左使内力更雄厚，
Story/D_8_7_2_2_048,比右使刀招更狠辣。
Story/D_8_7_2_2_049,纵然不想承认，但是当世最强，非那魔头莫属。\n若正面对决，就连咱家掌门都自愧弗如，这可不是长他人志气，灭自己威风。
Story/D_8_7_2_2_050,是事实，是对强者的敬意。\n那一年长春子神功未成，当世无一人能抗，更无一人敢抗！
Story/D_8_7_2_2_051,唯有剑侠龙渊手握天觞剑，抱着视死如归的信念，挺身而出。\n然而斗志烧得再旺，龙渊七绝再精妙，也难弥平几十年内功差距。
Story/D_8_7_2_2_052,龙渊妙着精彩纷呈，假若对手不是极乐教主，自当稳操胜券。\n可是兵刃每度相交，内力便会被吸去几分，越打越虚弱，伤处不住流血。
Story/D_8_7_2_2_053,斗到酣处，极乐教主一掌将龙大侠拍出丈许开外，口吐鲜血。\n斗了这许多招，竟起了忘年惜才之心，想将爱女嫁与龙大侠，以此笼络。
Story/D_8_7_2_2_054,又许诺极乐教起兵，霸占西蜀自立为帝，要封龙大侠作王，\n给他封地、金银珠宝、娇妻美妾。\n只要弃剑投降，就能坐享旁人一生也求不得的荣华富贵！
Story/D_8_7_2_2_055,那时龙大侠已经强弩之末，便是不服输，也已呈败象，武林盟万念俱灰。\n他这一死，极乐教跟西夏里应外合，夹击河西走廊，打通南北道路，\n等若掐住了大宋、金国咽喉。
Story/D_8_7_2_2_056,他真气耗尽，浑身浴血，只剩最后一剑可出。\n但所有人都心知肚明，这一剑杀不了李仁友，他太强了。\n是为了给予人间苦难而降世的六梵天主、波旬魔王，人所不能抗衡。
Story/D_8_7_2_2_057,你猜他怎么选？出这一剑受死，还是弃剑投降极乐教？
Story/D_8_7_2_2_058,那还用说吗？
Story/D_8_7_2_2_059,当然是－－
Story/N_8_7_2_2_006,{size=50}出剑！{/size}
Story/D_8_7_2_2_060,没错，错的路再长再远，他一步也不屑踏出。
Story/D_8_7_2_2_061,这一剑是他的绝招，名叫《天罡伏魔剑》。
Story/D_8_7_2_2_062,那极乐教主看他冥顽不灵，举起手中魔刀来，汇聚魔气妖气，当头劈落！\n众人都不约而同掩住了眼睛，别开头，不忍见这英雄少年惨死于刀下。
Story/D_8_7_2_2_063,但是就在此时，令人意料不到的异变陡生，勇气召唤了奇迹。
Story/D_8_7_2_2_064,说时迟，那时快，刀剑相交，绽出星火，\n鬼莲王刀迸发出宛如哭泣的诡异喊声，杀人无数的魔刀应声而断！
Story/D_8_7_2_2_065,一剑，就只这一剑，斩断了魔刀，击败极乐教主，\n令他入主中原的野心毁于一旦！
Story/D_8_7_2_2_066,就这样，极乐教群魔无首，作鸟兽散，被武林盟侠客驱逐围剿，\n又过数年，才终于将余孽歼灭殆尽。
Story/D_8_7_2_2_067,实在太……太威风了！龙大侠简直是英雄。
Story/D_8_7_2_2_068,我长大也要成为他那样的大侠，惩奸除恶，维护人间正义和平。
Story/D_8_7_2_2_069,跟着你师父好好学，小友天资聪颖，有朝一日，成就必定非凡。\n故事说完，老衲要走了。
Story/D_8_7_2_2_070,像我这样的人，也能成为那样的大侠吗？
Story/D_8_7_2_2_071,这、这个嘛……人各有各的命途，难说的很。
Story/D_8_7_2_2_072,唐升，等你喝茶，怎么耽搁这么久。
Story/D_8_7_2_2_073,啊，掌门，抱歉，我和小师弟说故事呢，我这就去准备茶具。
Story/T_8_7_2_2_002,是、是掌门！怎么办，他会不会罚我？
Story/D_8_7_2_2_074,赵活。
Story/D_8_7_2_2_075,是、是，弟子赵活，恭听掌门吩咐。
Story/D_8_7_2_2_076,……我们唐门弟子最是叛逆，穿着这袭青衣，管他正邪，只信自己。\n心不屈服的话，再远的地方你也去得到。\n何必成为龙渊？你能成为任何人。
Story/D_8_7_2_2_077,……！
Story/D_8_7_2_2_078,……想必累了吧，先过来吃饭，然后洗洗再睡。\n这回做个好梦吧。
Story/D_8_7_2_2_079,胜负已分──
Story/D_8_7_2_2_080,话别说得太早！
Story/D_8_7_2_2_081,好啊，看拳！
Story/D_8_7_2_2_082,去你妈的，吃我一脚！
Story/D_8_7_2_2_083,吃我一脚！
Story/D_8_7_2_2_084,啊，贱人！你来阴的！别以为我不会！
Story/D_8_7_2_2_085,咕哇！
Story/D_8_7_2_2_086,呼……呼……你现在，顺眼多了，跟我差不多。
Story/D_8_7_2_2_087,呼……呼……你干嘛……专打脸。
Story/D_8_7_2_2_088,最后一招决胜负。
Story/N_8_7_2_2_007,你抹去了脸上血迹。
Story/D_8_7_2_2_089,……不必了，我认输。
Story/D_8_7_2_2_090,你知道这意味着什么吗？你们可是奔着歼灭唐门来的。
Story/D_8_7_2_2_091,当然，杀人者人恒杀之，我也是混江湖的……。\n想要走得体面一点。
Story/O_8_7_2_2_001,干了那么多坏事还想体面？去死！
Story/D_8_7_2_2_092,哇……我……你……。
Story/D_8_7_2_2_093,武林盟的，剩下还有谁要为你们盟主报仇！通通上前来！
Story/D_8_7_2_2_094,去死吧！
Story/D_8_7_2_2_095,你这吃里扒外的东西！你从头到尾都不是我们的家人！\n到底为什么混在我们中间！亏我还试着喜欢过你！
Story/D_8_7_2_2_096,还想打的话，我来奉陪。
Story/D_8_7_2_2_097,弟子，你歇着。这些人为师来料理。
Story/D_8_7_2_2_098,你们武林盟主都输了，还这么无耻！\n想对我们盟主动手，先过我们这关！
Story/D_8_7_2_2_099,盟主，说的是我？
Story/O_8_7_2_2_002,有人必须为此负责
Story/O_8_7_2_2_003,你有什么遗言？
Story/D_8_7_2_2_100,你想听我求饶，还是真的好奇？
Story/D_8_7_2_2_101,随便你爱说什么，反正你非死不可。
Story/D_8_7_2_2_102,……那我就不客气地说了。
Story/D_8_7_2_2_103,我身为武林盟主，不能主持正义，感到非常惭愧。\n其实我知道唐门是无辜的，但我不站出来，朝廷就会对武林盟施压。\n有人安排我在这里，等到西夏入侵，国力疲痹，我就率武林人起义。
Story/D_8_7_2_2_104,什么！
Story/D_8_7_2_2_105,有人在暗中布局，你我皆在局中。可是她铁锁横江，我别无所选择。\n东西武林不能统一，必难应对来日中原浩劫。\n我一念之差犹豫了，所以没能劝住江湖耆老们，这才杀伤了这许多人命。
Story/D_8_7_2_2_106,对不住，我拿着剑，却不是侠。\n没能伸张正义，只是被莫可名状的潮流推着走。\n我是想当盟主、想要成名不假，但我想成为的，并不是这种人啊。
Story/D_8_7_2_2_107,……。
Story/O_8_7_2_2_004,你应该将功赎罪
Story/D_8_7_2_2_108,──我不杀你，谁晓得杀了你之后，武林盟会不会鱼死网破？
Story/D_8_7_2_2_109,……我可是来杀你们的啊。
Story/D_8_7_2_2_110,你身为盟主，应该整肃武林盟风气。\n两盟死伤都要怪你，你扛得住吗？
Story/D_8_7_2_2_111,这债，一辈子也还不清的。
Story/D_8_7_2_2_112,你不是说西夏人要入侵吗？把你的性命，用在保家卫国吧。\n这次别再选错了。
Story/D_8_7_2_2_113,……你的要求，未免太强人所难了。
Story/D_8_7_2_2_114,盟主！你怎么让那厮就这样跑了？
Story/D_8_7_2_2_115,我生来什么都有，却不是全凭我自己努力，何况区区十日，他旧伤未愈。\n我占了这么多便宜还打成平手，有什么脸面死缠烂打呢？\n我说输了，那是真的输了。
Story/D_8_7_2_2_116,这……。
Story/D_8_7_2_2_117,他饶我性命，我可不能不识好歹。\n从今以后，武林盟就以西武林盟马首是瞻。
Story/D_8_7_2_2_118,怎么能这样！
Story/O_8_7_2_2_005,你已经做出选择了，就该负起责任
Story/D_8_7_2_2_1_001,哼……哼哼哼，哈哈哈！
Story/D_8_7_2_2_1_002,我瑞某人只差一点就可以统一武林，做那独一无二的武林盟主！\n竟然败在你手里！都怪武林盟的废物没砍你一条胳膊，否则我哪会输！
Story/D_8_7_2_2_1_003,盟主你怎么这么说话？大家拚死拚活是为了谁？
Story/D_8_7_2_2_1_004,吃屎吧你，要不是你们那么无能，我至于沦落至此吗！\n我可是武林盟主，将来当皇帝都不一定，去你妈的被你们连累！
Story/D_8_7_2_2_1_005,还有你们几个八婆，成天在我身边吵吵闹闹争作大的！我早就受够了！\n反正都没圆房，也没明媒正娶，通通给我滚回自己家吧！
Story/D_8_7_2_2_1_006,我可以回家了？
Story/D_8_7_2_2_1_007,你还真想走？我还道你只是性情淡漠，真这么绝情吗？
Story/D_8_7_2_2_1_008,可是我跟你们……也没有很熟啊……。
Story/D_8_7_2_2_1_009,原来你是真不想争？我以为这也是手段。
Story/T_8_7_2_2_1_001,真笨拙啊……为了避免武林盟报复，到头来，\n你也只能学王帮主、温夫人自污。\n唱戏唱得这般粗暴敷衍，实在令人不胜唏嘘。
Story/T_8_7_2_2_1_002,我不想见你糟蹋自己，不愿见你自甘成为祭品。\n那对我而言，实在太难承受，就此别过了。
Story/D_8_7_2_2_1_010,越看你越不爽！\n你这无能小卒，凭什么跟我比！看我绝招！
Story/D_8_7_2_2_1_011,你……。
Story/D_8_7_2_2_1_012,咕……赵活，你听着。
Story/D_8_7_2_2_1_013,我生来什么都有，却不是全凭我自己努力，何况区区十日，你旧伤未愈。\n我占了这么多便宜还打成平手，有什么脸面死缠烂打呢？\n我说输了，那是真的输了。
Story/D_8_7_2_2_1_014,你别以为这时候装作好人，就能一笔勾消！
Story/D_8_7_2_2_1_015,自然不能，我可是野心家、枭雄。\n接下来……就看你打算怎么办了。
Story/D_8_7_2_2_1_016,{size=24}赵大侠……小心极乐教，小心杏花仙。{/size}\n{size=24}我不能忤逆她，但你的话，说不定能行。{/size}
Story/D_8_7_2_2_1_017,什么？
Story/D_8_7_2_2_1_018,赵……赵大侠。
Story/D_8_7_2_2_1_019,你们盟主已经败了，还想打吗？
Story/D_8_7_2_2_1_020,呸，他才不是我们盟主！\n瞧他一表人才，原来是这种肚里包藏祸水的人渣！\n我恨不得多踢他两脚！
Story/D_8_7_2_2_1_021,听信妖言，误会唐门，造成这许多杀伤，真的是……唉。\n我不知道该怎么说。
Story/D_8_7_2_2_1_022,虽说是受人愚弄，但我亦责无旁贷。\n从今以后，愿弃暗投明，奉西武林号令，将功补过！
Story/D_8_7_2_2_1_023,我也是！我家有良田，愿意捐献，以赎我万一罪过。
Story/T_8_7_2_2_1_003,这样唐门应该不至于事后跟我算账吧？
Story/N_8_7_2_2_1_001,有人能恨，武林群侠立马就将过错全数推到盟主头上，\n争相自澄心迹，力求撇清干系。
Story/N_8_7_2_2_1_002,这些人之中，有人是真的不胜唏嘘，有人只想混水摸鱼。\n所谓江湖向来如此，并非只有黑白两色。
Story/D_8_7_2_2_2_001,教主，那厮和武林盟主战得两败俱伤。\n我等千灯楼杀手此刻出动，定能血洗眉山之巅，将东西武林高手一网打尽。
Story/D_8_7_2_2_2_002,……不了，怪本王看得神往入迷，错失良机。\n本王和龙少侠的故事早已翻篇过去，这个时代属于年轻人。\n无相，我们两个老不死，可别太不识趣。
Story/D_8_7_2_2_2_003,什么……那大夏伐宋的大计如何是好？
Story/D_8_7_2_2_2_004,当然继续，只是本王不再留恋江湖而已。
Story/T_8_7_2_2_2_001,……教主怎么可能说出这种话来？\n是轮回大法出了岔子，移魂失败了吗？莫非申屠龙的魂魄还有残存？
Story/D_8_7_2_2_2_005,呜哇！是、是何方鼠辈！
Story/D_8_7_2_2_2_006,老和尚，你是初代千面人魔无念僧，对吧？\n是什么乱了你的心神呢？总算给我找到破绽了。
Story/D_8_7_2_2_2_007,啊，我问归问，其实你否认也没用，我照样杀你。
Story/D_8_7_2_2_2_008,你……唐布衣！无耻小辈，竟敢偷袭本尊！
Story/D_8_7_2_2_2_009,我唐门没少受你们千灯楼、极乐教照拂。\n可别以为我会像正派人士那样，先吠两声提醒你才出手。
Story/D_8_7_2_2_2_010,你既然知道我是无相祖师，还敢放肆？
Story/D_8_7_2_2_2_011,江湖传说，一旦被看见真面目，就绝对不留活口……的人，不止你。
Story/D_8_7_2_2_2_012,我师弟是该晒晒太阳了，就让他留在阳光下，至于我嘛～
Story/D_8_7_2_2_2_013,就让你见识见识，天下第一刺客组织・唐门的报复手段吧。
Story/T_8_7_2_2_2_002,不妙，此子虽非我敌手，但唐老魔的飞燕流星翎绝非易与！\n方才我一时分神，猝不及防受他偷袭，给斩断了手筋。
Story/T_8_7_2_2_2_003,必须先设法脱险，向教主示警！\n就算保不住教主，也要把消息传回杏花林……。
Story/D_8_7_2_2_2_014,不妙，有毒！
Story/D_8_7_2_2_2_015,你……唐铮，你……莫非……？
Story/D_8_7_2_2_2_016,就是这样了。
Story/D_8_7_2_2_2_017,我受锦香宫指示，潜伏在唐门；\n受千灯楼指示，潜伏在锦香宫；\n受唐门指示，潜伏在千灯楼。
Story/D_8_7_2_2_2_018,叛徒！
Story/D_8_7_2_2_2_019,药效发作了啊，看来不必跟你废话了。
Story/D_8_7_2_2_2_020,唐布衣，你尽速收拾这厮，等会儿还有别人要杀。\n不必我说，你也知道：你既然现了身，就必须一击致命、斩草除根。
Story/D_8_7_2_2_2_021,管他武功多高，又不是比武，必须让他们连还手的余地都没有。
Story/D_8_7_2_2_2_022,对。
Story/D_8_7_2_2_2_023,卑鄙，有种就光明正大──
Story/D_8_7_2_2_2_024,去・死！
Story/D_8_7_2_2_2_025,……精彩。\n果然，时代属于年轻人。\n我们两个老不死，可别太不识趣，你说是吧？
Story/D_8_7_2_2_2_026,……对了，差点忘记，无相已经死了。
Story/D_8_7_2_2_2_027,多少变得冷清了啊。
Story/D_8_7_2_2_2_028,王爷小心！
Story/D_8_7_2_2_2_029,唔哦哦哦──
Story/D_8_7_2_2_2_030,唐老魔──不，是飞侠吗。
Story/D_8_7_2_2_2_031,哪里蹦出一个穿铁衣的怪胎，害我偷袭失败。
Story/D_8_7_2_2_2_032,本王自大理收来的。
Story/D_8_7_2_2_2_033,你见我死而复生，一点都不讶异呢。
Story/D_8_7_2_2_2_034,你杀死本王的心腹使者，九转轮回大法落入你手，复活也不奇怪。
Story/D_8_7_2_2_2_035,哇咤～！
Story/D_8_7_2_2_2_036,属下护驾来迟，令教主受惊，罪该万死。
Story/D_8_7_2_2_2_037,教主，那人便交我们新极乐七仙料理！
Story/D_8_7_2_2_2_038,嗯，去吧。\n做得干净一点，始终藏于江湖水下，莫教武林正派窥见端倪。
Story/D_8_7_2_2_2_039,属下遵命！
Story/T_8_7_2_2_2_004,唐布衣，你这蠢才，太心急了。\n这下我还得设法保住你的命！成事不足败事有余！
Story/D_8_7_2_2_2_040,……终究是年轻啊，沉不住气。\n世上已经没有足以激荡本尊胸中热血的人杰了吗？
Story/D_8_7_2_2_2_041,龙女侠有资质，可惜尚欠临门一脚，现在心急采摘，未免可惜。
Story/D_8_7_2_2_2_042,便是赵居士，也还差这么一点意思。\n倘若早生二十年，还值得我亲手去杀。\n可惜呀，你毕竟不是本王故事里的人。
Story/D_8_7_2_2_2_043,打架还嫌对手资历不够深？忒也龟毛。\n那咱们两个不死的老东西碰一碰谁的拳头硬。
Story/D_8_7_2_2_2_044,你──龙少侠？！
Story/D_8_7_2_2_2_045,还少侠呢，我都是大叔了。
Story/D_8_7_2_2_2_046,龙某人在此，你的野心绝无机会实现。\n就这么无声无息地溺毙在江湖之下吧。
Story/D_8_7_2_2_2_047,哈哈哈，哈哈哈哈哈哈哈！\n好，好，好，这才好，啊～活得久总会有好事！\n天上天下，唯有你配与我为敌。
Story/D_8_7_2_2_2_048,来，当年未完那一战，延宕二十载，如今该有结局。
Story/D_8_7_2_2_2_049,……你这家伙……不是李仁友吧。
Story/D_8_7_2_2_2_050,无所谓，反正都得打死。
Story/D_8_7_2_2_2_051,来。
Story/N_8_8_1_001,江湖盛传，东西武林之争，各持己见，为此不惜大动干戈，更甚惊动朝廷。
Story/N_8_8_1_002,最终你在万众瞩目之下，正面击败天之骄子。\n武林盟还蠢蠢欲动，欲将你乱刀分尸，但这一次你不是孤身一人。\n你为西武林盟群侠出头，他们也为你撑腰。
Story/N_8_8_1_003,武林盟群龙无首，不是谁都热血上头，已经不成气候，\n就算人多，又怎能抵抗西武林盟的团结？要不了多久，就全面崩溃。\n降者论罪处，收编为己用，不降者后果自负。
Story/N_8_8_1_004,小命要紧，武林盟不敢再造次，以南宫为首，向西武林屈膝称臣。
Story/N_8_8_1_005,然而武林盟主在激战之末暴露出真面目，\n之所以指使武林盟侵犯唐门，原来是为了他一统江湖的野心，\n万幸者是最终伏诛于你小剑之下。
Story/N_8_8_1_006,武林盟群侠此际方知识人不明，都羞惭不已。\n或是捐款，或是自废武功，退隐江湖。
Story/N_8_8_1_007,时人说起东西武林之战，无不津津乐道。\n无人记得你相貌丑恶、出身粗鄙，因为那根本无关紧要。\n只知眉山之巅，天下第一的英雄少年。
Story/N_8_8_1_008,之后北方传来战报，极乐教引西夏入侵。\n东西武林侠士临危皆奉你号令，齐心抗敌，挫败极乐教野心。\n中原武林终于恢复和平。
Story/D_8_8_1_009,太过份了！我都这么努力了，他们还不让我当西武林盟主！\n我可是在前线一马当先的啊！官兵都没我勇！
Story/D_8_8_1_010,师弟，冷静，冷静，要当武林盟主，不是武功最高就行。
Story/D_8_8_1_011,你怎么都不检讨一下自己，你人品有问题吧？\n我连水壶都不敢交到你手里，何况是盟主之位。
Story/D_8_8_1_012,你就别让我拿到你水壶，我非冲着壶口放个水屁不可！
Story/D_8_8_1_013,你看，你看！这就是你当不了盟主的原因啦！
Story/D_8_8_1_014,姑且问一下，你当了盟主，头一条政策主张是啥？
Story/D_8_8_1_015,把各门各派漂亮的女弟子上贡给我。
Story/D_8_8_1_016,哈哈哈哈哈！干～
Story/D_8_8_1_017,哈哈哈哈哈！
Story/D_8_8_1_018,笑屁噢！
Story/D_8_8_1_019,拍拍，师兄不要气。\n他们不听你的话，我听，你可以统治我。
Story/D_8_8_1_020,不行！不行！
Story/D_8_8_1_021,三师兄，你再拦我，我可是真的要对你不客气！
Story/D_8_8_1_022,三师兄，小心一点，你看他那个眼神不大对劲，他可能是玩真的。
Story/D_8_8_1_023,哈哈哈哈哈！
Story/D_8_8_1_024,我弟这么优秀，西武林盟的凭什么不让他当盟主！\n走，我们去一个个拜访各大门派、帮派，非要他们同意不可！
Story/D_8_8_1_025,你们这跟武林盟的做派有啥两样？
Story/D_8_8_1_026,万万不可！你们的想法很危险啊！
Story/D_8_8_1_027,当武林盟主是不坏，但要先光复雪山派才行。
Story/D_8_8_1_028,说的也对。
Story/D_8_8_1_029,本门之中，也有些精擅土木的师弟。\n夏侯女侠若不嫌弃，可以携去，为修缮贵派略尽绵力。
Story/D_8_8_1_030,……多谢唐掌门，既然两派是姻亲，那小女子真的会不客气。
Story/D_8_8_1_031,雪山派复兴，要置办的货物一定不少。\n这是一笔大买卖呀。
Story/D_8_8_1_032,唐四侠，我等下列一个清单给你，帐都记你赵师弟头上。
Story/D_8_8_1_033,夫人务必手下留情啊。
Story/D_8_8_1_034,好，想要什么就买吧，什么都可以。
Story/D_8_8_1_035,这可是你说的。
Story/D_8_8_1_036,……。
Story/D_8_8_1_037,唐公子，你有话想说，不妨直说？
Story/D_8_8_1_038,不，只是想你性情变化真大啊。
Story/D_8_8_1_039,你应该知道为何。
Story/D_8_8_1_040,现在又渐渐变得像从前了。
Story/D_8_8_1_041,……是吗，我只是觉得现在心绪不算坏。
Story/D_8_8_1_042,到时你雪山派重新立派，我也去你雪山派作客，行不行？
Story/D_8_8_1_043,当然可以，叫上解公子吧。\n还有塞外牧羊那两位，不知肯不肯来赏光。
Story/D_8_8_1_044,哈～那就一言为定！
Story/D_8_8_1_099,就是说啊！我只不过想叫他们每个人出点钱、出点力，\n给我盖个魔王城，再进贡各派美女充实后宫，他们居然不肯！\n这样我混世魔王的名声，还怎么威过当年极乐魔尊！
Story/D_8_8_1_100,别闹，别瞎说。
Story/D_8_8_1_101,嗯～人家不管嘛～\n我要奴役他们、我要拿鞭子抽打他们的说～
Story/D_8_8_1_102,就算你用那种闪闪动人的眼光看我也不行。
Story/D_8_8_1_103,哈哈哈哈！
Story/D_8_8_1_104,哈哈哈哈！
Story/D_8_8_1_105,别笑，别助长她的气焰。
Story/D_8_8_1_106,来不及了，我早被哥哥惯坏了，\n现在气冲牛斗，谁也拦不住我！
Story/D_8_8_1_107,不愧是天底最不应该掌权的那种人。
Story/D_8_8_1_108,四哥，朕登基以后，就特许你成为御用皇商。
Story/D_8_8_1_109,誓死效忠小魔王！吾皇万岁！
Story/D_8_8_1_110,哈哈哈哈哈！
Story/D_8_8_1_111,哈哈哈哈哈！
Story/D_8_8_1_112,都叫你们别笑了，教坏小孩。
Story/D_8_8_1_113,对不住，对不住，叶某一时没管好，又让她犯案。\n我这就把人带下去教训。
Story/D_8_8_1_114,打屁股也要看主人，我是赵哥哥的人，\n他有义务捍卫我的屁股，你想动我，先问过他同不同意！
Story/O_8_8_1_001,同意
Story/D_8_8_1_115,我同意。
Story/D_8_8_1_116,哥……哥哥，你是说笑的吧？你怎么能出卖我？
Story/D_8_8_1_117,你听见了？过来，趁你还没出嫁，我得矫正你的扭曲思想。
Story/O_8_8_1_002,不同意
Story/D_8_8_1_118,叶兄，云裳已经是待嫁的小娘子了，就算是亲兄长，也当执礼，\n不能再像对待小孩子一样惩罚。
Story/D_8_8_1_119,叶兄，她长大了，你不能老是打她屁股。
Story/D_8_8_1_120,就是！就是！
Story/D_8_8_1_121,赵兄，你这样惯着她，受害的迟早是你。
Story/D_8_8_1_122,倒也不是惯着她，只是合理维护我自己的权益。
Story/D_8_8_1_045,师弟……你真的打算辞退盟主之位？
Story/D_8_8_1_046,是啊，我有自知之明，要当盟主，可不是会打架就行。
Story/D_8_8_1_047,你不考虑一下？你当了盟主，我们也能跟着鸡犬升天耶。
Story/D_8_8_1_048,那不就是中饱私囊？你想得美。
Story/D_8_8_1_049,而且就算鸡犬飞得起来，你也飞不起，你太胖。
Story/D_8_8_1_050,出去！跟我出去外面决一死战～！
Story/D_8_8_1_051,长能耐了你，人家请你当盟主都不当。\n你接着想干嘛？
Story/D_8_8_1_052,学你，美其名曰游历江湖，实则到处闲晃。
Story/D_8_8_1_053,不错，不错，好志向。
Story/D_8_8_1_054,师兄不当盟主才好，师兄要陪我。
Story/D_8_8_1_055,你拟好将来计划了吗？
Story/D_8_8_1_056,嗯，有十几件。
Story/D_8_8_1_057,上百件我也陪你完成。
Story/D_8_8_1_058,首先呢，想、想成亲，想要名分。
Story/D_8_8_1_059,不……不……。
Story/D_8_8_1_060,不能草率，风风光光的大办才行。\n把西武林盟的朋友都邀请过来观礼。
Story/D_8_8_1_061,师弟，趁小师妹还没清醒，快娶到手。
Story/D_8_8_1_062,哈哈哈哈哈！好恶心～
Story/D_8_8_1_063,你才恶心。
Story/D_8_8_1_064,我弟连盟主都不屑做，你心气要高到什么地步啊。
Story/D_8_8_1_065,他是不是干啥你都会夸？
Story/D_8_8_1_066,对。
Story/D_8_8_1_067,锦香宫马屁精杀人魔。
Story/D_8_8_1_068,蛤……？
Story/D_8_8_1_069,{size=24}你干嘛刺激人家，别说了，别说了。{/size}
Story/D_8_8_1_070,也不是心气高，就是做不来。
Story/D_8_8_1_071,还这么谦虚，真是个充满美德的男人。
Story/D_8_8_1_072,跟某人不一样。
Story/D_8_8_1_073,你看吧，她记恨了。
Story/D_8_8_1_074,何止呢，皇帝我都不屑做。
Story/D_8_8_1_075,你当不了。当皇帝能有后宫三千佳丽，你敢有，我会杀了你。
Story/D_8_8_1_076,我就说了没有要当。
Story/D_8_8_1_077,没有就好，可别学某人捻花惹草。
Story/D_8_8_1_078,龙女侠，我师弟能当盟主而不当，不是他没本事。\n这样的人杰，与你当算门当户对了，你说是吗？
Story/D_8_8_1_079,嗯？嗯，算是吧。
Story/N_8_8_1_009,龙湘到底还是脸薄，却觉自己能嫁这样一位英雄丈夫，\n心里实在不自禁的得意。
Story/D_8_8_1_080,那可得风光大办，豆谷花烛、合卺之杯，都有我代办张罗！
Story/T_8_8_1_001,也算好吧。
Story/D_8_8_1_081,当武林盟主是不坏，但要先光复雪山派才行。
Story/D_8_8_1_082,说的也对。
Story/D_8_8_1_083,本门之中，也有些精擅土木的师弟。\n夏侯女侠若不嫌弃，可以携去，为修缮贵派略尽绵力。
Story/D_8_8_1_084,……多谢唐掌门，既然两派是姻亲，那小女子真的会不客气。
Story/D_8_8_1_085,雪山派复兴，要置办的货物一定不少。\n这是一笔大买卖呀。
Story/D_8_8_1_086,唐四侠，我等下列一个清单给你，帐都记你赵师弟头上。
Story/D_8_8_1_087,夫人务必手下留情啊。
Story/D_8_8_1_088,好，想要什么就买吧，什么都可以。
Story/D_8_8_1_089,这可是你说的。
Story/D_8_8_1_090,……。
Story/D_8_8_1_091,唐公子，你有话想说，不妨直说？
Story/D_8_8_1_092,不，只是想你性情变化真大啊。
Story/D_8_8_1_093,你应该知道为何。
Story/D_8_8_1_094,现在又渐渐变得像从前了。
Story/D_8_8_1_095,……是吗，我只是觉得现在心绪不算坏。
Story/D_8_8_1_096,到时你雪山派重新立派，我也去你雪山派作客，行不行？
Story/D_8_8_1_097,当然可以，叫上解公子吧。\n还有塞外牧羊那两位，不知肯不肯来赏光。
Story/D_8_8_1_098,哈～那就一言为定！
Story/D_8_8_1_123,嗯～不要嘛，人家不依！\n当武林盟主多好啊，威风八面的，裳儿跟了你，也与有荣焉不是？
Story/D_8_8_1_124,你少来，你只是想狐假虎威，假盟主夫人之名，到处压榨别人。\n你私下勒索各派的事情我都已经知情了。
Story/D_8_8_1_125,我又没藏着，我是光明正大的勒索。
Story/D_8_8_1_126,啊，好没义气，有这种好事不叫上我？
Story/D_8_8_1_127,哈哈哈哈哈！我就知道。\n每代唐门出现好人，也必定会出一个负责平衡的坏蛋。
Story/D_8_8_1_128,裳儿，你……你都做了什么呀！
Story/D_8_8_1_129,我做得不对吗？战后修复、赔偿、抚恤，不都需要花钱吗？\n哥哥虽然是西武林盟主，却也不能慷他人之慨。\n是以武林盟该赔的还得赔，有剩的充实唐门资产，再有剩的入我私囊。
Story/D_8_8_1_130,这还……还真是有点道理。
Story/D_8_8_1_131,对不住，对不住，叶某一时没管好，又让她犯案。\n我这就把人带下去教训。
Story/D_8_8_1_132,打屁股也要看主人，我是赵哥哥的人，\n他有义务捍卫我的屁股，你敢不听盟主号令？
Story/D_8_8_1_133,我已经谢绝了盟主之位。
Story/D_8_8_1_134,你听见了？过来，趁你还没出嫁，我得矫正你的扭曲思想。
Story/D_8_8_1_135,唔、唔哇！
Story/D_8_8_1_136,救、救命！
Story/D_8_8_1_137,默铃！默铃！我们不是好朋友、好姊妹吗？
Story/D_8_8_1_138,嫂嫂！
Story/D_8_8_1_139,爷爷！
Story/D_8_8_1_140,哥哥！救救我啊！
Story/D_8_8_1_141,怎么了这是？谁要害你？
Story/D_8_8_1_142,烦请各位帮我揪住她。
Story/D_8_8_1_143,住手！梁姐姐你这忘恩负义的家伙，\n人家把你拐到中原，是为了让你当我嫂嫂，不是要你拿针扎我哎！
Story/D_8_8_1_144,又在胡言乱语。
Story/D_8_8_1_145,我后悔了，我吃药！我吃药行了吧！\n有话好说，你先把针放下。
Story/D_8_8_1_146,哦？真的吗？你愿意吃药了？
Story/D_8_8_1_147,前有豺狼，后有虎豹！吾命休矣！
Story/D_8_8_1_148,如果是吃起来香香甜甜的药，我可以勉为其难吃一下。\n不然的话，还是敬谢不敏了。\n说到底，把药弄得那么难吃，你们也有责任的说，怎么能怪我吐？
Story/D_8_8_1_149,抓住她！
Story/N_8_8_1_010,耕阳读书斋将你的事迹编撰成书，发行于市，书名为《活侠传》。\n唐门活侠的大名一朝传遍中原，无人不知、无人不晓。
Story/N_8_8_1_011,甚至远至西夏兴庆、大宋临安、金国燕京、蒙古大漠军帐。\n四国皇帝都知道世上有你这号人物，敬者敬，忧者忧，畏者畏，愁者愁。
Story/N_8_8_1_012,你的名字，从今往后便是传说。
Story/N_8_8_1_013,始作俑者之一释明禅师畏惧唐门报复，片刻不敢逗留，\n收拾行囊，乘船逃奔海外，不料为白鲨帮所掳。\n经历一番惨绝人寰的折辱之后葬身鱼腹。
Story/N_8_8_1_014,始作俑者之一的晁和因为再次冒充你，\n被怀恨在心的武林盟成员暗算埋伏，刑求七七四十九天，\n才终于咽气，死得草率又无意义。
Story/N_8_8_1_015,剧终
Story/N_8_8_1_016,─原始鸟熊 出品─
Story/N_8_8_2_001,江湖盛传，东西武林之争，各持己见，为此不惜大动干戈，更甚惊动朝廷。
Story/N_8_8_2_002,最终两盟各自派出顶尖高手，昔日知己，决于眉山之巅。\n一青一白两位侠客各显神通，此战可谓惊天地、泣鬼神。\n最终生活双侠谁也不胜谁，重归于好，成就传世佳话。
Story/N_8_8_2_003,最终两盟各自派出顶尖高手，决战眉山之巅。\n一青一白两位侠客各显神通，此战可谓惊天地、泣鬼神。\n最终天之骄子惨败于你，得你饶他性命，从此以西武林盟马首是瞻。
Story/N_8_8_2_005,时人说起东西武林之战，无不津津乐道。\n无人记得你相貌丑恶、出身粗鄙，因为那根本无关紧要。\n只知眉山之巅，与盟主争鸣的英雄少年。
Story/N_8_8_2_006,之后北方传来战报，极乐教引西夏入侵。\n东西武林侠士临危皆奉你号令，齐心抗敌，挫败极乐教野心。\n中原武林终于恢复和平。
Story/D_8_8_2_045,师弟……你真的打算辞退盟主之位？
Story/D_8_8_2_046,是啊，我有自知之明，要当盟主，可不是会打架就行。
Story/D_8_8_2_047,你不考虑一下？你当了盟主，我们也能跟着鸡犬升天耶。
Story/D_8_8_2_048,那不就是中饱私囊？你想得美。
Story/D_8_8_2_049,而且就算鸡犬飞得起来，你也飞不起，你太胖。
Story/D_8_8_2_050,出去！跟我出去外面决一死战～！
Story/D_8_8_2_051,长能耐了你，人家请你当盟主都不当。\n你接着想干嘛？
Story/D_8_8_2_052,学你，美其名曰游历江湖，实则到处闲晃。
Story/D_8_8_2_053,不错，不错，好志向。
Story/D_8_8_2_054,师兄不当盟主才好，师兄要陪我。
Story/D_8_8_2_055,你拟好将来计划了吗？
Story/D_8_8_2_056,嗯，有十几件。
Story/D_8_8_2_057,上百件我也陪你完成。
Story/D_8_8_2_058,首先呢，想、想成亲，想要名分。
Story/D_8_8_2_059,不……不……。
Story/D_8_8_2_060,不能草率，风风光光的大办才行。\n把西武林盟的朋友都邀请过来观礼。
Story/D_8_8_2_061,师弟，趁小师妹还没清醒，快娶到手。
Story/D_8_8_2_062,哈哈哈哈哈！好恶心～
Story/D_8_8_2_063,你才恶心。
Story/D_8_8_2_064,我弟连盟主都不屑做，你心气要高到什么地步啊。
Story/D_8_8_2_065,他是不是干啥你都会夸？
Story/D_8_8_2_066,对。
Story/D_8_8_2_067,锦香宫马屁精杀人魔。
Story/D_8_8_2_068,蛤……？
Story/D_8_8_2_069,{size=24}你干嘛刺激人家，别说了，别说了。{/size}
Story/D_8_8_2_070,也不是心气高，就是做不来。
Story/D_8_8_2_071,还这么谦虚，真是个充满美德的男人。
Story/D_8_8_2_072,跟某人不一样。
Story/D_8_8_2_073,你看吧，她记恨了。
Story/D_8_8_2_074,何止呢，皇帝我都不屑做。
Story/D_8_8_2_075,你当不了。当皇帝能有后宫三千佳丽，你敢有，我会杀了你。
Story/D_8_8_2_076,我就说了没有要当。
Story/D_8_8_2_077,没有就好，可别学某人捻花惹草。
Story/D_8_8_2_078,龙女侠，我师弟能当盟主而不当，不是他没本事。\n这样的人杰，与你当算门当户对了，你说是吗？
Story/D_8_8_2_079,嗯？嗯，算是吧。
Story/N_8_8_2_007,龙湘到底还是脸薄，却觉自己能嫁这样一位英雄丈夫，\n心里实在不自禁的得意。
Story/D_8_8_2_080,那可得风光大办，豆谷花烛、合卺之杯，都有我代办张罗！
Story/T_8_8_2_001,也算好吧。
Story/D_8_8_2_081,当武林盟主是不坏，但要先光复雪山派才行。
Story/D_8_8_2_082,说的也对。
Story/D_8_8_2_083,本门之中，也有些精擅土木的师弟。\n夏侯女侠若不嫌弃，可以携去，为修缮贵派略尽绵力。
Story/D_8_8_2_084,……多谢唐掌门，既然两派是姻亲，那小女子真的会不客气。
Story/D_8_8_2_085,雪山派复兴，要置办的货物一定不少。\n这是一笔大买卖呀。
Story/D_8_8_2_086,唐四侠，我等下列一个清单给你，帐都记你赵师弟头上。
Story/D_8_8_2_087,夫人务必手下留情啊。
Story/D_8_8_2_088,好，想要什么就买吧，什么都可以。
Story/D_8_8_2_089,这可是你说的。
Story/D_8_8_2_090,……。
Story/D_8_8_2_091,唐公子，你有话想说，不妨直说？
Story/D_8_8_2_092,不，只是想你性情变化真大啊。
Story/D_8_8_2_093,你应该知道为何。
Story/D_8_8_2_094,现在又渐渐变得像从前了。
Story/D_8_8_2_095,……是吗，我只是觉得现在心绪不算坏。
Story/D_8_8_2_096,到时你雪山派重新立派，我也去你雪山派作客，行不行？
Story/D_8_8_2_097,当然可以，叫上解公子吧。\n还有塞外牧羊那两位，不知肯不肯来赏光。
Story/D_8_8_2_098,哈～那就一言为定！
Story/D_8_8_2_099,嗯～不要嘛，人家不依！\n当武林盟主多好啊，威风八面的，裳儿跟了你，也与有荣焉不是？
Story/D_8_8_2_100,你少来，你只是想狐假虎威，假盟主夫人之名，到处压榨别人。\n你私下勒索各派的事情我都已经知情了。
Story/D_8_8_2_101,我又没藏着，我是光明正大的勒索。
Story/D_8_8_2_102,啊，好没义气，有这种好事不叫上我？
Story/D_8_8_2_103,哈哈哈哈哈！我就知道。\n每代唐门出现好人，也必定会出一个负责平衡的坏蛋。
Story/D_8_8_2_104,裳儿，你……你都做了什么呀！
Story/D_8_8_2_105,我做得不对吗？战后修复、赔偿、抚恤，不都需要花钱吗？\n哥哥虽然是西武林盟主，却也不能慷他人之慨。\n是以武林盟该赔的还得赔，有剩的充实唐门资产，再有剩的入我私囊。
Story/D_8_8_2_106,这还……还真是有点道理。
Story/D_8_8_2_107,对不住，对不住，叶某一时没管好，又让她犯案。\n我这就把人带下去教训。
Story/D_8_8_2_108,打屁股也要看主人，我是赵哥哥的人，\n他有义务捍卫我的屁股，你敢不听盟主号令？
Story/D_8_8_2_109,我已经谢绝了盟主之位。
Story/D_8_8_2_110,你听见了？过来，趁你还没出嫁，我得矫正你的扭曲思想。
Story/D_8_8_2_111,唔、唔哇！
Story/D_8_8_2_001,师兄，你要出门吗？
Story/D_8_8_2_002,是啊，说起来还没和你说呢，欢迎回家。
Story/D_8_8_2_112,默铃，你快想点办法！\n厥起你的大屁股帮我挡一挡呀！我们不是好朋友吗！
Story/D_8_8_2_113,！？
Story/D_8_8_2_114,救、救命！
Story/D_8_8_2_115,默铃！默铃！我们不是好朋友、好姊妹吗？
Story/D_8_8_2_116,嫂嫂！
Story/D_8_8_2_117,爷爷！
Story/D_8_8_2_118,哥哥！救救我啊！
Story/D_8_8_2_119,怎么了这是？谁要害你？
Story/D_8_8_2_120,烦请各位帮我揪住她。
Story/D_8_8_2_121,住手！梁姐姐你这忘恩负义的家伙，\n人家把你拐到中原，是为了让你当我嫂嫂，不是要你拿针扎我哎！
Story/D_8_8_2_122,又在胡言乱语。
Story/D_8_8_2_123,我后悔了，我吃药！我吃药行了吧！\n有话好说，你先把针放下。
Story/D_8_8_2_124,哦？真的吗？你愿意吃药了？
Story/D_8_8_2_125,前有豺狼，后有虎豹！吾命休矣！
Story/D_8_8_2_126,如果是吃起来香香甜甜的药，我可以勉为其难吃一下。\n不然的话，还是敬谢不敏了。\n说到底，把药弄得那么难吃，你们也有责任的说，怎么能怪我吐？
Story/D_8_8_2_127,抓住她！
Story/N_8_8_2_008,耕阳读书斋将你的事迹编撰成书，发行于市，书名为《活侠传》。\n唐门活侠的大名一朝传遍中原，无人不知、无人不晓。
Story/N_8_8_2_009,甚至远至西夏兴庆、大宋临安、金国燕京、蒙古大漠军帐。\n四国皇帝都知道世上有你这号人物，敬者敬，忧者忧，畏者畏，愁者愁。
Story/N_8_8_2_010,你的名字，从今往后便是传说。
Story/N_8_8_2_011,始作俑者之一释明禅师畏惧唐门报复，片刻不敢逗留，\n收拾行囊，乘船逃奔海外，不料为白鲨帮所掳。\n经历一番惨绝人寰的折辱之后葬身鱼腹。
Story/N_8_8_2_012,始作俑者之一的晁和因为再次冒充你，\n被怀恨在心的武林盟成员暗算埋伏，刑求七七四十九天，\n才终于咽气，死得草率又无意义。
Story/N_8_8_2_013,剧终
Story/N_8_8_2_014,─原始鸟熊 出品─
Story/D_8_3_4_1_001,我、我在哪里？
Story/D_8_3_4_1_002,小声点，蠢材！
Story/D_8_3_4_1_003,敢问尊驾何许人也？
Story/D_8_3_4_1_004,你是谁？想对我怎样？你要带我去哪里？
Story/D_8_3_4_1_005,师兄，拍拍，别怕，我在这里。
Story/D_8_3_4_1_006,小师妹！你没事就好……唐门呢？东西武林之战怎么样了？
Story/D_8_3_4_1_007,既然人醒了，我就去牵马了。\n你们做好准备，就出发了。
Story/D_8_3_4_1_008,去哪？
Story/D_8_3_4_1_009,……东海，南宫世兄说，安排我们乘船离开中原。
Story/D_8_3_4_1_010,但是唐门！
Story/D_8_3_4_1_011,别动！不然，不然又要流血了。
Story/D_8_3_4_1_012,求求你……师兄，除了你，我已经……没有家人了。
Story/D_8_3_4_1_013,……是吗，唐门已经……。
Story/D_8_3_4_1_014,弟，你别慌，没事了。
Story/D_8_3_4_1_015,湘姊……唐门呢？东西武林之战怎么样了？
Story/D_8_3_4_1_016,既然人醒了，我就去牵马了。\n你们做好准备，就出发了。
Story/D_8_3_4_1_017,去哪？
Story/D_8_3_4_1_018,……去金国。
Story/D_8_3_4_1_019,什么！
Story/D_8_3_4_1_020,我也不想这样的，但是，但是我想不到更好的办法了。\n唐门……西武林盟溃不成军，大宋已经容不下我们了。
Story/D_8_3_4_1_021,……是吗，唐门已经……。
Story/D_8_3_4_1_022,弟，我们暂避风头，等我们练好武功，再去报仇。
Story/D_8_3_4_1_023,湘姊，练好武功也没用啊，我们不过是两个人！区区两个人！\n西武林盟若败了，此生已经报仇无望了。
Story/D_8_3_4_1_024,……。
Story/D_8_3_4_1_025,冷静一点。
Story/D_8_3_4_1_026,师父！幸好你没事！
Story/D_8_3_4_1_027,既然人醒了，我就去牵马了。\n你们做好准备，就出发了。
Story/D_8_3_4_1_028,去哪？
Story/D_8_3_4_1_029,当然是回雪山了。
Story/D_8_3_4_1_030,但是唐门！
Story/D_8_3_4_1_031,……东西武林之战，距今已经小半个月过去。\n世上早已经没有唐门了，也没有西武林盟。
Story/D_8_3_4_1_032,可恶……可恶……！
Story/D_8_3_4_1_033,……。
Story/D_8_3_4_1_034,过来，可怜的弟子，痛哭一场也无妨。\n你的伤痛，为师最明白不过。\n我来陪着你，不会背叛你。
Story/D_8_3_4_1_035,呜……呜哇啊啊～～
Story/D_8_3_4_1_042,哥哥。
Story/D_8_3_4_1_043,哥哥！
Story/D_8_3_4_1_044,云裳！你没事就好……唐门呢？东西武林之战怎么样了？
Story/D_8_3_4_1_045,既然人醒了，我就去牵马了。\n你们做好准备，就出发了。
Story/D_8_3_4_1_046,去哪？
Story/D_8_3_4_1_047,去东海，南宫家主说，要安排我们乘船离开中原。\n到一个叫流求的地方。
Story/D_8_3_4_1_048,但是唐门！
Story/D_8_3_4_1_049,已经……已经没有唐门了啊。
Story/D_8_3_4_1_050,我哥哥他……明明可以逃的，明明不必死的。
Story/D_8_3_4_1_051,我哥哥也不知道在哪里。
Story/D_8_3_4_1_052,我只有你了，你要振作起来呀。
Story/D_8_3_4_1_053,……是吗，唐门已经……。
Story/D_8_3_4_1_036,既然人醒了，我就去牵马了。\n你做好准备，就出发了。
Story/D_8_3_4_1_037,等等，兄台，我不认识你啊，究竟去哪？\n东西武林大战怎么样了？
Story/D_8_3_4_1_038,……别想了。都小半个月过去，你那什么武林大战，老早就打完了。
Story/D_8_3_4_1_039,胡说！那唐门……唐门……。
Story/D_8_3_4_1_040,信不信由你，我可不是好心。\n是拿人钱财，才带着你这个半死不活的人走到这里。\n现如今你一回中原就死，我可不会拦你，自己想想吧。
Story/D_8_3_4_1_041,怎么可能……。
Story/N_8_3_4_1_001,你背井离乡，去了很远的地方。\n始终不敢置信，千方百计打听中原武林的传闻。
Story/N_8_3_4_1_002,有时梦见从大院醒来，喜极而泣，半夜惊醒，点烛静坐到天明。\n小师妹也同样想家，披衣与你依偎在一起、拍拍你。
Story/N_8_3_4_1_003,有时梦见从大院醒来，喜极而泣，半夜惊醒，点烛静坐到天明。\n龙湘忧心师姊妹，几度想回去寻访师姊妹，始终放心不下你。\n就这么蹉跎，直到彼此老去。
Story/N_8_3_4_1_004,有时梦见从大院醒来，喜极而泣，半夜惊醒，点烛静坐到天明。\n夏侯兰只要发现，就会掐灭烛火，牵你坐到床沿，亲亲你、哄哄你。
Story/N_8_3_4_1_006,有时梦见从大院醒来，喜极而泣，半夜惊醒，点烛静坐到天明。\n叶云裳一改从前脾性，变得千依百顺，变得小心翼翼。\n怕你也不辞而别，留她一人孤苦伶仃。
Story/N_8_3_4_1_005,有时梦见从大院醒来，喜极而泣，半夜惊醒，点烛静坐到天明。
Story/D_S0120_01_001,这什么天啊，说变就变，好像又要下雨。\n师兄弟们～有空的都出来先帮忙把衣服收一下……咦？
Story/D_S0120_01_002,门口跪的那是……。
Story/D_S0120_01_003,三师兄！快来啊！
Story/D_S0120_01_004,……本门不与你等计较，你如今跪在此处，却什么意思？
Story/D_S0120_01_005,听闻唐掌门……唐前辈病卧在床。\n晚辈从师佛手香，于医道虽不敢称精擅，却也随身带着几粒保命的灵丹。\n愿意双手奉上，还望各位大侠不弃。
Story/D_S0120_01_006,敬谢不敏。少侠有什么话，直说便是，不必拐弯抹角。\n本门多事，恕某无暇与你周旋！师弟，送客！
Story/D_S0120_01_007,唐三侠，请留步！
Story/D_S0120_01_008,……。
Story/N_S0120_01_001,唐衫伏低脑袋，咚咚磕了几个响头。
Story/D_S0120_01_009,我自小听说唐门威名，心生向往，早有投师学艺之心。\n恰逢吾师唐……唐守鸿旅居广州，便去拜师。
Story/D_S0120_01_010,唐门故事，都是从业师守鸿那里听说的。\n我只道……是你们霸占了唐门祖宗的产业，师心自用、一意孤行。\n要是再放任不管，祖宗基业就将毁于一旦。
Story/D_S0120_01_011,那也是唐门的祖宗基业，与你外人无关。
Story/D_S0120_01_012,是，赵少侠说的是。
Story/D_S0120_01_013,现如今真相大白，大错已经铸成，死亦难赎，悔之晚矣。\n唐三爷为人厚道，不予深究，我唐衫心底却不论如何也难安宁。
Story/D_S0120_01_014,那要你说该当如何？非要我们杀了你不可吗？
Story/D_S0120_01_015,在下斗胆，请唐三爷将我收入门下驱策。
Story/D_S0120_01_016,贵门师长与师兄弟，不远千里而来，将本门搅得天翻地覆。\n不将尔等赶尽杀绝，已是念着同宗情分，你竟还厚颜无耻，想要拜入本门？\n少侠未免想得太美，不必你屈才，这便请吧！
Story/D_S0120_01_017,我如何不知此请荒唐，但是还请三爷给我一次机会将功赎过，\n我想拜的不是别派，就是唐门！\n甘受唐门戒律，到宗祠前领罚忏悔，入毒沙缸、走草地，绝无怨言。
Story/D_S0120_01_018,你玩真的？这两项都是本门最苦的刑罚之一。\n古来从没几人熬得过去。
Story/D_S0120_01_035,你莫非不知「蓝色守鸿传说」吗？
Story/D_S0120_01_036,什么？什么蓝色守鸿传说？
Story/D_S0120_01_037,我看你是不知道哦，什么都不知道，还想进毒砂缸。
Story/D_S0120_01_038,你师父已经伏诛而死，你不寻私为他报仇？
Story/D_S0120_01_039,好个凉薄之人。
Story/D_S0120_01_040,你这叫我们如何能够轻信于你。
Story/D_S0120_01_041,……我师父数典忘祖，得此报应，原是罪有应得。\n还不够的，由我这个作弟子的来弥补便了。
Story/D_S0120_01_019,就连你师父都在宗祠前面自废武功，奉还唐姓。\n没找你麻烦，你反而自己送上门来？
Story/D_S0120_01_020,要是死了，只说明我活该。
Story/O_S0120_01_001,留校察看
Story/D_S0120_01_021,唉……本门正是用人之际，你若真有悔过之心，就给你一次机会。
Story/D_S0120_01_022,毒沙缸、草地之刑暂时可免，你今后待遇等同外姓弟子。\n一切庶务杂活均不可免，门中弟子对你必然怨愤难消，你若受不住，\n就自己去吧。
Story/D_S0120_01_023,三师兄，你真要收留他？
Story/D_S0120_01_024,多、多谢唐三爷！弟子一定洗心革面！戴罪立功！
Story/N_S0120_01_002,唐衫成为了唐门弟子。
Story/O_S0120_01_002,赶走
Story/D_S0120_01_025,不行，唐门之刑，只有唐门弟子配受。\n你心中有愧，寻死觅活都与本门无关，来人，送客！
Story/D_S0120_01_026,啊……。
Story/D_S0120_01_027,……。
Story/O_S0120_01_003,求情
Story/O_S0120_01_004,解锁条件：贡献度>=20
Story/D_S0120_01_028,三师兄，且慢。
Story/D_S0120_01_029,你将小师妹引出去，却没伤她。\n掌门说你良心未泯，只是盲从师命，罪不至死。
Story/D_S0120_01_030,三师兄，我想替这人求个情。\n就让他投入门下，从外姓弟子做起，也好试他心性。\n，门中弟子对他怨愤难消，他若禁受不住，自会离开。
Story/D_S0120_01_031,……既然你都这么说了，就照你意思办吧。
Story/D_S0120_01_032,多、多谢唐三爷！多谢赵师兄！我一定洗心革面！戴罪立功！
Story/T_S0120_01_001,……不对呀，这人长得比我英俊，万一他入门比我受欢迎怎办？\n我这是不是引狼入室？
Story/N_S0120_01_003,唐衫成为了唐门弟子。
Story/O_S0120_01_005,不求情
Story/D_S0120_01_033,我、我可以从外姓弟子做起。\n砍柴拖地挑水，什么杂活我都能干！
Story/D_S0120_01_034,请吧您～
Story/N_S0120_01_004,唐衫在外又跪了一夜，对唐门由敬生恨，抹去眼泪下山，\n势有一日要令你们后悔今日决绝。
Story/D_S0121_01_001,呃啊～
Story/D_S0121_01_002,哼……你们唐门就只暗器功夫了得，论近身拳脚，就没人够我打吗？\n倘若赢了我，我这峨嵋武功秘籍双手奉上哒！\n还有谁敢上来与我相斗？谁！有种来呀！
Story/D_S0121_01_003,这位峨嵋女侠，武功真如此高强吗？
Story/D_S0121_01_004,不可能吧，师兄、师姊，你们是在放水吧？\n怎么可能这么多人打不过她？
Story/D_S0121_01_005,这……我……我没有。
Story/D_S0121_01_006,我拳脚功夫不行，是事实，一物克一物嘛。
Story/O_S0121_01_001,我就偏不信，上前领教
Story/D_S0121_01_007,不如我来试试。
Story/D_S0121_01_008,师弟，你……你……想清楚了？
Story/D_S0121_01_009,不就比武吗？又不会出人命，师姊请勿担心，我一定为本门争光。
Story/D_S0121_01_010,……阿弥陀佛。
Story/D_S0121_01_011,师弟，我们不会忘记你挺身而出的英姿。
Story/D_S0121_01_012,你？你来挑战我？
Story/D_S0121_01_013,唐门赵活，请女侠赐招。
Story/D_S0121_01_014,哼，也不是不行。丑不丑都无所谓，结不结实才要紧。
Story/D_S0121_01_015,来吧，让你见识我狄家无敌的波动气功！
Story/O_S0121_01_002,我还是别去自取其辱了
Story/T_S0121_01_001,除了掌门、二师兄以外，还没见过师兄姐们对人这样眼神躲闪。\n可见那狄傲武功当真强得异乎寻常，我还是别去自取其辱为妙。
Story/N_S0121_01_001,眼看唐门竟无一人上钩，那狄傲悻悻然收了比武招亲的心思，\n当天拜别唐门，径行下山，又去别派留学了。
Story/D_S0121_01_01_001,太弱了！太弱了！
Story/D_S0121_01_01_002,你太令我失望了，医药费拿去。
Story/D_S0121_01_01_003,唐门看来没有我狄傲所追求的事物，这就走了。
Story/N_S0121_01_01_001,她言罢毫不迟疑，向掌门拜别之后，径行下山，又去别派留学了。
Story/D_S0121_01_01_004,你竟敢……呜呜呜……竟敢……呜呜呜……\n竟敢……呜呜呜……竟敢……打我！
Story/T_S0121_01_01_001,也没想象的那么厉害呀。
Story/D_S0121_01_01_005,哼……哼哼哼哼哼……！
Story/D_S0121_01_01_006,怎么……反而笑了？
Story/D_S0121_01_01_007,给你吧，峨嵋秘籍。
Story/D_S0121_01_01_008,多谢女侠。
Story/D_S0121_01_01_009,别客气，反正以后都是一家人。
Story/D_S0121_01_01_010,什么一家人？
Story/D_S0121_01_01_011,比武招亲，你赢了我，可不就是一家人了吗？
Story/D_S0121_01_01_012,比武……
Story/D_S0121_01_01_013,{size=50}比武招亲？！{/size}
Story/D_S0121_01_01_014,这、这不算啊，我事前不知，哪里算数！
Story/D_S0121_01_01_015,你们好卑鄙，怎么没人提醒我！\n你们这是存心要害我啊！
Story/D_S0121_01_01_016,怪不了他们，因为我也没跟他们说。\n我若一早就说是比武招亲，万一来了我不喜欢的，武功又比我高怎办？
Story/O_S0121_01_01_001,好，成亲吧
Story/T_S0121_01_01_002,我还道自己必定要一世孤独了。\n居然有人看得上我，这不是刚好吗？还是不要好高骛远比较好。
Story/D_S0121_01_01_017,好，我们这就去拜别掌门，然后上峨嵋成亲。
Story/N_S0121_01_01_002,怕你反悔似的，她比你还急，匆匆拜别掌门，\n买马急驰回峨嵋，拜见向掌门，向掌门看你的眼神五味杂陈。
Story/N_S0121_01_01_003,狄傲在峨嵋地位意外的高，连带着掌门都对你颇为客气。\n你在峨嵋不会受人欺负，人人都很客气，也不愁吃穿。\n但养着养着，斗志就消散了。
Story/O_S0121_01_01_002,那我就安心了，你总不能看上我
Story/D_S0121_01_01_018,那我就安心了，你总不能看上我。
Story/D_S0121_01_01_019,你安心的太早了，你拿了我的秘籍，那就是聘礼！\n我这就去向掌门拜师，请他老人家赐婚！
Story/O_S0121_01_01_003,你擦亮眼看看我！
Story/T_S0121_01_01_003,怎么办才好……我用什么表情才能令她打消这个主意？
Story/D_S0121_01_01_020,你不必想这种方法讨好我，我狄傲喜欢的是严肃的男人。\n你收了我的秘籍，那就是聘礼了。\n我这就去向掌门拜师，请他老人家赐婚！
Story/D_S0121_01_01_021,不要哇！
Story/D_S0121_01_01_022,这样也好……这样也好。
Story/D_S0121_01_01_023,是啊……那狄女侠连女的也不放过，她在的每一日，我都担惊受怕。
Story/D_S0121_01_01_024,这些悲伤、痛苦、委屈的事情如果一定要有人承受，那就让师弟承受吧。
Story/N_S0121_01_01_004,多亏掌门明智，虽允狄傲拜师唐门，改名唐娇娇。\n但看你眼里的惊恐与委屈，没有答应赐婚。
Story/D_S0121_01_01_025,你、你真就这样改投唐门了？
Story/D_S0121_01_01_026,对啊，你别以为事情就这样完了，感情可慢慢培养。\n你迟早是我掌心的玩物。
Story/D_S0121_01_01_027,咿！
